day,asset,regime,outage,B_hier,B_domain,B_band,B_asset,U,H_disc,H_cont,S,C,WMI,ACWMI,Q,EV,UCR,abstain_wmi,abstain_ac,excl_rate,cont_rate
0,A00,trend,0,0.671096066441891,0.8518010116015708,0.6673715519571832,0.5614144258912104,0.975,1.0,0.6697688311354204,0.23681871435128013,0.4,0.6543,0.5103443899379593,0.5801822751395843,0.5197750101816779,0.42003089481547207,0,1,0.7094606518199243,0.12192669309982365
0,A01,trend,0,0.715745202250389,0.7448242626609674,0.701744191548054,0.7098216738583207,0.9500000000000001,1.0,0.8424186854746534,0.18310350806484102,0.6,0.68,0.536798284199256,0.528718145163674,0.4057932103640858,0.3197417621202824,0,1,0.7827607392994427,0.028247048263190216
0,A02,trend,0,0.7437452179195072,0.9165437387114015,0.8516912624629591,0.5412933534490528,1.0,1.0,0.8514002021419319,0.34078124241928776,0.6,0.7437,0.6413825234426086,0.6792219336946913,0.49401166611792213,0.2876096537477246,0,0,0.8313126240358613,0.03637939911471398
0,A03,trend,0,0.6593682705751133,0.7075048926443899,0.7016177896202933,0.5923145526172829,0.975,1.0,0.5793748359497187,0.18181563998713654,0.6,0.6429,0.49246933835023304,0.5096222556698481,0.4467151330682058,0.3870337205241825,0,1,0.662984590513205,0.18063618967147826
0,A04,trend,0,0.7789271791360385,0.8674333307408002,0.775591362319147,0.7265296740978424,1.0,1.0,0.7263881911969637,0.11944331875958751,0.4,0.7789,0.450658796223153,0.5622571843098073,0.5637210779938339,0.4242985411331469,0,1,0.7164155710358692,0.08338083694450099
0,A05,trend,0,0.7353597248505206,0.8245460783508938,0.7339279271604179,0.6808710768916273,0.975,1.0,0.6864719623871138,0.27431107949999817,0.6,0.717,0.5776172046159765,0.5665979248609176,0.4888625800208072,0.2787893972055093,0,1,0.6330242046948565,0.08673817577029491
0,A06,trend,0,0.6707627395042947,0.741990204051228,0.6892646480084519,0.6100564042213238,0.975,1.0,0.8051542220583059,0.12251800776339788,0.4,0.654,0.4472406581454752,0.5587095048400882,0.608271922775001,0.3180162308440892,0,1,0.7007835355951787,0.02733165366313657
0,A07,trend,0,0.7186185426456831,0.8251080428234275,0.7256465812153077,0.6459130712861716,0.975,1.0,0.7797245020695662,0.23598465662069615,0.6,0.7007,0.5673688816605837,0.6605951663456774,0.4168224235117176,0.22715932748684886,0,1,0.9378162654714133,0.10861457316001566
0,A08,trend,0,0.7661995543489447,0.8477582492082976,0.7523842938690297,0.7273137229817748,0.9249999999999999,1.0,0.6026896633273523,0.18856999475822525,0.4,0.7087,0.4791359642443124,0.4635677300686541,0.49543594979643035,0.3605551641251122,0,1,0.6411385530272701,0.15429796465213952
0,A09,trend,0,0.7023685123809544,0.8282065751419172,0.6695101036146195,0.6524708308258957,0.9500000000000001,1.0,0.746372096119978,0.44769820623596984,0.6,0.6673,0.6559515514649942,0.7431651112590594,0.3939390506314824,0.35637195201913235,0,0,0.7431443918144287,0.07753721914315496
0,A10,trend,0,0.662720595001228,0.7850530086997731,0.6877406695465973,0.5643702712124392,1.0,1.0,0.7459589777035315,0.27514817929076957,0.4,0.6627,0.5429144248630705,0.5836687244456482,0.6349804366013581,0.3296714007150306,0,1,0.7266434644430635,0.07305840966786407
0,A11,trend,0,0.6497892451699678,0.761113450680414,0.6142323950356758,0.6113238605934445,1.0,1.0,0.7175914538777023,0.2958873106783125,0.6,0.6498,0.5826645975419081,0.5810263305436412,0.5197445962536897,0.3414871610868515,0,1,0.7587843693606501,0.10166528412054184
0,A12,trend,0,0.6794425227196196,0.7691641671769957,0.8218783728122726,0.4987351261026882,1.0,1.0,0.7193854337566898,0.3234213480015622,0.4,0.6794,0.5644937605370023,0.5994492653456706,0.6269784856071904,0.32569142065040696,0,1,0.8518546594254177,0.1261992353223377
0,A13,trend,0,0.6167793236107602,0.7596885850493516,0.7030969399665665,0.4519331209003099,1.0,1.0,0.8199629885050486,0.3566720681106085,0.6,0.6168,0.6208956327959473,0.6403871487459791,0.49224395908924057,0.2608010202279929,0,0,0.8951886972281791,0.0723336525513527
0,A14,trend,0,0.7253308708072814,0.8181039075372852,0.7346032017551631,0.6592344332716324,0.975,1.0,0.6577026048552851,0.20462512245293937,0.6,0.7072,0.5301270875424912,0.49121497357676747,0.4500390509848824,0.27126712207474757,0,1,0.5990121593083666,0.09762063785685317
0,A15,trend,0,0.6801742358086057,0.8107924549390501,0.6742000842941517,0.6037652314272253,1.0,1.0,0.7359645189100623,0.27603143102485916,0.6,0.6802,0.5804614245618277,0.5360134805017049,0.42571341045413646,0.23675952122610455,0,1,0.7524076645147466,0.08720841976524729
0,A16,trend,0,0.6566978170986,0.7906612164239782,0.7350647248739661,0.5043996482167932,0.975,1.0,0.787841317266463,0.23757806834140438,0.4,0.6403,0.5250456868610579,0.5312428585477732,0.4846773099290568,0.30773091955925025,0,1,0.8437645405529276,0.07856041517329942
0,A17,trend,0,0.6256261774715158,0.8841045069236884,0.6840346476241397,0.41296981018036216,1.0,1.0,0.7355579346240693,0.23700740341977378,0.6,0.6256,0.5492043609589095,0.6084449354101613,0.4096592289844716,0.36759247705536885,0,1,0.7655832338513414,0.09122993617922547
1,A00,trend,0,0.6552316723626739,0.6413754434808701,0.6757371776118284,0.645949498320791,1.0,1.0,0.8658847097024548,0.19774252637457937,0.6,0.6552,0.5464003780721097,0.6057487401440814,0.3536749094749022,0.18925593860773202,0,1,0.8180392324841563,0.02430745197143403
1,A01,trend,0,0.8182906925208555,0.8529634277266911,0.7921034109270955,0.8195341044117481,0.975,1.0,0.7939284785577793,0.0944754342281818,0.6,0.7978,0.4625123858166524,0.5886219497710168,0.3855818380769637,0.2575675270411644,0,1,0.9518293058759741,0.1031908785112274
1,A02,trend,0,0.7450938974979602,0.6173135889167665,0.7914076262328387,0.7844320777181875,1.0,1.0,0.9227645900560318,0.18590471004342687,0.4,0.7451,0.524103600658367,0.5670189971997774,0.5255964640624053,0.22240829315032165,0,1,0.8455291801120637,0.0
1,A03,trend,0,0.7516916690243506,0.8723802292833437,0.8351100458655044,0.6032702391264703,0.9500000000000001,1.0,0.8225282562978667,0.2605879980912332,0.4,0.7141,0.5538507195815731,0.6847223000734475,0.5473211248105773,0.3982719756556009,0,1,0.9085692887692955,0.07428958005498049
1,A04,trend,0,0.6651058804794469,0.898996836320675,0.6440372469152148,0.5373590874473824,0.9500000000000001,1.0,0.7188110824730748,0.20214801694183762,0.6,0.6319,0.5260221322176755,0.613021690998132,0.4744323602652447,0.2687769832115712,0,1,0.6478749468883289,0.06824803623841229
1,A05,trend,0,0.7033958085161853,0.7764451628285604,0.7216927951358945,0.6417300987787055,0.975,1.0,0.6996316718904814,0.26573936100648077,0.4,0.6858,0.5349783121212945,0.5611084841604883,0.4513948604685087,0.43379656024347546,0,1,0.7661387670889644,0.11642488051528446
1,A06,trend,0,0.6861283816182809,0.779359318038765,0.7063151386150601,0.6101956339832967,0.9249999999999999,1.0,0.7717361433241818,0.19816231634613765,0.6,0.6347,0.5311635975421986,0.5762585826648733,0.5167679192509265,0.2669395698892781,0,1,0.7651502304192426,0.06710059661268179
1,A07,trend,0,0.7106923186216301,0.8327069769245041,0.6357827282028685,0.6999790487987501,0.9249999999999999,1.0,0.6544651034249677,0.2837585463575015,0.6,0.6574,0.5674586398301835,0.5582097779792656,0.3824889878705395,0.35328163379725197,0,1,0.6521180955097337,0.11642399566898462
1,A08,trend,0,0.6126183251654516,0.8191772122904335,0.6107037915284563,0.4851942376447086,0.975,1.0,0.839903346609948,0.19429180413640668,0.6,0.5973,0.5309888951781271,0.6050630493885957,0.3590427786481445,0.18616415172625278,0,1,0.8221904693257917,0.04068030436842734
1,A09,trend,0,0.6865976409960335,0.7511044519128778,0.6501572890461698,0.6781661921291363,0.9500000000000001,1.0,0.7715637230317293,0.3280996350436077,0.4,0.6523,0.5698176758718411,0.6279778053294545,0.5162410162629307,0.3171402599304934,0,1,0.7790994105082049,0.07114806043174243
1,A10,trend,0,0.6985153443163136,0.8530473463666909,0.7461176152862691,0.5602808559361165,0.9249999999999999,1.0,0.7177636203466689,0.4000378866503132,0.6,0.6461,0.6285552361168609,0.6126377666616429,0.3848178118220482,0.3653321191050757,0,0,0.823886855938877,0.11971883107220105
1,A11,trend,0,0.6455386134667042,0.679656593273913,0.68574754946847,0.5890320570856535,0.9500000000000001,1.0,0.7129455156154004,0.4461424732668129,0.6,0.6133,0.6388512773233972,0.6295408871295337,0.41652159359241514,0.24963327772955785,0,0,0.8587822574266119,0.1325623348107002
1,A12,trend,0,0.7333479134188565,0.704061583410318,0.6962709188713365,0.7840942399032729,0.9500000000000001,1.0,0.8612485681271089,0.15804864332575239,0.6,0.6967,0.521762402227675,0.5992576832398718,0.4438187191425679,0.18612875686579655,0,1,0.7621237696489959,0.011372353768171597
1,A13,trend,0,0.6822701644274844,0.8091366487780388,0.755503185158,0.538899718569187,0.8666666666666667,1.0,0.7213073435150582,0.27919078515155776,0.6,0.5913,0.5641522439051163,0.5998639745844935,0.34692053104380927,0.30861445132807,0,1,0.826194932983749,0.11788865429679149
1,A14,trend,0,0.780413334927807,0.8894417237835164,0.7442500583866869,0.7439134588664686,1.0,1.0,0.6980826240714547,0.29322842830829876,0.4,0.7804,0.5624041403470991,0.5967163850062737,0.47737524558304395,0.42565348986151774,0,1,0.6049308268758649,0.06967564360179782
1,A15,trend,0,0.6869704988425869,0.6903728012372837,0.6954569434613721,0.6774184208044642,0.9500000000000001,1.0,0.7998953140581111,0.31929068972834895,0.4,0.6526,0.5699545042162735,0.5641705160128824,0.493150999501313,0.3088665736589332,0,1,0.7087352124929824,0.03294034588592139
1,A16,trend,0,0.6982623714884243,0.9243901650447972,0.7949955218605786,0.4722909939400563,0.9500000000000001,1.0,0.8185206183582843,0.23214800126390653,0.6,0.6633,0.5643219225962561,0.6785784124877525,0.5140684129316118,0.20244004261060308,0,1,0.7170954360933222,0.023871837463736195
1,A17,trend,0,0.7033453644849439,0.8057272420423863,0.7273723956700584,0.6183330387245671,1.0,1.0,0.6750338941023929,0.30413667936974786,0.6,0.7033,0.5888448914326606,0.5403318320870648,0.47318732813095044,0.27301565436181324,0,1,0.7371555816307911,0.12604712386655306
2,A00,trend,0,0.7758031633516078,0.7499850377008295,0.7910374541954563,0.7786094873949769,1.0,1.0,0.719484841826815,0.24049230464494825,0.6,0.7758,0.5725182824271975,0.49252921634898744,0.40531335827722437,0.23923910924494907,0,1,0.7398632738726514,0.0949395859351087
2,A01,trend,0,0.6621408316327804,0.7560053247112789,0.6519648994103897,0.6123794641533105,0.975,1.0,0.7291266228649205,0.2629264624240866,0.4,0.6456,0.5315297208557911,0.48132113364347734,0.6367464449788174,0.29962308191360837,0,1,0.8471824758635608,0.11821108986441364
2,A02,trend,0,0.7419780764551148,0.8168085774593585,0.7620312810347118,0.6776624593203151,0.9,1.0,0.7435304053312688,0.4342221456420279,0.6,0.6678,0.6504758122252492,0.5297829933033191,0.39942415914052376,0.32377225824635647,0,0,0.7769770229720093,0.0890560286740022
2,A03,trend,0,0.6801969855398415,0.869355294881245,0.6709985129981357,0.5700217056754571,0.9500000000000001,1.0,0.7319437763148566,0.2228659491194772,0.4,0.6462,0.5100766727674836,0.5772361268018481,0.4627471376823301,0.3290580996202962,0,1,0.7964576656337391,0.10236057905228757
2,A04,trend,0,0.7179391185742476,0.671303750063817,0.7707643685141217,0.7008641301958771,0.8666666666666667,1.0,0.7747444202658427,0.26089494067332425,0.6,0.6222,0.5679610244255426,0.6138507841131634,0.34478796927084476,0.2221692205951678,0,1,0.7188611898921088,0.051868438200808
2,A05,trend,0,0.6482363645597657,0.6273224664904999,0.6786180744566431,0.6347235546932893,1.0,1.0,0.6783185952565446,0.3123404132658713,0.4,0.6482,0.54801259176861,0.6184550063732466,0.6259851732519716,0.31676769279161976,0,1,0.8060193712715048,0.1430580986726967
2,A06,trend,0,0.7188033805177202,0.8506526538298809,0.7179955594975533,0.6371044280902657,0.9500000000000001,1.0,0.7648061693505936,0.12523319044289818,0.4,0.6829,0.4490227112419888,0.5983897286840052,0.5738850181839319,0.3797187704853911,0,1,0.8208971659389698,0.08715749902287295
2,A07,trend,0,0.7051364581621258,0.8796260895670804,0.6182114972673405,0.6721397793169661,1.0,1.0,0.7256829231296384,0.33920920490809814,0.6,0.7051,0.6144132693576626,0.6955737074448248,0.37518845136286955,0.3779602985115489,0,0,0.7086408802670885,0.08159658581277428
2,A08,trend,0,0.6719326286829959,0.6529297820708718,0.7021576934528866,0.6573624761419191,0.975,1.0,0.8077049304307874,0.3316958978205128,0.6,0.6551,0.614945336043513,0.6790689077229689,0.4924085412308746,0.2027798675067167,0,0,0.7618001335797213,0.04337369061070486
2,A09,trend,0,0.6442202624430373,0.8251594640944232,0.6067234786026261,0.5639429472712809,0.725,1.0,0.7815675874581806,0.4330053706370781,0.6,0.4671,0.6119637885850706,0.5571505117213444,0.3332168526046747,0.27318945363905656,0,0,0.6876431009474974,0.038319704379684356
2,A10,trend,0,0.6431340630319299,0.8170345645168264,0.7534158318961405,0.43794970184768534,0.8083333333333332,1.0,0.6904829536082424,0.302708150284424,0.4,0.5199,0.5224490948166614,0.502190966762967,0.5251340852073693,0.41541279320298985,0,1,0.9544751757366662,0.17366925899648145
2,A11,trend,0,0.7167674359890763,0.8066026248765006,0.7050805860525103,0.6708464366289313,0.9500000000000001,1.0,0.67910585768285,0.19825483190182247,0.4,0.6809,0.4929018434400708,0.5581677449913363,0.6558451884232768,0.4252913796996658,0,1,0.7957602416474109,0.13962977295526727
2,A12,trend,0,0.6694497782580524,0.7835186383060256,0.7548474420686905,0.5234337848937608,0.9500000000000001,1.0,0.82679450970142,0.17888708331564898,0.6,0.636,0.5247394309001654,0.555610088734317,0.39815690478358134,0.23029335660783723,0,1,0.7052434000230096,0.015379884107134575
2,A13,trend,0,0.7224633703229508,0.6800714477390397,0.8163295585475743,0.66682540724135,0.9500000000000001,1.0,0.7902712890975897,0.20419922450236097,0.6,0.6863,0.5460553397406187,0.6514106411698616,0.46125666038602353,0.3331529551986785,0,1,0.7076897754017661,0.038686628266257024
2,A14,trend,0,0.7599248360845061,0.9161241762247121,0.6793019244735924,0.7328452961564267,0.9500000000000001,1.0,0.7929230260276123,0.25533252053855954,0.6,0.7219,0.5842053615791705,0.5426951275345665,0.37205772544718596,0.2362788987297383,0,1,0.6920530145296667,0.0324122707280686
2,A15,trend,0,0.7268827030911411,0.8509455744933666,0.8362317275280009,0.5536630120824978,0.975,1.0,0.7936721681793247,0.33682222845036824,0.4,0.7087,0.5862914241789238,0.6317215680268602,0.5057169757955157,0.40179820032647406,0,1,0.7989592878635016,0.06257296657320216
2,A16,trend,0,0.6318978829798074,0.7248773139290418,0.6830313956479911,0.5290439150518751,0.975,1.0,0.8397021750205995,0.27578013144240554,0.6,0.6161,0.5840854719791932,0.804253708635649,0.5231893175130677,0.2410383288598165,0,1,0.7569735132664308,0.022576778557809665
2,A17,trend,0,0.6670721435115157,0.660647960971928,0.7413713273609484,0.6060754717305044,0.8666666666666667,1.0,0.6077460107407476,0.27945916220594996,0.6,0.5781,0.5432458857631794,0.516271221506098,0.3857808698586856,0.40896405633975286,0,1,0.6211191609188177,0.14398390001282613
3,A00,range,0,0.6946310992565511,0.7949598805640327,0.7146270084766937,0.6144291903717503,0.7833333333333333,1.0,0.7225126288739527,0.3233013388037196,0.4,0.5441,0.5577517688592735,0.5953447785580207,0.4735828892080479,0.4328850195774713,0,1,0.7315703740554382,0.0904509633086434
3,A01,range,0,0.7102047705925079,0.9190978259351164,0.5983911771143827,0.6774835052967372,0.975,1.0,0.7855913594789268,0.2764170098711258,0.4,0.6924,0.5794363388977275,0.682862490364619,0.5494952211083122,0.28717606322494854,0,1,0.7747298306132989,0.06090977165320394
3,A02,range,0,0.7425906503406746,0.8012354402556058,0.7268710207297053,0.7196923325534407,0.975,1.0,0.8054948859766388,0.1439598804618137,0.4,0.724,0.5182547441549695,0.58569808022039,0.6176446483610345,0.3594068576199191,0,1,0.7594708353773331,0.044082173415402014
3,A03,range,0,0.7008081756144442,0.8327759096552263,0.6246155601666572,0.684996880355769,0.9500000000000001,1.0,0.6961342960249811,0.20711469754461917,0.6,0.6658,0.5730039566461462,0.6053958286615818,0.3685176564221434,0.35809618248376185,0,1,0.5997350880511882,0.0694517741058196
3,A04,range,0,0.6458810419634679,0.6465658226978287,0.7241945640611599,0.5769287221690117,0.9500000000000001,1.0,0.6859384423658091,0.23034405138331734,0.4,0.6136,0.5308842450455294,0.5768041303184237,0.6062782066079407,0.388278216072551,0,1,0.7326233247064924,0.11672842076179046
3,A05,range,0,0.6409336660689786,0.7914459736237053,0.7045209390518223,0.4912246099872861,0.975,1.0,0.8421193803593194,0.286652037721459,0.4,0.6249,0.5805700882811637,0.6554251292088555,0.4695810826946675,0.27638160534473133,0,1,0.8354660016421777,0.04299235672267931
3,A06,range,0,0.7107196740995139,0.8817029256887225,0.6655139002417079,0.6434101939818389,0.975,1.0,0.6901983219669808,0.44500654344777507,0.6,0.693,0.6680457745843618,0.6191350166353009,0.37546256768704755,0.3254186246574153,0,0,0.63913129909002,0.08589776240471365
3,A07,range,0,0.6540192255165007,0.7526410779848395,0.7521868305470061,0.506483913322097,0.8916666666666666,1.0,0.6577427685942265,0.18987254934518458,0.4,0.5832,0.5014529881813424,0.5873569916910967,0.557791971923745,0.3329217111782248,0,1,0.678224311854982,0.12176522496525255
3,A08,range,0,0.6554708449668603,0.7709949215993854,0.6659916572084414,0.5740625863601485,0.975,1.0,0.7188627491399079,0.26401769372341144,0.4,0.6391,0.5550340496503743,0.6380420015853075,0.5867617909921412,0.3814509379496639,0,1,0.7247252590199168,0.09100270895486345
3,A09,range,0,0.7647581582429583,0.7936164867496308,0.7015445849714149,0.8020335795388884,1.0,1.0,0.7784640113135302,0.2298725084651218,0.4,0.7648,0.569214140731505,0.5524587421009892,0.5705766801610705,0.303933123343387,0,1,0.5569280226270603,0.0
3,A10,range,0,0.599104367522788,0.8263369986584232,0.5703139609927588,0.4822755787767914,0.975,1.0,0.8164075189442147,0.24676310007021704,0.4,0.5841,0.5531652598869131,0.4878269036119183,0.5758550538110137,0.30438799050973014,0,1,0.8081965311237417,0.05101220727819614
3,A11,range,0,0.8069180718782158,0.7716167009685447,0.806330168866268,0.8294958438322149,0.975,1.0,0.6927680212112594,0.24334074578619125,0.6,0.7867,0.6100086645994272,0.6153941517029703,0.3493360598662751,0.29362239118887445,0,0,0.8032716222138707,0.13175774200999085
3,A12,range,0,0.7293608238626621,0.8291138963945934,0.7693853050500319,0.6319937324912566,0.8666666666666667,1.0,0.7060918847986937,0.16869695494374704,0.6,0.6321,0.5460444463704196,0.6249684047683367,0.336092794364133,0.24415427001586934,0,1,0.8337949985795238,0.13062515511704706
3,A13,range,0,0.7157916448605272,0.6934321511228109,0.7771130146102095,0.6761101299156277,0.975,1.0,0.6844243806897196,0.3080232398764425,0.6,0.6979,0.6221582392784736,0.6768662379399231,0.47246711010630105,0.2895576391257323,0,0,0.7076034995509033,0.11056042944238906
3,A14,range,0,0.6814353086529421,0.71628331429851,0.6837952620755716,0.6575903458796615,0.9500000000000001,1.0,0.7443097220437148,0.5165210837876173,0.4,0.6474,0.6374155227383997,0.6891752694137749,0.4331734004712768,0.39071411579066745,0,0,0.8145246959111855,0.09898720751795631
3,A15,range,0,0.6568687419354495,0.7588906968281283,0.6169353718799381,0.6280467189260978,0.9500000000000001,1.0,0.789378501290317,0.20552382288459112,0.4,0.624,0.5367727864210874,0.5878548544218204,0.5872461005322362,0.3338915388275061,0,1,0.7793124262355254,0.05979459104449431
3,A16,range,0,0.6135337659137392,0.8554397000423546,0.6432021862218344,0.4363826893137711,0.8916666666666666,1.0,0.728792370138639,0.40381319903593466,0.6,0.5471,0.6327079775036974,0.6872598455791316,0.39305076012971885,0.2653151779900468,0,0,0.6909916681333182,0.07426718216336459
3,A17,range,0,0.6714754580008028,0.7829877717991368,0.6885421859993547,0.5868468748781112,0.8666666666666667,1.0,0.665819758498906,0.3134399062689957,0.4,0.5819,0.5530987875569422,0.5053758507513265,0.5719388854749651,0.3815464042326302,0,1,0.615185369931953,0.09651941381276166
4,A00,range,1,0.5093880504726724,0.4176002155947303,0.4425221137590177,0.6252631418958342,1.0,1.0,0.6478062128826929,0.2317394968528756,0.6,0.5094,0.548274460081089,0.37504627453357015,0.4601886331408981,0.344788877770847,0,1,0.728977879408029,0.14427345687179055
4,A01,range,1,0.7753666388807475,0.833465122246944,0.713458554551539,0.7932246605649322,0.9500000000000001,1.0,0.6280132729194772,0.26934776631563784,1.0,0.7366,0.6633558588220279,0.41221334973190776,0.2651137234059143,0.2436341127040532,0,0,0.8137481960366895,0.18372116378341938
4,A02,range,1,0.7800070909859169,0.8384804596172584,0.6503682420165239,0.8568952284395476,0.8416666666666667,0.4,0.5755361366263609,0.20707010646794194,0.6,0.2626,0.5476221437761288,0.4606128845102996,0.4302533606363306,0.3841541444815173,0,1,0.9124734158459722,0.25385173346851386
4,A03,range,1,0.6949674040688766,0.6913295800979329,0.8362677048627696,0.57360328085606,0.9500000000000001,1.0,0.535272640136363,0.27392987515648576,0.6,0.6602,0.5710444609717461,0.35108538100472125,0.3829365999202501,0.36624382824444673,0,1,0.6577896424026511,0.21865852397983557
4,A04,range,1,0.7032704444864135,0.8411048672079432,0.7116935008694559,0.6097537559502955,0.975,1.0,0.6293157147056289,0.26922236055002025,0.6,0.6857,0.5935676747351203,0.41087234803916933,0.33218121185209093,0.36505182088471044,0,1,0.7896711599850461,0.1760034649739943
4,A05,range,1,0.4906790068876784,0.4415678052772872,0.4717922835682115,0.5378993907987064,1.0,1.0,0.5631158733857025,0.15605756075933575,0.6,0.4907,0.48975519971290665,0.3821252807392908,0.5316091108041995,0.362620193049252,0,1,0.82179863123787,0.24047347463969615
4,A06,range,1,0.7060190178866371,0.8234830465967201,0.6820444423760726,0.6535817535145793,0.9500000000000001,1.0,0.6076684323208504,0.21731907313712803,0.4,0.6707,0.5205266737488172,0.32074760326292606,0.6161599991025085,0.417733414365443,0,1,0.6924462433690001,0.16557683520679073
4,A07,range,1,0.6543719112404137,0.7292946774285504,0.6843576694917992,0.581307643902866,0.8916666666666666,1.0,0.6665843591471857,0.23851969936318682,0.6,0.5835,0.5680885955791497,0.4041436296605245,0.4168075407788213,0.3691879463348052,0,1,0.7914678376176004,0.1477383506419761
4,A08,range,1,0.7228102924793629,0.8392436084109732,0.7578951078383718,0.6193402565829738,0.9500000000000001,1.0,0.5909482163783608,0.13436524784837453,0.6,0.6867,0.5123309023114375,0.2969318862865493,0.447024312131479,0.37920876222724226,0,1,0.6414804950831614,0.16423914035556375
4,A09,range,1,0.7211535003957058,0.7568947637164274,0.7181221042209738,0.7014676824731454,0.9249999999999999,1.0,0.7034382172133274,0.3828933002413518,0.4,0.6671,0.5977415552326357,0.4846724562321165,0.5904902163444158,0.3599544423603306,0,1,0.8618828102050295,0.14010814351050715
4,A10,range,1,0.42491944293614564,0.3888993226598539,0.4615092361929328,0.41541594900913925,0.9500000000000001,0.7,0.6829735752198713,0.2208284755237606,0.4,0.2826,0.4854092663541269,0.4031075892697187,0.5954522773569533,0.39625433054564163,0,1,0.8171394408723472,0.14270772885721636
4,A11,range,1,0.6926983976470026,0.726632281549008,0.779275592705703,0.5957346745318862,1.0,1.0,0.5977649978731351,0.22730412116839951,0.4,0.6927,0.526995289582022,0.33783465422452225,0.4529107744882893,0.36957309553516915,0,1,0.5909640462905601,0.1428752763854394
4,A12,range,1,0.7343468976142342,0.8639592062786617,0.7522249287755192,0.6376959274328429,0.9249999999999999,1.0,0.5631737017451821,0.2910200540318944,0.6,0.6793,0.586875200388786,0.36658838607801886,0.3826111338964196,0.3826697346594306,0,1,0.6923701453760343,0.20357499415737226
4,A13,range,1,0.7415987355062981,0.9709686965261948,0.6345003346065005,0.6919536106561857,1.0,1.0,0.5984184568121255,0.2413160854372134,0.6,0.7416,0.5840685779012382,0.4688467086177894,0.4495895803811545,0.39413083223143897,0,1,0.6808522664855081,0.16980939744758553
4,A14,range,1,0.763151067384338,0.8047785167979356,0.8134402112678684,0.6931309106027504,0.9500000000000001,1.0,0.5707616293578143,0.23854785282541918,0.4,0.725,0.5308473574577849,0.2943282025379792,0.5541850295298982,0.46649068341407074,0,1,0.795397379120557,0.22643140810620724
4,A15,range,1,0.4855289853832163,0.41819586031524014,0.40522049788900777,0.5978821151081339,1.0,1.0,0.5896859369403956,0.2835279008230409,0.4,0.4855,0.5120793581917448,0.4192872280558363,0.5483125832590574,0.4031183615769043,0,1,0.7862800434192357,0.20757664145492064
4,A16,range,1,0.6541705792452617,0.8053762731555559,0.7548443762649385,0.47157744815911073,0.9500000000000001,1.0,0.5847378890917572,0.16812413658373812,0.4,0.6215,0.48428695140045697,0.2337207014788295,0.4764599060712139,0.4619655709425432,0,1,0.8076341576752665,0.2177316497536205
4,A17,range,1,0.6937479630221502,0.72212931809007,0.7663933006206018,0.6124449457060553,0.975,1.0,0.640545629457135,0.21332535899146465,0.6,0.6764,0.5682249645844849,0.48309588505474893,0.4458278175762742,0.3244893207549959,0,1,0.6386683984655926,0.12308584956096646
5,A00,range,0,0.7383816764145905,0.8450750152042729,0.6752087254930681,0.7269746717273713,1.0,1.0,0.6917253909114338,0.15981717976750626,0.4,0.7384,0.5142010651050399,0.5348389508003423,0.48030730110281605,0.34018177462855215,0,1,0.8516353012765545,0.14574412539120957
5,A01,range,0,0.7093453714901663,0.7158265618694477,0.6762287310656054,0.7342716878746061,0.9500000000000001,1.0,0.7866483709720582,0.3315727050983512,0.4,0.6739,0.5968109264567418,0.5972414652620072,0.48757358854745403,0.31808373884711655,0,1,0.8328011920998353,0.07633612458121711
5,A02,range,0,0.6794719402139903,0.7337209048467721,0.7426851258149674,0.5902547999176466,0.9500000000000001,1.0,0.851074736786435,0.21927184570873803,0.6,0.6455,0.6008985693579659,0.6572934466812702,0.4982595581172856,0.3068266840215276,0,0,0.777887381911091,0.021766973361180303
5,A03,range,0,0.7021482304077388,0.8199322429778532,0.7499936822074739,0.586668452226649,0.9500000000000001,1.0,0.7096634495410653,0.24557109069902772,1.0,0.667,0.6561045019787873,0.7116490554018443,0.2547180460849451,0.1687701353822221,0,0,0.7180474035114929,0.09550283547237787
5,A04,range,0,0.7679582903906788,0.98,0.7906043208547018,0.615616945228833,0.975,1.0,0.7468496856657224,0.23277333170099349,0.6,0.7488,0.6086963713055017,0.6938327325314839,0.3655878461927327,0.367201319808368,0,0,0.8076207780731296,0.09537782543757943
5,A05,range,0,0.6567148782844587,0.7545684173057322,0.7001956418627463,0.557510748265161,0.975,1.0,0.670907155909676,0.20744266200772724,0.6,0.6403,0.5647518707486151,0.5727720079101062,0.420119608584819,0.33227188512552536,0,1,0.7330432625988375,0.1279281560949756
5,A06,range,0,0.6322419725542829,0.6401718133846134,0.6362595334939222,0.623770456213142,0.975,1.0,0.7925868996877811,0.19045350464041588,0.4,0.6164,0.5284426637726566,0.6638520991367745,0.5308524819419858,0.39867775674403483,0,1,0.7724582054325507,0.0558366728898807
5,A07,range,0,0.7330247336553953,0.8074092907368947,0.7481261063473829,0.6733206843739692,0.975,1.0,0.74881790613701,0.285547729082587,0.6,0.7147,0.6277990801338659,0.686435900943286,0.3928394036807629,0.22147453410176246,0,0,0.8721084568007584,0.11158878656837384
5,A08,range,0,0.7101564680364112,0.7824101665218148,0.6605979997280308,0.7083615662528666,0.975,1.0,0.787320085354332,0.15477196942228752,0.6,0.6924,0.560568490160458,0.6339992027270619,0.3874479617340506,0.2341116063298009,0,1,0.5992522728936582,0.007754703719006828
5,A09,range,0,0.6774914599726877,0.8718143327101507,0.6502775048896134,0.5798518752094631,1.0,1.0,0.6700590511316341,0.23224784540694005,0.6,0.6775,0.583582345533256,0.57433166049294,0.43532926874491884,0.28638976995023135,0,1,0.6771771037824814,0.11217716933576438
5,A10,range,0,0.7206933695770363,0.755321209902418,0.6508032481267211,0.7602048256426986,1.0,1.0,0.7332389172409907,0.17996212980582266,0.6,0.7207,0.5731139158288754,0.6554852757926004,0.37498875802848797,0.37332665279120386,0,1,0.7363611715219707,0.0844640739802513
5,A11,range,0,0.7060849347005442,0.7130671171350175,0.6766511702644878,0.7274756145605479,0.9249999999999999,1.0,0.9302947682083306,0.36990958663086165,0.6,0.6531,0.6782846448842276,0.7282717145169233,0.31196780471430763,0.15362345631349064,0,0,0.98,0.03110172606912879
5,A12,range,0,0.7447705991619491,0.7765562028478303,0.6511710538499824,0.806804199006244,1.0,1.0,0.7414428919015121,0.30611678753428734,0.6,0.7448,0.6402864442627667,0.5571606756705401,0.4212233775928699,0.22631756699383293,0,0,0.7806906731017529,0.09150563222072246
5,A13,range,0,0.6245809394245725,0.7695790054429598,0.6192842727649625,0.5385917314902393,1.0,1.0,0.7467634997745377,0.28399134529417236,0.6,0.6246,0.6110357626632316,0.6328314364792094,0.38823117043623306,0.22451121744551245,0,0,0.7490141917709249,0.07895593683772982
5,A14,range,0,0.7631048985156571,0.8458252047031924,0.8090848946242549,0.6711722105534244,0.9500000000000001,1.0,0.8339381488060245,0.31041692948973254,0.4,0.7249,0.605054887725253,0.6256788605770603,0.5724347381344745,0.26188005132737474,0,1,0.7835624359368044,0.03353079682734509
5,A15,range,0,0.6907746404299022,0.7158238566072489,0.6237598577677899,0.7337568151484091,0.9500000000000001,1.0,0.7832958206311273,0.2241296171864084,1.0,0.6562,0.6562179037473074,0.708630325584098,0.27144397264676345,0.16881218648669555,0,0,0.5830438584348863,0.0052235780334154575
5,A16,range,0,0.6449112491533124,0.6042914592027663,0.7341124427129289,0.5922475735077394,0.975,1.0,0.7902817991998229,0.2864100840544679,0.6,0.6288,0.6199088535200167,0.6219034779311235,0.4855906445559678,0.25802440039545727,0,0,0.8330843347699236,0.07410924283322036
5,A17,range,0,0.7335602421595506,0.8031077690566109,0.782437694290347,0.6473252672344414,0.9500000000000001,1.0,0.8505929149565109,0.20786912594109178,0.6,0.6969,0.6035120526576392,0.6091100021965778,0.5016662525067321,0.29744845413597953,0,0,0.8029454565550601,0.029048068685952083
6,A00,range,0,0.8007706996787707,0.8005192189840964,0.8663559985113284,0.7435407386344544,0.9500000000000001,1.0,0.7576259741844815,0.245816902851939,0.6,0.7607,0.6185550548303418,0.778102057754893,0.33764671355313075,0.27352405020490667,0,0,0.6665890369017021,0.04759865856693156
6,A01,range,0,0.7048877754022589,0.6768478018046543,0.7278878760613819,0.7022876708240293,0.9500000000000001,1.0,0.6484409859931953,0.2967937610728789,0.6,0.6696,0.605576659541524,0.6844153212765328,0.5163701043337807,0.2831050160939525,0,0,0.7547810031569295,0.1511905820968224
6,A02,range,0,0.6908122870229478,0.7317927980359459,0.7044224124043474,0.6532906079310994,0.9500000000000001,1.0,0.6407176606603082,0.1857406346342724,0.4,0.6563,0.5085998310581982,0.5200476003948851,0.6347658988928604,0.38141384646583965,0,1,0.7944841159879361,0.16836839279658028
6,A03,range,0,0.649022725014061,0.8566903704708314,0.6695741843539879,0.5012479196811436,0.975,1.0,0.7325372194456006,0.24192252810952095,0.4,0.6328,0.5469224612509278,0.562113587917141,0.5715900640318001,0.43455727937783617,0,1,0.7259166360968207,0.08192611994288858
6,A04,range,0,0.6394824865228286,0.8869179917134912,0.6841250117428314,0.4457730862111618,0.8916666666666666,1.0,0.7893062457850637,0.25344943387770513,0.4,0.5702,0.5485617830105519,0.6762728264064235,0.509211213306362,0.36665341131758244,0,1,0.7223002714323022,0.04355723656440376
6,A05,range,0,0.6756368853587231,0.7465695965864203,0.6395731561569241,0.6628597038929863,1.0,1.0,0.7271119877790142,0.19117773953980646,0.6,0.6756,0.5716465266851081,0.661754319797612,0.3271144884795313,0.303257506142236,0,1,0.6242202264780703,0.055277715886561114
6,A06,range,0,0.720665540383223,0.8837569366307059,0.7128802865672342,0.6255455148175364,0.9249999999999999,1.0,0.6945739903253579,0.2891549498916497,0.6,0.6666,0.6105260704806915,0.6117332102749691,0.42515452775576285,0.3025366910331301,0,0,0.6368244113496109,0.08203371726545661
6,A07,range,0,0.7748547077266648,0.9127462128385627,0.7562440207344067,0.7049568681499542,0.9249999999999999,1.0,0.7648816168638625,0.31517974444778096,0.6,0.7167,0.6424143963412215,0.6404149398198825,0.4014386352241149,0.3533288743248466,0,0,0.7181226892356445,0.058059630385399866
6,A08,range,0,0.6633970725434196,0.7636120939700584,0.6712173612112335,0.5939199315674331,0.8916666666666666,1.0,0.7316876518673782,0.3549464979404663,0.6,0.5915,0.62707706822289,0.6142409324772046,0.39903856149052963,0.3279347101497476,0,0,0.7056388348784866,0.07659705219852973
6,A09,range,0,0.6927720624291045,0.8579277282237421,0.6603359408015496,0.6179313777315667,0.9500000000000001,1.0,0.6868394319297486,0.31926884864044097,0.6,0.6581,0.619587802786604,0.5607186006810668,0.37229257665567744,0.35782625040751814,0,0,0.7479930426529463,0.12048792705234575
6,A10,range,0,0.6233590430334439,0.6837230458991604,0.7717000090196523,0.45583319600443856,1.0,1.0,0.7848330397167066,0.2880802055584805,0.6,0.6234,0.6189634265672337,0.5761086962565627,0.45803845546664634,0.26600720878252704,0,0,0.698081654982371,0.039318133585400185
6,A11,range,0,0.6635459728996109,0.6991008391646234,0.740734288229411,0.5737844055704029,0.8666666666666667,1.0,0.7707684052001345,0.3482271332621751,0.6,0.5751,0.6279300178458036,0.6576928326750907,0.45577540843916264,0.35705263393118003,0,0,0.8393317437570847,0.08831123762821583
6,A12,range,0,0.7143369335703038,0.6337395611237198,0.8074664527514597,0.6832219620659075,1.0,1.0,0.767042348162009,0.24516539367590667,0.6,0.7143,0.6130055187761191,0.6615015931733571,0.43040522378449103,0.3327426158186543,0,0,0.7287762932548207,0.05973994956769681
6,A13,range,0,0.7524089716600956,0.8611559646688268,0.72770669189619,0.706056595823056,0.975,1.0,0.6891130444575699,0.3071846917814621,0.6,0.7336,0.6287343506845576,0.6896337390496835,0.35345671536072915,0.29226350116983707,0,0,0.7486620561798772,0.11902686336835355
6,A14,range,0,0.7450779248773864,0.8542030664763576,0.7380946766077162,0.6829850536139909,0.9500000000000001,1.0,0.7136073706941871,0.327845319026746,1.0,0.7078,0.7023790042211369,0.6626576592158062,0.1963240357906471,0.12729333438283352,0,0,0.7930332319074933,0.114091958510921
6,A15,range,0,0.6351946892820846,0.7939848515745722,0.6590176744662168,0.5151057258131642,0.975,1.0,0.9270659891176849,0.1271212328873775,0.6,0.6193,0.5468713748506675,0.6390139268877939,0.40740411643595625,0.26303574842614974,0,1,0.8541319782353699,0.0
6,A16,range,0,0.6665648782565194,0.8997929457622453,0.6127665623065914,0.5678708625216279,0.975,1.0,0.6850984552850513,0.1466940551449391,0.6,0.6499,0.5322118374907336,0.6273275933981401,0.5238001907549077,0.3167818800465942,0,1,0.6611632105043649,0.09628181316845096
6,A17,range,0,0.6995631753668048,0.7758530471683206,0.7098796136167417,0.6428551220221624,0.9500000000000001,1.0,0.8202372918738864,0.30495519396743853,0.6,0.6646,0.6388413373181032,0.6881783547730238,0.4738721059498323,0.20821666539918007,0,0,0.8834077877867359,0.06904860436960297
7,A00,range,0,0.6496987698027278,0.8246945222415906,0.6100273872624727,0.5750388842511617,1.0,1.0,0.6622575352169396,0.292259696818169,0.4,0.6497,0.5582898393482871,0.6072949562745195,0.4486175724967691,0.3687650003954133,0,1,0.621424087686621,0.10112921084679448
7,A01,range,0,0.7154339872571388,0.7456114108933118,0.7587217318014151,0.658696321008289,0.975,1.0,0.6867884931946944,0.18639890566774958,0.6,0.6975,0.5652308766666584,0.5585405671635111,0.41507186389641665,0.2547325695340888,0,1,0.7290146296420503,0.11506669588311114
7,A02,range,0,0.7337497348274815,0.73773898915844,0.7318534508877022,0.7329156993179393,1.0,1.0,0.7314672571132361,0.1941214364794916,0.4,0.7337,0.5394857357829205,0.5550115484490661,0.5713922981225763,0.41360530998651424,0,1,0.666968427457893,0.06528115205504387
7,A03,range,0,0.684717654936621,0.8818409618232051,0.8296748025938646,0.4346780839324176,0.9500000000000001,1.0,0.6685631892601633,0.2752013583980778,0.6,0.6505,0.5973700788943623,0.5392233056216111,0.4364323451456904,0.36909910799321133,0,0,0.6830896303116081,0.11505417623199295
7,A04,range,0,0.738383306795208,0.7640541402498633,0.7053634866663345,0.7512313784988127,1.0,1.0,0.7678924257848656,0.22584136912739264,0.6,0.7384,0.6073995010569508,0.6796166671411622,0.36893146237796715,0.3156983850888905,0,0,0.6942966680008832,0.049113077632290725
7,A05,range,0,0.6796941846117683,0.8701904656594903,0.6813268598370361,0.5592054181348328,1.0,1.0,0.8155208622789557,0.21844370140678945,0.6,0.6797,0.6015952611554908,0.6035892134547447,0.3766547751638227,0.2362120975529103,0,0,0.809328884084641,0.05186854437098087
7,A06,range,0,0.7563841983446591,0.9383872259281476,0.7655537490781045,0.6346089492132139,0.975,1.0,0.6865492099206473,0.33046021651830654,0.6,0.7375,0.6377710015332095,0.6743537631573924,0.36270677721410904,0.3695143928051713,0,0,0.7416844804057929,0.11889146528313135
7,A07,range,0,0.7061428158258491,0.6761738556478192,0.8087772369324437,0.6350682974688476,0.975,1.0,0.8089184373607389,0.27879093988627635,0.6,0.6885,0.6306564385327444,0.6812723870994498,0.41817293543220757,0.30221924638328923,0,0,0.7005855492350839,0.024941319006631935
7,A08,range,0,0.7193333091738596,0.8538578583387725,0.7890990243987465,0.5742104651240131,1.0,1.0,0.6848393317053098,0.23096303845754154,0.6,0.7193,0.5924454379795431,0.5732984150946405,0.34559927576895766,0.3648284842050279,0,1,0.7531091904510573,0.12340736584520134
7,A09,range,0,0.7324937583064027,0.9007861919870574,0.6124410292923751,0.7323571251432678,1.0,1.0,0.8158713978228216,0.35300791412043386,0.6,0.7325,0.6693874968232514,0.6489262091666971,0.3669836957604277,0.23364495292532939,0,0,0.6531664661026939,0.006521937900208816
7,A10,range,0,0.6498306525644525,0.7077798906433042,0.7498278332822758,0.5261148456370748,1.0,1.0,0.7044840406510833,0.17515147223828384,0.6,0.6498,0.554189594832178,0.6663436118728377,0.429099796562817,0.37123690954307953,0,1,0.8263144028095004,0.12972118464909066
7,A11,range,0,0.736846738289487,0.8955403646286083,0.8469025824837408,0.5413643581575642,1.0,1.0,0.827107184403644,0.18421583932704214,0.4,0.7368,0.5485883207495243,0.5689393504140887,0.6117901670205794,0.38675103080005696,0,1,0.7219995842384823,0.020079985034459832
7,A12,range,0,0.6194966400100241,0.676321351272114,0.6811325527722888,0.5300497718042364,1.0,1.0,0.6874325155477948,0.3013599332012029,0.6,0.6195,0.606368045279645,0.6158380398296879,0.3290015701825702,0.25910966848564015,0,0,0.7173706071734003,0.11121941864431162
7,A13,range,0,0.7183134777649549,0.6957204951487322,0.5830572199127473,0.8507833175207755,1.0,1.0,0.8380289879469544,0.24005510297362193,0.6,0.7183,0.6227306215754792,0.7091938576562207,0.3948609684878411,0.2032857905867636,0,0,0.8180709974592183,0.04066572710841469
7,A14,range,0,0.6782335521603158,0.7547534561213087,0.6460965948309535,0.6585284498478873,1.0,1.0,0.6745597401253404,0.4239971247262183,0.6,0.6782,0.6562661123808778,0.6971839775756733,0.34727862940175197,0.28481168972172277,0,0,0.6766629050783575,0.10867665457449405
7,A15,range,0,0.607191410087026,0.5706737997404236,0.7812925942262591,0.4776763804318236,0.8666666666666667,1.0,0.8110256530843687,0.28887660631312057,0.4,0.5262,0.5568092109404876,0.5771825479675485,0.5360760935090975,0.36058972564679315,0,1,0.6879486052515481,0.019911180984017306
7,A16,range,0,0.6516615220219439,0.6640831514744876,0.6661622998792244,0.6312098229889836,0.975,1.0,0.6329201634402261,0.37155099353926485,0.6,0.6354,0.6230669883783836,0.7135328184629747,0.5127360467745328,0.3289964297632996,0,0,0.5552584394329036,0.10295276957664674
7,A17,range,0,0.7452687817176147,0.7821222330592587,0.6944361522441616,0.7667139254183588,0.975,1.0,0.7625090600309601,0.36857701072948246,0.4,0.7266,0.6142176043239244,0.5502857397185716,0.4657221533073739,0.36530814310427384,0,1,0.8263470830351487,0.09015577522304019
8,A00,range,0,0.7473457438253601,0.9034065646405997,0.7042870883389258,0.6874840543664655,0.9500000000000001,1.0,0.8124800947864377,0.30827731373147943,0.6,0.71,0.6470579006172859,0.7117493768279548,0.44922762547362505,0.234275404578237,0,0,0.6701796019200128,0.013723924974335514
8,A01,range,0,0.6422673252593982,0.7853598715328951,0.575270928516785,0.6114563309882494,0.9500000000000001,1.0,0.7740652392096428,0.19660886827460197,0.6,0.6102,0.5705232657473122,0.6524221382759399,0.3363253338534618,0.3264900010624005,0,1,0.8639412596062831,0.09282257134003666
8,A02,range,0,0.6674715580615719,0.8434367706883436,0.7246017370996646,0.5075043935115083,0.8916666666666666,1.0,0.7682419962871682,0.3682052420432062,0.6,0.5952,0.6388133221245768,0.6629958579986526,0.4091074789243526,0.24105410748179612,0,0,0.7810564030093468,0.07385499433693325
8,A03,range,0,0.6748653914351135,0.9608235556649004,0.6570861704769069,0.5116983571299274,0.975,1.0,0.7408263267086419,0.19094932299850323,0.6,0.658,0.5705884952599036,0.5671555177079934,0.4125921163378051,0.352612556797629,0,1,0.6673575904990314,0.05904098483479819
8,A04,range,0,0.6838049562081648,0.7724111710619899,0.7368727919247446,0.5819917156725167,0.9500000000000001,1.0,0.669688345311223,0.19305189062290157,0.6,0.6496,0.5580532988324328,0.566605616145421,0.3799469803712622,0.33521358495886955,0,1,0.6892358997231521,0.11603597342986291
8,A05,range,0,0.7028219942793873,0.7888826000964975,0.7719238356132685,0.5885700044765473,0.975,1.0,0.663011030994715,0.2245514880580551,0.6,0.6853,0.5795032201467434,0.6624809765711499,0.4523812642959928,0.36859619055032355,0,1,0.5577457002665135,0.08052809129577193
8,A06,range,0,0.7429935508423446,0.8237330962257708,0.7406810856598575,0.6945547420123797,0.9249999999999999,1.0,0.7280376342269647,0.29123188160213004,0.6,0.6873,0.6211166055496291,0.6179368349085923,0.5045430069970137,0.3265765291765175,0,0,0.7290906672037939,0.08592550031058292
8,A07,range,0,0.7290080494635998,0.7834084023185703,0.698611739381898,0.7216046002507324,0.975,1.0,0.6841866046383664,0.22536003035364566,0.6,0.7108,0.5878946827874297,0.5891136594177661,0.4518407280917272,0.36679283653765177,0,1,0.8146676437695576,0.14113986938816567
8,A08,range,0,0.7593341775135722,0.8530175646875826,0.7812326370607985,0.6816209084259928,0.9500000000000001,1.0,0.7795202332498974,0.29834053791374016,0.6,0.7214,0.639339095500074,0.6304276922318361,0.3411980175705346,0.23780083316260894,0,0,0.8610824984763832,0.08854388021101715
8,A09,range,0,0.6817339775520088,0.7587664588745526,0.7091017285188566,0.6096418946294272,0.975,1.0,0.7082514168514666,0.16042420458605422,0.6,0.6647,0.5476333357066491,0.4902633003060425,0.4526982174688397,0.3791627352678232,0,1,0.8051001853523979,0.1212125269061069
8,A10,range,0,0.7033905883890019,0.6957787556467637,0.7953084384478571,0.6277198650514026,0.975,1.0,0.7465845675761383,0.3757815300174974,0.6,0.6858,0.6561961775559753,0.6516253477576381,0.4623743233317047,0.30790250557536464,0,0,0.8345133537476787,0.10293922322127742
8,A11,range,0,0.6315406569327355,0.7229109820001572,0.7039028111697126,0.5111173188082421,1.0,1.0,0.7021027694470257,0.17159140479020044,0.6,0.6315,0.5485899606774012,0.5596216847640958,0.3468715924392922,0.24881102345233896,0,1,0.7395399676771578,0.1070745008825941
8,A12,range,0,0.7409239409973918,0.7641858985322922,0.7258210933005179,0.7396002092728434,0.975,1.0,0.6877852958095956,0.15940361522838323,0.6,0.7224,0.5523528456496498,0.5357572482607577,0.42549487174501366,0.33666608712275214,0,1,0.8170744523019463,0.13917957160583788
8,A13,range,0,0.659425939040212,0.7173359478866584,0.6799540789456354,0.6052700610939372,0.9500000000000001,1.0,0.7344583469506225,0.18358983000406512,0.6,0.6265,0.5596648463897096,0.6941069317193138,0.34748600522249223,0.24486290401081331,0,1,0.7715909786210622,0.09367640732120805
8,A14,range,0,0.742398398354462,0.8528154168528855,0.6939838030159055,0.7157505327141843,0.975,1.0,0.7115816348657691,0.24483219952671012,0.4,0.7238,0.5590931852011434,0.5718492532076948,0.5655657361987079,0.30360766227709884,0,1,0.7407885780569743,0.10072808376499638
8,A15,range,0,0.7147762153415282,0.8326232424500485,0.6765274688507533,0.6745894765781313,1.0,1.0,0.7017299679010197,0.22554929740685073,0.6,0.7148,0.5920726102358043,0.6255085436104317,0.33406298279240987,0.3887907244859875,0,1,0.7895525341678538,0.12151251859875753
8,A16,range,0,0.6686303661541473,0.7370299564524979,0.6946750160250246,0.6030915535806605,0.9500000000000001,1.0,0.6546181814463103,0.2222298816914193,0.4,0.6352,0.5255356574403486,0.5205158955101382,0.6239924880581007,0.4037915605825681,0,1,0.7204259937320753,0.13656394639012087
8,A17,range,0,0.6168019447361217,0.7382284015740995,0.5962790523656629,0.5588679400365372,0.9249999999999999,1.0,0.6376979823409801,0.16848747540937392,0.6,0.5705,0.5245047611021073,0.5588984111738468,0.43436000541133635,0.3809806273082407,0,1,0.6655860066227368,0.13346016325435012
9,A00,range,0,0.6586819825306127,0.6336033841815343,0.6839378643365015,0.6522572099186341,1.0,1.0,0.7403198287986721,0.14621893018363447,0.6,0.6587,0.5423350637424642,0.6522394007811351,0.36360460523730426,0.29595382452151975,0,1,0.6973438934187913,0.06829520904933879
9,A01,range,0,0.6718182217447968,0.6825887388004998,0.6793426619803543,0.6585027633788695,1.0,1.0,0.7455096659539605,0.24772722283534068,0.6,0.6718,0.6033807038597595,0.593993908102119,0.4916999771871926,0.334102860885588,0,0,0.6444543239975667,0.048974304910300984
9,A02,range,0,0.750851270986555,0.795797584075155,0.6979065278714389,0.7690864755319065,1.0,1.0,0.9095726108587503,0.2879115792418046,0.6,0.7509,0.6617725265491589,0.658249495457634,0.4458437900070998,0.1839937714097538,0,0,0.8271645032714806,0.002199290539816004
9,A03,range,0,0.6617777755724895,0.8374189488494105,0.6579794756348717,0.5553255547198297,0.975,1.0,0.7321344426759296,0.2282272038103491,0.6,0.6452,0.5868096895824569,0.6248259674319052,0.36042680152552037,0.281402844832573,0,1,0.6773399176903208,0.06792654634037626
9,A04,range,0,0.675930448381274,0.8003577167590581,0.7294706524678665,0.5513157270693908,1.0,1.0,0.6539794326646877,0.2728618345424601,0.4,0.6759,0.5536994540728335,0.48436204674041816,0.5264502071183093,0.4184805489528305,0,1,0.6679044256077208,0.12155009974151812
9,A05,range,0,0.7233043849829015,0.7909652005108533,0.7425193759186369,0.6642032582091633,0.9500000000000001,1.0,0.767241548120883,0.2652185059197506,0.6,0.6871,0.6171406128225939,0.7005664593753258,0.4941774714529129,0.32729676246716655,0,0,0.7025247709919837,0.05195936475114517
9,A06,range,0,0.6967171888800991,0.6732251317679959,0.6534626023194599,0.7492474878157229,1.0,1.0,0.7909136042497353,0.23299885040264628,0.4,0.6967,0.5624439866819413,0.4446627174389247,0.5610918496618125,0.4100965313533884,0,1,0.7688086464916596,0.055862799479165434
9,A07,range,0,0.7126015641034733,0.6965048379885143,0.8717068552619809,0.5834448881616286,0.975,1.0,0.6991234062071597,0.16657788651312433,0.6,0.6948,0.5548049429924865,0.486027902853782,0.39238616554431943,0.300898960060627,0,1,0.6287140699090853,0.07628580713774594
9,A08,range,0,0.6971150169165747,0.7969801561333826,0.6540207389112344,0.6724067981607427,0.975,1.0,0.7563364538335456,0.15837847338372346,0.6,0.6797,0.5563089525060404,0.5482773609803773,0.4435203377063169,0.2814761302491925,0,1,0.8831311303128604,0.10952883139147596
9,A09,range,0,0.6995590748353179,0.8137689884826482,0.7158293910768904,0.6139413520943605,0.975,1.0,0.6884248022352979,0.26546664761238015,0.6,0.6821,0.6027017751573552,0.5242591467499084,0.4013603085250298,0.37879692639762996,0,0,0.6064809012904601,0.07712400851323249
9,A10,range,0,0.6449426163865346,0.8722858528687568,0.6971564773408615,0.45716596525010966,1.0,1.0,0.8458778392992912,0.3529761830216197,0.6,0.6449,0.658198593607148,0.6835318046288353,0.3356832114722916,0.2653197328726553,0,0,0.8125169306663926,0.034474797997064634
9,A11,range,0,0.6489583258434458,0.7143785212940673,0.6894572985177705,0.5726341025967733,1.0,1.0,0.7391851801666603,0.26335000039941725,0.4,0.649,0.5599655230055413,0.5679635267896964,0.5557525988597564,0.2966702581912267,0,1,0.7642185808391542,0.08838374436000135
9,A12,range,0,0.6427964117078628,0.7778996495815483,0.636008558126512,0.5642962599204915,0.975,1.0,0.8960061087587387,0.2378077105156987,0.6,0.6267,0.6138429376916785,0.6593396110808137,0.46755465089737813,0.2502285646291913,0,0,0.797673137778744,0.001576997534245811
9,A13,range,0,0.6911585510521296,0.7923802905063599,0.7080484271125106,0.6131163223404024,0.975,1.0,0.8034107974355611,0.42413198479895153,1.0,0.6739,0.7500320980217965,0.7345080538031015,0.10532313320040018,0.0790965115467537,0,0,0.7166906575381821,0.03307016904316739
9,A14,range,0,0.6597159127596012,0.7723334422401539,0.6374835867106383,0.6087832421270983,1.0,1.0,0.779001704323479,0.27750486232898136,0.6,0.6597,0.6202840125654614,0.5961584776390282,0.5058722295282988,0.33154455642023184,0,0,0.8635328367944621,0.08953446276672998
9,A15,range,0,0.754817806220047,0.8061010279999582,0.6326861282690381,0.8296310108147352,0.975,1.0,0.7525993018988164,0.22647889457082904,0.6,0.7359,0.6044693803395496,0.7102637311234458,0.3961924300758142,0.22675220334167817,0,0,0.8203880965580131,0.09506243303629357
9,A16,range,0,0.6734465170260912,0.7192894806205729,0.7264508426260374,0.5984158798795871,1.0,1.0,0.6046074611447714,0.33136131877731134,0.6,0.6734,0.6107194273595655,0.623814580630121,0.4456448091887567,0.34656969999055776,0,0,0.6522350117865763,0.15607879972742097
9,A17,range,0,0.6414800431692042,0.7702177696913505,0.6796405187151624,0.5276285479901494,0.9500000000000001,1.0,0.7012339884200058,0.28859469337562516,0.6,0.6094,0.6013782054337277,0.6167815978081936,0.5086501042994219,0.3862118502097338,0,0,0.8734432109846813,0.14477225091329382
10,A00,range,0,0.6125906470899858,0.8030852541513157,0.6478935424959584,0.46264148419642864,0.975,1.0,0.741241822909101,0.26260553714890594,0.6,0.5973,0.5955267106577058,0.5162935169812025,0.4988704628670757,0.3383712793114936,0,0,0.8172394132600002,0.10179986166632002
10,A01,range,0,0.6910169701114738,0.7176342666390556,0.7007634481730869,0.6658529914778236,0.975,1.0,0.6215738972611778,0.3047933498349864,0.6,0.6737,0.6042676449442724,0.6355262236749517,0.507537505857699,0.32130299005982144,0,0,0.7016180938072136,0.15696645566450051
10,A02,range,0,0.7537883149248378,0.9396508743454882,0.7404084696512184,0.6493315799013483,0.9500000000000001,1.0,0.6421384152259564,0.2874772161493424,0.6,0.7161,0.6084290144551968,0.5342732620282252,0.41083972877146574,0.34119785397478164,0,0,0.5719778079389568,0.10106939737516944
10,A03,range,0,0.7218044719074317,0.704121835840843,0.7072637272234975,0.745579271047492,0.9500000000000001,1.0,0.7831046486157668,0.23806785124862417,0.6,0.6857,0.6068355610517605,0.7036335371262119,0.4325960015836612,0.3430470103786504,0,0,0.8670513174708246,0.08785105564366713
10,A04,range,0,0.7045560511579256,0.8164349424502828,0.6420911450794771,0.6892885369188447,0.9500000000000001,1.0,0.7921781180849862,0.3940897861418931,0.6,0.6693,0.6671207309543166,0.7092967773748013,0.4202706619557611,0.2648674215117723,0,0,0.7795376935188548,0.05808772157462072
10,A05,range,0,0.7064036439322832,0.8595473543507232,0.738722069997551,0.5824102021136488,0.75,1.0,0.7469324164744028,0.15087743470997184,0.6,0.5298,0.5213344257852602,0.6376073968615837,0.5121139454562089,0.24780202424187409,0,1,0.8162796413813912,0.09771182325594363
10,A06,range,0,0.6560055063844208,0.8630263131404199,0.6628660929922531,0.520614488880068,0.975,1.0,0.7369179258372517,0.13886147066048418,0.6,0.6396,0.5331711664496731,0.5644234123082869,0.4216361077345265,0.27332777470814584,0,1,0.7223822318519609,0.07791996301247395
10,A07,range,0,0.717591206786483,0.7733848146276002,0.8274901572831175,0.5865586202012296,0.975,1.0,0.6626605529776687,0.21993137662641718,0.6,0.6997,0.57943917987855,0.5686425184918855,0.4877157716613353,0.36932794742120056,0,1,0.700470128041585,0.12462499227119248
10,A08,range,0,0.7699037869930605,0.7114626467510599,0.8409963523902936,0.7442235049217322,1.0,1.0,0.7084975446936828,0.2039715938177081,0.6,0.7699,0.5902872202162555,0.6062087011660842,0.38285697809598207,0.35094418780113734,0,1,0.7451041408644554,0.10413786912448517
10,A09,range,0,0.7661161676670966,0.7690677308837021,0.7817771415644581,0.7505680884965268,0.9500000000000001,1.0,0.6313351013814467,0.26859553902342453,0.6,0.7278,0.6002498116983574,0.5505666654384879,0.3227310464899577,0.37622394209465104,0,0,0.5914435601097051,0.11570640831519922
10,A10,range,0,0.7538613401366835,0.7993900200557322,0.8161065984319519,0.6709413141789182,0.8916666666666666,1.0,0.7917182386011603,0.3731472144905209,0.6,0.6722,0.6598085919305307,0.6719134621886291,0.49914829096093444,0.25504887751055194,0,0,0.7995276090888552,0.0639633601554485
10,A11,range,0,0.7057376222722902,0.6865486266676559,0.7168783296253397,0.7079826255912681,0.975,1.0,0.7403735338691873,0.14742765778135383,0.6,0.6881,0.5475186909816262,0.6096261910700351,0.3450120686007511,0.31831113771836744,0,1,0.7600716008698323,0.08640387730816661
10,A12,range,0,0.7569327892663791,0.872121749287986,0.7622498427422747,0.6802872674614662,0.9500000000000001,1.0,0.7244337822769429,0.24115409586965197,0.6,0.7191,0.6038945414810223,0.589479627313423,0.5153966271280734,0.36588646800276997,0,0,0.762438328896352,0.0979580015284441
10,A13,range,0,0.7183811531626876,0.7966108971270323,0.7856016724600753,0.6106696087997578,0.9500000000000001,1.0,0.8029863759864816,0.2905679576683304,0.6,0.6825,0.6333166923850811,0.6657583685866766,0.3907580570176542,0.20280108201388683,0,0,0.777325146257761,0.050689929134211865
10,A14,range,0,0.6705703799291705,0.8559533972382057,0.5416969630558927,0.6674702338751416,0.975,1.0,0.6997023643759694,0.22159142165529275,0.6,0.6538,0.5793923444233005,0.6810596057877926,0.46512596668966577,0.3544032599562125,0,1,0.7470218449076739,0.11093279143093168
10,A15,range,0,0.7069547117702685,0.8175024740263301,0.6128831700635852,0.7201749593535778,0.9500000000000001,1.0,0.7059149809609132,0.25130774874813616,0.6,0.6716,0.597477563778158,0.5575948901575651,0.49098139896420684,0.2666624635264689,0,0,0.6137356867292281,0.06683254265829403
10,A16,range,0,0.774339283505041,0.8328653947299782,0.6970721443562607,0.8053692107446381,0.975,1.0,0.6529006446579527,0.2719813552853151,0.6,0.755,0.6105792356553976,0.663969378241346,0.4364908572976135,0.2630328437374451,0,0,0.8415439205700559,0.1718937199520762
10,A17,range,0,0.7107955781174878,0.7020101214710459,0.8235582262884312,0.6176191713719387,0.7000000000000001,1.0,0.6648588948115726,0.23927978850582557,0.6,0.4976,0.5484256292684921,0.6036113322149902,0.48812331558609967,0.3944456509996645,0,1,0.6916432080142068,0.12036681875729761
11,A00,range,0,0.7632457759859678,0.8293045988445538,0.7624170308487622,0.7226841636944065,1.0,1.0,0.8282920219745861,0.4753809232041428,0.6,0.7632,0.7167332384793579,0.653687022001808,0.36702674831390136,0.2920210514870866,0,0,0.6702579944810283,0.004110212440412292
11,A01,range,0,0.7381418298251216,0.8651832769014572,0.6092838049493479,0.7714916971687138,1.0,1.0,0.7266727277785192,0.2809565508570026,0.6,0.7381,0.6260600004977173,0.6575408562139718,0.4011683235094689,0.2573420260310488,0,0,0.6481361467058506,0.06288846586485695
11,A02,range,0,0.7058644379624388,0.7126253046644248,0.7613743927303435,0.6530676858517812,0.975,1.0,0.7513370470695973,0.30264293476460624,0.6,0.6882,0.630713330739785,0.667311923011999,0.4835072940391507,0.283820360169403,0,0,0.6103299833733851,0.03459643312699273
11,A03,range,0,0.7284506729692759,0.8545646219646775,0.7277733652470036,0.6502220991041383,0.8666666666666667,1.0,0.7176532509761885,0.32241053027431793,0.6,0.6313,0.6204578959282872,0.6745056881685209,0.5068329054095013,0.3229798296468169,0,0,0.7520243173502094,0.0996967277844096
11,A04,range,0,0.795388853168159,0.728589248969872,0.8773391984394323,0.7654320536797243,1.0,1.0,0.7587318181547469,0.3086736444834724,0.6,0.7954,0.6526470079910582,0.6988655463555634,0.35249848118838084,0.31243983726151303,0,0,0.7843912710717668,0.08101852584434005
11,A05,range,0,0.7094406121002339,0.7594909287811237,0.8302197970973678,0.5724773773021856,0.975,1.0,0.7788937189394756,0.25149422066304267,0.4,0.6917,0.5678550966887971,0.58648719437858,0.4479941419011002,0.3914447973429739,0,1,0.811895669925915,0.07555356160120036
11,A06,range,0,0.7206025517115418,0.7855774010948682,0.704483214747075,0.694097690690871,0.975,1.0,0.7573754724118266,0.23333403209655507,0.4,0.7026,0.5580947591716385,0.5958534370003016,0.5036503515744768,0.3148666559322036,0,1,0.752483439293554,0.07289142876455998
11,A07,range,0,0.7116554967146578,0.8388035571088964,0.7117692791299433,0.6320883993548839,1.0,1.0,0.6847377219887729,0.2898245073893953,0.6,0.7117,0.6175876799684802,0.5994061227753819,0.3869624629883488,0.2971668736606859,0,0,0.8213735727428111,0.14258157391205922
11,A08,range,0,0.700737196254818,0.7357526786809789,0.6141272939685646,0.7546361842389392,0.975,1.0,0.6812925874905776,0.3249647354646929,0.6,0.6832,0.6254259776480576,0.6427920116577484,0.4064092787551683,0.35877362233276217,0,0,0.5790472678267976,0.07371895538445956
11,A09,range,0,0.7103859527068636,0.8085673274143469,0.7816176749882787,0.5866948365184482,0.9500000000000001,1.0,0.6166687928091538,0.28783883328405374,0.6,0.6749,0.5965459095235878,0.6024725898000607,0.33048672071297297,0.3411454448154016,0,0,0.7397880753052248,0.17201966561618942
11,A10,range,0,0.8330422658012565,0.8603984253311207,0.9401980752816547,0.7221833327997431,0.975,1.0,0.6789958650745342,0.29796128198176075,0.6,0.8122,0.635425757845285,0.6788178599314757,0.40227174431707335,0.38603972978801565,0,0,0.6132544705009012,0.08612330477750306
11,A11,range,0,0.6850908186973845,0.9424231379521721,0.623242994647025,0.5783749652072067,0.8916666666666666,1.0,0.8902708909188708,0.4607824810119502,0.4,0.6109,0.6396785430819972,0.7013289970277901,0.44054952744834824,0.36351206787941004,0,0,0.793578197882771,0.0036474639718526575
11,A12,range,0,0.7158105863167845,0.8332514204806523,0.7113995628842508,0.6462697104678343,0.975,1.0,0.8523439459175621,0.3465904903737182,0.4,0.6979,0.6166649556046542,0.646070296485648,0.5084921756357998,0.2870450226664772,0,1,0.9343820861416003,0.06320295040962277
11,A13,range,0,0.6907084905296115,0.8051273113565671,0.72742781754323,0.587067316375848,0.975,1.0,0.7375207986969523,0.34530775832884497,0.6,0.6734,0.6416950426574679,0.6425006119306584,0.3720418024659384,0.3553874471384394,0,0,0.7265378404281376,0.07871598200603411
11,A14,range,0,0.7248785633858382,0.8125825660077493,0.7448960084324592,0.6525482973313504,1.0,1.0,0.769866963523028,0.24670276306108913,0.6,0.7249,0.6159531046543637,0.6791149783483811,0.40523345160081936,0.23614624939702444,0,0,0.8952442809776335,0.10386905577060071
11,A15,range,0,0.66322221649806,0.7522881623801496,0.6638623830302985,0.6069958546060452,0.9500000000000001,1.0,0.8267515550020493,0.14402537353925382,0.6,0.6301,0.5482910013237068,0.6156314256164653,0.3483418379575791,0.2971960593859294,0,1,0.747139682782444,0.02754192472816548
11,A16,range,0,0.7187775724477685,0.6960518422840266,0.8245717106892205,0.6404112828388365,0.975,1.0,0.8400904064761799,0.23872864091443227,0.6,0.7008,0.6191432657590518,0.6519583921506055,0.4398119356891827,0.23712361753183397,0,0,0.895838349143908,0.06037986346327981
11,A17,range,0,0.7176450723625974,0.7399715461343621,0.8288454082965996,0.6063907323129927,0.9500000000000001,1.0,0.7700702346668097,0.2766970640894489,0.6,0.6818,0.6217342293011927,0.6350477905892311,0.3684712545699977,0.23427619438826833,0,0,0.8151154989085658,0.08213773766781658
12,A00,range,0,0.7651155049916811,0.8215281037517839,0.7084469922339524,0.7794425794296296,0.975,1.0,0.8074379780403779,0.20539165354634537,0.4,0.746,0.5583947637159251,0.5797380163378107,0.45796942095657556,0.40536600213661766,0,1,0.9260212910343382,0.08809911075267526
12,A01,range,0,0.7004327837414472,0.8398027239973765,0.7127853675870451,0.6025180602165934,0.975,1.0,0.6667439503475587,0.2824452164060645,0.4,0.6829,0.5605068356438276,0.5835362006345364,0.5426143808757941,0.4190206697715739,0,1,0.6829638577783186,0.11637922442230628
12,A02,range,0,0.6456885617362413,0.6608356790265012,0.708389845959636,0.5813579897343585,0.9500000000000001,1.0,0.8678985303693663,0.5047098953346535,0.6,0.6134,0.7014018687943411,0.7283622815153312,0.3275388171009979,0.2260721209748536,0,0,0.825821541504632,0.02528166828144289
12,A03,range,0,0.718378262238681,0.897794748748193,0.7006282018331791,0.62177426102505,1.0,1.0,0.6426264288410752,0.2667804768787769,0.6,0.7184,0.6008046059765875,0.5187028718504516,0.42162298383101593,0.3549044741604419,0,0,0.6362034142936804,0.12071154571058602
12,A04,range,0,0.7725700963019827,0.8963390675147844,0.6765534500147852,0.7792290547952795,0.975,1.0,0.7493017475041448,0.3374086816973335,0.6,0.7533,0.6549472544287602,0.707892490200659,0.4239230438422129,0.3702626960245694,0,0,0.7581008759564019,0.07985025378963666
12,A05,range,0,0.6102398311261146,0.5748958720504286,0.5926323812829488,0.6477363241611883,1.0,1.0,0.8040857287237236,0.19767546433876498,1.0,0.6102,0.6358054014867613,0.6829597804436125,0.16366951075492936,0.2031125143837668,0,0,0.7663869025511021,0.04691918473267784
12,A06,range,0,0.743070389617731,0.9403909510069199,0.7233823437766492,0.6369720788604344,0.9500000000000001,1.0,0.7398660557411729,0.1972122343390688,0.4,0.7059,0.5378857446126166,0.5023967001703028,0.5128870252392466,0.2978754554579342,0,1,0.5798128965230989,0.03272267723363011
12,A07,range,0,0.7391716058766609,0.8163067277819193,0.7664971340003219,0.6670523175776709,0.975,1.0,0.769766125955702,0.16675734332657066,0.4,0.7207,0.527554467651737,0.5865186693372606,0.5187513116790753,0.4088776572732036,0,1,0.8030126938549337,0.078990173419802
12,A08,range,0,0.7620485088327696,0.7135091265513576,0.7958111324690834,0.7628433270768776,0.975,1.0,0.8229776132127862,0.2567642008333886,0.6,0.743,0.6322159248311049,0.7002784896111367,0.39881955202034464,0.21024509737946542,0,0,0.9281918224188412,0.07913089187636027
12,A09,range,0,0.623284362384606,0.7652392034004836,0.6274647025828145,0.5309047890762504,1.0,1.0,0.7177757741679194,0.39762024357274933,0.4,0.6233,0.5977236759961946,0.5671326553592443,0.5673563883557473,0.2954697335495406,0,1,0.8601072394797722,0.1295425060449784
12,A10,range,0,0.686493094743698,0.8486401936915831,0.7336165478686443,0.5439181364169419,0.725,1.0,0.7217550778619624,0.29587044659239736,0.6,0.4977,0.5817140431675742,0.6466855326706404,0.4058792584301545,0.35248610934139946,0,1,0.7390062388515448,0.09311803369619816
12,A11,range,0,0.6503754021960191,0.7254511949284294,0.6044083061664293,0.6436742407641539,0.9500000000000001,1.0,0.7225477193036937,0.31258314526556275,0.4,0.6179,0.5699721257436224,0.5459896170423323,0.49727026439329475,0.42907739383513716,0,1,0.6608321709707603,0.06957170885343097
12,A12,range,0,0.6643939432560518,0.6891794685304489,0.7612191492503987,0.5641809347145003,0.975,1.0,0.684079895170586,0.2945862425232478,0.6,0.6478,0.6080035943483916,0.6188860751879867,0.41893234965912873,0.3586264341045684,0,0,0.7242263667161885,0.11565592431879693
12,A13,range,0,0.6637406892606048,0.8525258671528723,0.7427536928015213,0.4766135749796358,0.975,1.0,0.773306061437895,0.21915021862535006,0.6,0.6471,0.5893609964048238,0.7189344144693107,0.410276457885585,0.3249482654593592,0,1,0.756478914533243,0.06362218841729013
12,A14,range,0,0.6408827990696359,0.8381135921535666,0.627119487738245,0.5296564508071461,0.975,1.0,0.879890344918144,0.2874470317633833,0.4,0.6249,0.5862868817681873,0.6546880725655472,0.5654282086461271,0.27278506788485896,0,1,0.8594801372138384,0.027553879649464083
12,A15,range,0,0.7544394083832955,0.8507562424626626,0.769579811640784,0.6809935342333886,1.0,1.0,0.7443795501343655,0.25159063737115944,0.6,0.7544,0.6186307911806216,0.7199259351834437,0.470471309157551,0.2637444712076686,0,0,0.5992078466505413,0.03578272822110774
12,A16,range,0,0.66696391018307,0.8288836928354906,0.6907770777987167,0.5449275243616163,1.0,1.0,0.8186795583252875,0.4026752201463442,0.4,0.667,0.6241610282909914,0.5818621248240416,0.5146786584384613,0.284460411891031,0,0,0.9025830611674202,0.0750639097829157
12,A17,range,0,0.5964128164108322,0.7731719131579896,0.6399968377851132,0.44780236224136283,1.0,1.0,0.8542201581897396,0.3005111967891924,0.6,0.5964,0.6299204481539741,0.6407248418217122,0.338414056493495,0.2894306254340955,0,0,0.7084403163794792,0.0
13,A00,range,0,0.7530381098512604,0.7703515920410363,0.7310617015244897,0.7614465407685748,0.975,1.0,0.7308813186088378,0.22569530489307538,0.4,0.7342,0.555052246425207,0.4044756398085124,0.6124314397251062,0.33561332861796445,0,1,0.6631935176192141,0.06454828335819225
13,A01,range,0,0.7285634727462305,0.8631848931840522,0.6816963923862012,0.6854337802876177,0.975,1.0,0.7204389746612003,0.22241540530098555,0.6,0.7103,0.5927797598101692,0.6090971078012378,0.4607554620504728,0.3217302295060299,0,1,0.7134084317667589,0.08661600338756768
13,A02,range,0,0.6991299650486045,0.7063750654207636,0.818371751391654,0.5902652142658369,0.9500000000000001,1.0,0.8126459381902877,0.2589792020937167,0.6,0.6642,0.6177869857155381,0.7321682708791515,0.5027396474159748,0.23615895228287412,0,0,0.803174642248433,0.051930692839073395
13,A03,range,0,0.7008466636143043,0.8274710818286053,0.6436677450689112,0.6717379559575852,0.975,1.0,0.7317334990687255,0.3073561086197626,0.4,0.6833,0.581077770307745,0.6705243504283622,0.4843632788810482,0.30391823460284256,0,1,0.7641343691501006,0.09342592536647423
13,A04,range,0,0.6458423592091956,0.7550764961269824,0.7646320020770075,0.47363008612624347,1.0,1.0,0.7734033487632334,0.2789263788270092,0.4,0.6458,0.5711049378767475,0.604737276089436,0.4558256340003527,0.34437443345864505,0,1,0.7526075356452286,0.06245604432979658
13,A05,range,0,0.6080721355217678,0.6984934749080661,0.7538977960030082,0.4239613454842457,0.9500000000000001,1.0,0.6325059050100029,0.33980401692905865,0.4,0.5777,0.5558822539954265,0.530229968741789,0.5291645667872077,0.42114019069784103,0,1,0.751992718828134,0.16283618923272553
13,A06,range,0,0.680601187207867,0.8838560884486457,0.6546948314577582,0.5762349352137255,0.975,1.0,0.7532121593187523,0.24991272303757886,0.6,0.6636,0.6039877962744202,0.6383565398843541,0.4301323388950425,0.31271231484046397,0,0,0.6695811515047416,0.051416972856321325
13,A07,range,0,0.6621048604626903,0.7989945905418281,0.7163923502233966,0.5290472256226113,0.9500000000000001,1.0,0.7198810726501209,0.31065736809502004,0.4,0.629,0.5708087471486895,0.5650747171526024,0.4944228705921043,0.3897647459656607,0,1,0.816280723468388,0.11615646428507281
13,A08,range,0,0.637088873983429,0.72653653873342,0.6962596448451422,0.5294096590106855,1.0,1.0,0.7920312299050803,0.20443337565282757,0.4,0.6371,0.5392785469920885,0.5021431967759624,0.5873751639201861,0.3532484251964862,0,1,0.7729258307096425,0.056319234626413174
13,A09,range,0,0.6880163633857258,0.6383801305880404,0.7923473872326049,0.6277493630182601,1.0,1.0,0.648931199990457,0.26090371548189406,0.4,0.688,0.5499200161348368,0.5949093853304548,0.5649077830325209,0.38096681716255393,0,1,0.7292938966295385,0.14349728477640383
13,A10,range,0,0.5747371059969612,0.7350573102037324,0.6493157290253974,0.4092806832178474,0.975,1.0,0.8088306317638991,0.1989648582623563,0.6,0.5604,0.5680839977718778,0.6320730890110022,0.41997452275104596,0.3108038373123606,0,1,0.8679991060870812,0.07194320979938114
13,A11,range,0,0.7480854910822493,0.7818136635521149,0.826171587864055,0.6586800486045034,1.0,1.0,0.7314564505429495,0.31779339309846494,0.4,0.7481,0.5953360669465668,0.6157020505617701,0.5942591003758338,0.3128062431954389,0,1,0.6810919102294237,0.06950697152508231
13,A12,range,0,0.6379805209848115,0.6953951613514704,0.721646208814322,0.5288888939048281,0.9500000000000001,1.0,0.7657224350199946,0.13988543691672575,0.4,0.6061,0.49252223771372095,0.5835922089443484,0.4656667542155285,0.29451787637101007,0,1,0.8896978830110727,0.10510265837737151
13,A13,range,0,0.6711621298458692,0.7334992712325542,0.6482248760244531,0.6522715135729301,0.975,1.0,0.7672353803494989,0.2804711843852077,0.4,0.6544,0.5719095579817851,0.5682081563619571,0.614790771186503,0.4049056532710118,0,1,0.7588211155809819,0.06822911182124762
13,A14,range,0,0.7859715300320467,0.8945156507770484,0.8635777178916574,0.6502260401892612,0.9249999999999999,1.0,0.7945734665187654,0.20525289668958777,0.4,0.727,0.5531197031827574,0.5658907854602333,0.577129886958515,0.339685843920645,0,1,0.6501044826835713,0.018820628297331644
13,A15,range,0,0.7274965005510807,0.7751015531979905,0.7229310942662465,0.7017380731459922,0.975,1.0,0.8307403589582627,0.30747534816991107,0.4,0.7093,0.6012318043958758,0.5627821498357867,0.4867516917596668,0.3211079217088204,0,1,0.9044818119928197,0.06825037667756924
13,A16,range,0,0.698011531100001,0.7271582898337748,0.7093092153351394,0.6699093331856465,0.975,1.0,0.6373592920161701,0.261560776803618,0.6,0.6806,0.5910155441744344,0.6211064976496817,0.3347054931787451,0.3620489524508131,0,1,0.7432443159546512,0.15651124533432714
13,A17,range,0,0.6945078499095245,0.8381168765716298,0.7998262849703122,0.5125985775675195,0.975,1.0,0.7813305380453762,0.29807774661894115,0.4,0.6771,0.5847098315218019,0.6361556289389119,0.4930949965931398,0.37903595700958037,0,1,0.7381760904973561,0.05322307679513639
14,A00,range,1,0.5632143044679099,0.4153596324089072,0.4891521152796958,0.7204278900444737,0.8916666666666666,1.0,0.6111637247903107,0.2852418434722917,0.6,0.5022,0.5608577748789382,0.4745330133958286,0.5272460482941974,0.33787610447192923,0,1,0.6734180320045247,0.15705573681135948
14,A01,range,1,0.694099434079879,0.7178950649305026,0.7691558458051804,0.6135528045386004,0.9500000000000001,1.0,0.6543593080617881,0.2917545820924773,0.6,0.6594,0.6029558063950929,0.40650056645746613,0.4593880906093961,0.2977562146741078,0,1,0.8503723368555288,0.17316918956443958
14,A02,range,1,0.7383154179208693,0.98,0.6876076645760798,0.6316318382981032,0.9500000000000001,1.0,0.608335009255831,0.19457392514510694,1.0,0.7014,0.6131588581043804,0.5271825804193897,0.2824737767528839,0.25916515088550535,0,1,0.8817943637317662,0.21805406828756574
14,A03,range,1,0.6326008222736463,0.6639244894928875,0.7118505853684393,0.5436799875536767,0.975,1.0,0.5541628417358528,0.31598183807699565,0.6,0.6168,0.5838713713981329,0.4190968995027251,0.37843925096817693,0.3261809462637578,0,1,0.7897934776363417,0.23962487714456646
14,A04,range,1,0.7235176559280109,0.7271373108587577,0.7326321011683123,0.7132802320110304,0.975,1.0,0.7092472824158212,0.18946000215551595,0.6,0.7054,0.5721117341152,0.4827040073263932,0.5220222588472967,0.2550195590541234,0,1,0.8555181225734676,0.1342839123955109
14,A05,range,1,0.5720028109250976,0.4557639814317024,0.4997072603566537,0.7079106861058581,0.975,1.0,0.5480491078041533,0.21975889112229352,0.6,0.5577,0.5327925552081407,0.3472458202255686,0.394159704217797,0.3919237788203577,0,1,0.7837568713025667,0.24348247233808518
14,A06,range,1,0.7292495015859465,0.8992036274100399,0.6397210345881532,0.7013655815689573,0.9500000000000001,1.0,0.5770417371385371,0.20127783362623722,0.6,0.6928,0.5518934521902267,0.47753110351298256,0.36544176502749337,0.3514261206210201,0,1,0.7121522804487117,0.19722236121267636
14,A07,range,1,0.7086172351615381,0.7206436460007613,0.7913829004782494,0.6286807712349012,0.9249999999999999,1.0,0.5816124986192959,0.30605818134620544,0.6,0.6555,0.5925631067132144,0.4045979826911117,0.4840901676253931,0.29601300427244825,0,1,0.7886196582727185,0.21512393205706062
14,A08,range,1,0.7000427478671974,0.9381713093674771,0.7327176972035433,0.5226218162602201,0.9500000000000001,1.0,0.6483916839163955,0.12522729999472915,0.6,0.665,0.5122921336491312,0.3734562080547162,0.3496576379603888,0.37752471060666665,0,1,0.7865208749673718,0.16019160872086335
14,A09,range,1,0.6993282033258634,0.8104752538141781,0.7921703409232147,0.5486244263729845,0.9500000000000001,1.0,0.5687785682473321,0.24698091514876838,0.6,0.6644,0.5677027528997984,0.46319990309351683,0.42241239194032837,0.3087107981090341,0,1,0.8168237976787012,0.2341033549673984
14,A10,range,1,0.5339905950103601,0.5166610526298948,0.4808650467929586,0.5913064136883771,0.8666666666666667,1.0,0.5377070239955931,0.19102685119762516,1.0,0.4628,0.5485357339982057,0.4282598495932254,0.2557302351821586,0.3067199125769274,0,1,0.6539953883117443,0.21524403002404077
14,A11,range,1,0.6621539185218577,0.8296311548929695,0.6907711848662272,0.5324405377385893,0.975,1.0,0.5567046931898119,0.20826568789662492,0.6,0.6456,0.5441701157487671,0.41265557060725405,0.37926001722477826,0.3078603828147168,0,1,0.6391499076363194,0.1933754656688764
14,A12,range,1,0.6451605150884181,0.7491056766622479,0.7223069777324215,0.5126916342912716,0.9500000000000001,1.0,0.5632895229709542,0.26919159830915435,0.4,0.6129,0.524596048805475,0.38165563844778844,0.5158077254698208,0.3586153692959161,0,1,0.6840217777456516,0.20099959998048836
14,A13,range,1,0.7356832037407568,0.8629637016520955,0.7183724398737416,0.6712798109298086,0.8666666666666667,1.0,0.7527055377376034,0.25493593194135905,0.6,0.6376,0.6002156578321467,0.3873212809962332,0.44463257267342654,0.2455360631678788,0,1,0.98,0.13701542197543348
14,A14,range,1,0.7486011323788333,0.7641346610450177,0.8162995928533207,0.6796565240472916,0.975,1.0,0.5791909089024306,0.2919129583874721,0.4,0.7299,0.5545699255401662,0.36678963883049764,0.5379785813422358,0.3986354764195071,0,1,0.8440558004697861,0.23247166933231445
14,A15,range,1,0.5488977194090607,0.4282864447590057,0.4721452756749575,0.6914381543326854,1.0,1.0,0.6499630197596805,0.20677255117537655,0.6,0.5489,0.5445299169589619,0.37693435754459276,0.43181621918793395,0.3855197545674617,0,1,0.8292264702376361,0.17079290673112812
14,A16,range,1,0.6367762311468494,0.7359825282821687,0.6483318107216421,0.5646611633093314,0.975,1.0,0.587959983806433,0.23858028902961922,0.6,0.6209,0.560839398788223,0.48036463247554767,0.349530116213916,0.3798957972394187,0,1,0.8637718788299393,0.23027576688121626
14,A17,range,1,0.7195415910921557,0.7536013191383137,0.8020086350525162,0.6260955975979916,0.8666666666666667,1.0,0.5772084676387446,0.17124351119961734,0.4,0.6236,0.4841366258201969,0.31751574422276935,0.4761810085275745,0.35436074924167815,0,1,0.6917071576409937,0.1910713864779519
15,A00,range,0,0.7602983360097125,0.7483121531050971,0.8020757806280047,0.7312344362840915,0.9500000000000001,1.0,0.7174273242825865,0.28535478344974097,0.4,0.7223,0.5762765326242498,0.5862667780066998,0.49052926200054114,0.35221964511641135,0,1,0.9053505361394758,0.14180122312022383
15,A01,range,0,0.7295571382327402,0.7466698939557791,0.8236363525073194,0.6365423534155839,0.975,1.0,0.6847090280828207,0.2542865560716211,0.4,0.7113,0.5567429161135528,0.6122666072121871,0.5943955117699509,0.4453687158211512,0,1,0.8324499966068268,0.14563399717480213
15,A02,range,0,0.6924118423624364,0.6777797904226782,0.7248985889896044,0.6731309715260133,1.0,1.0,0.8628384465429473,0.365513069901975,0.6,0.6924,0.6745701690117226,0.6444280273091106,0.3299620235599315,0.20556931405617587,0,0,0.7256768930858947,0.0
15,A03,range,0,0.7158897856601152,0.8342149464805879,0.7451118009631832,0.6163672967571352,0.975,1.0,0.7913779616598602,0.24324415296953375,0.6,0.698,0.6131011962592222,0.617285487746007,0.38387883744710655,0.24205477376902965,0,0,0.6806033710626025,0.029992647760276284
15,A04,range,0,0.6642562770482797,0.8322889620378842,0.7109435952595707,0.5183844454948975,0.975,1.0,0.7886563619893786,0.2093324318306913,0.6,0.6476,0.5867107677319546,0.6196970618672276,0.45118260749832084,0.2826804636306206,0,1,0.8200168607071263,0.07156158687772497
15,A05,range,0,0.7110486664655209,0.6725226721824086,0.8479004422567623,0.6153821090751298,0.975,1.0,0.7529262377462205,0.18800814420474765,1.0,0.6933,0.6361215997659777,0.7400340459138979,0.1797067004851653,0.2066323851539268,0,0,0.8322199354198029,0.09808457219606713
15,A06,range,0,0.6925363305659089,0.7437877660442338,0.7102109568713161,0.6450388853747246,0.8666666666666667,1.0,0.7717229370947858,0.2072562337261654,0.4,0.6002,0.5301456394241479,0.5208449570539138,0.5197839498644987,0.3048479171250761,0,1,0.7819531722411726,0.07184627654354458
15,A07,range,0,0.7919085602157627,0.8310098421146368,0.7797523172540103,0.7781069716204998,0.975,1.0,0.6044198581066585,0.23779231653599134,0.4,0.7721,0.5438064206538432,0.6758447522565207,0.49616399089584284,0.3502071303880875,0,1,0.669742577162923,0.1615042408989052
15,A08,range,0,0.7683492673838221,0.8283795618089872,0.6619723733157187,0.8239101156776844,0.9500000000000001,1.0,0.6717960050211229,0.24036155615676164,0.6,0.7299,0.5956706006883443,0.6238424160741083,0.504170925733271,0.3738320447107743,0,0,0.7128364656711924,0.12140205805010859
15,A09,range,0,0.6565195421015337,0.7863527510777486,0.7022848808972133,0.5353291150451799,0.975,1.0,0.8330191786220046,0.3096500760875433,0.6,0.6401,0.6385166781282439,0.5703382479295152,0.4150444018428609,0.2883800809176077,0,0,0.9143520682373786,0.06946532638872194
15,A10,range,0,0.6961490145312095,0.8100275484534589,0.6926531708929846,0.6280337940132502,0.975,1.0,0.7773248461708625,0.18868531054274237,0.6,0.6787,0.5785466098247357,0.62192280471423,0.3442649956666929,0.24136503743950727,0,1,0.7906613848987137,0.07066739918165899
15,A11,range,0,0.6850575835620558,0.8410343290749264,0.7408032399936305,0.538794668238884,0.9500000000000001,1.0,0.7620912806948271,0.3676800682390942,0.6,0.6508,0.6493966056407204,0.6164095613446439,0.3189038209672022,0.2503520571347688,0,0,0.6576018251995805,0.041956816582009865
15,A12,range,0,0.7831590630160841,0.799198118841168,0.5810272380165489,0.95,0.9500000000000001,1.0,0.8099270262862608,0.33938308710633486,0.6,0.744,0.6646482997881523,0.6138931182208897,0.4602873278020877,0.3096973207148992,0,0,0.8017142550654366,0.05320126071766272
15,A13,range,0,0.6681635311076832,0.8561366278796125,0.7257883867124231,0.5002585969710799,0.975,1.0,0.7336482045974304,0.3210139854123544,0.6,0.6515,0.6280304635721223,0.6723238704642359,0.49567451442579047,0.37575743815580764,0,0,0.6922780588013155,0.07132702751316951
15,A14,range,0,0.7272966736658353,0.8333518635625464,0.7643565001110556,0.6285848318408229,0.975,1.0,0.7816826962096664,0.2643244949703512,0.6,0.7091,0.6232486186844785,0.7714680640945044,0.43288163856018735,0.2354638936795488,0,0,0.7845788526450819,0.0661708250213751
15,A15,range,0,0.7010049270140752,0.7790314279296039,0.6772695964759949,0.6730067781626901,1.0,1.0,0.7196383073843103,0.3057913490879687,0.6,0.701,0.6287604758340835,0.6646957920827881,0.3967722862967933,0.3325130275440702,0,0,0.7706245433211565,0.1035958485853586
15,A16,range,0,0.6785227588664503,0.7441199627020845,0.7774623312048172,0.550952380673108,0.9500000000000001,1.0,0.6807846766458342,0.250963053098551,0.6,0.6446,0.5880963648537005,0.5604984748863376,0.328738560995064,0.3705959861526812,0,1,0.6566561564227995,0.09808161824478365
15,A17,range,0,0.7003361122703805,0.7062571788778511,0.6988241337713132,0.6979584268273953,1.0,1.0,0.7689875453963982,0.32103806698261156,0.6,0.7003,0.643520822191591,0.5957160042718428,0.4148971549519233,0.32510660225329546,0,0,0.6826906342128372,0.04496370257392078
16,A00,range,0,0.6943839165835226,0.8518150810727301,0.691170442347437,0.5988012287343427,0.975,1.0,0.7681795196979317,0.14455140191891477,0.4,0.677,0.5069000251595729,0.5676325503463939,0.5175896110498878,0.39577385012114635,0,1,0.7112661581242219,0.05390909142607708
16,A01,range,0,0.7502730192541607,0.7423865764804595,0.7326130269436263,0.7706545392594414,0.9500000000000001,1.0,0.6906430040444902,0.2057414263538683,0.4,0.7128,0.5354352080196035,0.6091710685793087,0.6053240422894474,0.31321673569328756,0,1,0.7049747305963163,0.10526766735610293
16,A02,range,0,0.6625255732627064,0.7625755010506752,0.5799843534066043,0.6722179357693154,0.9500000000000001,1.0,0.7458945733261451,0.17547301796074857,0.6,0.6294,0.5571377385494821,0.6924024770746264,0.37911471162048604,0.26858003571222777,0,1,0.74661092914718,0.0788505645933017
16,A03,range,0,0.6261482200204067,0.7388403959919614,0.601815684072495,0.5770065789926078,0.975,1.0,0.7469373542746771,0.2128200162708137,0.4,0.6105,0.5321241138850714,0.5461260443960878,0.5133280287961269,0.424410481853766,0,1,0.7320592442582412,0.07396889756962761
16,A04,range,0,0.7867048119725549,0.9057574858177091,0.8018217525617123,0.6990695678038208,0.975,1.0,0.7490325434240764,0.21287320332644338,0.6,0.767,0.6014772545857828,0.6777906422717319,0.3672602795450253,0.22354698384713687,0,0,0.683734082746794,0.05841983096413578
16,A05,range,0,0.6798275250474608,0.7452849000723885,0.8070174771315116,0.5276254575833363,0.9500000000000001,1.0,0.6689414012259283,0.2563197646621025,0.4,0.6458,0.544373357024184,0.6422758039302614,0.5794508589505827,0.4274814641215765,0,1,0.7481638527138816,0.13373882190582892
16,A06,range,0,0.7569179500842023,0.98,0.7155485732754453,0.653689873594491,0.975,1.0,0.6345947172382442,0.14608398080334134,0.4,0.738,0.4959687799641944,0.499958838396808,0.6248221385075877,0.3642809242680674,0,1,0.6466265012330733,0.1301750970659614
16,A07,range,0,0.6347531171565671,0.6850464494501866,0.6187653574035402,0.6173090742569536,0.9500000000000001,1.0,0.6765130213039905,0.1369805840431005,0.6,0.603,0.5160997214422037,0.6095865432586648,0.4550899536131269,0.25187684573062874,0,1,0.6477764682170604,0.09854159350954193
16,A08,range,0,0.8054221088169056,0.9541942401411782,0.8357775022072415,0.6858785575226913,1.0,1.0,0.8276813090783851,0.32296022943674496,0.6,0.8054,0.6721943632363687,0.5992329669128132,0.37673739293454883,0.2875251597940923,0,0,0.797946790425342,0.041312626199601195
16,A09,range,0,0.6899406977524725,0.7652826192434119,0.7128213121800382,0.6228314591965154,0.975,1.0,0.733940097211667,0.2510335501588645,0.4,0.6727,0.5575646681636961,0.5456475233605217,0.4485648896701526,0.2920995361158596,0,1,0.742331907111015,0.08570253852917865
16,A10,range,0,0.7105487273104889,0.9172735016655758,0.7566454735571078,0.5410110903727682,1.0,1.0,0.7405654384386134,0.2717680086582547,0.4,0.7105,0.57349953725246,0.6144583361242189,0.5506281307804518,0.2929965141549809,0,1,0.8490976976119468,0.11094594354820767
16,A11,range,0,0.6837282665170386,0.8161900816318939,0.7026771059219854,0.5843593975909257,0.9249999999999999,1.0,0.7673008539895458,0.16214992903007133,0.6,0.6324,0.5522656351076458,0.607027348128175,0.3807157338800391,0.2658028653321572,0,1,0.7301929606552239,0.05998103324999578
16,A12,range,0,0.6789314055577256,0.8540475117083723,0.7371067506057395,0.5185804122965594,0.9166666666666666,1.0,0.7197168741072992,0.1845563751631327,0.6,0.6224,0.5567459232289415,0.6420429181508033,0.47852553622472643,0.24682457116787235,0,1,0.7651994398976478,0.10200693763234343
16,A13,range,0,0.7660789918343697,0.7566176056880436,0.6829343862053492,0.8447438881012164,0.975,1.0,0.7655635831724198,0.236635376952486,0.6,0.7469,0.6135416190216256,0.637303993908615,0.39766956823168625,0.3258001920917083,0,0,0.6512046305359156,0.037750463225514265
16,A14,range,0,0.7010304584235706,0.8274626967145191,0.7262878074171916,0.5999101291223093,1.0,1.0,0.7813056605479507,0.23794818784719063,0.6,0.701,0.6096647401063303,0.6659298255196767,0.32566721112365155,0.3093128573641148,0,0,0.8439128568550266,0.08276576037747849
16,A15,range,0,0.6767531135548823,0.6832212088516627,0.7945662632534375,0.5696240480081587,0.975,1.0,0.7865473263880925,0.21769107510149935,0.6,0.6598,0.5929317727005275,0.5723456189912142,0.3686093476307666,0.3192057363762561,0,1,0.8270621158413527,0.07483223997958495
16,A16,range,0,0.7050299792283526,0.8297566654090481,0.7622132216651214,0.5770404632332453,1.0,1.0,0.7097294136052557,0.23383489105725333,1.0,0.705,0.6575760063025408,0.679918488417053,0.1319378814092772,0.12095317777277233,0,0,0.8092273032911134,0.1213120792470673
16,A17,range,0,0.658884428845629,0.8659333614382286,0.7571110383296181,0.4435305626767637,1.0,1.0,0.6958837771767737,0.2875141593242538,0.4,0.6589,0.5639169707973448,0.6081475236561465,0.6364793796019752,0.38864387581148074,0,1,0.7271568396868415,0.10795102507548411
17,A00,range,0,0.7669425775157921,0.8144637564386131,0.7134614459903951,0.7840378307737513,0.975,1.0,0.7822027362742395,0.07696487027852096,0.6,0.7478,0.49671613295278166,0.5355282868595043,0.49460500216089276,0.23460317356728483,0,1,0.7551632415577127,0.05752800282722166
17,A01,range,0,0.7323699896590168,0.7354226387047713,0.7671092375667555,0.7000652420861487,0.975,1.0,0.7901957804084353,0.2636253015785478,0.6,0.7141,0.6251954302997897,0.6435052258572148,0.4722533905649388,0.2069116787073888,0,0,0.657817958682085,0.02391480765950158
17,A02,range,0,0.7535600634318251,0.842730633359262,0.7341162046521318,0.7148418336594086,0.9500000000000001,1.0,0.6889403291964321,0.34141252935790445,0.6,0.7159,0.638276010701326,0.5535966008650025,0.3365477601624022,0.30182466399365704,0,0,0.6026476492573977,0.07555523924463232
17,A03,range,0,0.7179640520496477,0.7905279127471451,0.7313608643500531,0.6608894283508573,0.975,1.0,0.7696102300585674,0.2987105603821883,0.6,0.7,0.6344053410466429,0.7020996594910328,0.33210702710071327,0.34124562228797717,0,0,0.6927988106879773,0.04755358328704648
17,A04,range,0,0.7288394196867848,0.6454012145791931,0.7603184210128558,0.7534441717187174,0.975,1.0,0.7839175543365143,0.22901762993645686,0.6,0.7106,0.6069122037968743,0.5648260180130875,0.387705047723778,0.2905701604924443,0,0,0.6703951624428182,0.03168223327069906
17,A05,range,0,0.6475612643108064,0.8719759165608771,0.6923924436675784,0.46807482471733663,0.9500000000000001,1.0,0.7702024513997042,0.18248967765158552,0.4,0.6152,0.5204890969687891,0.5134480513023171,0.48882201094650807,0.39600607981198677,0,1,0.8998712031423863,0.10487039514603631
17,A06,range,0,0.6624681158643637,0.7525706039364397,0.6056233381667463,0.6558932413047316,1.0,1.0,0.6997278059464468,0.1942359708213997,0.6,0.6625,0.5666074697492716,0.5968489343782046,0.4472101593060749,0.32809871063130314,0,1,0.7762190940804217,0.11920184419663676
17,A07,range,0,0.6752133090802982,0.8504186168172446,0.6758770505299297,0.565129217976279,0.9500000000000001,1.0,0.7997277443024423,0.30913215653501636,0.6,0.6415,0.6327672520805141,0.562340755790568,0.4593356694249481,0.22619524200689833,0,0,0.8206388663032526,0.06476210661655542
17,A08,range,0,0.5955540797150124,0.6554279661074964,0.669226301328203,0.4936697068081679,0.975,1.0,0.8441477064731662,0.16951070273728924,0.6,0.5807,0.5596671251294971,0.6175431815423726,0.33259484605263884,0.2879692619972894,0,1,0.8385934096467872,0.04264071973438029
17,A09,range,0,0.6570681982644858,0.6827922798290785,0.7483960144350515,0.5610788081373705,1.0,1.0,0.7768760999118203,0.37024339901174175,0.6,0.6571,0.6547625605580071,0.6008996738982825,0.3853139087589179,0.21641084660513155,0,0,0.7983394944131978,0.07309547818650208
17,A10,range,0,0.7597221611495322,0.7170440306297607,0.8391889014545424,0.7168625949575055,0.9500000000000001,1.0,0.7149588461481865,0.23544964543917182,0.4,0.7217,0.5548757664847559,0.5777492435029008,0.46989007209838374,0.42935121074132043,0,1,0.728096201739208,0.09470172817720257
17,A11,range,0,0.6759492109096712,0.8044810159604416,0.7090933318291227,0.5666157269484194,1.0,1.0,0.7441413181230225,0.19107228476897814,0.6,0.6759,0.5744429687826821,0.611564951534464,0.45791784945805325,0.2933736846698407,0,1,0.6972071081172556,0.06568058019660448
17,A12,range,0,0.6686739864399743,0.7980351202977695,0.6693879464571704,0.5871985627638058,0.8916666666666666,1.0,0.7092677435629897,0.23685590350022687,0.4,0.5962,0.5339191639396415,0.5309419509339491,0.5912217846933507,0.30201443521840926,0,1,0.6755300877539258,0.08325229659865005
17,A13,range,0,0.6692389872637051,0.6084281452272511,0.6991585005966771,0.6810661893701385,0.9500000000000001,1.0,0.7407228416359166,0.20812614805034374,0.6,0.6358,0.575994769627734,0.622925533150445,0.3666557365153066,0.2474152068091568,0,1,0.7921988516516453,0.09521242534687441
17,A14,range,0,0.7193651769074338,0.8186333448841234,0.700701617969377,0.6736531859928026,1.0,1.0,0.7586157548087353,0.28181147633856685,0.6,0.7194,0.6290278595583281,0.656333535541841,0.44063468162858055,0.31941088275235663,0,0,0.6709754635945469,0.04826013347696461
17,A15,range,0,0.6065996034621071,0.6018542403305878,0.686388970652235,0.5397497591279447,0.9500000000000001,1.0,0.7204964463124718,0.20698244596477683,0.6,0.5763,0.5613158229190207,0.6562502021596279,0.4115011312509412,0.30357536314855493,0,1,0.7445423098579523,0.09557992494180641
17,A16,range,0,0.7447245133294936,0.797076816765452,0.8262100333049457,0.6407044937034991,1.0,1.0,0.7007999070268259,0.3145873711233814,0.6,0.7447,0.6360181992509456,0.6322464659207603,0.4233058710235016,0.2844363863835421,0,0,0.6471113929039146,0.08070438709855021
17,A17,range,0,0.709418144429808,0.8140252224213084,0.6770641523696114,0.6723484637377922,1.0,1.0,0.5456841576428989,0.228558178227495,0.4,0.7094,0.5198566014718918,0.5561288497686308,0.47753107170762865,0.4597444558057916,0,1,0.5491341156139976,0.17513194782870095
18,A00,range,0,0.7777621972617076,0.7623882541656452,0.833872440153976,0.7382744491660117,0.9500000000000001,1.0,0.7828892380195812,0.27377012817614055,0.6,0.7389,0.6323419757317205,0.6257508951552905,0.471185076125077,0.28189003073287644,0,0,0.787899290701539,0.06632911047977841
18,A01,range,0,0.7428797423373186,0.9281418033962517,0.7279289151213801,0.6401729279894312,0.975,1.0,0.7969737658457745,0.30535233603706796,0.6,0.7243,0.6460444611635823,0.7887900630103113,0.3585113888756096,0.2524516158850002,0,0,0.6993783921338178,0.032024434405644904
18,A02,range,0,0.7030008620470309,0.8072036903666141,0.6667737365155503,0.669572829187337,0.8666666666666667,1.0,0.7720784271304701,0.29682403801619034,0.4,0.6093,0.5697553596489341,0.5099330791049622,0.5890593414842427,0.3723540649737831,0,1,0.6766617903000741,0.04116337553980735
18,A03,range,0,0.6343249171606097,0.8501289979692611,0.6117872872749325,0.5191677928051701,0.9500000000000001,1.0,0.7809820398214145,0.2769462097778434,0.6,0.6026,0.6090673244880892,0.6747063356773308,0.3466271772587053,0.26807050463011683,0,0,0.8300112959536521,0.07918904236045395
18,A04,range,0,0.7209812171085723,0.7604289919279,0.7256586804512005,0.6922335774216927,0.9500000000000001,1.0,0.7306986780231916,0.3731780571760297,0.6,0.6849,0.6518591029070212,0.6892777475218548,0.3727901899657815,0.2658333847041906,0,0,0.7106764639269811,0.0787479070235077
18,A05,range,0,0.7766018833920569,0.9540505667785325,0.8079125272655178,0.6382996428862313,0.975,1.0,0.7897107412483401,0.20894338343273197,0.6,0.7572,0.6045635636106883,0.626277781807879,0.4753386083081726,0.33000893691357835,0,0,0.7248292070113583,0.04403470274117289
18,A06,range,0,0.5984836284979391,0.7364753558914016,0.5498426307586888,0.5547996718988693,0.9500000000000001,1.0,0.670098755032172,0.28512268315649025,1.0,0.5686,0.6468941324248058,0.7793120645501926,0.14700261622239782,0.21122265908032128,0,0,0.7006719178413148,0.11910321004528582
18,A07,range,0,0.6840979529717996,0.5223522722080363,0.8508055780422232,0.639319831512531,1.0,1.0,0.7182739758097242,0.2493095500939946,0.6,0.6841,0.6014739827763091,0.6842666502609174,0.33867176478171757,0.26007198158408584,0,0,0.7864622678057259,0.10899714888637341
18,A08,range,0,0.728327479521985,0.8088144083789766,0.7129097713721475,0.6915136436174727,1.0,1.0,0.6575455285207211,0.29759118030979304,0.6,0.7283,0.6181851114146849,0.5729070782470777,0.39210978420971504,0.2888182645609747,0,0,0.6183537972965851,0.10375177497490645
18,A09,range,0,0.616365457120604,0.7660884782385132,0.6102837655830797,0.5281100490172443,0.8916666666666666,1.0,0.6541267573017321,0.2479639537671174,0.6,0.5496,0.5635450650267548,0.5367190306960393,0.3667291712412632,0.3569406628684529,0,1,0.6832611237876165,0.12602000209021497
18,A10,range,0,0.6794321393845497,0.8984977395391655,0.6941106757371857,0.5296724199793583,0.9500000000000001,1.0,0.795767086582879,0.14982284496727694,0.6,0.6455,0.5505726052571299,0.6574397979108568,0.4617216326367678,0.22826207031681042,0,1,0.7842906404588507,0.05716124806716668
18,A11,range,0,0.7569389337379671,0.7410838719302842,0.7959519008442164,0.7327120011498004,0.9500000000000001,1.0,0.8328169532209416,0.38175017478381473,0.6,0.7191,0.6794117319328323,0.7226757894983041,0.4132074329704543,0.2058350976000395,0,0,0.7292626028708462,0.018744650481546853
18,A12,range,0,0.6666815883280075,0.6341451572513037,0.6850852345008984,0.670913667349668,0.975,1.0,0.7315027969787256,0.3125213257463842,0.4,0.65,0.5773288050233902,0.6004359143538213,0.5659163611331391,0.3961375263682194,0,1,0.6676739537769176,0.06546843391057364
18,A13,range,0,0.7069753339667336,0.6392166406482361,0.8687987247829299,0.6077290503266227,0.975,1.0,0.7303859188153505,0.23215604218355085,0.6,0.6893,0.5959650752112331,0.6307084265235,0.3565227364563868,0.3084247373757674,0,0,0.8406522568766418,0.11557752214782432
18,A14,range,0,0.7250918350671336,0.8344272285286558,0.8449830978634173,0.551852359206934,0.9500000000000001,1.0,0.6279953546841675,0.39240546771980117,0.6,0.6888,0.6381299184665999,0.6404889439191581,0.37220160521078965,0.37413722089793133,0,0,0.7781238291037013,0.17381705440643577
18,A15,range,0,0.7316265488831365,0.7039802078235885,0.7896150614237694,0.6981655635723002,0.975,1.0,0.7478346331259554,0.20311431328134874,0.6,0.7133,0.5876122685469214,0.615133237381379,0.47439315709134433,0.3000381106006257,0,1,0.7098155796477198,0.06690587006856989
18,A16,range,0,0.6693343133426739,0.6273889484283671,0.6710996531634902,0.6940054940709013,0.9500000000000001,1.0,0.7249049610087513,0.3077918234391042,0.6,0.6359,0.6181961018410105,0.6878939180546703,0.4680190425380043,0.2321582841082203,0,0,0.7161231603822172,0.08431765534946684
18,A17,range,0,0.660734085776907,0.6072105372531085,0.7745559227027257,0.5945921962941897,0.9249999999999999,1.0,0.8461884359739095,0.38571727958116325,0.6,0.6112,0.6616938052028404,0.6502258576342976,0.3584092382627324,0.2153188477254848,0,0,0.7909304320173484,0.028300652644960254
19,A00,range,0,0.8072168803334829,0.8629875996115415,0.7798271059216186,0.7963262333950776,0.975,1.0,0.8135816125557787,0.362182799839059,0.6,0.787,0.6813168942223844,0.7437496460572716,0.41047364226893646,0.20065580263273242,0,0,0.8110111003194287,0.05352358115799992
19,A01,range,0,0.6565116855924072,0.6527560313153862,0.7150152696932564,0.6076683334273024,0.9500000000000001,1.0,0.8527669135811727,0.24991457629504013,0.6,0.6237,0.6124031709986484,0.7622742091819757,0.40251474361105766,0.25875317057397224,0,0,0.7295820848602625,0.007000826520419945
19,A02,range,0,0.8490105926887096,0.8030627870518126,0.7664139883593042,0.95,0.9500000000000001,1.0,0.6804087657164831,0.3012923704259088,0.4,0.8066,0.588193224297474,0.6104675636134772,0.5253887255846029,0.3937064845735647,0,1,0.7376493610063216,0.12222380636678744
19,A03,range,0,0.6647412215692184,0.7530850112726288,0.7661554614890551,0.52078889307473,1.0,1.0,0.8431073058447411,0.24174234200185685,0.6,0.6647,0.6151299460530006,0.7256241582764705,0.39046462095201895,0.2529476617977577,0,0,0.8735127628951965,0.052664504816123024
19,A04,range,0,0.5781849995244552,0.7006327206858277,0.625463713212102,0.46028629932190634,0.8666666666666667,1.0,0.5250973587999439,0.3261121156826833,0.6,0.5011,0.5567630541422465,0.5449891928897557,0.4590707413020789,0.4404399755650709,0,1,0.5657243122308202,0.19968647196565517
19,A05,range,0,0.6419041342436563,0.8039751934679954,0.6666129068270183,0.5189895462180028,0.9500000000000001,1.0,0.7008898790025035,0.34761450188509424,0.4,0.6098,0.5765465550202156,0.6599019089737106,0.5548224319673366,0.41651497616973043,0,1,0.6972610773083634,0.09563656791106993
19,A06,range,0,0.7270299493314482,0.716102680521679,0.7288900144888006,0.7322319353248704,0.9500000000000001,1.0,0.7964975752805284,0.11879352208578457,0.6,0.6907,0.5335463461383497,0.5837244984106276,0.4772831864658702,0.24362194461022885,0,1,0.6930753887413155,0.030465322565002992
19,A07,range,0,0.7334398201056254,0.7725180820275936,0.7411009856564492,0.7023123865474244,0.975,1.0,0.7748258655152384,0.3861512373441061,0.6,0.7151,0.6702118003052439,0.7693993660783285,0.3493690210568951,0.32407957792025127,0,0,0.7534674928307874,0.06178251797549683
19,A08,range,0,0.7212084306317489,0.9045618561986708,0.7445397921601438,0.5861975983150771,0.975,1.0,0.8250625806755745,0.20863692258629762,0.6,0.7032,0.6013984200409324,0.6065097829880619,0.32893107692391665,0.2558543146379191,0,0,0.8587534800068853,0.05952747531009426
19,A09,range,0,0.6888406383334207,0.6352786458060193,0.730482273390823,0.6858804529878194,0.9249999999999999,1.0,0.7638111398067186,0.19792087054216145,0.6,0.6372,0.5741169951266795,0.5706285032741826,0.4122507777740132,0.29690313855719164,0,1,0.761046483247442,0.07109788206217682
19,A10,range,0,0.7326066593792184,0.8538448700456596,0.7738155106416741,0.6207750328580439,0.9500000000000001,1.0,0.7406458127876123,0.2866068924913381,0.6,0.696,0.6232865528325151,0.656330094331246,0.3181106349191528,0.3236617604149542,0,0,0.6916162685015422,0.0663850083182686
19,A11,range,0,0.7081607570935948,0.7742301883687186,0.7220878802524486,0.6546811297826455,1.0,1.0,0.7079170957732492,0.22202260495965143,0.6,0.7082,0.5903215566427348,0.5030936678695419,0.35126420885199283,0.38670483764915065,0,1,0.651716166928199,0.0770479782504499
19,A12,range,0,0.8201828108630267,0.8979656476244734,0.6634052018310888,0.9087489457900682,0.8666666666666667,1.0,0.7654798621903682,0.3707800312977493,0.4,0.7108,0.6114430970265675,0.6260014601099986,0.5420764211831828,0.34910217430873913,0,1,0.683067984873561,0.04736174992806233
19,A13,range,0,0.618908351789805,0.7658189048704633,0.6682379932655442,0.4839258198231217,1.0,1.0,0.6853910217505094,0.19553494415783063,0.4,0.6189,0.5156949500069818,0.5510602975054963,0.5563737718193279,0.411360034274884,0,1,0.7928609093916352,0.1342156028639952
19,A14,range,0,0.7209578711793329,0.8926015714969548,0.5480136060290076,0.7650067904873535,0.975,1.0,0.6001830525587105,0.1614294237438254,0.6,0.7029,0.5351472175087787,0.5512484389153687,0.390071171245118,0.32877373551115874,0,1,0.640815065397051,0.15628325580532565
19,A15,range,0,0.6872340260772181,0.8131684243613082,0.6953498892294029,0.6014236468915001,0.975,1.0,0.7200258648226648,0.2750627581754358,0.6,0.6701,0.6105297933331366,0.646320764794059,0.4470091198334921,0.3471188780534648,0,0,0.7511520427172224,0.09779742258049898
19,A16,range,0,0.6180186977047107,0.6758446993320728,0.7247196694774694,0.4885140963864457,0.8666666666666667,1.0,0.841003302401649,0.3624313425984469,0.6,0.5356,0.6358075069128614,0.6760775830235246,0.40852823637227426,0.2905729188258634,0,0,0.7444039026286681,0.018212702958884525
19,A17,range,0,0.6787064035933114,0.7523281670332729,0.7093666300018694,0.6058651033358473,0.975,1.0,0.8708326863063341,0.1879739183452886,0.6,0.6617,0.5893038017390152,0.6278971138521136,0.48263067225958367,0.20088642326696315,0,1,0.7416653726126683,0.0
20,A00,crisis,0,0.6106723229024253,0.5098205547899333,0.5694872657967542,0.7097416029401953,0.7000000000000001,1.0,0.9022915806403705,0.02461013125027322,0.6,0.4275,0.44121100445046735,0.5270915479475461,0.3845874267429709,0.20344123878136633,0,1,0.8066813474747576,0.0005810115611935424
20,A01,crisis,0,0.6587871046061492,0.6183462749973373,0.63182373388211,0.7076555724951911,0.4166666666666667,1.0,0.8125654812994769,0.09269720534626978,0.4,0.2745,0.42272937960774337,0.49859017396591576,0.6148767598431039,0.3110886052647332,0,1,0.7407805406345371,0.034372597155118416
20,A02,crisis,0,0.6123932320858051,0.6539080217346513,0.693984282958879,0.5150543190413365,0.7583333333333333,1.0,0.6602025827452919,0.02968937598730566,0.4,0.4644,0.3845732269026577,0.48995126824046925,0.61070423815964,0.43815750846684637,0,1,0.799253011420157,0.1547164760293681
20,A03,crisis,0,0.4930895389556333,0.5079597128894058,0.5022079158293484,0.4758171004825247,0.7583333333333333,1.0,0.8191965463900452,0.007602245787650394,0.4,0.3739,0.324629751973445,0.5753311233582957,0.6626810375261387,0.2932287884883933,0,1,0.9082648637491386,0.0762392204243618
20,A04,crisis,0,0.5692120838783036,0.4753886611513996,0.5657630535297119,0.6308696246376363,0.725,1.0,0.7556549495592368,0.01533893928810042,0.6,0.4127,0.39459331415423926,0.43894423881257394,0.39539331083549945,0.2740502450349763,0,1,0.7698956756217531,0.07897192344052116
20,A05,crisis,0,0.6340275475077546,0.8024419146312753,0.5577462283765225,0.5955147222953822,0.7000000000000001,1.0,0.666629505744275,0.07439022781245926,0.6,0.4438,0.48051358607532885,0.5164692657955827,0.49648626983849947,0.3665252174544801,0,1,0.8597278806711959,0.1664019233965604
20,A06,crisis,0,0.5474012542400699,0.6243918049606737,0.44138961563735196,0.5920423438170707,0.725,1.0,0.79178948723356,0.1302018900388989,0.6,0.3969,0.5327540372945486,0.6410010855658127,0.35817212425638134,0.2882444137316009,0,1,0.7398116061958329,0.0470446879747078
20,A07,crisis,0,0.6251836035152989,0.6649205770957799,0.6206881487204772,0.6042815179729673,0.6166666666666667,1.0,0.6686193088192365,0.043703797641351225,0.4,0.3855,0.3910928369810394,0.478441983095133,0.4829067808312891,0.3396316231115552,0,1,0.8317889272732204,0.15734314530928528
20,A08,crisis,0,0.5484011989513214,0.5832178278346583,0.5798724346530756,0.4991034746602011,0.6749999999999999,1.0,0.874711691260219,0.1397117417889783,0.4,0.3702,0.4890483250664443,0.5788902706963074,0.48961549710713065,0.28689869348037583,0,1,0.8989043114252475,0.040995401847575684
20,A09,crisis,0,0.5919270610588683,0.5751067345292253,0.5963658207420673,0.5985558504170959,0.5916666666666667,1.0,0.7111251773270991,0.06822554328141726,0.4,0.3502,0.4149714992077621,0.5601656474046669,0.5397460818527337,0.3532091577165718,0,1,0.7486440337612563,0.10330013786637944
20,A10,crisis,0,0.5754698937754985,0.6329831418354882,0.6695718064783271,0.4571849401230298,0.7833333333333333,1.0,0.7766447617257072,0.037335529889684076,1.0,0.4508,0.5216429771431875,0.6512456554061699,0.31130917381377166,0.23561016653429367,0,1,0.8394833655197397,0.08455489865050761
20,A11,crisis,0,0.6270949277989997,0.5730260643564603,0.5018937664261504,0.7704389836518301,0.6749999999999999,1.0,0.8333321707014648,0.08073263482359831,0.4,0.4233,0.4575673540637997,0.5602666573827325,0.6285348012687291,0.2680820415547275,0,1,0.9117489069869165,0.06859712630047009
20,A12,crisis,0,0.5215732225896388,0.47471644288999204,0.6341787046916088,0.4523289130626942,0.6166666666666667,1.0,0.757484423182229,0.04892778083821056,0.6,0.3216,0.4420332785674025,0.6184071637737093,0.3634217935304552,0.2578809538458386,0,1,0.8875419510837838,0.10994027616985463
20,A13,crisis,0,0.6279994447665287,0.585279903276194,0.5831188509331919,0.6939696778021577,0.6166666666666667,1.0,0.6978079027896774,0.10665384799036248,0.4,0.3873,0.4472026522739436,0.5091422613128811,0.5096903661186045,0.415311862760329,0,1,0.7899544178755241,0.12442719954737491
20,A14,crisis,0,0.5508403308730833,0.5671469509536123,0.5159091913173347,0.5712134404340325,0.7583333333333333,1.0,0.7827460638477712,0.03572748027013701,0.4,0.4177,0.40436979084937297,0.5483313260188774,0.5604893542258463,0.32895262931931946,0,1,0.8838062727753028,0.09254705505065716
20,A15,crisis,0,0.578059780174361,0.5697702350579594,0.6399883905566995,0.5290532117875657,0.65,1.0,0.8651178038194769,0.23279310168361,0.6,0.3757,0.5814056913444716,0.6014796398292827,0.36032251680919697,0.311658533416622,0,1,0.7707405809085557,0.01157013887367539
20,A16,crisis,0,0.5729591897945387,0.5613378986096244,0.6185435696081968,0.5403361644481592,0.6749999999999999,1.0,0.8414261040145559,0.06714161060763703,0.6,0.3867,0.48964632604804803,0.5819615184004586,0.3930917719122495,0.2721383167739474,0,1,0.9402813863106342,0.07117145514701823
20,A17,crisis,0,0.5967497253231772,0.5688261374789851,0.6088013346652946,0.6036568095514443,0.6166666666666667,1.0,0.850257746232877,0.1837915346046633,0.4,0.368,0.5016241233406504,0.5101596583617081,0.6382619458631251,0.364867727346191,0,1,0.98,0.07608270437362567
21,A00,crisis,0,0.6541310389515969,0.6845316273209152,0.529529335671849,0.7441571615905522,0.65,1.0,0.9004835850933253,0.10221202277855368,0.4,0.4252,0.4810211126443019,0.562746270447321,0.49743745771417275,0.2967354367548192,0,1,0.9610673192721287,0.04258251915402872
21,A01,crisis,0,0.5796087125492432,0.6119053427871719,0.5871609399473223,0.5528151196772185,0.7583333333333333,1.0,0.8727012325642075,0.03560067774739799,0.4,0.4395,0.4182157144496028,0.49584889004696514,0.567297241640904,0.2894025583920581,0,1,0.8805945080738997,0.03730139322396661
21,A02,crisis,0,0.5547899703571756,0.6315070526161983,0.5510523328156075,0.5101122267941585,0.7583333333333333,1.0,0.9088091182933188,0.02471191833323902,1.0,0.4207,0.5055305253132897,0.6105029535524524,0.22593538140021308,0.14262334551241035,0,1,0.955127122691943,0.03646411644525577
21,A03,crisis,0,0.6178514883972558,0.5790949296099333,0.5986836349534792,0.6588462094026368,0.7583333333333333,1.0,0.9352954571644275,0.06236218329378208,0.6,0.4685,0.5153350478528007,0.5426437627779337,0.35114297019442664,0.17423232045892978,0,1,0.9017694657579433,0.008265186316875783
21,A04,crisis,0,0.6290407916010252,0.5082945020566584,0.582142658857559,0.7455430887167875,0.5916666666666667,1.0,0.9563032215010785,0.10689599432751277,0.4,0.3722,0.47870542963788193,0.6221345635850037,0.49069738850416655,0.21824804643133533,0,1,0.98,0.017314951532468995
21,A05,crisis,0,0.6559319450488986,0.6578794430090082,0.5759357550162122,0.7247114251024308,0.7000000000000001,1.0,0.7296028581835846,0.03633293006314006,0.6,0.4592,0.4472299147863714,0.43697265670645974,0.49701125687991077,0.35984342679001413,0,1,0.7943678380826615,0.10338026138630285
21,A06,crisis,0,0.5421513423586973,0.595506490162005,0.46827961328234435,0.5734421379234389,0.6749999999999999,1.0,0.8108371249975569,0.059853818976761446,0.6,0.366,0.47357981310426267,0.6290838053034585,0.4527774028199456,0.3092319732293336,0,1,0.8376062283332789,0.06250232927838889
21,A07,crisis,0,0.6675813565584725,0.5474165284633966,0.7488752614818679,0.6715522073099239,0.5833333333333334,1.0,0.8091803412780674,0.08655224702197195,1.0,0.3894,0.5695851152404482,0.7150163252931221,0.1893813752689626,0.11487507492195229,0,0,0.8431031516062903,0.06501846698373503
21,A08,crisis,0,0.5525440306738914,0.6897429155153184,0.40784727634846746,0.5934043876827455,0.6749999999999999,1.0,0.8888507595408063,0.09000942601852287,1.0,0.373,0.586297701325973,0.6612049429422595,0.11342267192420169,0.06992947419881544,0,0,0.7975631678390522,0.005555351790495655
21,A09,crisis,0,0.5076188608968861,0.47456016157736197,0.506211601392311,0.5295119000380919,0.7583333333333333,1.0,0.8240058219146574,0.11639265701640644,0.4,0.3849,0.4757787043306092,0.6104344999739115,0.6398560670757021,0.39510195627723266,0,1,0.8314392151433713,0.05276630861417103
21,A10,crisis,0,0.6246620078922942,0.7789267889599623,0.49927110723772006,0.637963557797754,0.6416666666666667,1.0,0.6461013978074414,0.025570748526787482,0.4,0.4008,0.3631584441201171,0.4688652627124988,0.6317138091681597,0.36411776461082557,0,1,0.79217359116034,0.1635404121674971
21,A11,crisis,0,0.6029735976824954,0.4981653397194013,0.4403331808067181,0.8107891236757343,0.7000000000000001,1.0,0.7132144122023095,0.05115976846819222,0.4,0.4221,0.414415231397863,0.5100044953440925,0.5029396522778948,0.3807803313341107,0,1,0.9244164448744001,0.14972439055017872
21,A12,crisis,0,0.6076605230111529,0.6249120301482094,0.41448673450759144,0.7659053959911086,0.5916666666666667,1.0,0.7842378071083158,0.04218943169309629,0.4,0.3595,0.3992574009169659,0.5274468913106604,0.6647906658586284,0.3412569474130072,0,1,0.8490199965993572,0.082275782918676
21,A13,crisis,0,0.5555838361658276,0.6020218577426415,0.47997402584287574,0.592718656712902,0.6166666666666667,1.0,0.8518864901189833,0.08981252401404187,0.4,0.3426,0.4496422304157095,0.501708463294003,0.4707365341822754,0.3556110461646007,0,1,0.9541164311034019,0.06854647295207425
21,A14,crisis,0,0.5557853266502761,0.6451744241313159,0.5361686424422538,0.5170817394066458,0.6416666666666667,1.0,0.7762863538646333,0.031662642952414374,0.6,0.3566,0.42639040976589404,0.5403515323802095,0.40883392511270705,0.23302746721846596,0,1,0.804529675568758,0.07519331193727469
21,A15,crisis,0,0.5181315145680686,0.6639199605166355,0.4500138671783204,0.48661667731624386,0.7000000000000001,1.0,0.6746341110838445,0.07285208804068374,1.0,0.3627,0.5314670662497082,0.5673518908301264,0.1631595284924995,0.2224236753468481,0,1,0.7767535961170884,0.13761274443919283
21,A16,crisis,0,0.5363641344904725,0.5034338520604388,0.5142447461589376,0.5763000257993367,0.6749999999999999,1.0,0.6936289080094489,0.08710444250691857,0.6,0.362,0.47948886710990984,0.566048791454036,0.3815600648982624,0.2981453574246054,0,1,0.6895120174243405,0.09855536788169197
21,A17,crisis,0,0.6520870203538627,0.6179965322770565,0.5436580763418519,0.7682689014123757,0.7833333333333333,1.0,0.85590014880259,0.16957582445392125,0.4,0.5108,0.5293238343002703,0.5813657235706879,0.6050688063774292,0.259870725130927,0,1,0.8810218279952718,0.047134766197144705
22,A00,crisis,0,0.6646935352918844,0.6964671599516413,0.5378463920861791,0.7558262701845284,0.3333333333333333,1.0,0.7826721490777778,0.1823124680267606,0.6,0.2216,0.4883625425549963,0.6368633648593948,0.47283255405877866,0.33208887959177663,0,1,0.837719496025954,0.08020979998652007
22,A01,crisis,0,0.5511528466251755,0.6243440762354198,0.4407470645792304,0.6020133874089748,0.8416666666666667,1.0,0.8110330015368941,0.11721257138035364,0.4,0.4639,0.4909929100111952,0.5028798655351119,0.6226250252653769,0.29440337686181134,0,1,0.8439772722738782,0.06411207628072159
22,A02,crisis,0,0.6227299116230117,0.5925095688465704,0.660498123286243,0.6085704406529602,0.6749999999999999,1.0,0.7924189369149326,0.014996740601965501,1.0,0.4203,0.4537197501902705,0.619220144490517,0.13668343370847197,0.15845146467192608,0,1,0.877344719227911,0.08468814040294592
22,A03,crisis,0,0.6491724987618868,0.7105370060054872,0.6105382926321034,0.644624612098197,0.7583333333333333,1.0,0.7630523313038987,0.1011621915927255,0.6,0.4923,0.528523675433788,0.5144580406782072,0.384216281663149,0.24752936812738993,0,1,0.8369260895228614,0.0926875271662749
22,A04,crisis,0,0.5094525004934625,0.6225769758296584,0.49696575124879283,0.4496756089974261,0.5333333333333333,1.0,0.7504591037216324,0.0766887511215356,0.4,0.2717,0.40853422174805704,0.4679610203758915,0.5499722275580199,0.2846386447995274,0,1,0.757844564461796,0.07900566005551408
22,A05,crisis,0,0.5697078350798005,0.5197206255774014,0.6645453058219337,0.5179670541194333,0.7000000000000001,1.0,0.9043277553177473,0.055107360924598316,0.4,0.3988,0.43949249783887523,0.5445345490222938,0.5144914446387431,0.30322085706378676,0,1,0.9681343589988624,0.04225115534795215
22,A06,crisis,0,0.6010351530114015,0.5494262033941909,0.6006497527225373,0.6336279717749145,0.7000000000000001,1.0,0.782039324290587,0.15217457896431866,0.4,0.4207,0.49223710873829607,0.5343659828338875,0.6484733409426594,0.379347266368671,0,1,0.9378877816302537,0.1071508399505591
22,A07,crisis,0,0.5671980441535276,0.46286629096872167,0.5336541494154057,0.661756297789888,0.7000000000000001,1.0,0.7930559070129376,0.090541253769421,0.4,0.397,0.45565170829082446,0.43323760027263025,0.6402255259821923,0.39076695368750974,0,1,0.7995451630838015,0.06312416221061777
22,A08,crisis,0,0.6882664744152214,0.5815115747470745,0.5214906509618655,0.9009171322294995,0.7583333333333333,1.0,0.9017200897070317,0.15219189715513848,0.6,0.5219,0.5874552255296571,0.6250331965431025,0.4518890452263452,0.24748324594411528,0,1,0.9159648185921656,0.030262632914058757
22,A09,crisis,0,0.5496062892103399,0.5696225980010873,0.5092731193397301,0.5723876198529065,0.6416666666666667,1.0,0.819111464790867,0.21100613798730497,0.6,0.3527,0.5601490834901394,0.6231490522004595,0.36578771069591826,0.2580479399966422,0,1,0.756849065742585,0.034954913084965906
22,A10,crisis,0,0.5772333582626403,0.5982211163728995,0.6388287224354957,0.5102200657924799,0.7583333333333333,1.0,0.8416229795529013,0.12272034205398315,0.6,0.4377,0.5457520533249098,0.5374049546449888,0.3980589287195579,0.31156438734622344,0,1,0.874592375833356,0.0538335942209003
22,A11,crisis,0,0.5909233016500938,0.4634759744718695,0.5541770777421969,0.7027308270558937,0.7833333333333333,1.0,0.8701266930441143,0.1100194952028694,0.6,0.4629,0.5475661018191067,0.5756579234198221,0.37993919980769036,0.27031416659433755,0,1,0.9153114923084952,0.04792477088053308
22,A12,crisis,0,0.5890711420743192,0.5821852112799045,0.5331294701859641,0.6423238117231391,0.7000000000000001,1.0,0.8643036862570324,0.09344531638499072,0.4,0.4123,0.46999439757258515,0.5548455803634066,0.5095498687929153,0.2735646022569195,0,1,0.7829825250923848,0.015485720319917212
22,A13,crisis,0,0.6931992313494252,0.5795090765396882,0.6630419693121157,0.7906431823881565,0.5583333333333333,1.0,0.6851812442071226,0.1053699691611273,0.4,0.387,0.44217313668197006,0.4721537795444853,0.6190482043045797,0.4027518157076535,0,1,0.8273492165790615,0.14389555314215366
22,A14,crisis,0,0.632235527130981,0.8076380271034818,0.5427654071629093,0.6008953196202308,0.7833333333333333,1.0,0.8088584712215022,0.23104711700041636,0.4,0.4953,0.542301983634626,0.6064457810202387,0.5901461577050691,0.2678579934073669,0,1,0.7695665931130437,0.04485939674392809
22,A15,crisis,0,0.606255409590387,0.6600498111439889,0.5418781454640514,0.6289640147299296,0.6166666666666667,1.0,0.6649336604106726,0.10417132360831814,0.6,0.3739,0.4866323572393007,0.5732109679350965,0.46723824786987667,0.35895546550301494,0,1,0.8637878061443699,0.16876584670075576
22,A16,crisis,0,0.5197184855410233,0.6003950506867624,0.4880349740017894,0.4970187049217662,0.6166666666666667,1.0,0.7692543841191137,0.014300426828306342,0.4,0.3205,0.33698202609290084,0.39288103518450723,0.6449323605564652,0.3445335011193724,0,1,0.8813983770141717,0.1006008514656593
22,A17,crisis,0,0.534817949609129,0.5869797077957493,0.520469580251314,0.5147716739305794,0.6166666666666667,1.0,0.8314540770119563,0.12692787082649062,1.0,0.3298,0.5907320543044765,0.7259817839475367,0.24496644773118037,0.11435683410712993,0,0,0.7492896356807127,0.025320906731236492
23,A00,crisis,1,0.4387162531290063,0.3399884843281394,0.27510954191807374,0.6435769809391141,0.5333333333333333,0.7,0.6571692112401859,0.07543781864222825,0.4,0.1638,0.38570387336173506,0.39056352672090416,0.6100178644532951,0.3883538204594193,1,1,0.9164764600934525,0.1885774423739565
23,A01,crisis,1,0.5791186059649187,0.6275699265386523,0.6562187974342433,0.4813738630706763,0.8416666666666667,1.0,0.6247591172848594,0.07844577529436912,0.4,0.4874,0.4395419989810701,0.2639915362908054,0.6222626874945062,0.45524497956054955,0,1,0.7845582410234895,0.17820641795118305
23,A02,crisis,1,0.710373627130592,0.6033395023752557,0.727542388440427,0.7622472889565717,0.47500000000000003,1.0,0.6323802804527093,0.0860428952633832,0.6,0.3374,0.45468813642553574,0.31062232833032427,0.4812170780791456,0.26842783346674176,0,1,0.8396599598646721,0.18734896288698244
23,A03,crisis,1,0.6142114493681835,0.5838532506965065,0.6258031173836908,0.6230426140244127,0.7583333333333333,1.0,0.515709766619681,0.0958558222332323,0.6,0.4658,0.47319023062637167,0.3371771233361462,0.45617789069563763,0.31866974315550395,0,1,0.595572851763698,0.2181483927216349
23,A04,crisis,1,0.6118669199689404,0.5486628950729734,0.5342589009425509,0.7192764521770106,0.5583333333333333,1.0,0.6230149064624296,0.08885469058603121,0.4,0.3416,0.4139989568728919,0.31835101675489696,0.6207028481211907,0.35337185644872887,0,1,0.8217064293668435,0.1899056566929694
23,A05,crisis,1,0.4918122220183371,0.36067311013768344,0.381495294238908,0.6703014787507461,0.7000000000000001,1.0,0.5760584676983694,0.1486480620260785,0.6,0.3443,0.4906242971245645,0.3954392887777219,0.5328662913225795,0.2913122623114686,0,1,0.8235584574966583,0.22959436253182172
23,A06,crisis,1,0.6856230744283563,0.6362512228214082,0.599559351970298,0.7917862388335001,0.6166666666666667,1.0,0.5583043110647462,0.10251557077600792,0.6,0.4228,0.4744708989093022,0.32156891644953023,0.3988813925871275,0.35839828142432245,0,1,0.7484785544784541,0.22422496835704564
23,A07,crisis,1,0.615784892982848,0.7658889805412403,0.4439849046392528,0.6722948280594986,0.6416666666666667,1.0,0.6533925660796107,0.11808924105609826,0.4,0.3951,0.4487025678977033,0.33639273751141097,0.48605763464965884,0.4297008102307992,0,1,0.9143501309988087,0.1909040922328617
23,A08,crisis,1,0.5338392685279449,0.7165720309820074,0.34973340167910083,0.5807239254868947,0.6416666666666667,1.0,0.5623972222841389,0.041511116537747667,0.6,0.3425,0.40693733000345683,0.30484575137613673,0.5349689548158194,0.41590722560958093,0,1,0.6472154666541718,0.19074298166432596
23,A09,crisis,1,0.7020047174048376,0.6194832295752194,0.7171499011307396,0.7403286115381846,0.6166666666666667,1.0,0.6129384591198856,0.07955082348551203,0.4,0.4329,0.4235010327654554,0.2358882643622694,0.6454088900055833,0.4656747452289773,0,1,0.7663639145364018,0.18263335427641456
23,A10,crisis,1,0.48806397863381656,0.4129422571400454,0.394237138586436,0.6171135396088816,0.7333333333333334,1.0,0.6781679218550831,0.11570311521009773,0.4,0.3579,0.447682904548517,0.38839111627135914,0.5939303962211187,0.42236611996983825,0,1,0.9488650044680871,0.18123016146177962
23,A11,crisis,1,0.6565785472592593,0.6585156307953914,0.5854636561858072,0.7175933997384474,0.7833333333333333,1.0,0.6274349206144963,0.04141415600757761,0.4,0.5143,0.40475247063255665,0.31381803685720594,0.5223581105903647,0.40572167890400446,0,1,0.9251428075635207,0.21398414784913472
23,A12,crisis,1,0.61638479493644,0.5806658808434918,0.5645151593611959,0.6840950473728714,0.6166666666666667,0.4,0.5600477889714821,0.15754762061259056,0.4,0.152,0.44623372857041055,0.26784494129359476,0.4880711045497404,0.35610998690299184,1,1,0.8518766426861474,0.25139275363484265
23,A13,crisis,1,0.6344388570977554,0.7333231513735838,0.6141256453839329,0.5904102334249571,0.7583333333333333,1.0,0.6448780623681732,0.05110642230110255,1.0,0.4811,0.5252309926342675,0.5357316479393431,0.30427934677374024,0.24455596370316623,0,1,0.9604372674087814,0.20935719703386957
23,A14,crisis,1,0.6621503932396815,0.7169544377575598,0.6919714866919541,0.6018044086452691,0.7583333333333333,1.0,0.5448979920510039,0.055974369719694196,0.6,0.5021,0.45045043977108684,0.3884251166983,0.5504760301094814,0.38514000329570297,0,1,0.6467973697480316,0.20642095277440634
23,A15,crisis,1,0.4102586677419856,0.3365839404112511,0.32712434290537384,0.5290479065557299,0.5916666666666667,0.7,0.7141394851768452,0.030252939172921486,0.6,0.1699,0.3895678008432703,0.29405655488684124,0.41509919205606965,0.3385134718161047,1,1,0.7886901274477496,0.11250668868642352
23,A16,crisis,1,0.5619484493125492,0.5158429143967851,0.6175986023961931,0.5420705246867134,0.7000000000000001,1.0,0.6869197065077026,0.09617366451104509,0.4,0.3934,0.44315939309855673,0.38870750043114516,0.6104555788922059,0.44522974805117765,0,1,0.8917627841261572,0.15994988648264136
23,A17,crisis,1,0.5857517960550956,0.6008246408133417,0.5449520055167713,0.6120310848022256,0.6166666666666667,1.0,0.6164214611586414,0.0670591886698319,0.4,0.3612,0.4027311530523137,0.3942750767720735,0.5656037511866111,0.4262895105483786,0,1,0.8367688281021123,0.19934256744167952
24,A00,crisis,0,0.60662382127845,0.5108548094130242,0.5766690289988599,0.6926898969389829,0.6166666666666667,1.0,0.7920312686297457,0.10184377451851945,0.6,0.3741,0.5060861466897153,0.6359211655525764,0.4169821449368455,0.2400731243752456,0,1,0.8794221622686591,0.08548579794776817
24,A01,crisis,0,0.692282037833379,0.6595781600769953,0.5206100149914761,0.8629349814177839,0.6666666666666666,1.0,0.7871491014326869,0.128038004455307,0.4,0.4615,0.4871388713365794,0.6171738259106122,0.5693369715824552,0.3207591051694984,0,1,0.7797906401476006,0.0613430759996385
24,A02,crisis,0,0.5716137029028038,0.568897581413032,0.5439151074713864,0.5975475498364013,0.7833333333333333,1.0,0.795567785132582,0.03691249570407627,0.4,0.4478,0.4129007795429188,0.3657172964709626,0.5255341580211557,0.3777086073876539,0,1,0.8940043733602834,0.0871226736850383
24,A03,crisis,0,0.5798409202666178,0.6591734549670482,0.37769083518784574,0.7071394105227744,0.7583333333333333,1.0,0.7884557157330745,0.01490111796357318,0.6,0.4397,0.4019344490962257,0.42910346819196166,0.3923011345289638,0.22535580563574265,0,1,0.8918149756407778,0.09103426455714228
24,A04,crisis,0,0.683015044368648,0.6196177939347425,0.6379722262317397,0.7620507917596337,0.8166666666666668,1.0,0.7875617676396723,0.1503897392081928,0.4,0.5578,0.5184096948291657,0.5136018521153508,0.5146771467827789,0.31476377445703074,0,1,0.8254136119349659,0.07373644686660755
24,A05,crisis,0,0.6401770647846146,0.6093191959393504,0.5861978068608119,0.7066950834962322,0.7333333333333334,1.0,0.9119765131888756,0.1209365031462946,0.4,0.4695,0.5046101788252693,0.5118343517571905,0.6280101352184779,0.22097518038988828,0,1,0.9242412645124307,0.026762801749753297
24,A06,crisis,0,0.5918785423465853,0.5870524244756148,0.5122511957104944,0.6645687943225215,0.7000000000000001,1.0,0.7918240469131439,0.06066596589119753,0.6,0.4143,0.4818311210734434,0.6248333330335449,0.5326642674980702,0.20606799684245997,0,1,0.8123424035025366,0.06744452422635477
24,A07,crisis,0,0.615255907676665,0.5626912631602234,0.5070128326721013,0.7428215011284341,0.6166666666666667,1.0,0.8187080396035769,0.0061759422446767175,0.6,0.3794,0.3473404240861548,0.5731658025779738,0.47896100874446257,0.22333959990064745,0,1,0.8878699557779817,0.07116487406064984
24,A08,crisis,0,0.5866239236001984,0.6656245474937988,0.5032775697657139,0.6101765932718723,0.7583333333333333,1.0,0.8601083185235892,0.06286275867497458,0.4,0.4449,0.45159324080347474,0.514091177717035,0.6474191830050562,0.33425446473492726,0,1,0.7664138394180396,0.013250588609847416
24,A09,crisis,0,0.5208878492504574,0.6620093548372644,0.5456110530327788,0.4110541049491716,0.6166666666666667,1.0,0.7693918662731539,0.034611375139270456,0.4,0.3212,0.3808241617989212,0.43101140443067737,0.65902009411623,0.4018659008432459,0,1,0.8346146514122038,0.08792106995112138
24,A10,crisis,0,0.6734276004073501,0.683370099254994,0.5979934806918562,0.7332183933786298,0.5916666666666667,1.0,0.8893744228877556,0.0511063354225724,0.6,0.3984,0.47686233127788646,0.6217218002394503,0.3683391212474202,0.28089055620043657,0,1,0.7787488457755111,0.0
24,A11,crisis,0,0.6893018512237225,0.6556848624200152,0.5773633653620198,0.8082586443550294,0.7583333333333333,1.0,0.8333683686278367,0.09997140215577935,0.4,0.5227,0.48988832263047255,0.5557017186907944,0.5401309343294436,0.3715483084242091,0,1,0.9518333510226608,0.07895072282961736
24,A12,crisis,0,0.6114218676283019,0.47144053555253007,0.5298081042905634,0.7703222430961802,0.65,1.0,0.8014024916361813,0.07782366762069422,0.4,0.3974,0.44572228226691174,0.4613096858724248,0.5033592347982725,0.3698480914391322,0,1,0.9663816612235271,0.10221996242034219
24,A13,crisis,0,0.5869576552559156,0.6462523083519395,0.5732030860710474,0.5619337451076603,0.6749999999999999,1.0,0.6653016250945091,0.1378924684970598,0.4,0.3962,0.4618048175964381,0.4516133225872887,0.5093908686557882,0.3433857002194018,0,1,0.6333929934644817,0.10251351571021831
24,A14,crisis,0,0.6433356802430958,0.7928602201194866,0.49810085975698654,0.6769633107456972,0.5916666666666667,1.0,0.7747112674461054,0.12642037990364535,0.6,0.3806,0.5189159608148144,0.6578583269134947,0.5199595784502207,0.3267958419990997,0,1,0.8919285890505511,0.09985721145325824
24,A15,crisis,0,0.5981782699745847,0.6328176187374115,0.529111682278244,0.636961941232116,0.6416666666666667,1.0,0.709374030479228,0.09693145685779564,1.0,0.3838,0.5619655313541588,0.5996026947030841,0.2601246022957281,0.11945229294182103,0,0,0.7807411637270049,0.11362741311757701
24,A16,crisis,0,0.5579451449026076,0.6890011096624677,0.5357975362987096,0.4954143244561057,0.7583333333333333,1.0,0.7097729620612869,0.030235824699708307,0.4,0.4231,0.38671059356178006,0.37473189706573556,0.6056113732139224,0.3659507878780977,0,1,0.7753273316342709,0.11182388469162324
24,A17,crisis,0,0.5483526521861883,0.6111209841534836,0.5245779096620063,0.5299253444152879,0.6166666666666667,1.0,0.7162919739195587,0.13871816181742738,0.4,0.3382,0.45693166624882214,0.6116712062382859,0.4896417919112717,0.35864594945780937,0,1,0.8527475321405471,0.12859495981483926
25,A00,crisis,0,0.5973369451376149,0.5199995732083942,0.5996465266769837,0.6436519187464302,0.9249999999999999,1.0,0.7926750783812537,0.06575815850962025,0.4,0.5525,0.4655399800865586,0.6432082368029568,0.6157573587426848,0.39718127273615556,0,1,0.9401115138298934,0.10097007537779149
25,A01,crisis,0,0.5693328706787398,0.47761527030141004,0.6329885257595149,0.5709576727188928,0.45,1.0,0.9177416472963473,0.11126255943145176,0.4,0.2562,0.4434435683535237,0.610039234703884,0.6511519789413762,0.3163371341854385,0,1,0.9389330322737741,0.027415007892913137
25,A02,crisis,0,0.5378487289470395,0.491560140343767,0.4839583401033246,0.6139331870623355,0.7833333333333333,1.0,0.673010876513899,0.0504422100385635,1.0,0.4213,0.5197888290851888,0.5666423489696115,0.2069136140006358,0.13535034208840496,0,1,0.7247802905245959,0.12397314111425206
25,A03,crisis,0,0.6172274284876602,0.5213860869816753,0.47503212276941303,0.8015491594323669,0.7583333333333333,1.0,0.7731110094585114,0.016043181164658138,0.4,0.4681,0.36744182941175674,0.4198875074330132,0.6168884117139373,0.3090950186132786,0,1,0.8475532419165223,0.08902382165734259
25,A04,crisis,0,0.5181494486782111,0.5166373416454882,0.47389722940197354,0.5578152074403708,0.9249999999999999,1.0,0.7093215082460338,0.25062539752165147,1.0,0.4793,0.6757556186168654,0.5788410568848713,0.2508327697049967,0.15489020296908454,0,0,0.8619895913046388,0.13597239812539955
25,A05,crisis,0,0.5683851905470549,0.6737975074891076,0.5589247936905538,0.5107803397077105,0.6166666666666667,1.0,0.854515479692158,0.06087538831030647,0.4,0.3505,0.42798580848583395,0.5083681937462546,0.6495891739154428,0.37232241405496047,0,1,0.9128337129091417,0.05632962122027241
25,A06,crisis,0,0.613344401689939,0.6050382377867151,0.6332958068099142,0.6010782746494755,0.8416666666666667,1.0,0.8218505788110987,0.06875891365668155,0.4,0.5162,0.4652840434158326,0.5085638572637396,0.509554985539539,0.35573464011175837,0,1,0.8487792722619499,0.0587875329758962
25,A07,crisis,0,0.5929814506059721,0.6432083048969877,0.5712033501294673,0.5806455045910291,0.6416666666666667,1.0,0.8947883164288544,0.08952382116505493,0.4,0.3805,0.46321840409506804,0.5119986108065279,0.6433092888864578,0.3611260197911653,0,1,0.897677852406505,0.029325940916243284
25,A08,crisis,0,0.5813506469272679,0.5816053933200864,0.5261934451697294,0.6294539819696024,0.7000000000000001,1.0,0.9234729523152752,0.07011796050604127,0.6,0.4069,0.5087238434023662,0.5761513396988442,0.466351161013737,0.1596116835496419,0,1,0.8469459046305503,0.0
25,A09,crisis,0,0.6543275523352781,0.538514227550537,0.7068562141249295,0.6807483012597961,0.7583333333333333,1.0,0.7689982903153025,0.020358145469794017,0.4,0.4962,0.38267643066810786,0.4959851700031452,0.6630431323660468,0.29493884000581894,0,1,0.8020636422444137,0.07922591414965836
25,A10,crisis,0,0.5881234888718192,0.6506371679331182,0.6673140100293765,0.47976073344564457,0.5916666666666667,1.0,0.7519886648913283,0.01759494509909261,0.4,0.348,0.3485462393683977,0.5561394835432528,0.6494812139262693,0.2931607909481547,0,1,0.8051759347880713,0.09127245285017656
25,A11,crisis,0,0.6419702278472716,0.7034876864215477,0.4961049110748431,0.731153968414224,0.8416666666666667,1.0,0.8160599969546691,0.038422537997568444,0.6,0.5403,0.47943608986562025,0.500125792327906,0.44301699882932166,0.30875574395493915,0,1,0.9073890349692791,0.07792776497408346
25,A12,crisis,0,0.6292292096590701,0.5427703870134208,0.5886364946908977,0.7187845994097519,0.725,1.0,0.6965756149423113,0.011879035248114518,0.4,0.4562,0.3416000668926012,0.4897367012382698,0.5056280362539333,0.4094854201510858,0,1,0.6603017091186096,0.08771554263128048
25,A13,crisis,0,0.5553512831225954,0.5677563577750663,0.6252176856544243,0.4864650092494508,0.8166666666666668,1.0,0.8649577238794711,0.011691728962659735,1.0,0.4535,0.4575712487200798,0.666453469449418,0.2751684006630378,0.14887603642369424,0,1,0.7299154477589422,0.0
25,A14,crisis,0,0.5681166742077584,0.5282369806718168,0.71166020820926,0.467440890416408,0.8666666666666667,1.0,0.7847663179267887,0.1758090094223089,0.4,0.4924,0.520693329133643,0.4942160628908633,0.4736901706695357,0.35664811404887764,0,1,0.7772327600091998,0.06213981726599468
25,A15,crisis,0,0.6365662026516676,0.5894396069660301,0.5864719388791388,0.7098528057561538,0.7000000000000001,1.0,0.8152954315327686,0.04957362695954741,0.4,0.4456,0.42975960318881473,0.4745716174990961,0.5953957764491166,0.3137692985007825,0,1,0.8785726360871995,0.07078490526999875
25,A16,crisis,0,0.6237953317831288,0.6167810367259585,0.6781948136741897,0.580579719539182,0.5333333333333333,1.0,0.7495033133015858,0.12942663850161648,0.6,0.3327,0.5030740626481424,0.6554260924187132,0.4531983456858514,0.34323937945634475,0,1,0.6380533275454106,0.044352950803348494
25,A17,crisis,0,0.6778101532437644,0.49336978467084625,0.5942412674465768,0.8662081586743775,0.6749999999999999,1.0,0.7633224855698215,0.10399910654690239,0.4,0.4575,0.4695336040002813,0.5890167174050034,0.49804403839645583,0.40159785742211523,0,1,0.7642527381829581,0.0723273623112234
26,A00,crisis,0,0.6427927287571837,0.7068444583203582,0.5779949165150278,0.6594584834920859,0.5916666666666667,1.0,0.7213859448871259,0.08716299256860904,0.4,0.3803,0.4362640756166704,0.49407450648218193,0.5179356818832503,0.3910002431395665,0,1,0.8605203951192376,0.1271450220821709
26,A01,crisis,0,0.6173038958778673,0.5493906170261688,0.6180669645094108,0.6590820101075784,0.5333333333333333,1.0,0.849094133097363,0.12744529427691298,0.6,0.3292,0.5165130812543769,0.5326448115837513,0.4089987263369649,0.2839520538852594,0,1,0.9004776569119587,0.05627164797348695
26,A02,crisis,0,0.6316253995486687,0.5829049465917985,0.5843502685375502,0.7034414222814411,0.6749999999999999,1.0,0.8562045298749817,0.12466427390067826,0.4,0.4263,0.4895592049901328,0.5855448191945936,0.5014499715393033,0.2662656773163674,0,1,0.8265811281585738,0.03227239879820245
26,A03,crisis,0,0.6385820984866531,0.5856177701027806,0.570973029159183,0.7308427393881097,0.6166666666666667,1.0,0.7194095108060646,0.07298168490143077,0.4,0.3938,0.42864778296577716,0.46100273938081493,0.5816533283188354,0.3542039598477731,0,1,0.7910498224290679,0.10948964384406948
26,A04,crisis,0,0.6218908386622555,0.6215639273473913,0.5679241176264166,0.6693160391404045,0.7000000000000001,1.0,0.8114743243515858,0.20721590288605993,0.4,0.4353,0.5210030498456067,0.5783172718473832,0.5330845436324726,0.26823380172804695,0,1,0.8922575960960683,0.07676298161296914
26,A05,crisis,0,0.5589636149570661,0.46738718213887764,0.5679787487745417,0.6083106433781429,0.6416666666666667,1.0,0.7941189257335886,0.03011022949543907,0.4,0.3587,0.3837251546013718,0.46332964532762916,0.5743001317737165,0.39815338861061667,0,1,0.83946479031117,0.07342476117393272
26,A06,crisis,0,0.5973278611204604,0.6586624272236286,0.6618130611680222,0.5025692072643639,0.6749999999999999,1.0,0.8234838401831841,0.0851928909716926,0.6,0.4032,0.5066331093770073,0.6475884356632514,0.5062571416766538,0.23765310384697597,0,1,0.8694690181131518,0.06335930767263159
26,A07,crisis,0,0.6057464040188779,0.5367191255328057,0.6225649005105792,0.6341722686424345,0.45,1.0,0.9053684904854622,0.053043263639716835,0.4,0.2726,0.4029195669932346,0.6648697005919981,0.6662719151492666,0.2686506478350514,0,1,0.8107369809709243,0.0
26,A08,crisis,0,0.5408421515941628,0.605289437266174,0.3925504407445941,0.6303178450425283,0.7000000000000001,1.0,0.7971891223514966,0.04735323608074739,0.4,0.3786,0.4141372239423189,0.5176620027238206,0.622082872604518,0.27021240169200555,0,1,0.9656679205326197,0.10467412561374725
26,A09,crisis,0,0.6872762068810652,0.567997493416504,0.716176814617751,0.7365373710268157,0.7000000000000001,1.0,0.7421056813412251,0.03484317147163684,0.6,0.4811,0.4497278792621899,0.47144277506525056,0.41638018288359224,0.26413704325724596,0,1,0.8783063776064142,0.11774347277935533
26,A10,crisis,0,0.5716273925742152,0.5945374672662722,0.477022799178438,0.6400876151129846,0.725,1.0,0.6902561076409287,0.15076567595752247,0.6,0.4144,0.5294722452886462,0.6499742444693901,0.46015019070790675,0.29516721120611383,0,1,0.7849869629496675,0.12847825536939547
26,A11,crisis,0,0.5231913761102823,0.6449324019704965,0.4251797653027357,0.5328633944042519,0.7000000000000001,1.0,0.7043455492906087,0.022709507148952025,0.4,0.3662,0.36133359821540734,0.5048787103499359,0.6057530028431859,0.4144519118954805,0,1,0.7508034005814933,0.10870689712948246
26,A12,crisis,0,0.6782991106575094,0.6640842760107304,0.6563906156645388,0.7063533154305954,0.6166666666666667,1.0,0.8749146947789895,0.07278580674404475,0.4,0.4183,0.4534407250646211,0.5479565190910921,0.5799607779595903,0.36982045320716544,0,1,0.8066102868035416,0.01596701411427988
26,A13,crisis,0,0.7180373654022141,0.6703226506253467,0.5784371981852687,0.8700092084525833,0.6749999999999999,1.0,0.8967812389578521,0.05398099521057268,0.4,0.4847,0.4499478561594118,0.49279541808253163,0.5571472159715778,0.3634168043946808,0,1,0.9172518025577148,0.03334447735438209
26,A14,crisis,0,0.5730691706458353,0.5563248705432635,0.5463993465891438,0.6068704542595476,0.7583333333333333,1.0,0.8745564510820938,0.06363469099394573,1.0,0.4346,0.5735416223655132,0.6521304026289074,0.1723224579376783,0.08261445815900847,0,0,0.8260833737171315,0.02153234698885754
26,A15,crisis,0,0.5695194898913851,0.5891852733670768,0.6122387813174557,0.5198489952212662,0.6166666666666667,1.0,0.6727819249597561,0.083001379200782,0.6,0.3512,0.4683924732279781,0.5668701702148741,0.39030826363778365,0.2893451632885977,0,1,0.8840418464888771,0.16830312147133744
26,A16,crisis,0,0.6000099038383035,0.5086093331062302,0.5779907616082396,0.6764020099971554,0.6166666666666667,1.0,0.8084720755933563,0.05082069090660725,0.6,0.37,0.4613163853793724,0.5611073484321082,0.5244086280177283,0.34197989707785126,0,1,0.8934190358958553,0.078923083508154
26,A17,crisis,0,0.636723205881121,0.6086572177690104,0.5802363206829043,0.7036904729996297,0.5916666666666667,1.0,0.8238040674474777,0.11822080100240669,0.4,0.3767,0.4691199704678716,0.6044584856967206,0.48720537037316325,0.3669134116806462,0,1,0.8700300149619842,0.06331493026541134
27,A00,crisis,0,0.6794772697556213,0.5975455918499147,0.6003716087960547,0.7999020217863088,0.8416666666666667,1.0,0.808456552046477,0.12676857697470076,0.6,0.5719,0.5689615940458248,0.6215759915625015,0.42679695895711645,0.3315640134244217,0,1,0.8298846343471702,0.06186704167010655
27,A01,crisis,0,0.6505648152553689,0.7655233171030241,0.5799531422730887,0.6405009654600797,0.8666666666666667,1.0,0.7725419969488877,0.0863586864309446,0.6,0.5638,0.533365949318946,0.5100255635266825,0.43604823486103855,0.22623055328600128,0,1,0.7921600566461219,0.07417167701733157
27,A02,crisis,0,0.5189799077354772,0.5350702255298321,0.4614413806838633,0.5592696702841675,0.5916666666666667,1.0,0.7868165027987114,0.08231217240195313,0.4,0.3071,0.42756493930273953,0.5560634091035498,0.6088502804396524,0.40209411689296554,0,1,0.9731990941952068,0.11313458443596688
27,A03,crisis,0,0.5809113264500984,0.530530836983439,0.6062660680194818,0.5902137334935501,0.7583333333333333,1.0,0.8860809297636886,0.012599810409697822,0.4,0.4405,0.363853636720032,0.531530098710303,0.5742940364943089,0.29746579205742685,0,1,0.8887464250835077,0.03185657550060388
27,A04,crisis,0,0.6418447517916991,0.5514443491167895,0.6599263414259554,0.6825236125335433,0.7000000000000001,1.0,0.667828308759891,0.09986031284552005,0.4,0.4493,0.4516657857760729,0.4880051045440581,0.5890058812453046,0.3826328038411687,0,1,0.870273240684,0.16833075947061865
27,A05,crisis,0,0.6435585307067477,0.6758405334331534,0.6773371326806229,0.5938260022756034,0.6166666666666667,1.0,0.834346192271643,0.1024765415065309,0.6,0.3969,0.5176481495180256,0.5260884157187571,0.4974836542331454,0.3233721380823733,0,1,0.8635873915896806,0.05523150943157101
27,A06,crisis,0,0.5580458177600598,0.5989064867290682,0.5465354444932503,0.5425794762628878,0.7583333333333333,1.0,0.7468736557821684,0.039252709554357744,0.4,0.4232,0.40585750070669296,0.4109301540700765,0.5664495071360689,0.42388664817113975,0,1,0.7943199487323296,0.09166907730186695
27,A07,crisis,0,0.5582813099939273,0.5187989184800225,0.535704229202965,0.6027127503822098,0.725,1.0,0.7564434099416787,0.07286283467361417,0.4,0.4048,0.4392895827397638,0.5421741873231439,0.5097427637264499,0.29188056740532786,0,1,0.7615720952729624,0.07609350969741373
27,A08,crisis,0,0.7442169978550244,0.7029000766758093,0.6733680036030643,0.8320329435624988,0.7583333333333333,1.0,0.763919074730941,0.1312684265296228,0.4,0.5644,0.5040298532881853,0.545386740709334,0.4825462305667854,0.31185100681065075,0,1,0.8065348953882505,0.08377841299223689
27,A09,crisis,0,0.503523141626529,0.5532410810509548,0.5107519884239976,0.46612418853847787,0.7000000000000001,1.0,0.8250219618732966,0.018745104579148384,0.6,0.3525,0.4036011710982798,0.5744106197061459,0.47020213766958957,0.3147957592302788,0,1,0.6914877402336185,0.012403276667545982
27,A10,crisis,0,0.5793796245314677,0.54582033434913,0.47029224643784484,0.6958056367273489,0.8166666666666668,1.0,0.8625875402354028,0.09477437852159705,0.6,0.4732,0.5382750770557614,0.6179822570847745,0.37484494940199214,0.20314470628243983,0,1,0.7670334790011069,0.011986799351561259
27,A11,crisis,0,0.624528177727518,0.5544445966728015,0.5540491951619109,0.729999525631622,0.6166666666666667,1.0,0.6510540270786709,0.06185365365832868,0.4,0.3851,0.4075911488342526,0.46344691305479874,0.49285687940089384,0.4081843858666471,0,1,0.652218476283212,0.1190671923368065
27,A12,crisis,0,0.6311897533862914,0.5299061877910562,0.6060655354445462,0.7164756725823405,0.7833333333333333,1.0,0.7191796619622435,0.022819388371786962,0.6,0.4944,0.4252812735197039,0.4114632196672734,0.42009941530204226,0.26675647235305966,0,1,0.7049642803605339,0.08502052747046096
27,A13,crisis,0,0.6634183000448084,0.6343981514906676,0.6290394530301223,0.7116373840289967,0.6749999999999999,1.0,0.7714354381908298,0.04085746212688848,0.4,0.4478,0.4124411842546231,0.4457600928421616,0.5252386189602644,0.31349332059589397,0,1,0.8446412201631945,0.08931995578634584
27,A14,crisis,0,0.5684161279748625,0.5277672434070059,0.5234247905272728,0.633189101096414,0.7583333333333333,1.0,0.744688479301172,0.04322038932216167,1.0,0.431,0.5223852715124975,0.6520132316551267,0.15916455351508174,0.11699776260285408,0,1,0.7938702803604676,0.0930087848055382
27,A15,crisis,0,0.6548375405325837,0.6528381195679501,0.5873911971003056,0.7151027291387227,0.6166666666666667,1.0,0.750294437519813,0.11194755551451767,0.4,0.4038,0.4611357278869961,0.5557910814244771,0.6241467796819532,0.3905786639949106,0,1,0.8377518909154039,0.10134270588695873
27,A16,crisis,0,0.5455536038480766,0.5777885774482133,0.5323652515087998,0.5369465536448582,0.7583333333333333,1.0,0.845505604948757,0.0777811782091985,0.4,0.4137,0.45794886961522063,0.5018619910800171,0.6452123466128579,0.29907362136069676,0,1,0.8389485958353402,0.04193364697336097
27,A17,crisis,0,0.5972979346006887,0.7072633582282113,0.5849289617451552,0.539392396082079,0.7000000000000001,1.0,0.839626215245081,0.07001101156149196,0.6,0.4181,0.4991558786176718,0.6101773553528117,0.456063110228508,0.26224176522751025,0,1,0.8994090324808843,0.061597044862081715
28,A00,crisis,0,0.5838474188501311,0.5640244864967385,0.557405251781886,0.6193736477557159,0.6166666666666667,1.0,0.7415519976776617,0.013062353921904623,0.4,0.36,0.33587564710599593,0.4602140538244934,0.652141181285568,0.362044335623978,0,1,0.754088889463004,0.08390619256255814
28,A01,crisis,0,0.6391499435588461,0.5622564285879371,0.6712240712812362,0.6591435286585732,0.8083333333333332,1.0,0.756450265708058,0.14417771366684015,0.6,0.5166,0.5598440482047612,0.6389476420162755,0.5247983355857266,0.24119154648051186,0,1,0.7883469030155291,0.08363149262684479
28,A02,crisis,0,0.6417292719146681,0.6713889854762748,0.5454405805635294,0.7074445558709102,0.5,1.0,0.75019898535185,0.07295278578726008,0.6,0.3209,0.460784593896796,0.5766555673196108,0.40630346072770696,0.27283712867894233,0,1,0.6930751149462752,0.06040804169985596
28,A03,crisis,0,0.6411375181497675,0.5769973362391317,0.5945014698055883,0.7220316741450716,0.7833333333333333,1.0,0.6705934355108286,0.11923462987884519,0.4,0.5022,0.4741378689695513,0.46400591863865626,0.4663007585299071,0.429120229872705,0,1,0.7330879462204958,0.12817490541297433
28,A04,crisis,0,0.582876135310884,0.6584063607575618,0.49595429093425436,0.6117263582362615,0.7000000000000001,1.0,0.7785171548310043,0.06964183335324371,0.4,0.408,0.4393493444692912,0.5818104750707424,0.5396416603314717,0.3102156021656862,0,1,0.7434087933112506,0.05652967249776371
28,A05,crisis,0,0.5915090432724531,0.6676507715217985,0.5365384157050671,0.592019762238075,0.8166666666666668,1.0,0.7310766996917307,0.05164452003742407,0.4,0.4831,0.4296859260991454,0.5287304559785329,0.49498803633927435,0.3010924983762578,0,1,0.9247316240564758,0.13743813089177945
28,A06,crisis,0,0.6095509100042353,0.6232405182950096,0.5454570531933938,0.6570770295319875,0.6166666666666667,1.0,0.79483545078511,0.09354479306840774,0.4,0.3759,0.4511144988791519,0.607819470371499,0.5702431194059783,0.3490276773862859,0,1,0.7961416338265284,0.061056906405790874
28,A07,crisis,0,0.6503020148106016,0.6072198010731061,0.5230783896816449,0.7885490703843732,0.7583333333333333,1.0,0.9177115462886402,0.036692343334139635,0.6,0.4931,0.48059348018502,0.6408129365600089,0.41609822205664715,0.2316909551411915,0,1,0.9063232327085574,0.018950677351233222
28,A08,crisis,0,0.7282482272777004,0.6100024567655181,0.7138363693064302,0.8147622095726756,0.6749999999999999,1.0,0.7834618252143637,0.16790459133047386,0.4,0.4916,0.5104200968625435,0.5705983726698999,0.6073548958376322,0.3293098813630083,0,1,0.7729614127888719,0.06176851213706463
28,A09,crisis,0,0.6468857213599356,0.7060492719933665,0.686363667253911,0.5753652995568129,0.425,1.0,0.8103213188034889,0.03309436762318383,0.6,0.2749,0.4075358649614713,0.568369397583799,0.5049454391653689,0.22552027403258051,0,1,0.8818399816670786,0.07471362570105276
28,A10,crisis,0,0.6011301615071776,0.7535542433916017,0.559283372157383,0.5424810510104826,0.725,1.0,0.8706595859557462,0.05703861856738018,0.4,0.4358,0.4444354117692523,0.4905582893681721,0.5723136286240349,0.3364451491271589,0,1,0.8669876119316633,0.03484162925034156
28,A11,crisis,0,0.49568553688415784,0.43717422609080736,0.5086014885079064,0.5209536484592219,0.5333333333333333,1.0,0.7912018936954104,0.08068084396271125,0.6,0.2644,0.46079217669594574,0.6019218979788207,0.530355526720242,0.28628367081219663,0,1,0.79122629698177,0.06197769603656429
28,A12,crisis,0,0.6477853711115031,0.5953586459293073,0.4757617818115647,0.8310727149878214,0.7000000000000001,1.0,0.8710548538422203,0.22724937706643708,0.4,0.4534,0.5401881969467853,0.5921414957624803,0.594527297673042,0.3727718339256145,0,1,0.8945840843136691,0.04195123970980849
28,A13,crisis,0,0.5568032711817521,0.5292845896012882,0.6095891698985976,0.5278147857923021,0.6749999999999999,1.0,0.6732656930738012,0.0702933931498345,0.6,0.3758,0.4648686843548029,0.5912104167887231,0.3761977956422101,0.29745716514198134,0,1,0.7776627639278095,0.1388837525460942
28,A14,crisis,0,0.516373215638429,0.6317550163909977,0.5981321299836421,0.37272054011601197,0.7833333333333333,1.0,0.7758810706489503,0.20232663145150873,0.6,0.4045,0.5673161384128249,0.5315472974083865,0.4104590640790951,0.3319235411840063,0,1,0.691680479157849,0.043165625351617075
28,A15,crisis,0,0.4974503496834523,0.6067054888478514,0.5338991893057431,0.3972731530361985,0.5333333333333333,1.0,0.7186721126374508,0.11336058044832924,0.6,0.2653,0.47210293725206676,0.7194958334531709,0.35586211106602567,0.35957876689559526,0,1,0.8649153587311276,0.13020927260810766
28,A16,crisis,0,0.6349231417479801,0.6945950533898178,0.6778287604401196,0.5600857806162096,0.6749999999999999,1.0,0.7339033072573924,0.06646667524644173,0.4,0.4286,0.43283694987501037,0.4138632452995352,0.5751422381185538,0.39623021055814434,0,1,0.98,0.14966382858677868
28,A17,crisis,0,0.526889248338509,0.581828165716438,0.5397768007473147,0.48127581661959834,0.725,1.0,0.7376960970845037,0.12961487811574862,0.6,0.382,0.5203124061700616,0.5620924191792409,0.5382908290801045,0.31536407275624495,0,1,0.7996698397553197,0.09933968846000543
29,A00,crisis,0,0.5131848478086248,0.6130254625834523,0.45454708968161084,0.5020925019354949,0.5916666666666667,1.0,0.9365544618768444,0.0957401234142462,0.4,0.3036,0.4545277596295089,0.6105586616603621,0.5184125174740024,0.2376846336898227,0,1,0.940352139684133,0.017634947716540207
29,A01,crisis,0,0.620136021979669,0.7700741147078574,0.5427490503255185,0.5941383142219332,0.7833333333333333,1.0,0.7640809001543376,0.09204515410668047,0.4,0.4858,0.4697187880628562,0.520044627372501,0.5649797308533291,0.3638869570716536,0,1,0.8968512439527208,0.10806484800673996
29,A02,crisis,0,0.5755857136441102,0.5977390699002589,0.5842278554046251,0.5541779919435665,0.9,1.0,0.8141777533247653,0.04463200808224196,0.6,0.518,0.48767192181149227,0.5272585857863581,0.3516604813771693,0.2883825471654748,0,1,0.7874860419945645,0.04661978648113617
29,A03,crisis,0,0.584354085965642,0.5630040921973163,0.5866840581713294,0.595659106390869,0.6166666666666667,1.0,0.7703124583791646,0.05120148451450769,0.4,0.3604,0.4093124544689947,0.5877221396073096,0.6611902277554693,0.39461428388750003,0,1,0.8056313248486907,0.07936108543640574
29,A04,crisis,0,0.6347255857816307,0.6407321385406372,0.5624600705251955,0.6942038161566327,0.7000000000000001,1.0,0.8807388011981688,0.1321675743052752,0.4,0.4443,0.5010322513173457,0.6507344783458239,0.4966309068999105,0.2818228378789372,0,1,0.8383397199131893,0.021354917250809777
29,A05,crisis,0,0.5563144839112851,0.5435345308039012,0.5833309531316904,0.5406625440355455,0.6416666666666667,1.0,0.8060884151582322,0.08862039593987293,0.6,0.357,0.49599124890737406,0.5076567828410636,0.5300670416750797,0.3070646494902007,0,1,0.7796419015778108,0.04941341544079818
29,A06,crisis,0,0.5889141207970975,0.5775036806977139,0.5995909406812654,0.5867034284605654,0.6749999999999999,1.0,0.6961999775293886,0.06993718530613581,0.6,0.3975,0.47240655365091183,0.6124318785844569,0.4103125681488437,0.30364410125842956,0,1,0.7190045362964507,0.10535826031704071
29,A07,crisis,0,0.6122817636455633,0.536678447776496,0.6480402547084073,0.6282451563837417,0.5583333333333333,1.0,0.6884953884239706,0.06646306108345545,0.4,0.3419,0.40750064918657514,0.46547434165259305,0.6064577652472007,0.41581760618427266,0,1,0.6819868645839008,0.10003761519871308
29,A08,crisis,0,0.6065589605518418,0.565746652503606,0.5978084237053826,0.639723372822641,0.5916666666666667,1.0,0.7377794708590999,0.028377081775487124,1.0,0.3589,0.4719411711388701,0.6027727790755252,0.275448851295402,0.15770330632545726,0,1,0.7755570481554456,0.0925386710456075
29,A09,crisis,0,0.6096035538592546,0.556269872788629,0.5269146574463064,0.7152898888897252,0.45,1.0,0.8455236337647435,0.1534845805260924,0.6,0.2743,0.5101104515568907,0.5585042169304644,0.3817285671937231,0.3182993030549245,0,1,0.9618156720584119,0.07426119289480329
29,A10,crisis,0,0.7051229945995443,0.6713813174326547,0.695006363822974,0.7350635947583495,0.5083333333333333,1.0,0.8277505880178316,0.09670398272016763,0.6,0.3584,0.4994905810240408,0.524167994700971,0.40445709618592646,0.23425319850142418,0,1,0.8263243032099715,0.049100790544814865
29,A11,crisis,0,0.54090395824568,0.49744315180208915,0.5908586251137284,0.524356628763382,0.6166666666666667,1.0,0.7919734720324321,0.06381624765032368,0.4,0.3336,0.419708760573552,0.5452417611703372,0.5543563286935876,0.35981893792008196,0,1,0.7247417947321482,0.04257877857177695
29,A12,crisis,0,0.5882123395093668,0.580295387332897,0.58963615720808,0.5919145941332864,0.47500000000000003,1.0,0.8650609405400119,0.005231208878958529,0.6,0.2794,0.3236690698290907,0.4612931130470613,0.38915563807454323,0.2602987726497383,0,1,0.8366772560808198,0.02988312126094818
29,A13,crisis,0,0.6201458062519528,0.7205971779441432,0.6386402143594311,0.5411810918502905,0.6166666666666667,1.0,0.6429817362303466,0.06542616130662748,0.4,0.3824,0.40907779052493215,0.49376856223270993,0.49472668569114836,0.46529574337001456,0,1,0.7500799772512252,0.15407663338094463
29,A14,crisis,0,0.555474942900356,0.4997977319500926,0.6281096537353081,0.5267178277636878,0.7000000000000001,1.0,0.836695009484333,0.07196785126278427,1.0,0.3888,0.5649415843663749,0.5851653680695645,0.18455912589651557,0.10995426691682098,0,0,0.8145029365000291,0.04048002284120761
29,A15,crisis,0,0.5176036818437265,0.5593212393999143,0.4506463455625841,0.5501178776171087,0.6749999999999999,1.0,0.8071919582124375,0.05346842857995887,0.4,0.3494,0.41638932911009174,0.6424775065676778,0.5423396429869484,0.3087296969504372,0,1,0.8140671752772793,0.058308987293075085
29,A16,crisis,0,0.5463681499318146,0.4982921202196053,0.5707400881449356,0.5550902225654646,0.6749999999999999,1.0,0.7769053679919868,0.08081869179517204,0.4,0.3688,0.4404352794360369,0.4829034866025739,0.6220874233538622,0.35107797453723383,0,1,0.808517868804266,0.07589859990240756
29,A17,crisis,0,0.6327465409797642,0.5995483679767264,0.6184951256777088,0.6659653874959615,0.8166666666666668,1.0,0.7067463356691104,0.06931537532796181,0.4,0.5167,0.4485108693012004,0.5016903341692972,0.5342686186758804,0.3774443384134453,0,1,0.7087257052246879,0.0948420888576259
30,A00,crisis,0,0.5988085819928041,0.6350064238102423,0.466864400026418,0.691636090077493,0.7333333333333334,1.0,0.8630085208539853,0.08021106537955355,0.4,0.4391,0.4656636310571864,0.639731159210534,0.5148557664037067,0.2928364589710035,0,1,0.98,0.06864018928336857
30,A01,crisis,0,0.6421248755640512,0.681705257124515,0.6637736980205732,0.5984444174393045,0.7583333333333333,1.0,0.8063542675632158,0.013274587423640703,0.4,0.4869,0.3638475411965913,0.4700420283140812,0.5651036179899933,0.26123609132670245,0,1,0.811960740747119,0.05824722784807891
30,A02,crisis,0,0.6024687657684008,0.47456665605727155,0.5855066650861989,0.6972494224347833,0.47500000000000003,1.0,0.7878104519919131,0.1180678271366405,0.4,0.2862,0.4396042802723307,0.5955936453743605,0.6330819585850541,0.38309126401327587,0,1,0.8577015207288352,0.08234528134011038
30,A03,crisis,0,0.5429840364670822,0.6429512548756913,0.5469967598481811,0.4769933920032398,0.7583333333333333,1.0,0.9055145750582557,0.14013881417461305,1.0,0.4118,0.6395420747620373,0.708359931080972,0.10565767738352959,0.1445066345440108,0,0,0.8986398139167988,0.02362123373742201
30,A04,crisis,0,0.6155064428502255,0.5740842681407933,0.5732274512157616,0.6783894197237765,0.5333333333333333,1.0,0.8216591309843019,0.03181154606528254,0.4,0.3283,0.38085922573227166,0.5194868896785593,0.5393462312257675,0.37655424611581734,0,1,0.8653883923428828,0.06337587827623269
30,A05,crisis,0,0.5890504668673859,0.615455829550394,0.5246124479327056,0.6289303817583511,0.7333333333333334,1.0,0.9015847313646841,0.06349644525594,0.6,0.432,0.5047684033292981,0.5833015085916279,0.3782405155964625,0.3002239075711642,0,1,0.98,0.04677545779503763
30,A06,crisis,0,0.6111585092659595,0.663544742446357,0.5427370737287928,0.638285869623232,0.5083333333333333,1.0,0.8398287267494186,0.011719452161828065,0.6,0.3107,0.3664283405423937,0.546537215977644,0.41138694479659826,0.2536967078481149,0,1,0.7451235695643892,0.019117745376329716
30,A07,crisis,0,0.5668073254048362,0.4444464936356155,0.5264657983508753,0.6785816814328152,0.5333333333333333,1.0,0.7380002483999607,0.0628116759942318,0.4,0.3023,0.4024440217250487,0.5615162936260256,0.5290507088231675,0.4089296427396324,0,1,0.8002805807958071,0.09930323410536385
30,A08,crisis,0,0.6760869314489544,0.5180009215889485,0.569591304246589,0.8680743614135278,0.5333333333333333,1.0,0.8883999748802329,0.10082889186173159,0.6,0.3606,0.5127692783030603,0.6379068421064069,0.47703400177701827,0.2576322788853576,0,1,0.8285860762560379,0.01436453348395228
30,A09,crisis,0,0.5971481695348136,0.6008289961248358,0.6123632420536351,0.581534464462081,0.5916666666666667,1.0,0.9340940396354472,0.09247521388881828,0.4,0.3533,0.46282610703778293,0.6565781815475287,0.6055413837449831,0.35628586512162963,0,1,0.9719644010970833,0.02703059213134778
30,A10,crisis,0,0.6261901432929943,0.6075127783721779,0.5806466499942818,0.6777140530048779,0.8416666666666667,1.0,0.8253659966798153,0.07848901647087587,0.6,0.527,0.5284836334712475,0.6017387755100051,0.39819060908204007,0.19527006516983164,0,1,0.9181981374205663,0.07508372671577207
30,A11,crisis,0,0.6570725012987898,0.6253145938061925,0.5874450036235975,0.7378452539474564,0.7333333333333334,1.0,0.745259485323555,0.0473966611711376,0.6,0.4819,0.4709528828703835,0.468758023052761,0.40336602882792183,0.2475635327852372,0,1,0.7586666259384972,0.08271578063326615
30,A12,crisis,0,0.5653757061610285,0.6717639321335679,0.5990097716955395,0.4694532575854943,0.7583333333333333,1.0,0.7542878133584291,0.10910879753365413,0.4,0.4287,0.46938424246432436,0.4857811382156247,0.6067409267408631,0.28431641645431355,0,1,0.8818961509261548,0.11055697369673069
30,A13,crisis,0,0.5243522351040759,0.558881485696183,0.6016935801762767,0.43509777654583326,0.5333333333333333,1.0,0.722036222088789,0.1540660836717422,0.4,0.2797,0.44762399562398336,0.5933009436640047,0.6359373955539709,0.405403967416492,0,1,0.7696807920273968,0.10166598926214798
30,A14,crisis,0,0.6153165146998947,0.5877486587988214,0.5473121775766595,0.6920502196208962,0.5583333333333333,1.0,0.7887697688425528,0.04753414847364022,0.6,0.3436,0.4468650030484562,0.5073952115819997,0.42773580773488595,0.3275020140114033,0,1,0.7647900516203827,0.05608267687940603
30,A15,crisis,0,0.6285570121803812,0.7252017708571842,0.5326256182921517,0.65209400765958,0.7000000000000001,1.0,0.8651198894566886,0.14402699070568925,0.6,0.44,0.5597835257777474,0.6253576340317133,0.37713951923998146,0.29752235961897033,0,1,0.9089341416799261,0.049142522928473084
30,A16,crisis,0,0.5753007243786838,0.593100008827691,0.4096163362834183,0.7091500111814115,0.5333333333333333,1.0,0.8305542904307142,0.03737225827719419,0.4,0.3068,0.3863590929018809,0.45402093131095,0.5075227502522387,0.35535816256142994,0,1,0.9134535567297449,0.07071227747250912
30,A17,crisis,0,0.5755896138495296,0.7181330382106057,0.5746975238262467,0.48728055239422957,0.8416666666666667,1.0,0.9060804028712909,0.08465142143260608,0.6,0.4845,0.539090453552689,0.7094151575723822,0.3865400423858379,0.24656609204598717,0,1,0.8646097773053915,0.014265923970053537
31,A00,crisis,0,0.57790489346046,0.6404086858045528,0.5493606209726335,0.5638162616722504,0.8416666666666667,1.0,0.8995719632391709,0.11755569694173319,0.6,0.4864,0.563438762312006,0.5596879775554925,0.3719187565245602,0.19669875252359809,0,1,0.8975500004121865,0.026626312624738045
31,A01,crisis,0,0.5346469424670297,0.6330992774517016,0.42557827042396745,0.5685493211392891,0.5916666666666667,1.0,0.8090315962635355,0.07157530286266515,0.4,0.3163,0.42418236292260614,0.52640430097893,0.6617965976363684,0.34072362478514107,0,1,0.9618774295175645,0.09633600657740662
31,A02,crisis,0,0.655256721014366,0.6099298282482465,0.6522921080773665,0.6861800653130653,0.5916666666666667,1.0,0.8532534819920818,0.016854295945452753,0.6,0.3877,0.4034159093961365,0.5836789397887255,0.4936705019714727,0.24574634296251702,0,1,0.8397027670734407,0.03757772436183627
31,A03,crisis,0,0.5851748286055726,0.5020483357927188,0.6040647040280948,0.6206002456188993,0.7583333333333333,1.0,0.841054840937212,0.15297897915680894,0.6,0.4438,0.563699321860677,0.5284307338793607,0.41998572577704546,0.24534420021841954,0,1,0.8852944210686686,0.057017615813483205
31,A04,crisis,0,0.6048146746742662,0.6155426191897003,0.6223253083401208,0.5827879048944972,0.6166666666666667,1.0,0.7468172786436212,0.043525632066436476,0.6,0.373,0.44354590011307793,0.5089272625006429,0.48148029825773353,0.32694705582955585,0,1,0.8273562304867552,0.10082889480608194
31,A05,crisis,0,0.5534572140286177,0.5142967980829876,0.5352780877962064,0.5938392094479964,0.8416666666666667,1.0,0.9249774874117734,0.15973344071207665,1.0,0.4658,0.6708011698843733,0.8374027389153873,0.1318025494417097,0.17892136183617458,0,0,0.98,0.033967771922800295
31,A06,crisis,0,0.63205405310428,0.7815505198534514,0.5660670096065525,0.5963574244465594,0.7583333333333333,1.0,0.8079338205260469,0.059436208326896375,0.6,0.4793,0.495903740998162,0.585689434514282,0.44080378418958693,0.30328650479068525,0,1,0.8916389294817691,0.07878578015394967
31,A07,crisis,0,0.5544521123246112,0.5632158014794147,0.5297890771732559,0.5705549623602949,0.9,1.0,0.7509498946781732,0.03425823380257493,0.6,0.499,0.4584444267669374,0.5540572835249264,0.35933225360542004,0.34788882768068075,0,1,0.8676700000133198,0.10898041585040229
31,A08,crisis,0,0.5906465728537179,0.7074311512234893,0.4838669648184143,0.6110883684035014,0.7583333333333333,1.0,0.7956080133935741,0.09524122551636068,0.4,0.4479,0.4698112649521839,0.4879008528483735,0.5073068700338079,0.2994016946873711,0,1,0.7909593648344898,0.05912645682046519
31,A09,crisis,0,0.5280382461380885,0.5778272590022719,0.5284446840120688,0.49656447995824116,0.8416666666666667,1.0,0.848718155713531,0.07432267982063938,0.4,0.4444,0.46308331237243383,0.641298576707076,0.5071313751140378,0.2955607727889123,0,1,0.9007371360204347,0.056561358277050805
31,A10,crisis,0,0.5260548324638553,0.5142027697123397,0.49948785759108305,0.5567084746972284,0.6166666666666667,1.0,0.7893498149085227,0.07150017897340483,0.6,0.3244,0.47105929970424776,0.532312703917902,0.40519442258896593,0.25481139049166535,0,1,0.8913145600648957,0.09033531632793888
31,A11,crisis,0,0.5015408987788684,0.5617567929107897,0.5954865698052794,0.3817035027983082,0.6166666666666667,1.0,0.9086666496801732,0.10724223029052365,0.4,0.3093,0.4606377711859954,0.5447848400157784,0.6635707471838483,0.3470099120497546,0,1,0.8173332993603463,0.0
31,A12,crisis,0,0.642631578859631,0.7583394953488051,0.6233193772153365,0.5872123074926547,0.6166666666666667,1.0,0.8226198727750934,0.017970254084648654,1.0,0.3963,0.46295936640725793,0.5866271628410825,0.19099552081581408,0.08502200497702085,0,1,0.8300950010685344,0.053240881542145194
31,A13,crisis,0,0.602745895232675,0.6493373644269622,0.5143186401203415,0.6510000752095373,0.7583333333333333,1.0,0.8160684111909766,0.04578614276094102,0.6,0.4571,0.47601209452713283,0.5756883652043113,0.46937881814446103,0.267775171045376,0,1,0.904342107895338,0.07712325423688368
31,A14,crisis,0,0.575167679727455,0.5803571373442655,0.6153815253031715,0.5367371538381965,0.6749999999999999,1.0,0.7448430983262921,0.1311205552879023,0.4,0.3882,0.4698002629173432,0.5872466771675535,0.48273317892348716,0.3982041328825796,0,1,0.8186519085769502,0.09976501277570304
31,A15,crisis,0,0.6169712591110477,0.7379752185578361,0.5205085141174999,0.6257486863261592,0.7583333333333333,1.0,0.8646485749718328,0.13307314012564525,0.4,0.4679,0.5053847575599149,0.5682286459380829,0.5410986419775802,0.3565387448775539,0,1,0.973280963055896,0.06599128331679054
31,A16,crisis,0,0.6838751512441881,0.6950743891964104,0.5722138400826432,0.7745792747904009,0.7833333333333333,1.0,0.709399926920597,0.07793214013175608,0.6,0.5357,0.50841426590141,0.5007536987188784,0.5154885598099281,0.2655353813842758,0,1,0.758855764233297,0.10742606138072473
31,A17,crisis,0,0.5681635705592372,0.5766459859221774,0.45739285709398136,0.6597864352394984,0.8416666666666667,1.0,0.9344411814058183,0.10358471416530453,0.4,0.4782,0.501842966361934,0.5483479174775303,0.5964883796881907,0.34564795963518596,0,1,0.9777485340734713,0.02830925423155746
32,A00,crisis,0,0.6567295025001589,0.6466661535391448,0.6244936849795794,0.6912254359312998,0.7833333333333333,1.0,0.8359699457108438,0.1289437759297344,0.4,0.5144,0.5073654230427164,0.594834043909014,0.5228374807041395,0.25360746229265824,0,1,0.8069737944830985,0.038834472686161484
32,A01,crisis,0,0.6088985898627114,0.5791518540547325,0.6592715812881937,0.5834139322454012,0.7833333333333333,1.0,0.8087046893102328,0.08712837461878609,0.4,0.477,0.4712672339695821,0.5888842380063617,0.5406540455892581,0.3045716560276618,0,1,0.8842771996522323,0.07635928933171747
32,A02,crisis,0,0.5226940045203017,0.47686714398376107,0.5461816020506662,0.5307841445165706,0.6416666666666667,1.0,0.7387943054031987,0.12934873427348995,0.6,0.3354,0.5067419380781364,0.6131143344484558,0.4392746458378164,0.3375845928871609,0,1,0.6688819301689131,0.06087122867292377
32,A03,crisis,0,0.6235222348820011,0.6844880651084305,0.5423060906453675,0.6564827171975373,0.6166666666666667,1.0,0.9404519196005295,0.10011498402045027,1.0,0.3845,0.6031573977076755,0.6582544833015316,0.23341335192820648,0.0880177097445129,0,0,0.9428828928997968,0.01621023522683679
32,A04,crisis,0,0.6230766191112681,0.6511057074461452,0.6079822570318322,0.6187660057214764,0.47500000000000003,1.0,0.7672716294640357,0.14958874855954893,0.6,0.296,0.5038194229406973,0.5387742292082445,0.46256710404614665,0.23109016366860657,0,1,0.8500082090531246,0.0934786454156516
32,A05,crisis,0,0.626681103784752,0.5173846497840446,0.6229455244465633,0.6982600194561094,0.6749999999999999,1.0,0.7700141910563254,0.09442839835827545,0.6,0.423,0.5093942984688036,0.5666820711607228,0.36146323967205946,0.34039237206747525,0,1,0.8378563079996909,0.08839949811170102
32,A06,crisis,0,0.4883832799250033,0.6157165717212845,0.3987033565232466,0.4872699055288646,0.9,1.0,0.7755059475039583,0.11918547369931563,0.6,0.4395,0.5380135081249622,0.45601038894300505,0.4960250316861107,0.245794423768269,0,1,0.8496987980816617,0.08805763028572507
32,A07,crisis,0,0.5435719470063529,0.630574650158001,0.5543375532090845,0.47977535210918254,0.5333333333333333,1.0,0.8359028090577199,0.05988634068069222,0.4,0.2899,0.40934192372806993,0.6056528588881833,0.6440871881100761,0.28256563555270303,0,1,0.8124935255886357,0.0403996424275732
32,A08,crisis,0,0.5540539506018812,0.5267150953612354,0.4846196495714101,0.631895748528947,0.7583333333333333,1.0,0.7088711105407142,0.10067779472451396,0.4,0.4202,0.45586679325932145,0.5398237396849186,0.5672094649827768,0.44527404998474945,0,1,0.6410920955753191,0.07314815552995484
32,A09,crisis,0,0.5831663527346094,0.5169116959987522,0.5120251696488722,0.68682404839454,0.7333333333333334,1.0,0.8177227422286297,0.1979215880012047,0.4,0.4277,0.5184928241419823,0.5802375666942992,0.47248766997817065,0.3872667667101666,0,1,0.857778459862726,0.06373308133831396
32,A10,crisis,0,0.5592704103625862,0.4991483339098376,0.5880180708317938,0.5716925052349974,0.7583333333333333,1.0,0.9107476602683371,0.09585533305695813,0.4,0.4241,0.4817243994361713,0.663934760022125,0.6336272535235219,0.3269853720507237,0,1,0.9133633709597373,0.024602426100602592
32,A11,crisis,0,0.69350749271971,0.8103504027231501,0.6814518206790469,0.6310293870031403,0.5583333333333333,1.0,0.8049806682377939,0.09713189715722632,0.6,0.3872,0.5048685640638843,0.6099833968652603,0.34477381945494157,0.2934698873469962,0,1,0.8931460984497456,0.08101494170720014
32,A12,crisis,0,0.6756836029481488,0.5723859814236696,0.6731111837437898,0.7424954832047627,0.7583333333333333,1.0,0.855354646832288,0.07574549141299902,1.0,0.5124,0.5994795483027957,0.6649739372098101,0.1656213053347232,0.07330576352206561,0,0,0.9120064212739253,0.05562254845070838
32,A13,crisis,0,0.5891815971655177,0.5613412167029949,0.5902400358974321,0.6056557010641694,0.5333333333333333,1.0,0.9135122138650701,0.04511575464905884,0.6,0.3142,0.4522709260581826,0.5422665667139422,0.39469659626034587,0.28294670768471797,0,1,0.9565794259591052,0.0342545550370068
32,A14,crisis,0,0.5805117802960631,0.6206394084459852,0.5635360975160336,0.5702857351348873,0.7000000000000001,1.0,0.8912444484917462,0.2720071252148279,0.4,0.4064,0.5474281575141862,0.6174736333552826,0.6045968372194991,0.37155196034557136,0,1,0.8992497141165116,0.03172413824556171
32,A15,crisis,0,0.5545867740053048,0.5299471259258565,0.6597610404779088,0.4779590708914314,0.5916666666666667,1.0,0.7328485397972212,0.15673373660356482,0.6,0.3281,0.5154008719076444,0.5681796312821027,0.48765327740174014,0.30232055831870197,0,1,0.8527741091185099,0.11717654141362921
32,A16,crisis,0,0.6658095565501205,0.6117943677954488,0.6042115420091003,0.7534673122451832,0.5583333333333333,1.0,0.8986164956037346,0.06396269529414596,0.4,0.3717,0.4379257543153077,0.5500923323347117,0.5257141675597046,0.27605296870050894,0,1,0.9048244106961876,0.02907078820913886
32,A17,crisis,0,0.5522226739314947,0.5622205196839,0.5161686719920243,0.5775212720332782,0.7583333333333333,1.0,0.7838050938241695,0.05869145952141345,0.4,0.4188,0.4333347180965207,0.5603282653851671,0.6321827543561898,0.3394286155886853,0,1,0.7904401453947485,0.06645459735176686
33,A00,crisis,0,0.6305631060315814,0.6421335268166025,0.6827318392954289,0.5776839514350767,0.6166666666666667,1.0,0.9246152850924917,0.025948903383220315,0.4,0.3888,0.3941046370223923,0.4677022693504427,0.6012063249362669,0.2899272900696175,0,1,0.9348833768010987,0.022638704854995605
33,A01,crisis,0,0.5811008202620216,0.5362716246164946,0.4850934161055572,0.6931255461773824,0.7833333333333333,1.0,0.7061356679846225,0.1534965468528054,0.4,0.4552,0.48957947088313086,0.5480644146793536,0.48142826174467157,0.3996967088269556,0,1,0.6910004099520137,0.09006051372704606
33,A02,crisis,0,0.6811031725145869,0.674848282190203,0.5104339417004022,0.8343480559297383,0.7000000000000001,1.0,0.7588434234392696,0.022575722522098357,0.4,0.4768,0.38295024185270243,0.431388854657839,0.6428059088430829,0.36349144589533566,0,1,0.7183600386155413,0.06209150280161309
33,A03,crisis,0,0.6151033435883713,0.621077681060725,0.5091618478531948,0.7040681914364296,0.45,1.0,0.9624937700691503,0.07072682759295494,0.6,0.2768,0.47363230040149046,0.6098798573396645,0.46829398671720224,0.17147594567701155,0,1,0.9249875401383004,0.0
33,A04,crisis,0,0.5899785711452253,0.5657006407533756,0.49131442810531994,0.6914834028000487,0.7000000000000001,1.0,0.8016647311748362,0.019455136919537264,0.6,0.413,0.41290231760825963,0.5194532116597523,0.5024574352143432,0.2559092091789042,0,1,0.8874053618528788,0.08156034017830241
33,A05,crisis,0,0.6253955375853796,0.48974638911325186,0.6044784655995767,0.728478693368037,0.6749999999999999,1.0,0.7670810174859232,0.014742665877455222,1.0,0.4221,0.4494125925860956,0.47507538569337016,0.23243637810018244,0.21812211562246134,0,1,0.8413885195899748,0.09126779540997622
33,A06,crisis,0,0.5853812565281504,0.5345911460375693,0.5132632424775161,0.6802283378790686,0.5916666666666667,1.0,0.9123314729391965,0.09982966088518809,0.4,0.3464,0.4636491360223507,0.5401562858219942,0.6626947185029533,0.32800112519500835,0,1,0.9012739161575694,0.020564430450036697
33,A07,crisis,0,0.5392945557568822,0.4944246350805895,0.5260781991008076,0.5789025682536305,0.6749999999999999,1.0,0.7540971038882016,0.049816335689099704,0.4,0.364,0.40822109192764255,0.497179962165545,0.5327642487773697,0.2972608702524228,0,1,0.7584753694036895,0.07676705997403527
33,A08,crisis,0,0.6971377256035796,0.6001772703135292,0.6191216224372424,0.826002100430406,0.6749999999999999,1.0,0.8843969620566321,0.05543596110351187,0.4,0.4706,0.448029909766253,0.5693364723289369,0.5705357068883672,0.30440289093231676,0,1,0.7687939241132641,0.0
33,A09,crisis,0,0.5393721084054647,0.5466676884176541,0.6168477397265587,0.467021193491889,0.6749999999999999,1.0,0.6730900204647066,0.061610644789394875,0.6,0.3641,0.4542152732770903,0.5339975286558997,0.4439541887126513,0.316024382819333,0,1,0.8359666152757877,0.15515006318862398
33,A10,crisis,0,0.6468925224209474,0.6416950366247615,0.5556967110826122,0.7299372859646068,0.7000000000000001,1.0,0.9027376396957587,0.10785998475989358,1.0,0.4528,0.6229778273377534,0.7788963549522236,0.20734895386775493,0.08184860696442278,0,0,0.98,0.046136487450009304
33,A11,crisis,0,0.546441338106044,0.6002492021605668,0.5401050685443074,0.518355658938487,0.5583333333333333,1.0,0.8247177274122198,0.021521492554332635,0.4,0.3051,0.35796521849817486,0.5038278899648273,0.5824562866901156,0.2878741792706286,0,1,0.8636139531913587,0.06104225369090059
33,A12,crisis,0,0.5480368191994442,0.5250035172705507,0.598278419899443,0.5184712322925038,0.8083333333333332,1.0,0.8370063652473072,0.02416695210735271,1.0,0.443,0.4996843069422108,0.6089431908426627,0.1602800485995426,0.19584803650516452,0,1,0.6944871220109109,0.006078267643349136
33,A13,crisis,0,0.6285541926775025,0.6290784566428904,0.4645705953941591,0.7717121753220604,0.5333333333333333,1.0,0.8627933915476457,0.0524719758204098,0.6,0.3352,0.4600638933489396,0.5707624835540264,0.5135937196322964,0.21866037535038935,0,1,0.98,0.06876484397630168
33,A14,crisis,0,0.6450676678014349,0.6172354773453749,0.5979370690772041,0.7037020607201743,0.5583333333333333,1.0,0.7550328220422946,0.09881677580089486,0.6,0.3602,0.49273554915444523,0.5941895787619931,0.47302133350562714,0.3491448929418597,0,1,0.8605975954292727,0.1043723006014007
33,A15,crisis,0,0.5248936370476074,0.5171569014639829,0.5032383294170343,0.5486774909641241,0.5916666666666667,1.0,0.8149502450956886,0.133799770425313,0.6,0.3106,0.5129695915866241,0.690718267118037,0.3863513946897408,0.32177178678401674,0,1,0.98,0.09728894035684092
33,A16,crisis,0,0.6398182931362546,0.6417646912631394,0.6391418295016402,0.6391936999872393,0.6166666666666667,1.0,0.6490960135089868,0.028592617616331896,0.6,0.3946,0.40818552573009187,0.5510203447984188,0.38274053558201615,0.402114672077239,0,1,0.8224491497862614,0.16960436756400704
33,A17,crisis,0,0.536257763294438,0.5339545091022401,0.5111965012894559,0.5596259014189209,0.6416666666666667,1.0,0.6962581056908608,0.13099553841743988,0.4,0.3441,0.45239103978278883,0.5269693825742698,0.6510814625722074,0.427824488251878,0,1,0.9126144864647253,0.15867940622664697
34,A00,crisis,0,0.534866108135433,0.49650993133131666,0.4262181792025022,0.6539056564543202,0.7000000000000001,1.0,0.7873273491578499,0.1049855452190641,0.4,0.3744,0.4600280989633711,0.6437487979341279,0.540422645915752,0.35226144651249625,0,1,0.8746538019546745,0.08719399717022701
34,A01,crisis,0,0.6030347010460746,0.4548572710539729,0.6917253730319062,0.6180412568035357,0.6166666666666667,1.0,0.6746844458928809,0.12431344717961568,0.6,0.3719,0.4999851043403171,0.6408546813667659,0.46693113964955707,0.285163449518312,0,1,0.8106405980394583,0.1470218543265876
34,A02,crisis,0,0.591358609548551,0.5555959247720629,0.4807868051251134,0.7104606164043639,0.5333333333333333,1.0,0.7159209812732716,0.011806401018426902,0.4,0.3154,0.31933875523716837,0.5103926471905147,0.6310778702877015,0.435662430802385,0,1,0.9583611434077243,0.15657313552615976
34,A03,crisis,0,0.6127371822057972,0.7463891520938858,0.5645101161921494,0.5714033837876836,0.8166666666666668,1.0,0.7791468037045438,0.11041369509094898,0.4,0.5004,0.4872142624766212,0.5019509742829495,0.5294721513229778,0.38487434164325984,0,1,0.9288637123646243,0.10666984914469115
34,A04,crisis,0,0.5728113238769067,0.5665936313256822,0.5308947723537217,0.6133743643042089,0.7583333333333333,1.0,0.7992514670097005,0.040459147383451355,0.4,0.4344,0.41596061012654256,0.5236712459895566,0.5009665221876177,0.33946339773864664,0,1,0.828090900491257,0.0671023367712117
34,A05,crisis,0,0.5122729724649021,0.4791731787830651,0.5843803381185025,0.4698663985691497,0.9249999999999999,1.0,0.9013994956307655,0.10414907548911384,0.6,0.4739,0.5548364312504876,0.6102313938572933,0.3556730026917429,0.2104193682825993,0,1,0.8991167689939701,0.02602423368683042
34,A06,crisis,0,0.5744889820616379,0.5902802515870645,0.4443169481049585,0.6785199683203407,0.7000000000000001,1.0,0.8202773986873625,0.01616574716969666,0.4,0.4021,0.3629314695616243,0.5352036389513991,0.6829365835518019,0.38827541284641215,0,1,0.9043501042814659,0.07455316102699527
34,A07,crisis,0,0.5114413714650343,0.44393605420674775,0.514341500828656,0.5510945815582945,0.7583333333333333,1.0,0.7230844035300372,0.08579210567432126,0.4,0.3878,0.4425287919599524,0.5115856310928022,0.5623854692201328,0.33586420255227845,0,1,0.8340057863952063,0.11879233563460628
34,A08,crisis,0,0.5644366886997405,0.580452979457713,0.6694382922548774,0.4625501038652628,0.7000000000000001,1.0,0.7618372233144904,0.10210245450352877,0.4,0.3951,0.45845070793571513,0.47647612822543095,0.47683171697210464,0.3171888950294793,0,1,0.770780874233652,0.07514790221701448
34,A09,crisis,0,0.5599402026876423,0.6085585529816492,0.5406104384075754,0.5464672774989465,0.8416666666666667,1.0,0.7783455902087916,0.03265281871219802,0.4,0.4713,0.4085729312081449,0.5392992631842424,0.5397512270978735,0.3607099493419298,0,1,0.9233673536510193,0.10575747471096691
34,A10,crisis,0,0.6012708923616432,0.5405134883180712,0.5388859543804937,0.6938310906223816,0.6166666666666667,1.0,0.7324653905041482,0.07583630492249313,0.6,0.3708,0.4761765246056655,0.6301897356584503,0.38875902079658275,0.37221896293977763,0,1,0.7838497414770529,0.09848290604344964
34,A11,crisis,0,0.6111440064210407,0.5459003793446969,0.6085138541119354,0.654222656614223,0.9249999999999999,1.0,0.7876930484580089,0.012785538788408315,0.4,0.5653,0.37216474165793034,0.48299799061563453,0.5333311770099276,0.322910003213868,0,1,0.8076317328969627,0.06875858526566625
34,A12,crisis,0,0.546586702846058,0.4423239271370752,0.5445808920500056,0.6135060221107183,0.7000000000000001,1.0,0.7748894493483787,0.040737852047260784,0.4,0.3826,0.40352281347566443,0.48529418370129085,0.663823753321903,0.3121224326275103,0,1,0.7687172141046456,0.06607113564410269
34,A13,crisis,0,0.5382068695638325,0.6606355991693164,0.4029218895303684,0.5800632710896861,0.725,1.0,0.924572203655024,0.01663927531297009,0.6,0.3902,0.4153350020240873,0.6010041544277481,0.5582140894466521,0.29407878529310794,0,1,0.98,0.03418689756467611
34,A14,crisis,0,0.5546790038303124,0.622295909189917,0.517065408906839,0.5453303335385988,0.7583333333333333,1.0,0.7520533675522969,0.046441736656188205,0.4,0.4206,0.41568522334809604,0.5005070868827166,0.617172993323891,0.389618445553496,0,1,0.8224015753765984,0.09597799383133854
34,A15,crisis,0,0.6365030563137989,0.705798886740134,0.559963199617834,0.6601655369063086,0.6416666666666667,1.0,0.812697790029596,0.01707088783813467,0.6,0.4084,0.4043389393942636,0.5714599687133065,0.564852525263363,0.28150103525770476,0,1,0.9066638685017654,0.07980191455722759
34,A16,crisis,0,0.5139311645169509,0.5728071072431294,0.5333261708648723,0.46016306975865784,0.7833333333333333,1.0,0.8197779711978402,0.06642739253758838,0.4,0.4026,0.44362500154290097,0.632805288282706,0.6299039366304927,0.38877520016118017,0,1,0.8751588413872698,0.06713396645026143
34,A17,crisis,0,0.5957173174475475,0.5524117178533332,0.5596284520287635,0.6543610744353675,0.7000000000000001,1.0,0.7627630815124951,0.15210423189952219,0.4,0.417,0.48857523468075525,0.5736537184078083,0.6343930015455436,0.3914456461062996,0,1,0.98,0.13037873461003233
35,A00,crisis,0,0.6705282344189656,0.517687169200428,0.6669395349512766,0.7691940122147796,0.7833333333333333,1.0,0.8105442352058595,0.07535004962140483,0.6,0.5252,0.5210069530806499,0.5948910865602645,0.4628791651763947,0.20127459829775596,0,1,0.7627216881770639,0.04188060469050283
35,A01,crisis,0,0.7215472551334847,0.7447392822159827,0.5821308705735971,0.829041574696825,0.7000000000000001,1.0,0.8794385755767147,0.037769333489660904,1.0,0.5051,0.5447956631531267,0.5539852030404253,0.3096368590291029,0.09067857454560269,0,0,0.876281815068424,0.03230821870010457
35,A02,crisis,0,0.5944707441325794,0.5457692193116521,0.6582901279054773,0.5690672363443732,0.9500000000000001,1.0,0.9000115462458558,0.05631909383091165,0.6,0.5647,0.5243252497607414,0.630312717014086,0.4506909422839218,0.1759429082126909,0,1,0.868303698242251,0.018615705984488973
35,A03,crisis,0,0.6278091632935174,0.5676668629076885,0.6511879184854794,0.6449416902416938,0.7000000000000001,1.0,0.7784086204488638,0.08035860648139792,0.6,0.4395,0.5034018771638838,0.6342497394470697,0.4726115635007464,0.2707496537124963,0,1,0.7757829409974791,0.06579895611553085
35,A04,crisis,0,0.7248261951012864,0.7972802498521723,0.6658689052126496,0.7311300395345399,0.8416666666666667,1.0,0.9100838243640478,0.044239723234592486,0.4,0.6101,0.4605183966968593,0.6760498004204339,0.5503533679453744,0.28252962286435723,0,1,0.8208750637016499,0.00019428911944389948
35,A05,crisis,0,0.6253654549627206,0.6620462235517036,0.6503707388744151,0.5805603511718733,0.9500000000000001,1.0,0.8469277513135453,0.10617786792910766,1.0,0.5941,0.6486346741296115,0.7105279561083913,0.21670955824100482,0.16941689499756807,0,0,0.7786791393415876,0.02443186960709156
35,A06,crisis,0,0.6141215763152934,0.5270679008770949,0.6521062089765902,0.6352935698855329,0.7000000000000001,1.0,0.7914211019258217,0.05843831159784582,0.6,0.4299,0.4820439033325915,0.5276907148124317,0.4832233681507141,0.32084209580331,0,1,0.8292689209064965,0.07234714802070326
35,A07,crisis,0,0.6922762922168174,0.5684803696980729,0.5249948828879742,0.9160199769537705,0.6749999999999999,1.0,0.8362548955363595,0.01428966918390012,0.4,0.4673,0.3662336626287928,0.43196713211343885,0.5105065724696966,0.33700514243814705,0,1,0.8865355942590308,0.06020838048441844
35,A08,crisis,0,0.5652938135702469,0.7017405671079884,0.6223509957617112,0.4300895581916273,0.7583333333333333,1.0,0.8095004131672052,0.05104607297754672,0.4,0.4287,0.4299531777555664,0.5420721031051307,0.6047075945312318,0.3174103435576699,0,1,0.8578094479217858,0.06879444620397726
35,A09,crisis,0,0.5882853484466826,0.5833378881555205,0.5402231460539307,0.6334319382223168,0.7000000000000001,1.0,0.7648203466514387,0.08145594106423198,0.6,0.4118,0.4971634206493018,0.49436955212134276,0.36850396536098406,0.2420424793109588,0,1,0.9059284199869049,0.10996819129218277
35,A10,crisis,0,0.664555542614353,0.4874630807827748,0.6421129935117078,0.794875561723904,0.7000000000000001,1.0,0.7483389503605994,0.09272955824301177,0.6,0.4652,0.5130925116474394,0.587157518136695,0.42366841643137726,0.22826503780112156,0,1,0.8361553812968342,0.10221299992281925
35,A11,crisis,0,0.6128603629263807,0.634858274889971,0.5244530738323675,0.676468045906398,0.7000000000000001,1.0,0.797103210890206,0.08147524123170086,0.4,0.429,0.4550556062848073,0.5004325657709688,0.4969465064307169,0.28216331783582416,0,1,0.8790494451670847,0.08219498174221102
35,A12,crisis,0,0.6439722538893042,0.6701777477698442,0.599758775484089,0.6662806138185301,0.7833333333333333,1.0,0.7440966160365017,0.09940176587586548,0.6,0.5044,0.5269242723524414,0.5678873359314854,0.35509022010030966,0.37035772687029855,0,1,0.7972026741319319,0.0943342989561448
35,A13,crisis,0,0.6574353538265496,0.763080622657062,0.6357881216914489,0.6103483889256925,0.7333333333333334,1.0,0.784070202617341,0.08934874002954861,0.6,0.4821,0.5203726764926665,0.6615889289621549,0.4635448035413062,0.2434627336416108,0,1,0.8889013745537371,0.09305245734093091
35,A14,crisis,0,0.5844511634715212,0.6460325813870277,0.5507113249016994,0.5754851360229236,0.7000000000000001,1.0,0.8516983870283303,0.0843211674566225,0.4,0.4091,0.4611766653138925,0.5177674735239324,0.6313988005317364,0.3459260408540117,0,1,0.8432078073286657,0.039441533680189995
35,A15,crisis,0,0.551075492940721,0.6588685076899335,0.48169259014591226,0.5444148986679209,0.6749999999999999,1.0,0.6907134808055038,0.029814432663617593,0.4,0.372,0.37359154825370733,0.4159634494506114,0.6692128004069433,0.314242645826937,0,1,0.8542764876952188,0.14718879565397203
35,A16,crisis,0,0.5830140014788088,0.7343163373184296,0.4956306758809623,0.5649104514771615,0.8416666666666667,1.0,0.7484906817117262,0.1450640957141821,1.0,0.4907,0.6340680747151457,0.6544273877515456,0.22551404038476305,0.1745534461588351,0,0,0.812227255254671,0.09555298024345175
35,A17,crisis,0,0.6292674770828306,0.6821840551659928,0.6263595108134713,0.5987390862665437,0.6166666666666667,1.0,0.8025063988591702,0.13536696533486017,1.0,0.388,0.6060262637556565,0.7323678392227487,0.20497561793136304,0.21561844909092226,0,0,0.8972261192695447,0.08363057599631403
36,A00,range,0,0.731848237806551,0.8398906639008976,0.6657738084974694,0.7221368471430305,1.0,1.0,0.7181565375415401,0.17795201588895423,0.6,0.7318,0.5710527101035229,0.5414994865559135,0.40227943522060544,0.33326593568516577,0,1,0.6731298259152908,0.07630827696854703
36,A01,range,0,0.5646764946693795,0.6644845960152943,0.6885151471711876,0.39393761038910086,1.0,1.0,0.7926802706846583,0.1594585484688531,0.6,0.5647,0.5431557108528732,0.5784684353208628,0.41198838029429563,0.28031300435843753,0,1,0.8368771458408255,0.07362753701755523
36,A02,range,0,0.7928076789805314,0.7817616075460786,0.787207312078537,0.8046117946663094,0.975,1.0,0.8213758908550829,0.23999336079052178,1.0,0.773,0.6934467777306851,0.7266521110545885,0.07843342839467557,0.20347140115203238,0,0,0.7802778960824376,0.040198361063863666
36,A03,range,0,0.6482657826721183,0.744725792472926,0.6442943838328985,0.5914532505309309,0.975,1.0,0.8921484073404872,0.21396709471527567,0.4,0.6321,0.556777809107914,0.6616293230526257,0.4679960486454252,0.26774870823512387,0,1,0.9366107172436697,0.04095749798505748
36,A04,range,0,0.744716157671704,0.8221464345735219,0.7293663401589323,0.7097533249317429,1.0,1.0,0.8179753814044998,0.2434670134206228,0.6,0.7447,0.6255593801945617,0.6181975310609258,0.3136290233871926,0.26181109388434637,0,0,0.7424185362104189,0.03152498490788972
36,A05,range,0,0.7846641043223521,0.8408312891488944,0.8078971029492078,0.7292307400072645,0.975,1.0,0.6599798443117721,0.34950517690236144,0.6,0.765,0.6438491520337869,0.6583781791340789,0.3857786446624115,0.3079160204738104,0,0,0.6935272922900273,0.12460615592166438
36,A06,range,0,0.7862395031827956,0.8425598649172663,0.805570657887834,0.7341245167318426,0.9249999999999999,1.0,0.7391416288193586,0.1989328472592245,1.0,0.7273,0.6458308511336442,0.6121086533939389,0.2755346034272214,0.1383798649577928,0,0,0.8002069510780564,0.09851008883440701
36,A07,range,0,0.7104222370021,0.721657376315006,0.8184507761303441,0.6088753031943201,0.975,1.0,0.7586619450732707,0.24647173657789967,0.4,0.6927,0.5626655941447626,0.6322770048985855,0.5552630423891918,0.41344043932964736,0,1,0.7383942075636276,0.0680068166544928
36,A08,range,0,0.7157743031175392,0.7115113591302654,0.6871220898031982,0.7435093297596338,1.0,1.0,0.7571952735336659,0.2853342290559243,0.4,0.7158,0.5824432100889612,0.602985578813853,0.47134314356333307,0.3645782573901106,0,1,0.735971292694941,0.06827700038674793
36,A09,range,0,0.7249136043331748,0.8301829618521086,0.8613699015180684,0.539720995847059,1.0,1.0,0.7955385777116702,0.19998584407592215,0.4,0.7249,0.5510206298061294,0.5451607768566783,0.5112428997796464,0.38293373794379937,0,1,0.8075004982755688,0.06376685380926689
36,A10,range,0,0.6723434484829283,0.8174280761841843,0.7244692171338164,0.5360555086001162,1.0,1.0,0.6705902080949153,0.3631077306271118,0.6,0.6723,0.6351286476826091,0.6028897266698413,0.45442557031322817,0.3675695809681699,0,0,0.5891916981929971,0.08483769362912286
36,A11,range,0,0.756588859734515,0.6708509640157363,0.862887675547978,0.7171635807219715,1.0,1.0,0.6479709813951324,0.36400354262801954,0.4,0.7566,0.596912805025188,0.6040847790472003,0.5829635143803624,0.4267164350218648,0,1,0.69262081038441,0.13352014398511922
36,A12,range,0,0.6912981502355795,0.6765794605908687,0.7181647009675924,0.6769890993730122,0.8916666666666666,1.0,0.7272902885637721,0.2847553676896004,0.6,0.6164,0.6050701846315308,0.6185193001888627,0.3402984798193088,0.3380068028029531,0,0,0.758251967990753,0.09480125978489479
36,A13,range,0,0.5830221989174141,0.7754053785979164,0.6394940044585296,0.4133698817686243,1.0,1.0,0.7419008983232731,0.22956640076264562,0.4,0.583,0.5346670753732996,0.5564054489234431,0.5322270759761029,0.2871344174370201,0,1,0.7566492830235486,0.08440030120508422
36,A14,range,0,0.579204307691972,0.8843316246271354,0.5558785040683114,0.40890981277819793,0.975,1.0,0.8291458888595789,0.14593193846638913,0.6,0.5647,0.5388260196675491,0.6977093212034344,0.5130395982379505,0.2226416997024689,0,1,0.7686494249929298,0.03221409781561316
36,A15,range,0,0.6907355407639895,0.8407620573295944,0.6910277606078844,0.5967132755470783,1.0,1.0,0.7869996591076202,0.30003790321527823,0.6,0.6907,0.6366295075009625,0.6407724318611483,0.37654838863630197,0.3194781349228652,0,0,0.7466703824040022,0.05204581007611368
36,A16,range,0,0.7427315327592402,0.7022874250730662,0.7159011309333885,0.7914857016607192,1.0,1.0,0.7067504092193316,0.28256730961370935,0.4,0.7427,0.5770235618677428,0.5883910851844903,0.5513745400016724,0.36324864028479964,0,1,0.7790440231329461,0.11500333860495413
36,A17,range,0,0.7424001312984688,0.8338453806541525,0.8772082217634756,0.5672897712942856,0.9500000000000001,1.0,0.7919897284761034,0.21647807624397566,0.6,0.7053,0.6005061209098689,0.6558388831178109,0.4723262159577265,0.3389347060778395,0,0,0.7866471405103885,0.060200216661881426
37,A00,range,0,0.7680042364800568,0.8543114511381319,0.6969612314580148,0.7762248567130465,0.7833333333333333,1.0,0.7243824195724821,0.27835063283361894,0.6,0.6016,0.5976206347538584,0.5926244652634267,0.34986940016191104,0.23218172640676832,0,0,0.7849733975525048,0.10434607672311809
37,A01,range,0,0.6964596471482132,0.7982656130342424,0.6829334728351419,0.6446663209933823,0.9500000000000001,1.0,0.7941075386320765,0.30162812889828927,0.6,0.6616,0.6326029384707316,0.5597024974155896,0.4477426155316885,0.2981104134512492,0,0,0.7443672844683957,0.04689055473463187
37,A02,range,0,0.7886177826834686,0.961731700575646,0.8065235065343674,0.6647540756313212,0.975,1.0,0.7269316762004557,0.29700259577058136,0.6,0.7689,0.6375082169705307,0.5959563624238715,0.3825876725651721,0.30756295515798876,0,0,0.6997129185161886,0.07811748555643791
37,A03,range,0,0.7558986337645578,0.8137897458275233,0.6325498994051381,0.8276468312896967,0.975,1.0,0.7345826859923296,0.1383577479797879,0.6,0.737,0.5471535931968833,0.5595871597915248,0.5100505844593612,0.3593577144412256,0,1,0.6623617851700253,0.061772443983111686
37,A04,range,0,0.6954813091627456,0.6947303737200086,0.7701322439497293,0.6306310758758457,0.8916666666666666,1.0,0.7049744064313906,0.26275996791192496,0.6,0.6201,0.5925603304399536,0.6150007286612967,0.48993979530918935,0.3021295719163386,0,1,0.6158031235865198,0.06813936120819636
37,A05,range,0,0.746986237344538,0.7479058051022072,0.7027213284813408,0.7851433027512922,0.975,1.0,0.9129010600443032,0.3385099481545432,0.6,0.7283,0.6789048825957493,0.7778897784561285,0.3655864988712937,0.24751447773510848,0,0,0.8279493318926814,0.000587673266636099
37,A06,range,0,0.7345112312867264,0.9568279292460438,0.6248865149816929,0.6914849218290571,0.9500000000000001,1.0,0.68608364760112,0.20631564340148517,0.6,0.6978,0.5759988973992333,0.5504539032202223,0.4150187628400547,0.2705251215117822,0,1,0.6878393403393218,0.10352887848560344
37,A07,range,0,0.775849210794995,0.8429753271814451,0.8220325061955569,0.6934850045779721,0.975,1.0,0.6877282600241797,0.2063229704678823,0.6,0.7565,0.5856036915027708,0.5878253019114387,0.4337419345926008,0.29320232266011403,0,1,0.710749846342328,0.10907304521852855
37,A08,range,0,0.7007189667380709,0.7722215602313519,0.68108019497218,0.6732137710999249,0.8916666666666666,1.0,0.7638696039291066,0.22356583143454112,0.6,0.6248,0.5851124307177837,0.6640596927429089,0.5060017085784397,0.22804772384621874,0,1,0.743322313646774,0.06600183382634021
37,A09,range,0,0.7025002117451886,0.9042996010694582,0.6872158639993128,0.5897493976951615,0.9500000000000001,1.0,0.8199772426167258,0.2927226228107547,0.4,0.6674,0.586720010919333,0.6992987612015034,0.6177798339727661,0.39695481634596164,0,1,0.7616169237542896,0.035781802715694457
37,A10,range,0,0.7119307232061913,0.7121594587351535,0.7047761218810286,0.7180480396601072,0.975,1.0,0.837812334518394,0.15946956769962825,0.6,0.6941,0.571537678281517,0.6327233674462998,0.5093051873447678,0.26349423017608364,0,1,0.8587241252777256,0.05185213285368345
37,A11,range,0,0.6733400303908043,0.7571652521784068,0.8165771066658676,0.49561682503287247,0.975,1.0,0.8449348816936082,0.14237694216909677,0.6,0.6565,0.5542417384607026,0.49359919653994744,0.3794265323816624,0.33131912085976756,0,1,0.7273045375297696,0.010955329891054952
37,A12,range,0,0.7570909936215671,0.71935621440236,0.6602666066714694,0.865396569214907,0.975,1.0,0.7883637287907659,0.15758360966928725,0.6,0.7382,0.5696380491641478,0.6060193302715743,0.4481488417455464,0.3325740949503947,0,1,0.7980532407963905,0.06567653851721156
37,A13,range,0,0.7058992827171193,0.8543143378819154,0.8295558045305342,0.5049404166523838,0.975,1.0,0.8168370162557463,0.2501224133845995,0.4,0.6883,0.5724434247906296,0.651305962377673,0.5935190874370673,0.34954487922602884,0,1,0.892728190111032,0.07359389452363488
37,A14,range,0,0.7316080401610281,0.7867426962078569,0.576576452791278,0.8328015190802913,0.9500000000000001,1.0,0.7760248903489733,0.2361434668848596,0.6,0.695,0.6062971762521534,0.6333837831064179,0.4213233668097684,0.3244324982659554,0,0,0.811925057106267,0.07740667555699488
37,A15,range,0,0.6951024274282636,0.8999609068513331,0.7010843131806551,0.5618317277555026,0.975,1.0,0.7740271639979167,0.20570881442265337,0.4,0.6777,0.5434665355851317,0.5857724671390478,0.5588754802126326,0.348609234364262,0,1,0.8662882581348893,0.09347634975509864
37,A16,range,0,0.8130819813951882,0.8043926843113097,0.8981337270860936,0.74409251459307,0.8666666666666667,1.0,0.8420214091789456,0.17091840859166713,0.6,0.7047,0.5801904968870097,0.6532907309008994,0.33386384582993917,0.2709837009602996,0,1,0.8099095361561655,0.036039760964634036
37,A17,range,0,0.6752208446948096,0.7947833048801126,0.6596193397382502,0.6141456239159849,0.9500000000000001,1.0,0.8964337412803298,0.1866092265461699,0.4,0.6415,0.5441422970241329,0.5831226492112431,0.6258703882120221,0.2319314496839323,0,1,0.7928674825606598,0.0
38,A00,range,0,0.6258013494800094,0.687910425535786,0.7117200149412216,0.5118043446665885,0.8083333333333332,1.0,0.7666708945346628,0.20451321978958786,0.6,0.5059,0.5516689817572947,0.5441989515983054,0.3339621778316872,0.24207676061680203,0,1,0.6349920743061604,0.03209421369806781
38,A01,range,0,0.6788607803419908,0.8492757529968529,0.6107567835619485,0.6319424196152391,0.9249999999999999,1.0,0.7442899254453516,0.3364111276794131,0.4,0.6279,0.5832341522136747,0.5568862912317993,0.6185267900334273,0.3314524771004325,0,1,0.8051441549904457,0.09640895380730059
38,A02,range,0,0.7671322646884197,0.7093207787706722,0.8061621568325322,0.7691132877609133,0.9500000000000001,1.0,0.6613539044555764,0.27780455441530355,0.6,0.7288,0.6102753047926974,0.5900469031472694,0.47547389516284677,0.31972710201954974,0,0,0.7132696186837665,0.12936129838524874
38,A03,range,0,0.7590276746010812,0.7849676407535634,0.7507109220424387,0.750092354244592,0.9500000000000001,1.0,0.7143768860622987,0.35262688687090926,0.4,0.7211,0.5994854927361428,0.6591100827556106,0.5951179674362648,0.3650007234202404,0,1,0.6541660234323393,0.07324719610375136
38,A04,range,0,0.7171349396509118,0.8892419983510602,0.7135958426052302,0.6126647378782903,0.9500000000000001,1.0,0.7582587337974516,0.31062796326680736,0.6,0.6813,0.6335576183001012,0.6582377015455101,0.41223517218218064,0.25990093576590995,0,0,0.794783291633995,0.0842338596578774
38,A05,range,0,0.6874121935685669,0.7766176552125874,0.6939441970835921,0.6259432769654071,1.0,1.0,0.7521376937125535,0.26645533772831276,0.6,0.6874,0.6157546377415465,0.6694430905544775,0.3364393819478546,0.32087883236711023,0,0,0.7788129193881832,0.08381746525011494
38,A06,range,0,0.6227228043505726,0.8191758104783495,0.6099145848620249,0.5111468675731914,0.9500000000000001,1.0,0.8269550199127389,0.25243486060595094,0.4,0.5916,0.5581809695141516,0.5802864441509034,0.5251848818328204,0.31267134865017143,0,1,0.6834554260548519,0.008853138330441102
38,A07,range,0,0.6166985443858282,0.7086047398592895,0.6661701921901645,0.5159694803861206,0.975,1.0,0.6414362627704138,0.12297322724595841,0.6,0.6013,0.4998150875683431,0.6202560267733073,0.3615000569665959,0.37980570213784975,0,1,0.6984556002604659,0.1403088217873914
38,A08,range,0,0.7102301054030542,0.6923874365520792,0.7220231048898197,0.7110628988839937,0.8333333333333334,1.0,0.7946715469220164,0.25231789455938003,0.6,0.5919,0.5968781231032242,0.700388567102467,0.34092418725684065,0.21116483598504962,0,0,0.7911686756906035,0.0597737579610112
38,A09,range,0,0.5928143579921217,0.6922345493749743,0.7232164627071325,0.4165748967522044,0.8916666666666666,1.0,0.6465099949731972,0.2470551831997328,1.0,0.5286,0.6151137426941846,0.658867691547059,0.15980022970623153,0.1638670794230086,0,0,0.863123312197931,0.18263685987621284
38,A10,range,0,0.7009740344472476,0.881570598744725,0.7060629349163821,0.5836483938508317,0.975,1.0,0.8019787560484128,0.3551470105875202,0.6,0.6834,0.6585745106460005,0.6110898011721018,0.30868055393882166,0.21637062180734593,0,0,0.7591792328086092,0.04618666745325287
38,A11,range,0,0.7695619859738905,0.8188939412902745,0.8285632543747194,0.6871034040504252,0.9500000000000001,1.0,0.7050250362537703,0.18695064841776643,0.4,0.7311,0.5305440504440795,0.5344163116183677,0.4615065193777844,0.3149397901789853,0,1,0.890862302059155,0.1467038766616042
38,A12,range,0,0.6371733057264821,0.6775802804363931,0.5789902671240674,0.6628291053099007,0.9500000000000001,1.0,0.7250610800596764,0.2442788118365139,0.6,0.6053,0.5857755994068441,0.5754082497383318,0.4639785718073977,0.23934764306202386,0,1,0.6634772078356456,0.06863115690471225
38,A13,range,0,0.6849643270287442,0.7341053510961892,0.6285218325580914,0.7036383696484124,0.975,1.0,0.700938720710295,0.25706198481335996,0.6,0.6678,0.5988384159092481,0.6367404250662343,0.417942484275186,0.3212962243329681,0,0,0.6798081268088533,0.09043360441480322
38,A14,range,0,0.7702766677981288,0.9162953529959518,0.6873927833778242,0.7515383884172557,0.9500000000000001,1.0,0.8372211784070923,0.25616933600468267,1.0,0.7318,0.6973036492258863,0.7457715755668576,0.1725625061131441,0.17452364911224272,0,0,0.8646203998554152,0.05378865244296527
38,A15,range,0,0.6661959918556963,0.864114374802647,0.5787399066393388,0.619021077078165,0.975,1.0,0.698714920780308,0.24770588367247223,0.6,0.6495,0.5910182626342282,0.5364230332345944,0.35382154368054747,0.3028125768328506,0,1,0.6617474577750562,0.08661750606116599
38,A16,range,0,0.7248071109474186,0.7595184049438432,0.7293834256867686,0.6991082768027219,0.9500000000000001,1.0,0.7667061777644659,0.273458667707811,0.6,0.6886,0.6209386527258159,0.6679257155531658,0.4138995095921047,0.35110814402313584,0,0,0.7593918462510042,0.06873632886017363
38,A17,range,0,0.7140046301914417,0.7794531860702589,0.8257956136308887,0.5752821722576649,0.9500000000000001,1.0,0.6944316381460761,0.21270843538606488,0.4,0.6783,0.5343831068948203,0.5041766549195288,0.5104737070503225,0.3782226556247913,0,1,0.8126253639679648,0.13314532297480933
39,A00,range,0,0.758703347495013,0.901049949589574,0.7911128023944592,0.6413784481488971,0.8333333333333334,1.0,0.7561750809358099,0.11965883272225276,0.6,0.6323,0.5182382559819587,0.5761304091166354,0.4631303492427887,0.2680409475537008,0,1,0.7475810504070445,0.07228386767127536
39,A01,range,0,0.7964215314059806,0.9364630186655666,0.8158768735603309,0.6918721774836827,0.9500000000000001,1.0,0.6346469436802137,0.13069842394984635,0.6,0.7566,0.5271005338951958,0.49846255377137844,0.41058886702112884,0.2920725868804465,0,1,0.5990335082234,0.11546931886259519
39,A02,range,0,0.7649989810331566,0.8536140830758853,0.7536212154665463,0.7195700871272349,0.9500000000000001,1.0,0.6234862499150285,0.2666641150030889,0.6,0.7267,0.5976654060109734,0.5932497989533169,0.3865734195041918,0.4158357208463632,0,0,0.6801408910882784,0.1490795201252013
39,A03,range,0,0.7729751130635312,0.7818576540602632,0.6457512827524545,0.8787443764627656,0.9500000000000001,1.0,0.8192119705607231,0.14097709154311117,0.6,0.7343,0.5612709142036405,0.6631507515090955,0.4054635947405356,0.3387507985093157,0,1,0.7945861524772136,0.04551983568900612
39,A04,range,0,0.7856051936705918,0.9392283559247389,0.7371318958387204,0.7320048528646372,0.975,1.0,0.742018790557768,0.34935438511000877,0.6,0.766,0.6601036992459923,0.705654311295148,0.4450085445713041,0.3257470535781962,0,0,0.660108632813498,0.05605828652739382
39,A05,range,0,0.6895862338666707,0.8911438008441954,0.6578057076749013,0.591420714923516,0.8916666666666666,1.0,0.8209965174835642,0.14891975058275522,1.0,0.6149,0.6043068568022271,0.6440811237915479,0.28028376770787,0.18697995444451881,0,0,0.8816150265289195,0.06810984775264223
39,A06,range,0,0.7464941757359966,0.8361794325660052,0.6960506558735753,0.7345789700968598,0.8416666666666667,1.0,0.8036985180388294,0.1502939496870082,0.6,0.6283,0.5479313062615299,0.6039002529567523,0.3898166540846546,0.31367090007982495,0,1,0.6714138467275967,0.019526880093986516
39,A07,range,0,0.7176816681517773,0.687501894579619,0.8375707607313291,0.6316410706272683,0.8916666666666666,1.0,0.7912458212540484,0.23052867986175712,0.6,0.6399,0.5957078879442362,0.7211910693920914,0.46127573410380807,0.20889886093147272,0,0,0.7579884339394115,0.052584813156511756
39,A08,range,0,0.6484000365684546,0.8819614304708021,0.6719025669469565,0.4818594512982982,0.975,1.0,0.7643946038537676,0.0544060870023775,0.6,0.6322,0.4477125555470079,0.5775471501685547,0.4398002446479251,0.3579308406276798,0,1,0.8131962004192608,0.08530754498744697
39,A09,range,0,0.6571747468854842,0.7957695357208194,0.6427912877556208,0.5831385306020301,0.9500000000000001,1.0,0.8445183864112715,0.1479179796771741,0.4,0.6243,0.5111672726351153,0.7118294102550936,0.5366375297843816,0.25139517236485587,0,1,0.8892797546430913,0.05601863235189654
39,A10,range,0,0.6582049171847831,0.7431179879954344,0.6516310726522777,0.6108863618940684,0.8916666666666666,1.0,0.677793605128447,0.21018498906810568,0.6,0.5869,0.5570239378630053,0.614085591398675,0.48038342839386894,0.28212481044368004,0,1,0.6984651829763344,0.1127451418799838
39,A11,range,0,0.7559064281769098,0.7803512698200608,0.7047136079868629,0.7854221198162313,0.9249999999999999,1.0,0.7051093658131485,0.2983696626213865,0.4,0.6992,0.5752159364927952,0.5801346442444046,0.5374790543480196,0.4441328468206781,0,1,0.630560552643148,0.07258951592739996
39,A12,range,0,0.6032974679975966,0.7562602889116937,0.5517502954665421,0.5527994808909586,0.9500000000000001,1.0,0.7246988792782901,0.33166613720781474,0.6,0.5731,0.6147012226852394,0.6733478651133874,0.3624548122308571,0.3144346511113388,0,0,0.6382051531938084,0.06122654625470757
39,A13,range,0,0.7095645135533568,0.8055465476969208,0.7039681508655168,0.6544725595654894,0.8666666666666667,1.0,0.6996533218187665,0.12969539738984384,0.6,0.615,0.5153829387311196,0.5629569696987946,0.35210166174690305,0.35156030106922476,0,1,0.6857300025053723,0.09311092324771152
39,A14,range,0,0.6623507378886971,0.7556115466069053,0.6787573776984241,0.5897069226063059,0.8916666666666666,1.0,0.7636501647266514,0.14542346212056761,0.4,0.5906,0.49286580459786977,0.45856073561491867,0.5909252577482442,0.3390466660294471,0,1,0.6780032264395357,0.04705142226403203
39,A15,range,0,0.7294447112204226,0.7528451074067056,0.9044581489425912,0.5616827055970982,0.8666666666666667,1.0,0.7391676296181576,0.3628535482724404,0.6,0.6322,0.6388656339184006,0.7136707600678377,0.330571077274454,0.3564318051213836,0,0,0.8652152404107901,0.11622991349949663
39,A16,range,0,0.6811286025130846,0.8930635045030071,0.6649363148914068,0.5628375404383511,1.0,1.0,0.8350700233946659,0.289402781732883,0.6,0.6811,0.6384834787399513,0.6137550387130608,0.36589968569787756,0.28518498818292937,0,0,0.6701400467893317,0.0
39,A17,range,0,0.7086255142668394,0.9101503642897288,0.7225618826389515,0.5704781606769355,0.975,1.0,0.7535694390948716,0.2028758925517979,0.6,0.6909,0.5848261208218758,0.6327846125386565,0.34638863437919865,0.269536957346034,0,1,0.6654456039599695,0.0499398234161368
40,A00,range,0,0.6428871375187063,0.7853876318871823,0.6940100456854323,0.5090917838925235,0.9500000000000001,1.0,0.7756217598196674,0.27810667596956823,0.6,0.6107,0.6102413130249705,0.6407501864375132,0.348623089009076,0.24657142612912225,0,0,0.7298656822212812,0.05449344257096842
40,A01,range,0,0.7239429743519112,0.7950664238130729,0.7450905851344419,0.660986659003971,1.0,1.0,0.7987160927244988,0.29025602821334145,0.6,0.7239,0.6403210735985656,0.6854836094635259,0.42205710026598464,0.233270795109343,0,0,0.7676874526120026,0.05063735622290717
40,A02,range,0,0.6713829999323054,0.8457627298914033,0.5697005066572712,0.6513678503235243,1.0,1.0,0.7156365178481954,0.19878661625121377,0.4,0.6714,0.5303156756124721,0.5787438291772803,0.48414682249667573,0.3938449932229322,0,1,0.7228027954658455,0.09269410691262739
40,A03,range,0,0.6266214571843565,0.7643079610927397,0.6244643417447896,0.5424548682512381,0.9500000000000001,1.0,0.6877730532935816,0.24397088264857109,0.6,0.5953,0.57727240495116,0.5251162753297879,0.4203059106746112,0.2528264889343415,0,1,0.6836199786997148,0.10104770190171417
40,A04,range,0,0.7303848882937792,0.8568184897262203,0.6850615856153203,0.6910217772421552,0.8666666666666667,1.0,0.7591468782764,0.24497750931279136,0.6,0.633,0.5958797707334749,0.5616733228284907,0.41953072612226916,0.3142409434994322,0,0,0.6408897016560644,0.038825709989012046
40,A05,range,0,0.6754138467436861,0.8117223624227391,0.701666317605837,0.5672501124398959,0.975,1.0,0.7747149063225772,0.30576597684114304,0.6,0.6585,0.6306979972958069,0.7112377589450415,0.5019894098318842,0.23332661284568407,0,0,0.7651060316528717,0.06516188136413002
40,A06,range,0,0.6797759672317254,0.8317843265469154,0.576076965011435,0.6755073696024859,0.9500000000000001,1.0,0.6649126522003683,0.17152773365211546,0.6,0.6458,0.5440660429399192,0.5314726867026681,0.395260877365351,0.346193525901233,0,1,0.7289699719011355,0.1312391278484966
40,A07,range,0,0.645388821099973,0.8195764630568206,0.658075072801255,0.5254210746383213,0.8666666666666667,1.0,0.7547741975067763,0.23443152554416502,0.4,0.5593,0.5330358775817612,0.6256999385603934,0.49946829539272225,0.31067891692639604,0,1,0.653781603549248,0.04562700827680722
40,A08,range,0,0.715199092431334,0.7591720250231702,0.7184562115510182,0.6848660303317126,0.975,1.0,0.7113034799423609,0.2358340222142339,0.4,0.6973,0.5510660249766557,0.5755429196194725,0.6035862887264282,0.3818763885626261,0,1,0.7295514488448107,0.09768551054609864
40,A09,range,0,0.7758541401353886,0.8683616690362883,0.8031548505911155,0.6941488129235652,0.975,1.0,0.8536190458288728,0.3361567085167773,0.4,0.7565,0.6228178428915837,0.5641344616460793,0.5447358514234832,0.23946852133144053,0,0,0.9285023864944516,0.06093341123912334
40,A10,range,0,0.7228920966288246,0.7081820692543412,0.7338245445481827,0.7225199718084385,0.9500000000000001,1.0,0.6022358623220891,0.40632142161045515,0.4,0.6867,0.5886461570387369,0.6155644242253268,0.44830999030508184,0.4076485127276537,0,1,0.7804053448944456,0.1953999960995068
40,A11,range,0,0.6322576605438806,0.7627116718293017,0.6567513268607276,0.5292919454632511,1.0,1.0,0.7757299347190546,0.30273961150432377,0.4,0.6323,0.5781741140207297,0.5958084352457222,0.4911506689461924,0.29921317614007614,0,1,0.737358244492807,0.056584685153557815
40,A12,range,0,0.6303334133603218,0.681294750675238,0.6257847534258336,0.6024626549811761,0.8916666666666666,1.0,0.7201407612702494,0.32436097101800426,0.6,0.562,0.6082244345137902,0.752416603172031,0.3428266936439938,0.28487292324880076,0,0,0.7440362151416768,0.09568174729495482
40,A13,range,0,0.7017756131557297,0.8415360452065671,0.8309359002529786,0.5014100919138635,0.9500000000000001,1.0,0.724575604765162,0.15112226659274558,0.6,0.6667,0.5440365550644839,0.6321993191576244,0.5013554986407947,0.3454057401044321,0,1,0.6997730897363698,0.07975837661522227
40,A14,range,0,0.6940009965096656,0.8622310211973887,0.7485852731685477,0.541095989003317,0.75,1.0,0.8119149128422706,0.2570252068489784,0.6,0.5205,0.5858568910897429,0.7812956548873815,0.36353659958034257,0.21305657357195004,0,1,0.8158288351872309,0.05587728643827167
40,A15,range,0,0.6148354928838498,0.6156796675741958,0.7715208270559033,0.47720821630183674,1.0,1.0,0.773163474426793,0.33521220606836755,0.4,0.6148,0.5860440112216043,0.5724373907993404,0.5278996461323341,0.29946922146438887,0,1,0.7518446887088769,0.06239346614037841
40,A16,range,0,0.7609996530127421,0.8450083272411878,0.7261631554881444,0.7389761669539867,0.9500000000000001,1.0,0.8689393184191045,0.3125441863224223,0.6,0.7229,0.6603516802903258,0.6213702913261049,0.3077920829362812,0.24141824693676978,0,0,0.9395311933967994,0.05489054789310585
40,A17,range,0,0.7270217108192945,0.8111822479817867,0.7212431048644714,0.6794776553032069,0.9500000000000001,1.0,0.8001533480928499,0.3696047353933536,0.4,0.6907,0.6145047890708167,0.5776608142175177,0.6092009176276102,0.4099251884659326,0,1,0.6928039815007528,0.028095509353644903
41,A00,range,0,0.7980093409725368,0.8712751955038561,0.7657599688734437,0.7804363824771685,1.0,1.0,0.7520441203694175,0.5037200160521074,0.6,0.798,0.7162119369296029,0.6873380990141582,0.3647659816577937,0.3585610847818942,0,0,0.7839540153532388,0.08532268158385856
41,A01,range,0,0.7753936037702482,0.7241714441659255,0.6433686901745287,0.9229292529192047,0.975,1.0,0.817531741560264,0.10262420829283041,0.6,0.756,0.5310216177431557,0.6068548868061527,0.44469518743532654,0.22248444328494768,0,1,0.8483249526075096,0.06129908336245242
41,A02,range,0,0.7486770435845886,0.7887980774588681,0.7455808389625261,0.7263105764574687,0.975,1.0,0.8062021544692919,0.2604884945076512,0.6,0.73,0.62906807045339,0.6731560218892613,0.3633841424033679,0.2460225031215681,0,0,0.8968531227555526,0.0812349186288853
41,A03,range,0,0.6731463110750668,0.7653415259505257,0.8649434366188161,0.44770181692712435,0.9500000000000001,1.0,0.6479318006601394,0.26423011770937005,0.6,0.6395,0.5868708576539825,0.5788998550419985,0.3632837972967323,0.3595620838579161,0,1,0.6522232871941807,0.1214722406042908
41,A04,range,0,0.6204274336156891,0.7534843059337126,0.6707646268428074,0.4932218443431959,0.9249999999999999,1.0,0.7622543462995726,0.33844962860021677,0.4,0.5739,0.5767947701172774,0.562938124033032,0.4676266364875777,0.381212487676365,0,1,0.7046488905646432,0.05584348543855865
41,A05,range,0,0.6492620351462476,0.8346598977299158,0.6669047566801724,0.5179509896892709,0.9500000000000001,1.0,0.763249379962005,0.19414479758807773,0.6,0.6168,0.56863284316057,0.5089229807707025,0.37253755361333984,0.3211470650351885,0,1,0.8670196370748462,0.10068333083032766
41,A06,range,0,0.6917400090884435,0.8470820778199352,0.764023645687921,0.5314030341067183,0.9500000000000001,1.0,0.8439980559555222,0.2902436877007639,0.4,0.6572,0.5876031050561965,0.5923967554659573,0.588391071792107,0.25749264925468973,0,1,0.7300804728714707,0.012312915368822633
41,A07,range,0,0.6533155372627069,0.6455740110307853,0.7170486878280893,0.6023874844129483,0.7000000000000001,1.0,0.6829408637501567,0.1707626842767688,0.6,0.4573,0.5085863554121811,0.5397313795314204,0.383508083313753,0.33861194787507115,0,1,0.8600110783323377,0.1543911347445216
41,A08,range,0,0.6545900951807356,0.7522740550690554,0.6840648131529892,0.567747242024814,0.975,1.0,0.8151419109003725,0.26884794276648366,0.6,0.6382,0.6182049866426825,0.7029614891425467,0.33700108693009045,0.21442950386888582,0,0,0.7926074715076971,0.047458562220013704
41,A09,range,0,0.7005701383085807,0.7613351277671289,0.7232435782901074,0.6427527599131523,1.0,1.0,0.7459411453636774,0.20562905482595786,0.6,0.7006,0.5869335260693126,0.6313310663839642,0.48054200887655896,0.32972838163438234,0,1,0.6474091755071258,0.04958262607223031
41,A10,range,0,0.6696568092407897,0.6762129060300854,0.7927428071921004,0.5578590005400831,0.975,1.0,0.76987605696361,0.25848389726460747,0.6,0.6529,0.6088368949873064,0.6287654304643359,0.39912807634571373,0.24825871838087166,0,0,0.8342561497343807,0.08750879642179778
41,A11,range,0,0.6730432806231861,0.7916196703418609,0.6775790353187259,0.594964251690417,0.975,1.0,0.6811234660412369,0.14559573912049933,0.6,0.6562,0.5317776487123774,0.6658952804463054,0.4719475423357048,0.3330634624291378,0,1,0.7866901447828005,0.1356146673410932
41,A12,range,0,0.8207716935720828,0.824235218765466,0.7524941614465024,0.8783498309361013,1.0,1.0,0.7704635833317429,0.4253971167354485,0.6,0.8208,0.7006467837882254,0.7298094397188535,0.48500585749808833,0.33479858114529426,0,0,0.7630047753756928,0.06731766026965348
41,A13,range,0,0.7551554746685675,0.98,0.8190031688146505,0.5587609139585995,0.8666666666666667,1.0,0.8816517559853807,0.2822332049889096,0.6,0.6545,0.6360796535462212,0.6507219638574392,0.35827882501544434,0.2924020023558225,0,0,0.8365282044562876,0.020343949374160272
41,A14,range,0,0.8063058979943282,0.6979176648812262,0.8735379921924309,0.815220461266677,0.975,1.0,0.5410390464133202,0.24216487532577963,0.6,0.7861,0.5783056811604582,0.5227287458203111,0.42554511770724335,0.3685395435026954,0,1,0.640494549982007,0.20805719945425794
41,A15,range,0,0.603570995050238,0.7159205480037771,0.7319250842600218,0.4210426963957153,0.975,1.0,0.6687656358445871,0.21418836582511758,0.6,0.5885,0.5587130673583249,0.5772599524426134,0.3379881791776569,0.3182765753478312,0,1,0.7189012383528542,0.12542984578407995
41,A16,range,0,0.6998133292240707,0.7627653937546903,0.6724508958396826,0.6844104181037731,0.9500000000000001,1.0,0.6983656321403318,0.2131180415267477,0.4,0.6648,0.5331576911288027,0.4981766993430944,0.4729408907263383,0.30700226044873996,0,1,0.6878425295995159,0.09465820409944598
41,A17,range,0,0.7460472678788393,0.8577140323295221,0.7239657764576362,0.6955768450907154,0.975,1.0,0.7144204308962586,0.2634235404011653,0.4,0.7274,0.5680311638531128,0.4668480478260221,0.4820143579395372,0.33328191223171766,0,1,0.6156834112702279,0.06144725131434247
42,A00,range,0,0.6936629537058703,0.7672489075951991,0.5813492347192959,0.7459462366382925,1.0,1.0,0.733508894481414,0.3069316024172662,0.6,0.6937,0.6304790076495277,0.5293262755888607,0.4988127825543216,0.3023030106919369,0,0,0.8285740088603369,0.11015240389753558
42,A01,range,0,0.6416433370636531,0.724465576178281,0.7008308435809902,0.5380903694143405,1.0,1.0,0.6983212791838037,0.37590457756527507,0.4,0.6416,0.5911667766329601,0.6566808968406245,0.5212024782809669,0.3828196655810045,0,1,0.7171237522344289,0.10328973509913274
42,A02,range,0,0.5515616947850798,0.7610692361531626,0.541214600684609,0.4296731887679399,0.975,1.0,0.6732968858826335,0.1467288729949072,0.6,0.5378,0.5113179205877031,0.5466187697531553,0.49466043871336685,0.26328012787704014,0,1,0.715568110533771,0.12108300679367599
42,A03,range,0,0.7088112422209567,0.7695984666320013,0.8312858254443848,0.5636539666435543,0.9500000000000001,1.0,0.7535622423629188,0.23114929257912759,0.6,0.6734,0.596427921142289,0.5638225216696879,0.45534060754879613,0.25504965207119873,0,0,0.683416315667703,0.0553108646386149
42,A04,range,0,0.7862217424285429,0.9309274433388028,0.8414986968584461,0.647413344233465,1.0,1.0,0.67888647971217,0.3460351918549654,0.4,0.7862,0.6014139496318924,0.6083279563043689,0.6159851573586715,0.38296137814605263,0,1,0.7205400470987072,0.11839619735978471
42,A05,range,0,0.5937194168627988,0.64617337374091,0.63639786746758,0.523592049534796,0.975,1.0,0.6859183739181332,0.17924306313035496,0.4,0.5789,0.5004971483116804,0.5516657995649363,0.6019440275095111,0.44608399129039505,0,1,0.7610122498379294,0.12486912595310601
42,A06,range,0,0.770622164658837,0.66212936670762,0.820609020004788,0.7946916649506406,0.9500000000000001,1.0,0.666391726356973,0.22671611324675706,0.4,0.7321,0.544209157607908,0.5591743518975797,0.5404533873758692,0.3420140579368621,0,1,0.6761825218726398,0.11462466123650152
42,A07,range,0,0.738458624899575,0.8909039200226465,0.7314969349255271,0.6492717941749473,1.0,1.0,0.8249866217520451,0.4786848268580326,0.6,0.7385,0.7125433377589531,0.7319933474522242,0.45961876193647233,0.24354251568672444,0,0,0.8916301996911191,0.06833996254716725
42,A08,range,0,0.7668042395710595,0.8173028391403632,0.6912614726666089,0.8013425358816387,0.975,1.0,0.7462811867325595,0.16822223058654234,0.6,0.7476,0.5715841604015909,0.5683385291028626,0.49762994997574667,0.35168145808715323,0,1,0.7342035016045597,0.07502693721399341
42,A09,range,0,0.6727198228974848,0.8341525113599171,0.7190608467524685,0.531275996735354,0.9249999999999999,1.0,0.893769415910365,0.266258146025894,1.0,0.6223,0.6900689937154776,0.6947605814927987,0.1740511505098952,0.17159116683798492,0,0,0.9388262713357514,0.04062152787949174
42,A10,range,0,0.7324840530877089,0.8526915636857895,0.6788846323594532,0.7042538521011323,1.0,1.0,0.6602173503814861,0.21882544250418584,0.6,0.7325,0.5838335025219523,0.6346801658468753,0.4761700197202912,0.2663895182939364,0,1,0.7256911154120942,0.13383330785850944
42,A11,range,0,0.7005099825157666,0.8168028174738773,0.7179853356239075,0.6125360266973242,0.975,1.0,0.6815153928726305,0.32497263600135967,0.6,0.683,0.6254331565426943,0.6065119114361922,0.3247576117435906,0.29968471796355156,0,0,0.8121857878457823,0.14241149753773744
42,A12,range,0,0.7138955088871148,0.8435325230842974,0.6124153391930767,0.7216675234961593,1.0,1.0,0.774514782671661,0.177058387781027,0.6,0.7139,0.5769286844865991,0.674919873880965,0.38708961234443995,0.34127490233422103,0,1,0.6430524625574491,0.029463560758859086
42,A13,range,0,0.6932860833838037,0.98,0.7820647262243506,0.43640857301320246,1.0,1.0,0.7047980626128468,0.20316274023522218,1.0,0.6933,0.6370289598888247,0.7333546858825168,0.09663697731367459,0.19881730213211074,0,0,0.7055462693548878,0.09529111232747356
42,A14,range,0,0.696533624927493,0.7177265779148885,0.6868588902928335,0.691753422115698,1.0,1.0,0.7951405870467252,0.17593239488922863,0.4,0.6965,0.5334379214849896,0.530816378978877,0.5966424705670305,0.3006452046325984,0,1,0.8975420778066945,0.08832428289176616
42,A15,range,0,0.7028585832791684,0.8622704156277782,0.6192534039507434,0.6763807199736592,0.975,1.0,0.7503711988237176,0.09333752337402088,0.6,0.6853,0.50247258354589,0.5638664444989383,0.48665025353327557,0.3589752084016571,0,1,0.7927713031821363,0.0889013596191372
42,A16,range,0,0.6433911291657566,0.6177415128743317,0.7066029964611467,0.6041117554644311,1.0,1.0,0.6473410315038659,0.309661293432305,0.6,0.6434,0.6062421031149638,0.5317217792855633,0.35822019837110497,0.27713783040065665,0,0,0.6465338600051644,0.12020361682135415
42,A17,range,0,0.772051715610421,0.8200671876243851,0.8243708281766479,0.6962628221062449,0.9500000000000001,1.0,0.7112827128045452,0.21146010686111222,0.4,0.7334,0.5446177402194307,0.5794128387620594,0.5458873891627252,0.31973149653269256,0,1,0.7497737234373467,0.10351229966170288
43,A00,range,0,0.7664718449880665,0.9152032122069537,0.7908922562709871,0.6521468806037063,0.975,1.0,0.8292357828776962,0.18811241859106903,0.6,0.7473,0.5971187908426292,0.6220225455153093,0.4190348158948723,0.19303455286821242,0,0,0.8610351860636847,0.05761822492595408
43,A01,range,0,0.7433633461685298,0.906668861993442,0.7077953228350857,0.6724194191947234,1.0,1.0,0.7318688611995829,0.30478971661009924,0.6,0.7434,0.6377632362525284,0.7081512566872425,0.43195053768031694,0.28544037504552944,0,0,0.631298507128006,0.054191539847136774
43,A02,range,0,0.5968279603512869,0.7356053906134653,0.6271051139856001,0.4835995570074014,0.975,1.0,0.6817780265054852,0.3050634805673007,0.4,0.5819,0.5542357903649459,0.6357725530576206,0.4619046667968151,0.45278201699977993,0,1,0.7306189082408195,0.11919153142480478
43,A03,range,0,0.7136591635078045,0.8538483945001262,0.6519268955812052,0.6800566285733777,0.975,1.0,0.77673058833064,0.1854748932250039,0.4,0.6958,0.5358532440340348,0.5710312468352083,0.5344896777803192,0.3158019975631083,0,1,0.7606626387384512,0.06260238941039371
43,A04,range,0,0.7049297331478663,0.7769393503956799,0.7049068325321611,0.6599437604067249,0.9500000000000001,1.0,0.7098560757178394,0.26641501335227663,0.4,0.6697,0.5592491711756586,0.5699562462708504,0.5701834288321845,0.33373960979343786,0,1,0.6341023985986056,0.07031976055359605
43,A05,range,0,0.710012476108852,0.9262314660244751,0.793577539890188,0.5017561766029185,0.9500000000000001,1.0,0.7659341769242336,0.28556026122259737,0.6,0.6745,0.6235198731288383,0.6493276642099445,0.4659499235970323,0.32518073103076006,0,0,0.8762759305075084,0.10140039377131427
43,A06,range,0,0.7454408991341396,0.8012897353262114,0.6408397484516668,0.8020613833612582,0.9500000000000001,1.0,0.6700100158244859,0.3472785821234202,0.6,0.7082,0.6352825051869366,0.5551954681438076,0.45399425517946723,0.3061443119463097,0,0,0.7864841579841109,0.1437824839860064
43,A07,range,0,0.7315347520563898,0.7203592448516657,0.7613832377093124,0.7124020191130354,0.8083333333333332,1.0,0.7179335101218511,0.18809932889149109,0.4,0.5913,0.5103071018140679,0.5579147070927857,0.6091760623512482,0.2943727240625541,0,1,0.7187690312451178,0.08991974652249954
43,A08,range,0,0.6269536892611125,0.6086282290401359,0.801140309009398,0.48599380961947325,0.975,1.0,0.8978505724639917,0.20013335631766951,0.6,0.6113,0.5912305582943148,0.6554636785015531,0.3456111826340523,0.1646627060691871,0,1,0.8581838009071321,0.017102001950597245
43,A09,range,0,0.6665765490576132,0.8512039649025661,0.6959394028419156,0.5254919170932533,0.975,1.0,0.8497906523206401,0.3542713666354418,0.6,0.6499,0.659958235880828,0.5705340125301964,0.3282607044288218,0.20990687883750436,0,0,0.7807931293522582,0.02333845700563457
43,A10,range,0,0.6997680859949624,0.7496736565538057,0.8233823372689506,0.5604146345309456,0.9249999999999999,1.0,0.8530449403597842,0.4375674913986186,0.4,0.6473,0.6351295840906175,0.6479301309916824,0.4309549159605023,0.2868118774394177,0,0,0.9174354393253923,0.05839222587754977
43,A11,range,0,0.7032511200184843,0.7550247751837998,0.6763586609309622,0.6944234872417442,0.975,1.0,0.7135398348364163,0.37224763487442125,0.6,0.6857,0.6487374822480161,0.6583741307222881,0.39752859549832625,0.25965063426850576,0,0,0.5941822062744909,0.05536535714496761
43,A12,range,0,0.6604829355114219,0.7655546177564415,0.7275663336585098,0.5361151607295828,0.9500000000000001,1.0,0.8039843053975141,0.2032450566100441,0.6,0.6275,0.5819231080572611,0.6373855561435403,0.35431806799501325,0.21238211303689494,0,1,0.8387253363226872,0.06705046482121331
43,A13,range,0,0.6140175169090027,0.7611273074371065,0.6269817557917438,0.5107301888065395,1.0,1.0,0.7302301193440236,0.18459933533602904,0.4,0.614,0.5161138342142427,0.6177492880913581,0.5693173512793884,0.32479431908058765,0,1,0.749975348023873,0.09042504148475117
43,A14,range,0,0.6915609851338081,0.7910840397101438,0.7108665319493175,0.6124667225600278,0.975,1.0,0.7141505066100479,0.12383478354643973,0.4,0.6743,0.4841309754153077,0.5352952397192964,0.6583500475656594,0.3599354708619704,0,1,0.9032645214229743,0.14354247285162547
43,A15,range,0,0.6747233600405198,0.7548654193210188,0.5602001490914178,0.724842382570672,0.975,1.0,0.8407108922941091,0.33872007254374736,0.6,0.6579,0.6543273403345531,0.6864342085657064,0.36681951549799025,0.27511043539449137,0,0,0.7973672315570856,0.03334160459833212
43,A16,range,0,0.7044492270795137,0.7720111312237481,0.7166609799355315,0.6515377532403519,0.975,1.0,0.8072073229178033,0.22206673227780221,0.6,0.6868,0.6031129846374655,0.6014938601720242,0.42036197171439404,0.2846121307416367,0,0,0.7166978091708561,0.030715062266121404
43,A17,range,0,0.6908419255793357,0.7978830377442377,0.6526659730332548,0.6573451889540927,0.975,1.0,0.7114642581764202,0.21146959373962576,0.4,0.6736,0.5360719614611652,0.5128141921118372,0.6418480126168108,0.34905064196575974,0,1,0.8045662458578453,0.11880158626201909
44,A00,range,0,0.7372692512596655,0.7712087487670038,0.8558782085565728,0.6122742276827849,0.975,1.0,0.7951591818905923,0.377787806025949,0.6,0.7188,0.6717351157310952,0.7490004770275006,0.4485507512225027,0.2527809443024985,0,0,0.7469090280387882,0.04695686578378746
44,A01,range,0,0.7386072631828031,0.9029427572108841,0.7308094509891045,0.6427206650847386,0.9500000000000001,1.0,0.6658862901464954,0.2919835341051395,0.6,0.7017,0.6125562933271392,0.5129827832317212,0.4221758277507889,0.3204544496513987,0,0,0.7210194981728097,0.12820301234989748
44,A02,range,0,0.693686669733712,0.7737331032847676,0.7367312581174373,0.6059936339285426,0.9500000000000001,1.0,0.7213013722631346,0.35652713374895334,0.6,0.659,0.6396304808583249,0.5824025545530626,0.3750068029451705,0.34690741434702577,0,0,0.6816059177307798,0.07665014833501131
44,A03,range,0,0.8465668324811939,0.9288263824047377,0.8036862994574632,0.8326750801747432,0.975,1.0,0.787508382147306,0.25718503262419906,0.6,0.8254,0.6393508180267765,0.6546832633252622,0.38124387871683363,0.269367142021996,0,0,0.7686539886530366,0.05797644134247017
44,A04,range,0,0.7144152014900631,0.6801225516817375,0.7431439198228419,0.710710479079085,1.0,1.0,0.735792640514056,0.20533975033944452,0.6,0.7144,0.5872828223651673,0.5073480498959212,0.43906407996778923,0.28197262730099565,0,1,0.7253965328830071,0.0795583280112108
44,A05,range,0,0.6336140711489717,0.7890287508705575,0.7250068332762094,0.45651122946164774,1.0,1.0,0.8634299742491961,0.31916947398996093,0.4,0.6336,0.5977113954047304,0.6090981158805596,0.5035399457272468,0.2549280178105392,0,1,0.7578932371780541,0.00890568354510754
44,A06,range,0,0.6302945875660859,0.7225716865084587,0.6922120508272369,0.5184436203735959,1.0,1.0,0.7381283862778065,0.2309882533506796,0.4,0.6303,0.5428027398953463,0.4894499951050065,0.5910264871184173,0.4235715699329048,0,1,0.854926709141555,0.11416775459397363
44,A07,range,0,0.754973049489989,0.7846803972359553,0.7065207356379996,0.7788017317692507,0.975,1.0,0.7773803314895614,0.2043164845308011,0.6,0.7361,0.5967149789955402,0.6553386353411785,0.3658607134725246,0.22287683229439073,0,0,0.8160130599005432,0.07766092621308122
44,A08,range,0,0.6907768879886395,0.768960485648609,0.6566265808501464,0.6717936581973399,1.0,1.0,0.7107609063085902,0.19464136359422926,0.6,0.6908,0.5733086251731263,0.5965393955764655,0.5107574298100024,0.3513181442863407,0,1,0.6490193887601626,0.0742264023090746
44,A09,range,0,0.7130179858470447,0.7145469481562522,0.7692460650841726,0.6628628150713032,0.975,1.0,0.7083465498955037,0.27089519449361904,0.4,0.6952,0.5651214244980962,0.6061028609054114,0.5697776426667455,0.37464432316493046,0,1,0.7664830192873606,0.11033261118486183
44,A10,range,0,0.7020583069600209,0.8078461855074744,0.7370995608040448,0.6052797857543415,0.975,1.0,0.8410659084311127,0.20286559266744583,0.4,0.6845,0.55267906597614,0.5606417532932231,0.5848904971488071,0.2647604939998239,0,1,0.8310898168858708,0.04242469517407511
44,A11,range,0,0.7954422361774014,0.8782895256561744,0.7780244314456979,0.758903259393409,0.975,1.0,0.752555756319211,0.28304102913424384,0.6,0.7756,0.6373334538690519,0.5897531020604286,0.4817269023947698,0.3225214309167359,0,0,0.8332196698420864,0.0986034065740369
44,A12,range,0,0.6955685374376184,0.6807194190245942,0.6713556370234571,0.7260355243081493,1.0,1.0,0.7923468849276841,0.2643375729908447,0.6,0.6956,0.6230328637656933,0.631795601244171,0.4079458837382847,0.26324393708222493,0,0,0.622021685729976,0.011641070913450013
44,A13,range,0,0.6270417720652871,0.7882520758672494,0.727146018924061,0.4386941161876335,0.975,1.0,0.7273595786987568,0.19271708426491346,0.6,0.6114,0.5613951706650044,0.5757301885784778,0.38835156186635805,0.3157130923032454,0,1,0.7233334356413982,0.08472379809824618
44,A14,range,0,0.6221210678431057,0.7162891588068623,0.6943346782967571,0.5000791018438131,0.9500000000000001,1.0,0.795364861474526,0.35483355366592156,0.4,0.591,0.5909538609513355,0.6000620037517393,0.5927043011419393,0.2778103203958916,0,1,0.6870519061726593,0.02939485761025489
44,A15,range,0,0.6511886315630648,0.7784140078084657,0.618994325860707,0.5998427888992526,1.0,1.0,0.8903589910911055,0.1797163763401019,0.6,0.6512,0.5854552790499724,0.6703478286355464,0.4891034405911354,0.283683760074805,0,1,0.7822042557237098,0.00041715017293877943
44,A16,range,0,0.679605277697779,0.8450176946420529,0.7229663547545571,0.5382815746829269,0.975,1.0,0.7550702155971245,0.15774831869067113,0.6,0.6626,0.5529738484659967,0.6896655626609272,0.5091842526990699,0.25049518690170597,0,1,0.8167823752675646,0.09243218174657747
44,A17,range,0,0.723866645539985,0.6595987817677273,0.7657336772501835,0.7274004076512225,1.0,1.0,0.7795897993179955,0.1569220989307326,0.4,0.7239,0.5235205527061979,0.6138928310181231,0.4634521703442984,0.337644354842384,0,1,0.832388715253544,0.08073031997093029
45,A00,range,0,0.7175677688640822,0.8451336418308897,0.6642756652879843,0.6844696888889134,0.9249999999999999,1.0,0.7786895141109795,0.22049640960663464,1.0,0.6638,0.654439409827978,0.76397343437605,0.15758371734459975,0.16953202661224653,0,0,0.8719883324507989,0.09199842359566802
45,A01,range,0,0.6827141013475931,0.8074280749699572,0.7774758425572114,0.5218513442751997,1.0,1.0,0.7674744290093647,0.29514373899621726,1.0,0.6827,0.6948528406077562,0.7782176086091166,0.22531617081064167,0.20834484023019845,0,0,0.7725055633656168,0.0719485274489708
45,A02,range,0,0.6342683734866369,0.7298998239432692,0.6966046810157237,0.5199544478632907,0.9500000000000001,1.0,0.697518319031045,0.34351170529036085,0.6,0.6026,0.6198177899293076,0.6452542825388594,0.33693599070579294,0.2768585919197713,0,0,0.7487207340594184,0.11298191636842278
45,A03,range,0,0.6643778685472274,0.8292581633695837,0.6564035717176933,0.568305194009097,0.975,1.0,0.7232305666717928,0.2402845884117387,0.6,0.6478,0.5915621191384991,0.6699901242512016,0.46213251713380554,0.3051303081426748,0,1,0.6433649244062863,0.06381297367660775
45,A04,range,0,0.6453297675823866,0.7928720994355309,0.7633976131451751,0.4498064453067316,0.9500000000000001,1.0,0.742235025903277,0.30258381730494893,0.6,0.6131,0.6149236446780795,0.5949199681987125,0.34172850758288414,0.3633721964426302,0,0,0.7306124065042444,0.07670874848811854
45,A05,range,0,0.6717262118105648,0.6209421633525947,0.7299026721755099,0.6525618392774692,1.0,1.0,0.8184385377360345,0.15841431315178986,0.4,0.6717,0.5223340564071864,0.6200705089379182,0.5943939933987291,0.3383595661410719,0,1,0.7522544733500359,0.03405651254294608
45,A06,range,0,0.6920662430981186,0.7191330912526525,0.788168784525974,0.5910597392521612,1.0,1.0,0.5704371654297888,0.33790728159441624,0.6,0.6921,0.6087075180455865,0.5683572457991947,0.35252995448574764,0.3828921066279706,0,0,0.7128806100754839,0.20319079758925998
45,A07,range,0,0.618910351452831,0.8011592843244454,0.6726455901417724,0.45798643455524846,0.9500000000000001,1.0,0.7434693413557015,0.2842313142221073,0.4,0.588,0.5576905284524403,0.5900322559495176,0.5499090849603046,0.3566624930661708,0,1,0.7251353831975036,0.0742930496781221
45,A08,range,0,0.6735231253864572,0.8160143503461134,0.6625221667084056,0.5940919486299672,1.0,1.0,0.7386170483327381,0.21234015474990472,0.4,0.6735,0.5410191923434676,0.599210119504244,0.5273477473247399,0.4234556472629958,0,1,0.6840428281249197,0.06551293109450976
45,A09,range,0,0.7237127448326801,0.7817286024790492,0.7518327792097996,0.66284780372372,1.0,1.0,0.7821545552730059,0.2794999512946756,0.6,0.7237,0.6328379405984773,0.6279656627220233,0.4293889573080201,0.3274535660605114,0,0,0.8594527329855839,0.08641897562233546
45,A10,range,0,0.7125717707783252,0.8056652222118661,0.5936914543276836,0.7584086405266737,0.975,1.0,0.7563062188091276,0.2743495340794966,0.6,0.6948,0.6209120905999773,0.7083361404939801,0.33275722288865767,0.3058150010689563,0,0,0.7481321595918334,0.07235481673406971
45,A11,range,0,0.6656902007782226,0.6358973824759799,0.7483971610141142,0.6119421220107191,0.9249999999999999,1.0,0.7833621130532256,0.26187005150003745,0.6,0.6158,0.6051328982800542,0.6604877552036248,0.4272653808527715,0.24116428071421098,0,0,0.8257288614887572,0.07649616201114824
45,A12,range,0,0.8089399900108694,0.8072219256105551,0.8499631027965178,0.7741185565736235,0.975,1.0,0.741504604314965,0.24179184186858013,0.6,0.7887,0.6183830810902862,0.5629651156227765,0.46571670956371414,0.28109762682854744,0,0,0.8303103777993102,0.1052061426148798
45,A13,range,0,0.7842919301637532,0.8434616874421359,0.7068621360403686,0.8150619017227254,0.975,1.0,0.774038045099723,0.267431152635573,0.6,0.7647,0.6324635503060956,0.6075136023551223,0.4803530712088345,0.3481550659862498,0,0,0.6796197902097993,0.040777262307769846
45,A14,range,0,0.7100602360742824,0.914078116224672,0.7513408818359446,0.5464284959388344,1.0,1.0,0.7375014712463626,0.3310197215754111,0.6,0.7101,0.6433253597745184,0.6392323785910432,0.3317110746365602,0.2540654761460865,0,0,0.7161228059972409,0.07570378953572045
45,A15,range,0,0.6885970603033771,0.8035185385829081,0.7413570940349353,0.5706061068635567,1.0,1.0,0.6220115660154389,0.14241040670104635,0.6,0.6886,0.5245371351495193,0.5700783805552819,0.38878775085786044,0.31167075684556406,0,1,0.5237039711180644,0.10139680234954832
45,A16,range,0,0.6925767656743119,0.825853231900834,0.7030530954111969,0.6001121857629612,1.0,1.0,0.7673830120294469,0.20479883242300387,0.6,0.6926,0.5887028824019327,0.5722053967636959,0.44155435663718545,0.3077391720147067,0,1,0.6867373093856521,0.04720906734571351
45,A17,range,0,0.7488685264591117,0.8396020417816011,0.7779595904662382,0.6667053983763204,1.0,1.0,0.7758740884823693,0.13812752008819992,0.6,0.7489,0.5553156177339744,0.6231718364299734,0.41174253871906064,0.21091522917057332,0,1,0.7840226675303471,0.06974429430314821
46,A00,trend,0,0.6244260439088993,0.7400223778358948,0.6705503486426407,0.5118195685625034,1.0,1.0,0.7251614949617038,0.16114483574257144,0.6,0.6244,0.4961929607662268,0.6263835528457963,0.36686058354861556,0.296047110844069,0,1,0.7717664482902084,0.10009537950369654
46,A01,trend,0,0.588998661544426,0.74336100475067,0.5950177383971994,0.48725550479434676,0.975,1.0,0.7858925953722349,0.19011629019222615,0.4,0.5743,0.4853444277606968,0.5836425464497058,0.5138076397385258,0.3710804691598515,0,1,0.9097438852196043,0.09737855199928795
46,A02,trend,0,0.7639839470022921,0.8747392483345758,0.8088671250751209,0.6554891028558896,0.9500000000000001,1.0,0.6973827866077902,0.23065238741381477,0.6,0.7258,0.5556898086822203,0.6624777430803238,0.4737119787205897,0.3555231083419921,0,1,0.8415007092163814,0.1389272443775315
46,A03,trend,0,0.7251084439986162,0.7934544454806167,0.9177635696288167,0.5138189581459405,0.9500000000000001,1.0,0.8054303861023567,0.19415574191042406,0.6,0.6889,0.5414801333283776,0.6415494419549692,0.35631966843569096,0.2254331470268111,0,1,0.772751680350959,0.04788214191599202
46,A04,trend,0,0.7106049288023493,0.8105340825846828,0.74898934611738,0.6145628425377387,0.9500000000000001,1.0,0.6966892358693682,0.21104021935279402,0.6,0.6751,0.535479062215754,0.5537321771730772,0.5200468679922847,0.36716881340813323,0,1,0.6511553493237039,0.08487195063071301
46,A05,trend,0,0.6857942272118389,0.8251152916242358,0.7275815781347418,0.5621546298965509,0.975,1.0,0.8691070909862703,0.40030077095427363,0.4,0.6686,0.616601149077927,0.6451314562110911,0.5193961036767868,0.3107816384481278,0,1,0.7798065380194799,0.011823208952031872
46,A06,trend,0,0.7129699344309508,0.8223996436664357,0.6690636581617031,0.6829943578943644,1.0,1.0,0.837104620503768,0.14935533475284118,0.6,0.713,0.5137556965754501,0.46868821777360903,0.468441546360378,0.2562964208150671,0,1,0.674209241007536,0.0
46,A07,trend,0,0.7566982858870537,0.7493339497177843,0.7886335065648465,0.7333576778997785,0.9500000000000001,1.0,0.6436799434257693,0.2724719252424004,0.6,0.7189,0.5696896864297561,0.5871899188653175,0.4673711387233439,0.31058527355127596,0,1,0.630198851553082,0.11805424015416233
46,A08,trend,0,0.6850228388911204,0.8928671887580131,0.6654687321886856,0.5722299635889428,0.975,1.0,0.6558282588813917,0.2469285765393732,0.6,0.6679,0.5496310823947872,0.6728532816062389,0.4584506462138924,0.40107583816712733,0,1,0.7217201943354229,0.13601652413539628
46,A09,trend,0,0.7528200901776478,0.8699958805888147,0.8196168651067187,0.6211380431077315,0.975,1.0,0.7260434720144613,0.3299431969949906,0.6,0.734,0.6149687031458118,0.6898416301368157,0.49904657367495264,0.2804577675226106,0,0,0.7659852347208194,0.09785347393441993
46,A10,trend,0,0.6836233918535171,0.8065202765202582,0.7125031031304119,0.5815430915695211,0.8666666666666667,1.0,0.695816786280685,0.22657967638096216,0.6,0.5925,0.5313573540618074,0.565995230548897,0.38295056353528983,0.3588852681343445,0,1,0.6227262309915106,0.0768146521522613
46,A11,trend,0,0.7509867083953501,0.8930333749250157,0.7320756808223046,0.6787546909407238,0.9500000000000001,1.0,0.7585514216911083,0.20859351280896576,0.4,0.7134,0.514968156692675,0.5054106272245571,0.622190536480533,0.2836682139764479,0,1,0.8155287324154737,0.08978712296348408
46,A12,trend,0,0.6824364488261827,0.6782592791136215,0.7075354097201557,0.6630855891143072,0.8416666666666667,1.0,0.9122076477112503,0.13145461950215287,0.4,0.5744,0.4548961746703005,0.5475513068140752,0.48971358422269307,0.36092833447518335,0,1,0.836372463357341,0.003266294372987852
46,A13,trend,0,0.6661696123926604,0.7166851111172053,0.8285874237437698,0.4924818407575988,0.975,1.0,0.7777793307462251,0.25951578620761007,0.4,0.6495,0.5371546761181115,0.5152231635989706,0.5242415710440012,0.3940753966101409,0,1,0.6993991856317009,0.044220009713558314
46,A14,trend,0,0.7018885483071134,0.8709729834885869,0.7072754193304549,0.5914972641732688,0.975,1.0,0.7633953507673412,0.15562420514018738,0.6,0.6843,0.50578893962331,0.6150712176250291,0.43038395791781076,0.26085476151686376,0,1,0.732716226621126,0.06326114936016286
46,A15,trend,0,0.6369664236342919,0.8055047815946215,0.6743985377686591,0.4988768500415146,0.975,1.0,0.8213944921168371,0.30445341945217747,0.6,0.621,0.5973510325158637,0.6494281185361921,0.38127303546770686,0.2644919868050821,0,0,0.7606887488542774,0.034654834739733645
46,A16,trend,0,0.7336902603089988,0.8604132897913443,0.6536522919456609,0.7245215892004535,1.0,1.0,0.7697272742806684,0.27646546295888985,0.6,0.7337,0.5945883937334974,0.6149271086421005,0.4452658748383886,0.29648355245343067,0,0,0.7552894810585371,0.0656028126739649
46,A17,trend,0,0.6416421167312609,0.6789701383675834,0.6805302593754894,0.5842849783948595,1.0,1.0,0.8416561676846348,0.2812131227712464,0.6,0.6416,0.5919610123387384,0.6813601603231175,0.36283205767056986,0.25007535029812045,0,1,0.8697536459587983,0.05252160077785885
47,A00,trend,0,0.7177876286107023,0.7312395149307356,0.8520581939370386,0.5918934550001371,0.9500000000000001,1.0,0.6827809201917729,0.20522477004366696,0.6,0.6819,0.5306258033504635,0.5822547515216127,0.3736653536997261,0.3285050447823532,0,1,0.6765421996833177,0.1025837546395666
47,A01,trend,0,0.6684512609751143,0.6367234321718618,0.6729762022397061,0.6843218303706293,1.0,1.0,0.7774358404609877,0.16918439311478298,0.4,0.6685,0.4843364934371432,0.5542941067558463,0.5612013748559107,0.28385497496022294,0,1,0.6761663700455809,0.03755812067575877
47,A02,trend,0,0.7071682015491616,0.7844637085977514,0.7281651090839666,0.6404862155508386,0.9500000000000001,1.0,0.7030005793397072,0.18893858860178836,0.6,0.6718,0.521015875690674,0.47348370447178967,0.4294111255535677,0.2906849019773874,0,1,0.7645751715132051,0.11358017395118217
47,A03,trend,0,0.6724578753467126,0.859278352194877,0.6732738367831818,0.5549811110596994,0.975,1.0,0.680242315730016,0.14433813351637162,0.6,0.6556,0.48102385960005106,0.5854871080800116,0.4486374787624978,0.3930288598738043,0,1,0.6296236295302355,0.09025405154731186
47,A04,trend,0,0.6965667189223008,0.6935272488924115,0.7020300705468154,0.6936859550195315,0.975,1.0,0.6057336989896297,0.2926810652683793,0.4,0.6792,0.5320145931146132,0.5508525091049896,0.4569591186622433,0.3482560246059095,0,1,0.6415191638465471,0.15189489101601794
47,A05,trend,0,0.8182315427195967,0.8087861241182677,0.7799755906230214,0.8576088874299309,1.0,1.0,0.7776709235530151,0.25163825517294525,0.6,0.8182,0.5942392341296813,0.6142436389036703,0.32283908255288823,0.3070174462408166,0,0,0.7276549732748898,0.05253481168204091
47,A06,trend,0,0.7286820189402187,0.897560005811431,0.7625664580610196,0.5934843929150102,0.9500000000000001,1.0,0.7914977430102653,0.272171094255929,0.6,0.6922,0.5887179028264898,0.6505386365202568,0.5064504187120035,0.3396762011266472,0,1,0.7931060484723126,0.06231520467168809
47,A07,trend,0,0.7145238726088354,0.8673977296213872,0.7139059627753874,0.6195183830802576,0.9500000000000001,1.0,0.6470592091954182,0.29970914756670824,0.4,0.6788,0.5421581034427707,0.5606484207515192,0.6407799605734741,0.38043263585350906,0,1,0.7204657395450227,0.1423826638227193
47,A08,trend,0,0.7215345790381703,0.733475262081906,0.7920858260615746,0.6523393109903568,0.9500000000000001,1.0,0.7389698290678337,0.2573074191783341,0.6,0.6855,0.5714828845078875,0.6119410962454063,0.446526181554052,0.2301998916210844,0,1,0.740063066603719,0.08163618137637153
47,A09,trend,0,0.6478363409240233,0.7202624078086731,0.6852183549296023,0.5698607868662354,1.0,1.0,0.7510633954011886,0.3369560350699174,1.0,0.6478,0.6580104145646608,0.7189589810152468,0.08760863705451061,0.18593536198815616,0,0,0.7991885887784018,0.090226907414258
47,A10,trend,0,0.6923662012084646,0.7823896053400293,0.7681188057665465,0.5698180446379151,0.975,1.0,0.7961411249853886,0.38016746294952214,0.4,0.6751,0.5992892142818387,0.5908748848154054,0.49367989026674447,0.29823345499333953,0,1,0.8271918896715608,0.06880596870096438
47,A11,trend,0,0.673717524435532,0.8323037437540839,0.6658726480397553,0.5814654042077417,0.9500000000000001,1.0,0.736392678867839,0.14663988714256668,0.6,0.64,0.488224469449299,0.5030343603063556,0.4055226369728723,0.3086612329952785,0,1,0.8542753186336111,0.11516927341050903
47,A12,trend,0,0.7483160036422607,0.8861739209775805,0.8094286795431758,0.6086812138943855,1.0,1.0,0.7991696204201101,0.23215496659969226,0.6,0.7483,0.5751169289314958,0.6787524119374548,0.4199257635831526,0.20317243990792638,0,1,0.8376198815853454,0.06975303797674953
47,A13,trend,0,0.7562379378783242,0.8536961754392081,0.7891584860268293,0.6665210597728297,0.975,1.0,0.798611314864593,0.31990712450510755,0.6,0.7373,0.6222021313052318,0.5852818096278373,0.4083031436324185,0.21133797519082642,0,0,0.6850916540911597,0.02677684598122209
47,A14,trend,0,0.632507111528881,0.79934724900973,0.7016055426514711,0.4677708983710841,0.9500000000000001,1.0,0.7891990758983245,0.27033170473725004,0.4,0.6009,0.5360845192999536,0.5978680178255147,0.6002349723892335,0.4020329155989554,0,1,0.7929113121240468,0.06371511260445455
47,A15,trend,0,0.6988682772165703,0.7290578954917423,0.8050304150191181,0.5871078952173585,1.0,1.0,0.7766486295096698,0.2650346892778071,0.4,0.6989,0.5476983825348388,0.6221860556938414,0.5253411899137539,0.4015858099825557,0,1,0.7443834102102614,0.058010605617961626
47,A16,trend,0,0.7417898258887963,0.6554944083527928,0.7960510431768351,0.7482458967217644,0.975,1.0,0.7405848430630739,0.25333053553543566,0.6,0.7232,0.5754854337582206,0.6345311384027948,0.46459111170195705,0.2271843257335575,0,1,0.7704816752682868,0.0892097691948381
47,A17,trend,0,0.633235433797357,0.7653660625145791,0.7431219710212005,0.45450307077823016,1.0,1.0,0.9009718106813605,0.15742777952034878,0.4,0.6332,0.48431014428338903,0.5114629724925613,0.5653504369101763,0.3055907949001402,0,1,0.8731896694640795,0.019388405702006763
48,A00,crisis,0,0.5655316171738767,0.4712338535409061,0.5803170157512789,0.6115304956892563,0.7833333333333333,1.0,0.8593110202687139,0.014706964991787336,0.6,0.443,0.4107912691000782,0.5037868031513796,0.44264247517883637,0.24298575467774763,0,1,0.9005035684093455,0.05029802827103333
48,A01,crisis,0,0.593999757524856,0.5346128442253171,0.6384433826427371,0.5922284063589219,0.5583333333333333,1.0,0.8171910291943209,0.08441781827464893,1.0,0.3316,0.5537193439063813,0.7061556582744302,0.3008938884634077,0.17926687957543386,0,0,0.8653562025360634,0.06609362060291034
48,A02,crisis,0,0.5300612708991698,0.7059417488466482,0.6076264070834936,0.3522664780207123,0.9249999999999999,1.0,0.7760637778856682,0.03931080339635523,0.4,0.4903,0.42351170897389495,0.5191947705720649,0.5015212179931141,0.3351764077686812,0,1,0.793363134629392,0.07223304840490807
48,A03,crisis,0,0.6312124193599256,0.6422127971027456,0.5767635842611923,0.6719799139820546,0.6166666666666667,1.0,0.8563217580743554,0.11187294979539641,0.4,0.3892,0.4733354490898009,0.4875269570906562,0.5685619140862581,0.3355126997551946,0,1,0.8615611335153692,0.04168868104747451
48,A04,crisis,0,0.5650944127428504,0.5645455208245743,0.45543536126506695,0.6613891402348336,0.6749999999999999,1.0,0.8110964173952497,0.10948812449507833,0.4,0.3814,0.4665035108475324,0.6218638124031813,0.6405098971819092,0.27401944779249726,0,1,0.8510472964645919,0.06598637471788299
48,A05,crisis,0,0.5512548235617175,0.5875714889092097,0.6140954770032993,0.47357133595815093,0.7000000000000001,1.0,0.7023663455707131,0.008951926695629081,0.4,0.3859,0.3201623093438829,0.4359659012065842,0.6757163852712214,0.34140194796964785,0,1,0.7753891913657168,0.11708631618228482
48,A06,crisis,0,0.5923236279302915,0.4794011332629776,0.6861564301140121,0.580796485186607,0.7833333333333333,1.0,0.820317056584445,0.03470296528598928,1.0,0.464,0.5256220601100985,0.6535531376561661,0.3076775011502664,0.1645876596223358,0,1,0.8851888897349838,0.06947260057986453
48,A07,crisis,0,0.6440470749178739,0.6632644965533817,0.5478098118879988,0.7162437915468224,0.7833333333333333,1.0,0.7248405867283912,0.06436508265426134,0.4,0.5045,0.44405117495709384,0.5643666248249907,0.6626120413451653,0.38867277820197377,0,1,0.7955228683874951,0.10697630961162369
48,A08,crisis,0,0.5718728832359198,0.6226599615361357,0.5332892839058296,0.5738916087121138,0.6416666666666667,1.0,0.7202928208835845,0.02022134890775336,0.6,0.367,0.39538680917726843,0.5227566912916898,0.38176267580302553,0.28342945556754096,0,1,0.8437409185561033,0.12337344449184191
48,A09,crisis,0,0.6380280814064012,0.7099514286256955,0.5720026945469273,0.6508482028963818,0.6416666666666667,1.0,0.8157611903097102,0.0688691114582736,0.6,0.4094,0.49074456761910373,0.575054518050265,0.4900573207994545,0.3088821280782653,0,1,0.9329500096757913,0.08476689179694805
48,A10,crisis,0,0.5416308857170444,0.5339220009285819,0.4736787582498221,0.6059070502436532,0.7583333333333333,1.0,0.9327585068521724,0.12043773185489244,0.4,0.4107,0.49752810764946415,0.6209623643349925,0.6440107797807191,0.34816582599127915,0,1,0.8771887021983775,0.0031185263326855145
48,A11,crisis,0,0.6053273146778266,0.553426199315869,0.6012531849836105,0.6413303752614894,0.8416666666666667,1.0,0.7035177595846362,0.11244413790995222,0.4,0.5095,0.4786270390095092,0.5034897140107158,0.526712254018685,0.3871017667749179,0,1,0.7426483374704717,0.1069604833556968
48,A12,crisis,0,0.6189203480974634,0.6267895499444645,0.5926129111184603,0.6370211042997156,0.7833333333333333,1.0,0.7979153611712024,0.13840070784391123,0.6,0.4848,0.5574699091338639,0.5898698968414636,0.36371063364878475,0.24565590974851165,0,1,0.8416944925720696,0.0716458190016209
48,A13,crisis,0,0.5628480155342976,0.562053707461623,0.6426417469148802,0.49352494312170936,0.6749999999999999,1.0,0.7766905536625822,0.010725957092041265,0.6,0.3799,0.3718952267873025,0.4383375356463089,0.5649278673311338,0.34601270287703756,0,1,0.8498165535600031,0.08732627957523409
48,A14,crisis,0,0.6307704931404032,0.6860267653671612,0.6580238409713506,0.5723886436466005,0.7000000000000001,1.0,0.8790063640644286,0.0398826811108472,0.4,0.4415,0.4240986852370918,0.4885639319944164,0.6654836695038209,0.3118154449924612,0,1,0.7580127281288571,0.0
48,A15,crisis,0,0.5880200717271248,0.5813332907781397,0.6505189847682805,0.5375127609092292,0.7583333333333333,1.0,0.7968063519264265,0.07179047875986755,0.6,0.4459,0.5016369820365837,0.667656633709242,0.43650499424955824,0.31291994114032756,0,1,0.9597557325014346,0.10340812979475601
48,A16,crisis,0,0.6241445509109174,0.6181819515396496,0.6428189222989061,0.6115311005534696,0.6166666666666667,1.0,0.9024630470949395,0.04274871021942575,0.4,0.3849,0.41906745694714465,0.495999033510098,0.518347549846037,0.24833454353415052,0,1,0.9426791705280113,0.0367741950933652
48,A17,crisis,0,0.5325128917834538,0.5900540929666594,0.49012282235501303,0.5336409517938362,0.7583333333333333,1.0,0.9156097932643158,0.10064002807059541,0.4,0.4038,0.4819153634165854,0.5017801105175836,0.5757742924698699,0.34603308857382076,0,1,0.8412012226100395,0.002718005691645875
49,A00,crisis,0,0.5968205585797298,0.6291059387287387,0.650128402966963,0.5299978321477703,0.7333333333333334,1.0,0.7497095230392768,0.12835953353990326,0.6,0.4377,0.5330894960444983,0.6369123134253657,0.4725972528649903,0.29398097458811867,0,1,0.8890004624003643,0.11548505141614906
49,A01,crisis,0,0.6667771392119944,0.7155733598518582,0.537966522361227,0.7489887910565011,0.7083333333333334,1.0,0.6551474431979838,0.010610698014105512,0.4,0.4723,0.3327688772295491,0.49372828077008685,0.6402593894740387,0.3762797630464569,0,1,0.8296331978013788,0.1669316462014929
49,A02,crisis,0,0.4873742182838603,0.5543298284226161,0.456204764045438,0.47280023440575736,0.7583333333333333,1.0,0.8182803455565152,0.04151390749229876,0.6,0.3696,0.4546906984599427,0.5581409627479097,0.3671868797301544,0.33497594584450696,0,1,0.9300651007587253,0.08247841655826545
49,A03,crisis,0,0.6077409918374321,0.6172882930759498,0.5478140306578743,0.6542100195954716,0.875,1.0,0.8057202804212378,0.14048961228453616,0.4,0.5318,0.5144151417449304,0.5247897218197437,0.5245201691492468,0.26486217769703174,0,1,0.8665430634935347,0.07347977683448313
49,A04,crisis,0,0.6134914037257502,0.7387845437764256,0.4512618888920445,0.6771340166735708,0.7000000000000001,1.0,0.8246029582599004,0.051022619939376235,0.4,0.4294,0.43018291494886357,0.5129490382420464,0.5292646573910023,0.39708807045014316,0,1,0.7792192070392565,0.03794035549301645
49,A05,crisis,0,0.5823105940363809,0.5835474766159868,0.5358327836435431,0.6222056265178603,0.7583333333333333,1.0,0.8490255608120211,0.08793036189070486,0.6,0.4416,0.5230391682692352,0.55153493689407,0.4665654900191974,0.26425870135618706,0,1,0.9578375688314574,0.07117969428589628
49,A06,crisis,0,0.6288868819627917,0.5681637408468073,0.5646719409663085,0.7230269185322048,0.7000000000000001,1.0,0.7089118245833782,0.10206309717563905,0.6,0.4402,0.5088021640710854,0.64465099816748,0.3956587803759104,0.2869712017803367,0,1,0.6893617295686644,0.08761386415072653
49,A07,crisis,0,0.5783132243653779,0.6027179418401074,0.43276236419233455,0.6904172785950848,0.7833333333333333,1.0,0.7934728027420853,0.06659883381999437,0.4,0.453,0.44844101400673647,0.5033436976171636,0.5116840073317102,0.34008516387060544,0,1,0.9345970265985916,0.09904394195311031
49,A08,crisis,0,0.6469868698583381,0.5988672685262251,0.6333710136368556,0.688975494884706,0.8666666666666667,1.0,0.7087271677946363,0.03390415151262266,0.4,0.5607,0.41311169430697164,0.42410107384439955,0.6497456355604594,0.4104985988940034,0,1,0.84519312498877,0.1318607027280502
49,A09,crisis,0,0.6399368019703127,0.6794037976582475,0.5994205300110718,0.6507216676296894,0.725,1.0,0.7921541708510075,0.15720876390110838,0.6,0.464,0.5602624653350445,0.670103334425343,0.3687222358150166,0.24185063332127751,0,1,0.8092914010643446,0.06639367144329503
49,A10,crisis,0,0.6634076850575306,0.5552260832886031,0.6082146146315244,0.7793151227858658,0.7333333333333334,1.0,0.8127076863953251,0.05838981557504449,0.4,0.4865,0.44633472861043805,0.6967355701775233,0.50026055353134,0.3212468069235238,0,1,0.9106626048464961,0.08084334914356583
49,A11,crisis,0,0.6127858212449007,0.6782001947280867,0.5744717743404105,0.6054266288593383,0.6166666666666667,1.0,0.8249239723327979,0.0699792036497775,0.6,0.3779,0.48606359943707306,0.5900255396035564,0.480366090877564,0.25733641089125736,0,1,0.7866872852696132,0.03984004884650001
49,A12,crisis,0,0.5795582469109162,0.698201942752661,0.5433770049661193,0.5370645237115228,0.7000000000000001,1.0,0.8193854340314108,0.050247506042349004,0.6,0.4057,0.471820794252096,0.6501441972782438,0.4427739804769637,0.30066730329735836,0,1,0.7922020998100859,0.0447492984782073
49,A13,crisis,0,0.6409653071527748,0.7102736759988952,0.5607987358136061,0.6677933265457222,0.7000000000000001,1.0,0.8048914631226349,0.0887064428424333,0.4,0.4487,0.4647283352949539,0.569534614546664,0.5755941858618525,0.35640570044319264,0,1,0.9430891551303153,0.09408985657579262
49,A14,crisis,0,0.6159937776979161,0.6833470553767311,0.6319738317962862,0.5599154318125829,0.7000000000000001,1.0,0.7573537322397608,0.051515152589002626,0.6,0.4312,0.46894917220412063,0.548108423391474,0.36605821856136694,0.22719572202112742,0,1,0.6763006617639851,0.05068352543393197
49,A15,crisis,0,0.6422303742655304,0.6263409497280129,0.5106017599319501,0.7673363021433615,0.7000000000000001,1.0,0.8033983177257268,0.07444337364016998,0.6,0.4496,0.503706616652081,0.5728231503874319,0.5261644579472986,0.2901707209664131,0,1,0.8596120480886031,0.07306268005819132
49,A16,crisis,0,0.5529744973205983,0.5089652513711425,0.6048897471272437,0.5350544324581936,0.7000000000000001,1.0,0.8514890832632702,0.02899793444422016,0.4,0.3871,0.39461183187434223,0.5193951554697025,0.5940260769466441,0.2767737252008152,0,1,0.8772357755820214,0.04871089085117268
49,A17,crisis,0,0.653716045514641,0.6386988241273419,0.6456289920090585,0.6701779806990876,0.8416666666666667,1.0,0.8048820436781555,0.06570816005040701,0.4,0.5502,0.46463127522162573,0.6008265845200248,0.6452795183569402,0.2583511005313927,0,1,0.9330357736718461,0.09150203410081739
50,A00,crisis,0,0.6374090984293185,0.6628194959378276,0.644933424262174,0.6149438148827516,0.5583333333333333,1.0,0.8952457232619966,0.07269018361448011,0.6,0.3559,0.49121498999742325,0.48140632919913745,0.4667103715401263,0.21928289462656655,0,1,0.874306683885046,0.022874344572673226
50,A01,crisis,0,0.6331690871364491,0.67222855119077,0.6516744211603285,0.5925647548316043,0.6166666666666667,1.0,0.7973723669693765,0.06042431341322646,0.4,0.3905,0.42756514735178774,0.5101573580117658,0.6551900193807613,0.39435246478943586,0,1,0.8138581308706664,0.06437122936207093
50,A02,crisis,0,0.6426862322675726,0.5848646298039393,0.5982278797564529,0.7177257922545731,0.5083333333333333,1.0,0.8372633013392159,0.049717328312304666,0.4,0.3267,0.4055858956873517,0.563296985029374,0.6114062194916575,0.2982369515684556,0,1,0.9603924053784908,0.07880707998254999
50,A03,crisis,0,0.6027407141979504,0.6067107384386612,0.5388803570261053,0.6561372615728704,0.7000000000000001,1.0,0.7383545226394816,0.08876252658008198,0.4,0.4219,0.4508667750893383,0.4262901959963411,0.664168221250335,0.3176781758273314,0,1,0.7178912288114989,0.07564075753180377
50,A04,crisis,0,0.650840110239264,0.6534384383726991,0.5836931510695361,0.7079697444293789,0.5666666666666667,1.0,0.6788388986882646,0.15171471756701888,0.4,0.3688,0.46082438903253164,0.5041571116169122,0.4741529360355913,0.4161504159366147,0,1,0.7266208398822163,0.12019524413318533
50,A05,crisis,0,0.6500336437783627,0.6222872985479773,0.5692111072538342,0.7380948290063161,0.7000000000000001,1.0,0.7460490640617597,0.07558237622216668,0.6,0.455,0.49674958085009185,0.5768293844115524,0.4805555098602785,0.2721021901526413,0,1,0.8066022571627137,0.09563230299617502
50,A06,crisis,0,0.6127807675051908,0.6032477409713568,0.6288827524019703,0.604649672304155,0.7333333333333334,1.0,0.711192191917309,0.05107451068859357,0.6,0.4494,0.46542131215404087,0.5055150830060328,0.5088998646221393,0.2890683812666604,0,1,0.6051276890580002,0.06043435174483665
50,A07,crisis,0,0.6719670223303177,0.6190456724958677,0.5798343623821942,0.7856589434314569,0.5916666666666667,1.0,0.8068786830314943,0.05640237750571355,0.6,0.3976,0.47200720272409546,0.5587484866076379,0.4123803594867588,0.28039108561921433,0,1,0.8288237829159292,0.06255389544973045
50,A08,crisis,0,0.5223865438984752,0.5727860501069,0.6388045975893715,0.3890210555386755,0.7333333333333334,1.0,0.7758681974624236,0.14306636940290504,0.4,0.3831,0.4812552255610106,0.5879664044665195,0.4683203809494811,0.27524258923160666,0,1,0.7747463533539244,0.06714147724656837
50,A09,crisis,0,0.6687960168477999,0.6605340942881532,0.7354734289727582,0.6156169828382405,0.5583333333333333,1.0,0.8659011259874908,0.0547321221699026,0.4,0.3734,0.4250877838135349,0.5905014420573267,0.5056942172964726,0.3555808368906775,0,1,0.8697018159057301,0.03830816550981829
50,A10,crisis,0,0.653468781602631,0.744411331910583,0.5732965385975025,0.6667804002896485,0.6166666666666667,1.0,0.6676816146207327,0.030353181146894892,0.6,0.403,0.4157373348064492,0.5731748642444772,0.37415644320352665,0.36014365921411395,0,1,0.7338705082181647,0.13057643041072495
50,A11,crisis,0,0.6618967808848197,0.6347997043936446,0.5636585526382792,0.7647909034075269,0.6749999999999999,1.0,0.7724158114139766,0.03541397343056134,0.6,0.4468,0.44907223527829293,0.4675768886255168,0.5499016249952763,0.3129826809584182,0,1,0.9295044003869979,0.1111741300773316
50,A12,crisis,0,0.5600368097393086,0.43103173264712924,0.5485522051922896,0.6507140119005622,0.8416666666666667,1.0,0.7505218252265065,0.044106462206320717,0.4,0.4714,0.42215940018868964,0.4827694671747949,0.5407576146176774,0.376114057613574,0,1,0.824369357143517,0.09753686822141476
50,A13,crisis,0,0.6585662200738303,0.6036969000852633,0.6031378110692943,0.7413594029456537,0.7583333333333333,1.0,0.6816541350959058,0.04450773845067352,1.0,0.4994,0.5252889225920314,0.6107488789348594,0.24507175341008733,0.2433737534139985,0,1,0.8576615284435787,0.15470207823243323
50,A14,crisis,0,0.6142756068499624,0.6954488328426588,0.4546694185877948,0.7031977553339239,0.5333333333333333,1.0,0.7668437088725366,0.16870756795827627,0.6,0.3276,0.5234444644748923,0.5909500164261285,0.3549952048671494,0.3238030703945498,0,1,0.9702906363028032,0.12525307510105976
50,A15,crisis,0,0.6059978672691708,0.6316542286986253,0.5615973335866096,0.6288131083480029,0.6416666666666667,1.0,0.7691172609246918,0.14577431121679615,0.4,0.3888,0.47928033292785327,0.5226293121500196,0.6471501738791995,0.3923305533534612,0,1,0.8967517974626127,0.10475374924157559
50,A16,crisis,0,0.5740827614100064,0.5294620782629755,0.4694690909347097,0.6935076500427851,0.6166666666666667,1.0,0.9256356264550503,0.07285843122879712,0.6,0.354,0.49749299746583897,0.59479192397237,0.506420867418048,0.2564712524729867,0,1,0.98,0.033612138934959
50,A17,crisis,0,0.5422677393420025,0.5140437374553235,0.4636630098832267,0.6286868787976055,0.7583333333333333,1.0,0.8524365522133543,0.0529593175101438,0.4,0.4112,0.43475098742296747,0.5248273947462384,0.4924608786043992,0.3222394203813686,0,1,0.8130149124752356,0.03075023731640135
51,A00,crisis,0,0.6209197584042871,0.49223858982083385,0.577372095451934,0.7394496938522543,0.7833333333333333,1.0,0.9320981021264475,0.12945831366791416,0.4,0.4864,0.5166435928386167,0.5370892155000232,0.5271677224356366,0.3195479778521956,0,1,0.9059163504901891,0.011066473143413857
51,A01,crisis,0,0.62560490309579,0.6801243036262598,0.4911627446659403,0.7091671663903646,0.7000000000000001,1.0,0.8380298945950715,0.03550175093062568,0.4,0.4379,0.41203877367248326,0.3981121385668813,0.5973849845533302,0.2571365592242062,0,1,0.9289000043201666,0.07025210966151411
51,A02,crisis,0,0.6406467675467669,0.6618580327009465,0.6371052430638249,0.6304885607479789,0.7000000000000001,1.0,0.7640624153977538,0.06134283112576606,0.6,0.4485,0.4843439930013954,0.6275530299059146,0.5326383088344064,0.3506524945045656,0,1,0.9023762219618803,0.10953118247665306
51,A03,crisis,0,0.6274149960108546,0.6011234637390199,0.6431791744936588,0.6300535475082976,0.6749999999999999,1.0,0.843822971297198,0.027517927764289664,0.4,0.4235,0.39566470155369154,0.4978406416803104,0.5503205769195122,0.24394754849354866,0,1,0.8948505419556476,0.05790267060912703
51,A04,crisis,0,0.5944345282679498,0.6088939695101383,0.5555885430834474,0.6193876145280216,0.6749999999999999,1.0,0.8160778581983935,0.13551210730989513,0.6,0.4012,0.5385458874158824,0.5982561085188701,0.34588861576051094,0.22033224156449924,0,1,0.9019874995904456,0.07649886270388466
51,A05,crisis,0,0.6944243902605283,0.7296929219774538,0.6746884216345959,0.6896505304851405,0.8416666666666667,1.0,0.8240520612149602,0.03864250046131977,0.4,0.5845,0.43837565766007147,0.4084129935703994,0.5074481529147512,0.3485028172933069,0,1,0.98,0.09173561706444397
51,A06,crisis,0,0.568372411489702,0.5621632114460436,0.586185261754617,0.5566669175351876,0.6749999999999999,1.0,0.7506121326127885,0.05936698896066812,0.4,0.3837,0.42116815204576047,0.45667800420564697,0.5849642147519701,0.3976419847367918,0,1,0.7887873589547246,0.08762849257283374
51,A07,crisis,0,0.5805720007503716,0.5173144663487075,0.4789881021965068,0.7089938709860437,0.6749999999999999,1.0,0.7952178797362703,0.028075791945807425,0.4,0.3919,0.3864392590091958,0.5290449836622497,0.49027055636851663,0.328588490863327,0,1,0.7908172412658063,0.05933201689115864
51,A08,crisis,0,0.534318576922516,0.5516248516767613,0.46867919507652583,0.580936614316354,0.6416666666666667,1.0,0.9310497257989709,0.060301406668130324,0.4,0.3429,0.4357722636395679,0.6040470072936269,0.6515905165381565,0.26612888425505976,0,1,0.9722572401335635,0.028737052695014545
51,A09,crisis,0,0.7092943621576137,0.6927980312693469,0.588142939178128,0.8256120640698302,0.7000000000000001,1.0,0.7705487606377742,0.028139845192553293,0.6,0.4965,0.44281085866472175,0.5174112731189667,0.5469874950145898,0.3022938004048154,0,1,0.8716099356204915,0.09715207493714927
51,A10,crisis,0,0.6190640984965687,0.7074149079306247,0.4989669558559517,0.6689298424108235,0.6416666666666667,1.0,0.72830399010841,0.04025572183295842,0.6,0.3972,0.4413356339713961,0.5563474456262607,0.40513257685371606,0.30448930916991923,0,1,0.8690890921506776,0.12467038212131126
51,A11,crisis,0,0.6372149122637389,0.631433366985946,0.5097297661349268,0.7523778809250701,0.45,1.0,0.8009377655986759,0.009781948216083835,0.6,0.2867,0.3467805992513996,0.5702013698115257,0.5220438130047889,0.20584582202509472,0,1,0.8273491809103174,0.06584561597233698
51,A12,crisis,0,0.7028267105594189,0.6503510903494261,0.6438484375400563,0.7872299620826066,0.7000000000000001,1.0,0.7609241095156016,0.01686054053121603,0.4,0.492,0.3698790045569517,0.5705303348691804,0.5050467577462568,0.28521763300960323,0,1,0.8377686002314501,0.09431329431796187
51,A13,crisis,0,0.5644921638262979,0.527089772199617,0.6443194957242914,0.5180197431822293,0.7583333333333333,1.0,0.8355072008233819,0.13130286824044632,0.6,0.4281,0.5479942531626067,0.613506230385739,0.4265400035600574,0.20946195218252062,0,1,0.8623614061307153,0.05420719376560769
51,A14,crisis,0,0.5645979729651049,0.6234217775746422,0.5736278633075728,0.5199319410344849,0.7000000000000001,1.0,0.8120161437776059,0.05002594547047491,0.4,0.3952,0.4219510121792019,0.5279931120952606,0.6467774733140145,0.3959515212304076,0,1,0.8143876983482851,0.055417965738039573
51,A15,crisis,0,0.6239670327750002,0.6636244424512556,0.5847459323491389,0.6334996145999691,0.7000000000000001,1.0,0.7975617761535851,0.1161462601848535,0.4,0.4368,0.4792627588679292,0.5922421437900021,0.6154821836620699,0.3460278732498224,0,1,0.9614182536665394,0.10335830744108902
51,A16,crisis,0,0.5599705965395154,0.7182051345946243,0.535952123449621,0.4820901742087299,0.7583333333333333,1.0,0.8580956701311561,0.15126218413371248,0.4,0.4246,0.5057855358560869,0.6086364873323963,0.6159690975491195,0.3263433475139552,0,1,0.8835467932137434,0.046524546548964305
51,A17,crisis,0,0.4957228022216142,0.5716398118534476,0.38170392751502724,0.5480411865699819,0.6166666666666667,1.0,0.9252329987978373,0.04806716919409789,1.0,0.3057,0.5239759747885288,0.5674929325494096,0.29118241821697693,0.0578100096068528,0,1,0.957014085931524,0.02799119407066252
52,A00,crisis,0,0.6088016164371952,0.6147849293635582,0.5685841088303905,0.6402523650141724,0.725,1.0,0.7839179388772122,0.05088405915774696,0.6,0.4414,0.474638454628019,0.5612183005377751,0.4220883689519637,0.310707148103124,0,1,0.8734298424065069,0.08903732227944533
52,A01,crisis,0,0.5905516939620067,0.7629692786378237,0.5680074585747676,0.5025169095034552,0.5333333333333333,1.0,0.690208811006007,0.05757249692897407,0.6,0.315,0.4372967464544983,0.4659023603831433,0.5097010621205278,0.2989932371739591,0,1,0.8341118992021825,0.1420871538403802
52,A02,crisis,0,0.6531951165665857,0.6749089695084834,0.5391327078197131,0.7394285661314132,0.5916666666666667,1.0,0.891501476223188,0.096796129459355,0.4,0.3865,0.4669889737604201,0.6191368027080874,0.5126924658113561,0.3560116468252629,0,1,0.9350985128726997,0.04092962073229682
52,A03,crisis,0,0.6278114806597827,0.49950748568806325,0.6164824785290219,0.717914354381523,0.7000000000000001,1.0,0.8494005170456072,0.12191000285831828,0.4,0.4395,0.4903319203121238,0.5628258946506699,0.47137195800149767,0.3736642680150928,0,1,0.9684127355478359,0.07365238590662256
52,A04,crisis,0,0.5825691968791386,0.5806482628966817,0.6495742276405712,0.5251403787019205,0.7000000000000001,1.0,0.7383551100235868,0.053331099067269114,0.4,0.4078,0.4180587142181076,0.5296881740629601,0.6532644712464675,0.3457589577961428,0,1,0.9506254831373395,0.13916664619182
52,A05,crisis,0,0.606335433847971,0.6092196261116586,0.5642810118078276,0.6413304329682914,0.6749999999999999,1.0,0.7193022850896328,0.0648077121369066,0.4,0.4093,0.426185711820802,0.5470643690910362,0.5896918021515803,0.389555603430352,0,1,0.6812480326152053,0.07793139945268761
52,A06,crisis,0,0.5379284609842324,0.5425823726826644,0.5091067255303018,0.5602387846949016,0.6749999999999999,1.0,0.8079746836097825,0.07205190840338432,0.6,0.3631,0.4848488063697587,0.5820006858680777,0.45776975723106195,0.3248688545831104,0,1,0.8821520570605242,0.07624660296001642
52,A07,crisis,0,0.6223477699416039,0.6860295147916389,0.6131818738134059,0.5905668385225051,0.6166666666666667,1.0,0.7689469638428995,0.04708813059185668,0.4,0.3838,0.40841089974168715,0.44689613753515084,0.494413828658201,0.36445521279506926,0,1,0.8645551477224771,0.09630429847143507
52,A08,crisis,0,0.5800201558517095,0.6218252528849081,0.4480820733249164,0.6693377924169046,0.45,1.0,0.864091823680503,0.029749374181918788,0.6,0.261,0.4057898415342446,0.6753260471100035,0.5354470113867164,0.30571039348098106,0,1,0.920024153602931,0.05263341190963973
52,A09,crisis,0,0.5408765135258555,0.6128405265641889,0.46224414034654,0.5647023319087983,0.7833333333333333,1.0,0.7888483819569975,0.008599943863423234,0.4,0.4237,0.334168728375886,0.48530028278819076,0.6084874335104914,0.3144540271219815,0,1,0.8301833652475439,0.0742250611424393
52,A10,crisis,0,0.5926111398214086,0.5605537376297837,0.5283941159335823,0.6688369120930221,0.7000000000000001,1.0,0.7876858311009581,0.0354367448622465,0.4,0.4148,0.4024226105082631,0.46775348640797026,0.6392670928484413,0.32621632163719133,0,1,0.8247299757748178,0.07347039858355575
52,A11,crisis,0,0.5406897649212024,0.5089690476463786,0.5491280643395708,0.5531317012268948,0.7833333333333333,1.0,0.7406733802264625,0.1771579884880861,0.6,0.4235,0.5547539110481308,0.592210970753527,0.3717964362817231,0.2650631708948496,0,1,0.7930716766582135,0.09548926118543431
52,A12,crisis,0,0.694129606356316,0.5842174365284468,0.6182817289997375,0.8291916051857404,0.5333333333333333,1.0,0.7932973126531349,0.0666605819274795,0.4,0.3702,0.42608709842501397,0.5252167843874793,0.55396549732094,0.36906773372618445,0,1,0.912603963481188,0.09343783545279408
52,A13,crisis,0,0.6341815809664421,0.6104289814518853,0.7223019647220037,0.5719216198769236,0.7583333333333333,1.0,0.7724132713371721,0.0261040207581011,0.4,0.4809,0.39453090511801936,0.5218352960698803,0.55144956216661,0.3380454711769255,0,1,0.7715968786561238,0.06848484862682055
52,A14,crisis,0,0.5804050907149537,0.6095236574375082,0.45604306396233046,0.6710227599219025,0.7000000000000001,1.0,0.7379384068529921,0.03080135640839347,0.6,0.4063,0.4301143229913629,0.5779747887550459,0.4733162912685131,0.306579214467737,0,1,0.853886607782588,0.11401602063794959
52,A15,crisis,0,0.5902732123804038,0.5687574169317366,0.5655185073874385,0.6253809514046655,0.8416666666666667,1.0,0.9426385693039261,0.016676074325434827,0.4,0.4968,0.3932321421365427,0.5520192188509574,0.4873624914045351,0.3184026700790581,0,1,0.9125169335484061,0.007172653797521175
52,A16,crisis,0,0.6027154718181145,0.5640350631923374,0.4904112807410905,0.7251568944016209,0.7333333333333334,1.0,0.7113684897067946,0.06726206548760374,0.4,0.442,0.4342173218807092,0.47086065068039235,0.6145276031386183,0.44062105803066415,0,1,0.8191646422942007,0.12289747060780276
52,A17,crisis,0,0.5545817089424816,0.5419154689683685,0.5133566682383096,0.5985700195424528,0.5583333333333333,1.0,0.6980712273054838,0.10175466797512202,0.6,0.3096,0.4741989174180342,0.5941418728437142,0.4805149006199648,0.2971200277365625,0,1,0.7671191319605483,0.11781878377252661
53,A00,crisis,0,0.5463688356354197,0.47718080401616897,0.5702820995573742,0.5686872494657415,0.9,1.0,0.780849251671997,0.08905277024479528,0.6,0.4917,0.5267627318556222,0.6066913175836796,0.3786948736999789,0.27017840832626344,0,1,0.8018634196650497,0.07152367470219265
53,A01,crisis,0,0.6011609070712121,0.6884356008618989,0.4714649706726417,0.660098167800782,0.9,1.0,0.5901308350484384,0.05155383466898741,0.6,0.541,0.4634001810781043,0.5669574383410713,0.4835635276146891,0.3280635648537519,0,1,0.7005258644348935,0.18260068351815234
53,A02,crisis,0,0.6638949400531118,0.5597657260530076,0.5910920167233248,0.7926782567167404,0.6166666666666667,1.0,0.9304091889941658,0.11006911813414462,0.6,0.4094,0.539307794608263,0.6632275102004103,0.4420481835039759,0.27211850384244285,0,1,0.8949860588275446,0.009097551281810445
53,A03,crisis,0,0.6047514998954894,0.6867687178678816,0.4957112357762271,0.6489009697670987,0.8166666666666668,1.0,0.7665337749543949,0.011170058951445539,0.6,0.4939,0.39212902132258776,0.5655358835725132,0.5276553594712059,0.3521188379642892,0,1,0.7289842596316192,0.06013172006613349
53,A04,crisis,0,0.5665725412244025,0.5973906031078617,0.46580119505419876,0.6354861804461687,0.8166666666666668,1.0,0.8922635018343432,0.010119321900674315,0.4,0.4627,0.3576823077743208,0.46067674230073197,0.6724075998407989,0.349733662318658,0,1,0.7845270036686864,0.0
53,A05,crisis,0,0.6226361602030452,0.728636038507576,0.5079669080859051,0.6567218318652113,0.7833333333333333,1.0,0.7787011331285723,0.1612046844499167,1.0,0.4877,0.6465181256120038,0.7485797608283083,0.18402884005099823,0.11068431130729642,0,0,0.7799294532508724,0.06677725559978602
53,A06,crisis,0,0.6154800895506867,0.4952666725930815,0.6478313621349104,0.662306111637994,0.7000000000000001,1.0,0.8582540265864281,0.08180348586092685,0.4,0.4308,0.4638113356511329,0.6513953916838792,0.5194972572657308,0.3390347744916917,0,1,0.8309380316966095,0.03226819781199995
53,A07,crisis,0,0.6554215935021821,0.5404883741335386,0.6678190918637782,0.7164070445411875,0.6749999999999999,1.0,0.9353906371969645,0.0642451733428942,0.4,0.4424,0.45904961063575106,0.5449699261926669,0.4850251818548363,0.35517104298278057,0,1,0.9565477085598924,0.02241270480425582
53,A08,crisis,0,0.5318716644096054,0.5475661982342814,0.45464446585775375,0.589636379502053,0.7000000000000001,1.0,0.7876994187753741,0.02352014609534225,0.6,0.3723,0.41532114362756606,0.5008844840658138,0.3736386243908648,0.29876926023822176,0,1,0.8698546727589648,0.08567612116658382
53,A09,crisis,0,0.5884147821722538,0.5626806048387754,0.5921822428325951,0.6012021149278793,0.6166666666666667,1.0,0.717095548590775,0.01007282670238804,0.4,0.3629,0.3218249984105285,0.49315585776255244,0.6746202483577773,0.420156831990784,0,1,0.9548277817146227,0.15485055171536982
53,A10,crisis,0,0.6842721928854081,0.7556188388164804,0.5444161221538846,0.762054601068571,0.6166666666666667,1.0,0.837094238606529,0.08664381403747659,0.4,0.422,0.46017083097583744,0.5478916985687176,0.5252546873956285,0.3926710488654283,0,1,0.9357349116286915,0.07257924850520533
53,A11,crisis,0,0.5284716448390095,0.5159585478401286,0.4454192219015606,0.608963200533578,0.6166666666666667,1.0,0.8540412637306278,0.20711627405340946,1.0,0.3259,0.6349330119789444,0.7872609781155631,0.18744362992083183,0.12955485369367517,0,0,0.8556011781787708,0.041418658220923006
53,A12,crisis,0,0.5977295025378205,0.6289680671360198,0.5173147232037946,0.6485683315812187,0.8666666666666667,1.0,0.8134540180914173,0.0698768632261701,0.6,0.518,0.5176554412415013,0.5781239264552623,0.37614040731989173,0.2433933748434056,0,1,0.8907327816111922,0.07514158298953967
53,A13,crisis,0,0.6437957079880068,0.5718842504857689,0.5484455686419291,0.7721717408547233,0.6749999999999999,1.0,0.7801556943170092,0.061380620960472074,0.6,0.4346,0.4835468214124405,0.5222529144474792,0.5098715156875321,0.3344034422394586,0,1,0.8260485161649278,0.07863447100996675
53,A14,crisis,0,0.589540201236757,0.5955955066786294,0.5991741851011565,0.5773258994542372,0.6166666666666667,1.0,0.6792417694113352,0.1356415269221366,0.4,0.3635,0.45480040946605454,0.5257075193289222,0.4895654586858366,0.35928193004022396,0,1,0.7552182948418125,0.12811210053425004
53,A15,crisis,0,0.5841981443463848,0.6645070691281583,0.611568365123413,0.5100561231778769,0.7833333333333333,1.0,0.9084217212332448,0.06840888620957553,0.4,0.4576,0.4657751459846848,0.6472172320561425,0.6260039606524812,0.2352796266278981,0,1,0.87630238716861,0.016101200866098522
53,A16,crisis,0,0.530362981284745,0.5806178153830496,0.44146387216511723,0.5767404304529788,0.7833333333333333,1.0,0.7533686316117697,0.09537024633480279,0.6,0.4155,0.5099013134122964,0.5966849277676335,0.5315082685058201,0.2901957926241818,0,1,0.7890354284800025,0.08586502382035147
53,A17,crisis,0,0.6624307939031941,0.7275703448555443,0.6541036989404825,0.6290047826503482,0.7583333333333333,1.0,0.927322921071521,0.03358514268112099,0.4,0.5023,0.429807608439471,0.4668039031464834,0.49210530127752766,0.25331027119625915,0,1,0.9106855499835516,0.01488417359930036
54,A00,crisis,0,0.6169242680189506,0.5039721547698346,0.5818915695297948,0.7181729499776595,0.7000000000000001,1.0,0.785339142031664,0.11482404033436908,0.4,0.4318,0.47588708046446543,0.5242295395059537,0.6492596271367137,0.36073218382635885,0,1,0.9441454737385154,0.10665749063985103
54,A01,crisis,0,0.5934324527361535,0.6168936578066228,0.5983628798463143,0.5744550758457194,0.5333333333333333,1.0,0.7048203019726684,0.11867233739571757,0.6,0.3165,0.4859919959559895,0.5025510805304129,0.43849356144088714,0.33747847708667816,0,1,0.7957132463691656,0.12103375683683112
54,A02,crisis,0,0.5474926299533343,0.623714979131779,0.4466754493257112,0.5880686947659763,0.5333333333333333,1.0,0.8800292802528384,0.12139141503697247,0.6,0.292,0.507960194537223,0.6288181180856596,0.48313919468018807,0.20368374364787306,0,1,0.9112120830768374,0.04119527887225497
54,A03,crisis,0,0.5568600459432062,0.7006284502095808,0.5475644214423443,0.4751384647149762,0.7333333333333334,1.0,0.7718011426067654,0.09244520946386496,0.4,0.4084,0.45705884148833636,0.5563604415944771,0.5080358102896454,0.3031522203539994,0,1,0.9178778162151322,0.10855021978085674
54,A04,crisis,0,0.5785897037278598,0.5032546235711957,0.5934436223452535,0.6126769500355554,0.6166666666666667,1.0,0.9204522183855921,0.13191354946646494,0.6,0.3568,0.5398650743392033,0.6284593140863264,0.4104257568915779,0.2372885860518144,0,1,0.9264164932073401,0.022702272595827674
54,A05,crisis,0,0.625727557361419,0.5967146385294985,0.691538305571765,0.5862762269473168,0.7000000000000001,1.0,0.8308843814494496,0.12284013812930059,1.0,0.438,0.6184811399455452,0.7121496254959665,0.2819861329069036,0.12881096085931074,0,0,0.8014777513916359,0.04036237307986583
54,A06,crisis,0,0.5232583658794117,0.5123194223885674,0.5550590421328917,0.5022696138393943,0.7000000000000001,1.0,0.8015934299265812,0.15831251423795553,0.4,0.3663,0.48729632762298486,0.5850302385475327,0.45925122815959035,0.3639367499865433,0,1,0.8855910460642452,0.08112394418300388
54,A07,crisis,0,0.6034431311397804,0.6439588291508944,0.4841486127840029,0.6825035234441396,0.8416666666666667,1.0,0.7443350770699979,0.11514043383944081,0.4,0.5079,0.4865402758753294,0.5527240858732554,0.6287692957051912,0.334531744293901,0,1,0.8397945562817574,0.10588535188140205
54,A08,crisis,0,0.5450522286974796,0.6039005257921962,0.425045114894338,0.6132782675910307,0.6166666666666667,1.0,0.8495892396129172,0.029672488366019056,0.6,0.3361,0.42706371904370166,0.6242062428955754,0.49379959275303975,0.29820576563388845,0,1,0.852275558946592,0.04313501416879256
54,A09,crisis,0,0.6257396246176359,0.5806250332735013,0.6475774600591979,0.6348281381963531,0.9,1.0,0.9026804177861223,0.052266904428178634,0.6,0.5632,0.5176481843974682,0.6827685803678192,0.5131665409826874,0.16771777587851183,0,1,0.8679098627772077,0.01702980230057491
54,A10,crisis,0,0.6210513487089031,0.6006882374203198,0.5325261346532951,0.7112378555629245,0.6416666666666667,1.0,0.860417016355812,0.09883597464729697,0.4,0.3985,0.4685158272790414,0.606787633786166,0.5480461321761865,0.29835385433985895,0,1,0.926242046898804,0.056380951403113576
54,A11,crisis,0,0.5430708328831894,0.6951486641299902,0.6016542117997541,0.39676173180194474,0.8166666666666668,1.0,0.6902749340219007,0.016647438046666397,0.6,0.4435,0.3972799210093699,0.4990918347888909,0.47081621718520245,0.2852962381346261,0,1,0.8007462182564253,0.13285963489017677
54,A12,crisis,0,0.5163715955052272,0.5347450508051104,0.5187930860243483,0.5027693817385692,0.6749999999999999,1.0,0.7744296802146952,0.09806128357114094,0.4,0.3486,0.44804997768416427,0.5271717089425039,0.6554838281636192,0.34103567944533075,0,1,0.8435371630483567,0.08708366696133088
54,A13,crisis,0,0.6726157291412982,0.6456792797027103,0.6756738569540233,0.6867751482042811,0.7000000000000001,1.0,0.7354184127102185,0.049004666752843214,0.4,0.4708,0.42212130917668167,0.5135788741989221,0.5083102533277418,0.33031493130539247,0,1,0.9108258887864702,0.13085202164675358
54,A14,crisis,0,0.63029736914023,0.5633161773226134,0.6104070621121781,0.6895646326757857,0.7583333333333333,1.0,0.8358191052686708,0.11541056224846294,0.4,0.478,0.4931477186587674,0.529242306462072,0.6109762634507448,0.3731065455823893,0,1,0.98,0.08464636735765334
54,A15,crisis,0,0.537022953334032,0.5852121530020157,0.5609348632007842,0.4859817824081341,0.7000000000000001,1.0,0.7727342611656448,0.0652045713844413,0.4,0.3759,0.4291045118864252,0.4557942078360738,0.514741001591982,0.36821505570005086,0,1,0.7592168988176595,0.0647708255505981
54,A16,crisis,0,0.616302953201816,0.5870866320195732,0.6176157506626161,0.6334144561625177,0.7583333333333333,1.0,0.8116337683379341,0.09176498734984206,0.6,0.4674,0.5250407845353748,0.5455149962401704,0.5310667921144844,0.24777297753430091,0,1,0.7699532855391498,0.04325601905179281
54,A17,crisis,0,0.6373757006342051,0.6049095508368881,0.540561085020172,0.7423798329198074,0.7000000000000001,1.0,0.8226348884580618,0.07860175466618291,0.6,0.4462,0.5098034855643633,0.5311440453245273,0.5082095320937755,0.25195998200212594,0,1,0.9121641179649955,0.07516563890243344
55,A00,crisis,0,0.6226655454418237,0.6262041032231154,0.6352373993623018,0.609453574648098,0.7833333333333333,1.0,0.8197284276256276,0.060250256602632106,0.4,0.4878,0.45091700922643174,0.5173947913109354,0.47036910006428456,0.31341917566263816,0,1,0.872634405800702,0.06649060573623501
55,A01,crisis,0,0.660889729156822,0.6482140681753055,0.6533043041973621,0.6754492641097972,0.5916666666666667,1.0,0.8399532691539187,0.0628632946289237,1.0,0.391,0.5506947677004865,0.6254858013030303,0.1494144312556014,0.09795865489185031,0,0,0.918879935138734,0.06650174439580714
55,A02,crisis,0,0.524398696133363,0.6776214268794574,0.38105366717069866,0.5540613897593853,0.5916666666666667,1.0,0.8198266464644859,0.05205991882606569,0.6,0.3103,0.4509291982798708,0.5784081773240466,0.41975378061587526,0.21688332424895634,0,1,0.8295510397470287,0.05479289527332923
55,A03,crisis,0,0.6173108805566203,0.5040455517186507,0.6638744865342989,0.6473585558498826,0.7000000000000001,1.0,0.731009584088679,0.0630970527025858,0.6,0.4321,0.47830672408454694,0.6028916284980995,0.5464614374422165,0.30532564177047505,0,1,0.7776766881318585,0.09774440409545512
55,A04,crisis,0,0.5943101285122997,0.6962771204020874,0.4491716464049519,0.6575769304251117,0.7333333333333334,1.0,0.9063782845749085,0.0793543816061154,0.4,0.4358,0.4699600640288872,0.5954842899756816,0.5820876543703547,0.23024747156339467,0,1,0.82599166779208,0.0036372829738169354
55,A05,crisis,0,0.5345987121412425,0.5276904349206639,0.5976959657520184,0.48370628849467523,0.5333333333333333,1.0,0.8200773705379489,0.034793604059549885,0.4,0.2851,0.37707933832000945,0.5463049636353868,0.655789252776142,0.3444980157306846,0,1,0.98,0.09415312650342665
55,A06,crisis,0,0.5510370199836898,0.5788139672370782,0.4181944169999,0.6499137055611383,0.9249999999999999,1.0,0.8427053875323054,0.1745775165376295,0.6,0.5097,0.592877396784322,0.5254369643941615,0.5180634146611848,0.31882583600056064,0,1,0.7560425121269643,0.020526693522134133
55,A07,crisis,0,0.6383658430606653,0.7465513473984977,0.5738838638571891,0.6271716346525619,0.7583333333333333,1.0,0.7523789620452682,0.06920380000743377,0.4,0.4841,0.4489235928604095,0.5699114816747998,0.5804885926096438,0.36646901790988123,0,1,0.7299796436887203,0.06973880215173393
55,A08,crisis,0,0.6007216606883637,0.5801910182844371,0.490243495642984,0.7102217066055252,0.7000000000000001,1.0,0.7355903731897913,0.06504714901813481,0.6,0.4205,0.4790147517083786,0.6128828983026928,0.45850831306386325,0.32235794313759,0,1,0.915769381029328,0.13202700014617508
55,A09,crisis,0,0.5879631974718544,0.6305331750638523,0.5975407296931282,0.5529766207832412,0.6166666666666667,1.0,0.8113075373623686,0.010909310822842353,0.6,0.3626,0.37224391777876153,0.5516961609284575,0.43210449945499185,0.2090112771050465,0,1,0.8389304769321295,0.06257252433738772
55,A10,crisis,0,0.6148290442858748,0.5254060881434296,0.5695334445289341,0.7103520416622262,0.4166666666666667,1.0,0.7678822443063554,0.09625981095411847,0.6,0.2562,0.46055282301469064,0.5423130982552185,0.4017849231303885,0.2201166556934817,0,1,0.8179964475179107,0.08435337322466976
55,A11,crisis,0,0.6137555651605328,0.5866889432399406,0.7103238125061908,0.546174987433452,0.7583333333333333,1.0,0.6700649112888265,0.044279647170008145,0.4,0.4654,0.40797020796280453,0.4497582800345372,0.6446037510533693,0.42618521684870125,0,1,0.6830688485818415,0.11392616541478648
55,A12,crisis,0,0.5738740990152023,0.6780042678550267,0.4919474669399512,0.5804785465561567,0.5083333333333333,1.0,0.866129476403976,0.04269004754791174,0.6,0.2917,0.43693495846240793,0.6304011692501742,0.41907958230120007,0.2401994901960622,0,1,0.9200447224638743,0.051461084447322336
55,A13,crisis,0,0.604432132401266,0.6315111759113524,0.49161318100249274,0.6862243126813887,0.7000000000000001,1.0,0.8616028131558384,0.13170208949014658,0.6,0.4231,0.5490309062069624,0.5898724024996714,0.49337011876539405,0.32313913716220144,0,1,0.7623292928991793,0.01122505173462783
55,A14,crisis,0,0.646200094270779,0.6424150949520646,0.6741867065901278,0.6240774330655452,0.6749999999999999,1.0,0.8058010082632409,0.13955505376134286,0.6,0.4362,0.5461126782298654,0.6576362453213065,0.3942053351304883,0.29495229891360064,0,1,0.8226923455211753,0.06154299656034898
55,A15,crisis,0,0.5482638327720918,0.6176790323342748,0.5040325002578185,0.5435817489957164,0.6166666666666667,1.0,0.85405792433779,0.0991954278779031,0.4,0.3381,0.4551898268850316,0.5565077487421188,0.6412290641911044,0.3736449399133661,0,1,0.7928965051545536,0.024220775594049913
55,A16,crisis,0,0.6090229535981384,0.7313343971647704,0.5407373544614836,0.5923282006135663,0.6416666666666667,1.0,0.8643357046526382,0.09131773778760743,0.4,0.3908,0.46253362637693657,0.5229620658234927,0.5901055225923124,0.30903540388036055,0,1,0.9400855355660063,0.05768946031627535
55,A17,crisis,0,0.5362203971194752,0.6473686353357707,0.5879695899086846,0.42147220454373235,0.7000000000000001,1.0,0.7415168589590218,0.11468191398115353,0.6,0.3754,0.5099214252147478,0.5899380490189305,0.44963723556926155,0.35988571639438294,0,1,0.8315558989838145,0.10553801222967575
56,A00,crisis,0,0.6573502887528311,0.57908417130647,0.534699775841569,0.8135858109541609,0.8416666666666667,1.0,0.722157588770531,0.09849319188099076,1.0,0.5533,0.607120659259518,0.7186448900760032,0.16022058588734583,0.15379085035762088,0,0,0.8647868601022981,0.12775573939417068
56,A01,crisis,0,0.6139509798855562,0.590433484735172,0.5496005093931084,0.6849560760354381,0.7000000000000001,1.0,0.8136776654990244,0.08661708020950425,0.6,0.4298,0.5123284278705125,0.6230175571695058,0.41854813198149204,0.23674492579308176,0,1,0.9771843799185667,0.09735880074587719
56,A02,crisis,0,0.5990185886772615,0.6988294086932315,0.6094832897480308,0.5274802127303573,0.8416666666666667,1.0,0.7904704897359681,0.0904525935972972,0.4,0.5042,0.47694784273574325,0.5344069538825067,0.5044649578133124,0.3257717905588715,0,1,0.8609098206124906,0.08152264630176895
56,A03,crisis,0,0.7067029520485093,0.5043974906666461,0.5905758518738194,0.9347550780650273,0.6166666666666667,1.0,0.7823617115152427,0.10533558363301213,0.6,0.4358,0.5190949303112987,0.5724924803613526,0.3723648289436088,0.25660908040757613,0,1,0.938696836904242,0.10715346596529812
56,A04,crisis,0,0.6799370614213502,0.6786243875664923,0.5920913415665593,0.7576224874535785,0.8083333333333332,1.0,0.7827599094362634,0.08039282750455921,0.4,0.5496,0.473465856657895,0.5404088450981356,0.6193807087214913,0.32146536825992916,0,1,0.8877703593820607,0.09358925358325033
56,A05,crisis,0,0.6285748032047058,0.7653149446892545,0.5960880586404675,0.5715381162705715,0.7583333333333333,1.0,0.7854496259164122,0.06913135572632614,0.4,0.4767,0.45245713608855426,0.5918654251822011,0.6132451673888,0.3940589816092993,0,1,0.98,0.11572430872469178
56,A06,crisis,0,0.5417283083114586,0.6597210332897385,0.6553103066833351,0.36859860662464144,0.7000000000000001,1.0,0.8733963830863355,0.03780005039691455,0.4,0.3792,0.4105137748599779,0.488920823007426,0.6483342229498472,0.35600519337252323,0,1,0.9039563555950908,0.043076306096130036
56,A07,crisis,0,0.58929346761741,0.6666980600300981,0.5310257544844461,0.591899846350823,0.6749999999999999,1.0,0.9113134153928368,0.05931968796594814,0.6,0.3978,0.49285747609616765,0.6466922334035344,0.511266139417123,0.23459744177832687,0,1,0.8525683313761949,0.008147094704814561
56,A08,crisis,0,0.5237280813724292,0.5556008237476455,0.5278031425265702,0.5002419388780458,0.7833333333333333,1.0,0.7594241797118249,0.012870484235716944,0.4,0.4103,0.34830624139627614,0.48763398544546327,0.6518034713645326,0.32888451980314604,0,1,0.7219179999029409,0.06274319817577464
56,A09,crisis,0,0.5682928399671147,0.711696663012652,0.5054350504730696,0.5336660163709432,0.7833333333333333,1.0,0.7686911856594849,0.09946079590481578,1.0,0.4452,0.594486858557401,0.6650001909575963,0.17333393962318677,0.1875062448393163,0,0,0.8295302788456526,0.08698902218342765
56,A10,crisis,0,0.5195441187247959,0.5911484783971608,0.48160462298774875,0.507988452699484,0.6749999999999999,1.0,0.8050914389550953,0.19194583432632562,0.4,0.3507,0.4966398258381915,0.5640050349554339,0.49685768278555836,0.3742197588288525,0,1,0.9732203957209248,0.10165958269103362
56,A11,crisis,0,0.6067346233488241,0.592917249160643,0.6025212105876785,0.6190572183824397,0.7583333333333333,1.0,0.8920387288154231,0.0941437496497764,0.6,0.4601,0.5377418681994519,0.6042475390052023,0.5136322427224689,0.2132024764053152,0,1,0.7928326955572714,0.002447714657781111
56,A12,crisis,0,0.6485786579666613,0.6971532509695747,0.6048162810969299,0.6565116171008553,0.7583333333333333,1.0,0.6950697923842546,0.12810857243575777,0.4,0.4918,0.4806467549934024,0.5383572497717475,0.6510085539816856,0.3091236883745884,0,1,0.7184097414030376,0.10599756569929261
56,A13,crisis,0,0.6129703585000847,0.5474518405361138,0.5680490925862961,0.6932255399021319,0.7000000000000001,1.0,0.7975688748270744,0.06112469911182831,0.4,0.4291,0.43744430099743076,0.5128338873757579,0.6218631457344381,0.3096453203800724,0,1,0.8172402086896671,0.06517944272941853
56,A14,crisis,0,0.5959353315672065,0.5592426402509861,0.481826138224265,0.718713807814918,0.7000000000000001,1.0,0.8212254645909042,0.1137980794302077,0.4,0.4172,0.4778786365935662,0.6189792222643286,0.5970553670361797,0.3395706790900641,0,1,0.8163240148090539,0.05031254563674086
56,A15,crisis,0,0.6766058673424026,0.6615988864154931,0.5713822996027366,0.7780558521939287,0.6749999999999999,1.0,0.7442469373627439,0.012815142960083657,0.4,0.4567,0.3495202160504909,0.5434929715455675,0.5386270304821352,0.37080351415117657,0,1,0.8094257385154018,0.09762236849898344
56,A16,crisis,0,0.5431909830135702,0.5045588045623314,0.34707656070751025,0.7389362140633967,0.47500000000000003,1.0,0.819223012272262,0.09209022636729779,1.0,0.258,0.5348240662688618,0.5872414539845209,0.24504659071642354,0.0863950773636802,0,1,0.9645736833635912,0.09076351006532987
56,A17,crisis,0,0.6189933644680186,0.6162887628643524,0.5405758184864676,0.6892990932041669,0.7833333333333333,1.0,0.7759333856078465,0.01343193650624453,0.4,0.4849,0.36143976888381146,0.4934576233487016,0.6580317201089688,0.3782759252637521,0,1,0.8968782614199711,0.10037546992077695
57,A00,range,0,0.6662257274913441,0.8546778912851289,0.6385895279350828,0.5726247997319572,1.0,1.0,0.7933007939492174,0.3457890421267019,0.6,0.6662,0.6508110443075393,0.5502835636948603,0.4980882318782547,0.2086695484014178,0,0,0.6911885108150713,0.031918589948318477
57,A01,range,0,0.7027323885986112,0.8004327737282256,0.643958276193419,0.6930969962471454,0.975,1.0,0.5779939285240144,0.26795729523235934,0.6,0.6852,0.5823681212751846,0.5572120185520949,0.5207412825004056,0.3228939101833428,0,1,0.6079839117110255,0.16501294982029235
57,A02,range,0,0.7460011603296817,0.8904434581568182,0.64373801287838,0.7452049782076103,1.0,1.0,0.6827533300236852,0.14830071150355392,0.6,0.746,0.5475307309061049,0.6050399757346226,0.41017311361816516,0.26180094398230436,0,1,0.808110534843695,0.14037842867054334
57,A03,range,0,0.6309847815379122,0.8921943628871453,0.69923162774609,0.40801280276248575,0.975,1.0,0.6659400336539688,0.22967374900309032,0.6,0.6152,0.5706101112153708,0.5939048800978465,0.47296980509284636,0.37474904053592595,0,1,0.7830186907244919,0.1458581465298759
57,A04,range,0,0.796517331346152,0.8154018085390502,0.7287141025356385,0.84404235830979,0.9500000000000001,1.0,0.6640484148520913,0.17956652976838544,0.6,0.7567,0.5657098759040841,0.5871746792747555,0.45272553230593304,0.3394619062524552,0,1,0.6145946604411487,0.09766848929790652
57,A05,range,0,0.6025870708904965,0.8670915618236579,0.6507872603721658,0.39509659826080973,0.975,1.0,0.7335250339250597,0.2898424521087164,0.4,0.5875,0.5583968294160939,0.5228780557840204,0.4475814190139169,0.32445417133500265,0,1,0.7534958211713243,0.08917888973356337
57,A06,range,0,0.7601040911655668,0.7817159605580257,0.6865083707161849,0.810992928188489,0.975,1.0,0.6593400742428306,0.19182934300331883,0.6,0.7411,0.5700796645174715,0.6449264851037175,0.388523640750099,0.2845300678205082,0,1,0.6380710256078701,0.10844399840067317
57,A07,range,0,0.7190403669288044,0.7616894023847479,0.6663069605830299,0.7385264503213921,0.8916666666666666,1.0,0.7243883334936174,0.22429391111362465,0.4,0.6411,0.5381797239970979,0.601250360107422,0.4524668522342695,0.2956656508348173,0,1,0.8061648946869466,0.11024311612205684
57,A08,range,0,0.7701178193121736,0.9503249043017002,0.7986128074630703,0.6325552765616849,0.975,1.0,0.7480536507740477,0.2231786677510748,0.4,0.7509,0.5589899856608973,0.5439618680012532,0.6309581460669254,0.39289312993097725,0,1,0.7749699467753233,0.08545844438798919
57,A09,range,0,0.7180558427539208,0.731464615851068,0.6080993655812972,0.8058872770942491,0.9500000000000001,1.0,0.7831839437944799,0.17428151381485069,0.4,0.6822,0.5281214166845649,0.5814292157026502,0.6102941865791655,0.38733201719637583,0,1,0.800892379866827,0.06976140841615819
57,A10,range,0,0.783450458611382,0.848816989470205,0.755727061016784,0.7668543497198905,0.9166666666666666,1.0,0.8039136986157857,0.28629446292505445,0.6,0.7182,0.6374553181232547,0.6208043443610896,0.39904413496065566,0.2739907642289897,0,0,0.9287205268511589,0.09098650932730248
57,A11,range,0,0.6655468008176014,0.7852280245760301,0.6160321074909887,0.6340713926293696,0.9500000000000001,1.0,0.8130412022870155,0.40184917398099246,0.6,0.6323,0.665984285988955,0.7825821978914493,0.31894135161230436,0.2628473150153336,0,0,0.7472193744425154,0.0359259530989263
57,A12,range,0,0.7100000703918541,0.672705152027725,0.8294890873108616,0.6287565045653033,1.0,1.0,0.773440870891175,0.14187882392715218,0.6,0.71,0.5521256130963107,0.569859077694915,0.34389817813333085,0.2895040552227937,0,1,0.7894074311622027,0.07282169795633102
57,A13,range,0,0.7196903043822842,0.8023321627901833,0.7026383555737932,0.682959598084777,0.9500000000000001,1.0,0.6652839768862389,0.2594051396972992,0.6,0.6837,0.595683037795947,0.6371668744207408,0.510839515364069,0.34599053319007833,0,0,0.6091775082064208,0.09505864999995166
57,A14,range,0,0.6556831144939904,0.8193943714119558,0.6690262456611945,0.5416883391489584,0.9500000000000001,1.0,0.6663348390827003,0.36037285743641817,0.6,0.6229,0.6235015133582577,0.6137220950542179,0.48075248743798776,0.3683806568663731,0,0,0.749563458363133,0.1360910486458049
57,A15,range,0,0.6931599530137538,0.747842154114954,0.779730770816121,0.5832341117484325,0.9500000000000001,1.0,0.6883693771615297,0.20377642515266356,0.6,0.6585,0.5686611017845441,0.5985864611011869,0.49972789372378196,0.35624014810406546,0,1,0.701133940313017,0.10578878578266121
57,A16,range,0,0.7777407917002724,0.7648338421628892,0.7962413569536106,0.7696196405644662,0.975,1.0,0.7377192202745945,0.32995457222200847,0.6,0.7583,0.6508283384108668,0.7071410105160025,0.42140031464152305,0.3475907828231771,0,0,0.7152728965693897,0.07530849893542053
57,A17,range,0,0.7191645105573108,0.8306285595797253,0.6150154635944729,0.7406298960107847,0.8916666666666666,1.0,0.7062567493901151,0.14618619698930227,0.4,0.6413,0.49301578004811797,0.5259649898056066,0.51452473404143,0.35040239742016394,0,1,0.6585224219895667,0.08027817905060498
58,A00,range,0,0.7019059024003361,0.7952031663574629,0.7080334329239556,0.6382335232189648,0.9500000000000001,1.0,0.7510084422841362,0.2514011579548273,0.6,0.6668,0.6045647537220414,0.4750576108561303,0.43820956773878483,0.28878460662855243,0,0,0.7587148578746707,0.07888727663490583
58,A01,range,0,0.7607693753381306,0.8706079562587107,0.7229520536133801,0.7252104187719247,1.0,1.0,0.6805690624888825,0.32742149877118587,0.4,0.7608,0.5916086890795638,0.5365132686306978,0.44251002850669885,0.3256531407752509,0,1,0.68828765938051,0.10769679479991595
58,A02,range,0,0.7585670008620011,0.8237654843101893,0.7226763834444216,0.7492222389472657,0.975,1.0,0.762510503362289,0.29786721062058813,0.6,0.7396,0.6395488583309817,0.6255943487634645,0.40741482092800996,0.34669936758733166,0,0,0.8095197010792685,0.0855266333391635
58,A03,range,0,0.7143753538249005,0.8659375244418138,0.7130449180261074,0.6208131285132735,0.9500000000000001,1.0,0.6777494937031133,0.1914847268093829,0.4,0.6787,0.5210545684148069,0.5604180150556008,0.5422283917061896,0.44928988197077224,0,1,0.6002167229432505,0.08298471449110663
58,A04,range,0,0.8208842169116419,0.9228195549288435,0.7672726005241803,0.8040847949899197,0.9500000000000001,1.0,0.6657477127113692,0.175298635541774,0.4,0.7798,0.5241704204716247,0.573985878949456,0.5331783501168899,0.3663387573644023,0,1,0.6428750477595309,0.10507254714088204
58,A05,range,0,0.6957069285741468,0.8374123535247733,0.7652306581251991,0.5463077746228348,1.0,1.0,0.9094225876319176,0.27270782227423185,0.4,0.6957,0.5969364799715114,0.6433416610786747,0.5012845503989222,0.362250523780536,0,1,0.9198277179990824,0.027016835597207446
58,A06,range,0,0.7542844318826667,0.8235763526462869,0.7580276261096106,0.7077016864568282,0.8416666666666667,1.0,0.6756709253001093,0.3834624569813215,1.0,0.6349,0.6991051135963302,0.7679237740620938,0.22335110070091235,0.27639003340429125,0,0,0.7729709685302811,0.135779295273622
58,A07,range,0,0.6625810272796534,0.7407628238202664,0.7214115842391293,0.5622406671022289,0.9249999999999999,1.0,0.7337822587235198,0.20487048348674006,0.4,0.6129,0.5261240056871418,0.5943458820835614,0.591566351563284,0.36985918897260206,0,1,0.776618107077889,0.09555369067126307
58,A08,range,0,0.7785571706171946,0.6627721629479382,0.7644333212933969,0.8632811685688029,0.975,1.0,0.7076062845822313,0.38440311524301596,1.0,0.7591,0.7330690295980145,0.7542891681763392,0.16211139911751465,0.14097944143758595,0,0,0.7774603842621066,0.11395292487076777
58,A09,range,0,0.7075511091481187,0.8361156438397298,0.7560136854362153,0.5847935207137771,0.975,1.0,0.7116198272740426,0.25055177297666265,0.6,0.6899,0.6015423995000374,0.5940001917988229,0.4786690987397564,0.32799023444315706,0,0,0.5548325919778853,0.04421608100698315
58,A10,range,0,0.6798848430861804,0.7585457225941961,0.5518052166423193,0.7427914665320487,0.975,1.0,0.8845087470875321,0.27229751373605976,0.6,0.6629,0.6351362009383311,0.7357612298960657,0.40395605055534617,0.2277844730347551,0,0,0.7690174941750643,0.0
58,A11,range,0,0.709263528046562,0.7745407350578454,0.7672076227884682,0.617764190765342,0.975,1.0,0.7619530522483969,0.21973925391102958,0.6,0.6915,0.5953701344195905,0.6509188527590636,0.4136880613499122,0.21924028370179358,0,0,0.7206250941501353,0.06070540374473589
58,A12,range,0,0.5927495804586171,0.6726080708358388,0.6854699137055182,0.46170773238181506,0.975,1.0,0.9146150338828107,0.20436386802362524,0.4,0.5779,0.5453236683919559,0.5442675795500495,0.46584639325769023,0.32676836336716797,0,1,0.98,0.03960084719044936
58,A13,range,0,0.7159530453144651,0.7674589273973392,0.7574371657530126,0.6474632636289399,0.9500000000000001,1.0,0.6860349081831675,0.3709673834802641,0.6,0.6802,0.641620931027357,0.7077385670703122,0.432903671697125,0.386005517440041,0,0,0.7064975660678307,0.10906132425939621
58,A14,range,0,0.683690918399781,0.9376462572898241,0.6317456588435533,0.5704209337052035,1.0,1.0,0.8169882293857887,0.20049837822516148,0.6,0.6837,0.5926521528781121,0.6529115010556087,0.4929327260136062,0.25262153628045886,0,1,0.7198043880201198,0.025596983622542514
58,A15,range,0,0.6958072079203911,0.8450923712604572,0.7244196532393884,0.5774680911787271,1.0,1.0,0.8473362329908398,0.23812593729812484,0.4,0.6958,0.5729525393446883,0.6252280206059446,0.498818512786666,0.3036356012503541,0,1,0.8884862663102694,0.05414305205938715
58,A16,range,0,0.6790739572040632,0.7774454432066167,0.7339292916791376,0.5695933607867771,0.975,1.0,0.7818731415362121,0.2983896104029526,0.6,0.6621,0.6296196505500657,0.5994580996179453,0.4926849792349839,0.35167670251733885,0,0,0.8108819049427417,0.07336478052526206
58,A17,range,0,0.6657658450044386,0.7353272578196871,0.7633657874558256,0.5368900123499446,1.0,1.0,0.7195590866203863,0.20797693967023065,0.6,0.6658,0.5780604803529535,0.5404218900114081,0.49999335752429575,0.34179169704025025,0,1,0.7813277573414047,0.1066642355066869
59,A00,range,0,0.6710141639357938,0.8453483354116426,0.56283645713648,0.656710800212788,0.975,1.0,0.8966993226962854,0.2495941026663352,0.6,0.6542,0.6248222863402125,0.7066322179035801,0.47699121335873945,0.18522068114211748,0,0,0.8219385623496507,0.00789428708351303
59,A01,range,0,0.6976201139535902,0.8289867056094045,0.7409526588245579,0.5776000174066097,0.8666666666666667,1.0,0.7568421540189649,0.2968988879593085,0.6,0.6046,0.6124919389884491,0.6623456647972652,0.3372396801319365,0.26605625923450327,0,0,0.6939209960617794,0.05624966976402073
59,A02,range,0,0.7113446272221116,0.8028964416788329,0.6803144668292771,0.6812761335303908,0.9500000000000001,1.0,0.6680150351872455,0.2635748318524183,0.4,0.6758,0.5519319572777348,0.5434008230482631,0.4498171218252479,0.4253313621473842,0,1,0.7669432556271762,0.13977424839911687
59,A03,range,0,0.6955529910832678,0.7941058782164573,0.8396459167010177,0.5078761267094933,0.975,1.0,0.8146036157512302,0.18869726268804762,0.6,0.6782,0.5842188956650864,0.6310330602722632,0.4955592919111228,0.20040246802420278,0,1,0.8896744845421962,0.07415552418594834
59,A04,range,0,0.7068601382673012,0.823724126783748,0.6836905553718167,0.6540935304780707,1.0,1.0,0.8348895552251157,0.24652568356218885,0.6,0.7069,0.6234970357649146,0.5989325361530758,0.3867267286817719,0.27172965210602507,0,0,0.83311364681997,0.0466623094470564
59,A05,range,0,0.6652029040979451,0.7302804122692402,0.6721983551531854,0.6184084418175505,1.0,1.0,0.7903543078531609,0.26795106739772634,1.0,0.6652,0.6828868911850109,0.6848894437045067,0.22891072997935336,0.2252569114200903,0,0,0.6992477495682835,0.036156207712927366
59,A06,range,0,0.6537683765670033,0.8591936249508415,0.6603746685717853,0.5195970908229202,1.0,1.0,0.7922006371375281,0.22279085832469003,0.6,0.6538,0.5957125855785737,0.6643190963982063,0.3360147622674226,0.3067443794458096,0,0,0.7780648394205905,0.05765950650681777
59,A07,range,0,0.7178508230744836,0.8000690657915284,0.6558382565968495,0.7207254170442602,0.975,1.0,0.6896052673800168,0.16390323298670215,0.6,0.6999,0.5522580478089096,0.6736943204935713,0.5251198647601697,0.34788232443190237,0,1,0.7872634877617161,0.12958720654128775
59,A08,range,0,0.6407866499224213,0.762458338890022,0.6227703367804316,0.580506118316912,0.9249999999999999,1.0,0.7635076989980726,0.3728903469183382,0.4,0.5927,0.5915106239228721,0.6130304808690873,0.4700567611489777,0.42052551621784956,0,1,0.7325119393943375,0.06312861673792827
59,A09,range,0,0.6068106120154462,0.801962428781776,0.6843143985199338,0.41702491334506314,0.975,1.0,0.8387333128626725,0.3458949204948621,0.6,0.5916,0.6433824694702889,0.5709600160558346,0.46965972398581723,0.2297632184721548,0,0,0.677466625725345,0.0
59,A10,range,0,0.676622492150758,0.6835518573301937,0.6779953965153966,0.6710903475945517,1.0,1.0,0.7056275838893435,0.16018956268085696,0.6,0.6766,0.5491917930776907,0.5404968342574961,0.35991925902728567,0.3097719434085732,0,1,0.7201063520943035,0.09895331160339517
59,A11,range,0,0.7240629594515469,0.8579833878433365,0.7300338436718041,0.6351381680139532,1.0,1.0,0.6738768576413526,0.21750319489392725,0.4,0.7241,0.5405485702028996,0.5353546292567765,0.5833990666132849,0.38223716970280947,0,1,0.6448931950336377,0.09961808153836509
59,A12,range,0,0.7690576910089383,0.7864875494347585,0.6603526975833754,0.8532808987401681,0.9500000000000001,1.0,0.7722627281700757,0.22051372620008874,0.6,0.7306,0.6035164401704316,0.6112090382364834,0.38105706918421045,0.223823979783134,0,0,0.7269991870013456,0.05583430661823514
59,A13,range,0,0.6329651211753993,0.6064699002775514,0.696779434439424,0.5936871101305324,0.975,1.0,0.7310480512185076,0.30115929530036034,0.6,0.6171,0.6134829254469245,0.5485597959131845,0.33766221948524605,0.3254651371556834,0,0,0.6568832935945828,0.06253360545239181
59,A14,range,0,0.6600420873228946,0.7233439677386811,0.6935477111690076,0.5911609911976793,0.8916666666666666,1.0,0.6696667870329787,0.43753235579558625,0.6,0.5885,0.6400749937112157,0.5625926459635613,0.3123524780729341,0.27405709265119876,0,0,0.7139292366330885,0.12330818817322445
59,A15,range,0,0.7457186397559687,0.8812968555016816,0.7675228906485755,0.6419035353838674,0.975,1.0,0.695185341203202,0.30629742260900084,0.4,0.7271,0.5813289319421223,0.549063403678037,0.5819105014598993,0.31195781700716524,0,1,0.705608626159849,0.10217581147377046
59,A16,range,0,0.7001208515333769,0.7553243572942049,0.8306526682344034,0.5514033208194613,0.975,1.0,0.8115935676736608,0.4214197992575116,0.6,0.6826,0.6821624865910159,0.7021141765990532,0.3470766461729357,0.33288890859878373,0,0,0.7707135487794259,0.043495508121303574
59,A17,range,0,0.6394951417906598,0.7965503394467235,0.7885675371247303,0.41089729733830815,0.975,1.0,0.8259014383801866,0.3246208673536134,0.6,0.6235,0.6399306260866385,0.7282600443121249,0.4094363944966225,0.27588588738181985,0,0,0.79513492274555,0.04160642050310354
60,A00,range,0,0.6723279588225699,0.5832974231015395,0.7753521645419008,0.6378258636437992,0.975,1.0,0.6852618987808867,0.23481027709856467,0.6,0.6555,0.5835993207633011,0.5856147495996064,0.39844004784002984,0.31739823286357305,0,1,0.8075908476411382,0.13840096726043719
60,A01,range,0,0.704878605927481,0.7701512201412817,0.6097571648386186,0.7473144829966102,0.975,1.0,0.7646708215908439,0.33423823311674533,0.6,0.6873,0.6450966111450941,0.6921827255166457,0.3419213838896762,0.34182703746095866,0,0,0.8366089065170313,0.09154177070979196
60,A02,range,0,0.6961263912953752,0.7388085414409356,0.654465981423291,0.7059029060924739,0.9500000000000001,1.0,0.7123420363089872,0.19343201157069598,0.4,0.6613,0.5249770920348403,0.599789617884804,0.6479240436829388,0.381747519035108,0,1,0.48332186907686797,0.020166996526577705
60,A03,range,0,0.7853505884008289,0.7274213215264679,0.8286848971146894,0.7836388600726768,0.975,1.0,0.7641800060144982,0.29172169612600146,0.6,0.7657,0.6415514830056182,0.7359326208256189,0.4747412144557146,0.23705555647070434,0,0,0.8407775853030274,0.09299640504962574
60,A04,range,0,0.7245663261959535,0.6645984509421249,0.8316079589463232,0.668384819573023,1.0,1.0,0.5857794473165989,0.35477148007638254,0.6,0.7246,0.6233719242602097,0.6646042558412691,0.4863943100479081,0.3420872775695985,0,0,0.6028797437721569,0.15673330039469557
60,A05,range,0,0.6358744322252095,0.5762463837255971,0.6852430786947262,0.6299443968766401,0.8666666666666667,1.0,0.7196259978152313,0.3325593998784866,0.4,0.5511,0.5627786062025727,0.6000588639677467,0.48813407872707726,0.34024601845074715,0,1,0.6287184335396967,0.06183496866524461
60,A06,range,0,0.6875124231506922,0.6151789912394037,0.8238132765317795,0.6134575713867962,0.7833333333333333,1.0,0.841019391222563,0.366804972138566,0.6,0.5386,0.6367094938700788,0.6962241168439538,0.48804023410645897,0.2791618266408972,0,0,0.8330513870796658,0.04298769212673344
60,A07,range,0,0.6470572040623617,0.7163962502440823,0.6729911202648369,0.5810281235216206,0.975,1.0,0.6054205076602891,0.26514731469142383,0.6,0.6309,0.5776735927575589,0.6434827277629418,0.4155596485342514,0.3033797101992076,0,1,0.7062029722223838,0.17147762267468888
60,A08,range,0,0.6325598324401174,0.7153093976277303,0.7148894436120582,0.5088029444224109,0.975,1.0,0.7211083799579652,0.3634038541473431,0.6,0.6167,0.6341358703007823,0.5394098122676503,0.38455362019642525,0.2748123502160508,0,0,0.8742314044415673,0.13100865562146385
60,A09,range,0,0.7006938196322867,0.6945100671808195,0.707993070039138,0.6981718208084591,0.7833333333333333,1.0,0.8317604602799583,0.30276843025240424,0.6,0.5489,0.6144498478142535,0.6197168983682855,0.3367726161338333,0.30195300107154815,0,0,0.7795078710378123,0.033700228252022575
60,A10,range,0,0.8326322903255552,0.9374283364202114,0.8023686094329435,0.7936154822974302,0.9500000000000001,1.0,0.6212349670026611,0.29849097307271083,0.6,0.791,0.6203230418254918,0.6751378578827949,0.45195744461704485,0.31334826927850273,0,0,0.5834828409822621,0.1212627350459521
60,A11,range,0,0.7111815406394976,0.6666527074300838,0.7842146271657056,0.6751081106849494,0.9500000000000001,1.0,0.8577279194022456,0.17496110470297963,1.0,0.6756,0.6414090561557401,0.7868350220357608,0.27608517207459826,0.14710218898338356,0,0,0.8937901004254266,0.0494506623358013
60,A12,range,0,0.6537496306390917,0.8127747085653254,0.6896387652950813,0.5229559641112049,0.9249999999999999,1.0,0.7217493828995065,0.18984854253096453,0.6,0.6047,0.5571243040090555,0.634054852654123,0.3942970333512545,0.2597364801902258,0,1,0.6679642084665423,0.0722669904189274
60,A13,range,0,0.7389640864686073,0.6979602720262924,0.8391748448405832,0.6769070569195754,0.8916666666666666,1.0,0.6899792359089737,0.24004313270575373,0.6,0.6589,0.5865032700436755,0.572141535970849,0.3989582080231126,0.3822389514335117,0,1,0.7470115353109201,0.11792661411244665
60,A14,range,0,0.7531454675151557,0.8852103771588208,0.7141598594757321,0.7047173060223603,0.8916666666666666,1.0,0.7809501071972083,0.3225504883790147,0.6,0.6716,0.6396034714591302,0.6485062018775304,0.3426382739902125,0.28592556995961865,0,0,0.7465685649810547,0.05587493842683726
60,A15,range,0,0.7579923872807423,0.753464094219401,0.7669935845376618,0.7529465228442761,0.975,1.0,0.6231852029579555,0.17414156093486235,0.6,0.739,0.5526405892722303,0.541122739090027,0.49914990775796786,0.4071299979783247,0,1,0.7443403160664465,0.16807039480303976
60,A16,range,0,0.616514533451132,0.8349762122658434,0.5639502622361279,0.525969721505066,0.9249999999999999,1.0,0.7380842957401607,0.19890508266468923,0.6,0.5703,0.5584733891866643,0.6313008466501804,0.4297490021508699,0.3549022939200632,0,1,0.8230617509771413,0.10553371343524863
60,A17,range,0,0.6157693236898804,0.8111528685356681,0.6323259371221883,0.47916757140799354,0.9249999999999999,1.0,0.7816611279754657,0.18650229592137624,0.6,0.5696,0.5582055930077485,0.5719307998985751,0.36931550266491153,0.28376211229760473,0,1,0.6504673571299232,0.027122643265904862
61,A00,range,0,0.7276535691469179,0.8612885093012542,0.7819597140916722,0.5966138547237978,0.975,1.0,0.7549856756693353,0.2999156845383987,0.6,0.7095,0.6339575010303085,0.5488183487334021,0.4887494681381135,0.32989659369690116,0,0,0.7537773108599672,0.07484062356257949
61,A01,range,0,0.6901673420927211,0.8727477469544447,0.661687400075907,0.6009745383188564,0.975,1.0,0.7646638704528925,0.31791664198362224,0.6,0.6729,0.6363280698660956,0.6599564796982025,0.47760363348910156,0.2321908735656828,0,0,0.766248073879371,0.07201465534214524
61,A02,range,0,0.7344176613578657,0.7920691536985864,0.7441015781549031,0.6899120514475073,0.975,1.0,0.7098381092814805,0.290414857737856,0.4,0.7161,0.5762564749786968,0.5241727747162518,0.6137610578277071,0.4318052048721588,0,1,0.7620330063387758,0.10801971456806365
61,A03,range,0,0.7807811204302468,0.8170208313356503,0.8183853790570491,0.7252275748159174,1.0,1.0,0.7671858329031754,0.26110773926670705,0.6,0.7808,0.6312063114244435,0.6456440227002018,0.3742391425283397,0.2746689794434499,0,0,0.7792013933677607,0.07402182460809041
61,A04,range,0,0.707449390739493,0.8377064651117581,0.764954396584523,0.5757218391424263,1.0,1.0,0.7844148153503531,0.3221010461635019,0.4,0.7074,0.5992993700080814,0.5870589292344064,0.5879399777231518,0.4074380411395073,0,1,0.861674790188019,0.08557331210120497
61,A05,range,0,0.7351981722228741,0.8048878396863706,0.6813666540926757,0.7387447084221124,1.0,1.0,0.87036270408458,0.2783464312285773,0.4,0.7352,0.6000887089194448,0.5589174564782543,0.47885871289238546,0.28117289147256963,0,1,0.755815997319884,0.004315888501663492
61,A06,range,0,0.7326983821871209,0.8554739579155655,0.8613785982191278,0.5433684583288373,1.0,1.0,0.7199567916567098,0.24379820533763846,0.6,0.7327,0.6071513084729133,0.6419285627253233,0.3248468520648041,0.3587985092218695,0,0,0.6750296797826336,0.07562389209701029
61,A07,range,0,0.7132647620937906,0.8844822766454801,0.7194470291909606,0.6008443317889611,1.0,1.0,0.7616595767592356,0.20081942935803665,0.6,0.7133,0.5888813979493527,0.6134257727851615,0.4082313354966278,0.2609330560824246,0,1,0.8801909165597063,0.10524085763255771
61,A08,range,0,0.6324640988917032,0.7721303598270448,0.6852939789491725,0.4989465407568291,1.0,1.0,0.8547482429142004,0.23502478033028484,0.6,0.6325,0.6077373494355454,0.6611959383695735,0.41609862578179585,0.21768329186864432,0,0,0.7094964858284007,0.0
61,A09,range,0,0.7612915654579843,0.8863660851286228,0.7433705986567579,0.6988008366149082,0.9500000000000001,1.0,0.5931284182503571,0.24371372901443406,0.6,0.7232,0.5806980302578943,0.6241350152226475,0.5031767668038696,0.3687007295479552,0,1,0.6682394171083997,0.17048299751397583
61,A10,range,0,0.6504647820035806,0.9066373462287581,0.6288380063861859,0.509280358028065,0.975,1.0,0.786882538446597,0.20829720334841967,0.6,0.6342,0.5835134303633099,0.5751864753913551,0.4284596459648104,0.22162796060391657,0,1,0.9557639258490706,0.10865499272901628
61,A11,range,0,0.6873482766464055,0.8700762719683507,0.851894554029649,0.42916528685985195,1.0,1.0,0.6540429614990995,0.5069245169970054,0.6,0.6873,0.6765137000010433,0.5921618307199688,0.34730583733197,0.3613416097372468,0,0,0.6407467495977771,0.11329326604001971
61,A12,range,0,0.646484302151999,0.8244135733874792,0.632989434652516,0.5470865166918717,0.975,1.0,0.7261483571063715,0.23698457637578157,0.4,0.6303,0.5433395913598279,0.5532136542850054,0.5061497885696394,0.41323895721486587,0,1,0.6251245385125053,0.05621910388603116
61,A13,range,0,0.6408120463940254,0.7970048935047858,0.7062495382668773,0.48593371156105497,1.0,1.0,0.7010301189197292,0.2611262677005943,0.6,0.6408,0.5962012068205244,0.5836283381025308,0.3361066061435011,0.32641285321859703,0,0,0.8082196017637577,0.12719998120430462
61,A14,range,0,0.7609988995057345,0.7253675809357343,0.8765422423063621,0.6821680486614354,1.0,1.0,0.8473147080281396,0.3891900177765645,0.6,0.761,0.6926114265909377,0.6685675610815454,0.411495212750864,0.22440957265233435,0,0,0.7888280829836327,0.027048309932145458
61,A15,range,0,0.6659986227510204,0.7764995013463417,0.7554355558667634,0.5186782571526696,0.9500000000000001,1.0,0.7844825609109204,0.17813084977727112,0.6,0.6327,0.5653126626081639,0.687145316649939,0.33288298350239426,0.25653846390662827,0,1,0.7586501263152154,0.057065148572985724
61,A16,range,0,0.6171097462940721,0.7574090024125234,0.6510910411364603,0.4996890782329505,0.9500000000000001,1.0,0.7359253653305463,0.30945417366592337,0.6,0.5863,0.6111918046116837,0.6288951047467629,0.34384678536210767,0.3656434345340389,0,0,0.5937280909177535,0.03977768679554721
61,A17,range,0,0.6638897524841594,0.81125138358152,0.7105216345073078,0.5309858362780543,0.9500000000000001,1.0,0.6953759630080566,0.2609628466352627,0.6,0.6307,0.5927057431254358,0.5972172237132283,0.4681601168732673,0.24345327493435526,0,1,0.6159646292557984,0.07504375858721432
62,A00,range,0,0.6803014800804744,0.8949108391712187,0.6864988077010906,0.5407479689807202,0.975,1.0,0.7526418327972,0.2636403672066573,0.6,0.6633,0.6100814973521684,0.525793150286608,0.4676744458539046,0.2893043310896996,0,0,0.7777391837739247,0.0831805364889538
62,A01,range,0,0.5998902626568361,0.7018305055019627,0.5586453867582053,0.5722668772899339,1.0,1.0,0.7200083827105602,0.2820023015130688,0.6,0.5999,0.6008402844160203,0.6806306730125579,0.5046446437793091,0.2731395574497516,0,0,0.6728095281255714,0.0749249044283765
62,A02,range,0,0.7177426558189783,0.6678747771024108,0.7425567825027727,0.7271977191685128,0.9500000000000001,1.0,0.6856582628752151,0.34080811043340914,0.6,0.6819,0.6314728581735399,0.6727129873327092,0.41644194894342434,0.32381982963203915,0,0,0.7719191173770094,0.12814598010641187
62,A03,range,0,0.6271607553311469,0.7595556206392177,0.6038028542257051,0.5648521279808641,0.975,1.0,0.8451032173701699,0.13693314856774252,0.4,0.6115,0.5019541971418546,0.5491696141114475,0.5163998045084172,0.3160506942961439,0,1,0.8241215774165638,0.038123935753560344
62,A04,range,0,0.7612317239846011,0.8051572003868325,0.7300788390131779,0.761037075583202,0.975,1.0,0.7503181114856222,0.17729436285398922,0.4,0.7422,0.5339367066163279,0.5706299102490828,0.4588838952453733,0.37661833711931647,0,1,0.672304565105887,0.054156743703924176
62,A05,range,0,0.7153364715966628,0.7754131821520952,0.8982938585133536,0.5177008139474133,1.0,1.0,0.7026213304292477,0.18187224773081787,0.6,0.7153,0.5683044552864011,0.5916576194736971,0.44114444779287343,0.3259298320611086,0,1,0.7410453927306219,0.10713786650528535
62,A06,range,0,0.7678393478791925,0.8686289798185657,0.7439879744285702,0.7257157796863789,1.0,1.0,0.7652375223520124,0.31269796027921043,0.6,0.7678,0.6510292321270531,0.7267491818198267,0.347482089624764,0.2670828380126548,0,0,0.8025847307371593,0.0818217112339823
62,A07,range,0,0.6493203910185471,0.8525644385439823,0.634200373220486,0.5355228768884538,1.0,1.0,0.6875365695200869,0.2862942966460098,0.6,0.6493,0.6058901854277291,0.5721325775325311,0.4361614158950888,0.2585331147590508,0,0,0.6992387156958797,0.10583670736687811
62,A08,range,0,0.734082924102015,0.7724100428140482,0.6748943814202618,0.7619184497535282,0.9500000000000001,1.0,0.8700958039127744,0.2632577961116289,0.6,0.6974,0.6346834660676985,0.64733642970384,0.5098857356439547,0.2232032457162871,0,0,0.9137658974808225,0.047538874165210576
62,A09,range,0,0.7170067111609548,0.7940901565050961,0.7099974280163458,0.6749626805723996,0.8916666666666666,1.0,0.7561749218454523,0.21753721906001522,0.6,0.6393,0.5833715625433301,0.5809794259167731,0.4833174081616898,0.36663972574633663,0,1,0.7189446111533314,0.06402293761714488
62,A10,range,0,0.7517522300768058,0.8474558528615014,0.6932363621879759,0.7431388502390974,0.975,1.0,0.7865213280301175,0.2799446910586667,0.6,0.733,0.6350172848046145,0.6775830347327534,0.3523833619470313,0.27354494020206466,0,0,0.9377350432132695,0.10425402307868337
62,A11,range,0,0.678692653548556,0.8436467094439645,0.7729201072961593,0.49314734658477305,0.9500000000000001,1.0,0.7416240347258445,0.15592082011649827,0.6,0.6448,0.5464897845779205,0.56681280413617,0.43890040289986293,0.28984988797396716,0,1,0.9635787593178502,0.14026719066973697
62,A12,range,0,0.7518831801157433,0.7523510791662817,0.7430894878313262,0.7592852239580218,0.975,1.0,0.8520149092110219,0.21425524810466837,0.6,0.7331,0.6134984599707773,0.7041429892456851,0.33877206485773803,0.2644751555072988,0,0,0.7812460037066904,0.02215859708561725
62,A13,range,0,0.6983386637151953,0.6822535159214462,0.809964930715126,0.6107188974613491,1.0,1.0,0.6748795139332583,0.2480609696766435,0.6,0.6983,0.595378573121846,0.6025457023642016,0.42854785059645056,0.3336794290678915,0,0,0.7238383861720714,0.1223136728432905
62,A14,range,0,0.5690812321962012,0.7138713149507386,0.6173644640287146,0.4363396026211661,0.9500000000000001,1.0,0.6100211408011568,0.27593654997405126,0.6,0.5406,0.5657155195339184,0.519641953939876,0.42492650449815683,0.42279271032370225,0,1,0.5779859765628257,0.12863191017308911
62,A15,range,0,0.6005338177229357,0.8143377868878905,0.6651993898564669,0.41032396137799904,0.975,1.0,0.7171338560499957,0.497784922972104,0.6,0.5855,0.6662152562628699,0.6760585894396781,0.4247036127966082,0.2843743605450137,0,0,0.7841316139669456,0.10913869613847861
62,A16,range,0,0.7023165215182298,0.8279576724184853,0.7957458299412182,0.5420401573354552,0.975,1.0,0.7365795328369501,0.2563346155016772,0.6,0.6848,0.6077414558700456,0.5968542042607619,0.3285604894717738,0.2596060463367896,0,0,0.785763822296091,0.09621855807254019
62,A17,range,0,0.7532448939684735,0.8827996567415841,0.871048701734632,0.5691948354398906,1.0,1.0,0.8189703673204757,0.22504320122471078,0.6,0.7532,0.6176739678683475,0.6522676661798806,0.48406478274349685,0.2799891150984238,0,0,0.8659273345491804,0.06515917830029623
63,A00,range,0,0.7743346921943863,0.8255369717122677,0.7298152070786442,0.7812878169719846,0.9500000000000001,1.0,0.8578793393785697,0.15428404026637124,0.6,0.7356,0.576885430021514,0.640451873015923,0.520170972776178,0.2466272817832192,0,1,0.8124009100658914,0.027398537431109392
63,A01,range,0,0.7792317051429407,0.8358400283344143,0.7430073265074448,0.7755478344543287,0.975,1.0,0.7498005223229196,0.30060439716994436,0.4,0.7598,0.5935734751908319,0.6298325125280126,0.5250853334512015,0.40527808462528886,0,1,0.6936232944087559,0.060835546311393665
63,A02,range,0,0.7545598411329,0.8109506122593224,0.7786258587390721,0.6982578437734855,0.975,1.0,0.7973724130489857,0.2046321094135402,0.6,0.7357,0.6000437386299302,0.571943875730098,0.46534202548969344,0.2593424473784953,0,0,0.7764930586186641,0.05396374466774358
63,A03,range,0,0.7165570191861577,0.8614613427754733,0.7432080108516038,0.6026721992355702,0.9500000000000001,1.0,0.8463584646318868,0.1709618946814305,1.0,0.6807,0.6376860085488428,0.6670336780699446,0.1121066325696236,0.13101957955204033,0,0,0.7037910153765089,0.0032604444135625604
63,A04,range,0,0.6798132375899669,0.7623164289985296,0.7562417542891794,0.5613737908478043,0.8916666666666666,1.0,0.74830042208421,0.16510752427253136,0.6,0.6062,0.5463899629375575,0.6402659746279791,0.3880667516367649,0.36589645603000387,0,1,0.7753264250793054,0.08539393737563528
63,A05,range,0,0.6624059520484732,0.7474850929187127,0.6977857610962799,0.5782741560877428,0.975,1.0,0.8271686627034797,0.18107487055780425,0.6,0.6458,0.5760498154023928,0.6762442832864703,0.49700926772992815,0.27811786249002535,0,1,0.7362439262025479,0.02416179790870853
63,A06,range,0,0.6489378829407225,0.7699061004709332,0.6954794020313676,0.5326089177800264,0.975,1.0,0.8122506230706059,0.3309980183670517,1.0,0.6327,0.7081315959886936,0.6946063636973518,0.22059661343285558,0.10271083264554345,0,0,0.7223932958736665,0.029256965762414974
63,A07,range,0,0.7348707517290515,0.7599367046128316,0.7903824852040549,0.670631764386061,0.975,1.0,0.7389180673312348,0.2908577048509337,0.6,0.7165,0.6285602027646849,0.5619397479597278,0.3404183753221509,0.32468766148374245,0,0,0.7769983751516083,0.09217334403091085
63,A08,range,0,0.7375626010447426,0.7982016209404855,0.7900511061311055,0.6537357716593356,1.0,1.0,0.7880901544675628,0.32573594001921413,0.6,0.7376,0.6551724639423013,0.6722500282641082,0.45951305513336826,0.27874111618685415,0,0,0.8683576861528813,0.0850277040860936
63,A09,range,0,0.7396679518203548,0.8017714332661522,0.6611254560637911,0.7695779597037247,0.975,1.0,0.6699627842526863,0.18577156633739142,0.6,0.7212,0.5655196700165761,0.5292339327352168,0.35711891398369994,0.3977953539596679,0,1,0.7063410320456023,0.12086863205701065
63,A10,range,0,0.7181560474252559,0.8801416216631704,0.7540208776027797,0.5855333371212259,0.975,1.0,0.8183949620680343,0.23024955541172992,0.4,0.7002,0.5654980880586894,0.6168347245629755,0.5752211241586689,0.32996603519672063,0,1,0.7774830167095442,0.04123068384519825
63,A11,range,0,0.7194377931230364,0.8103323703227914,0.7480014168075967,0.6376355116491992,0.9500000000000001,1.0,0.8801271556712251,0.19552273255074742,0.6,0.6835,0.5985275840519247,0.6664579669084819,0.453472472392365,0.20405262710412192,0,0,0.7605133698926065,7.358013197081292e-05
63,A12,range,0,0.6763877973083019,0.7076448104294069,0.6510004214002649,0.6790661180271436,0.8666666666666667,1.0,0.757996712363093,0.19103162120157466,0.6,0.5862,0.5595404242153156,0.530447920803347,0.40780779972757214,0.22220308611681155,0,1,0.8041273023661529,0.08700301795680719
63,A13,range,0,0.6447822152121443,0.7244824000344549,0.7946998052137026,0.4637917084468368,1.0,1.0,0.7876691677469605,0.1775610710207913,0.6,0.6448,0.5680701616960772,0.6420647256065454,0.5023108067512567,0.23241446588051914,0,1,0.8203146892045217,0.07226966345198418
63,A14,range,0,0.6524801017430428,0.6653152139216534,0.7444616569182185,0.5639742958531325,0.975,1.0,0.6372026195954439,0.13896678087470193,0.6,0.6362,0.516562718054325,0.6295053108677836,0.42673162046012725,0.3825490161541387,0,1,0.6196156738675225,0.11985464601811488
63,A15,range,0,0.7577807811550112,0.9389014300445201,0.7264346702928435,0.6720082226034653,1.0,1.0,0.7416359269289032,0.1760262962924484,0.6,0.7578,0.5776053364123616,0.599430437354199,0.3709139035515442,0.35790315723030525,0,1,0.778222629769867,0.09068199151666735
63,A16,range,0,0.6032378291305344,0.6886328514084111,0.6566299005184133,0.5031478777424674,1.0,1.0,0.7177930587371635,0.2616335204465279,1.0,0.6032,0.6536458761837042,0.7235948695433735,0.23800003660444483,0.20595374191234536,0,0,0.6803133689847619,0.07870354756221903
63,A17,range,0,0.6055917641170082,0.5526727881689677,0.7977850441496164,0.4704970040560015,0.9500000000000001,1.0,0.7972873548383017,0.2627125575298802,0.4,0.5753,0.5551645833767056,0.6204004292920186,0.5548118805871649,0.3141168228632542,0,1,0.76161881910396,0.04981305445460228
64,A00,range,1,0.473188256016142,0.43742479620466856,0.4072882952192493,0.553202884095594,0.975,1.0,0.6406865996632208,0.16108803798630575,0.6,0.4614,0.5001815295813018,0.35981835052856226,0.4003558063087995,0.36709633973702205,0,1,0.8023167278775537,0.17057029676274826
64,A01,range,1,0.7245612856708086,0.7801142831542849,0.6830603015472302,0.726154023351767,0.9500000000000001,1.0,0.5188049919418749,0.1733218033034233,0.6,0.6883,0.5236653828919204,0.3342274794382236,0.44634519071412176,0.3778778801857854,0,1,0.7102388466349193,0.2498565305442814
64,A02,range,1,0.6417817553706271,0.7898429572271879,0.7384325987700164,0.4646740162358108,0.975,1.0,0.5160810605489112,0.13038723526051685,0.6,0.6257,0.4864650362578786,0.3712635938846108,0.4716783382300899,0.42244212670457204,0,1,0.6268771047704026,0.2275032708539835
64,A03,range,1,0.598829308368675,0.6201303557512979,0.692760559613116,0.5033263089156497,0.975,1.0,0.5829646790633212,0.30924896735166546,0.6,0.5839,0.5815555076518624,0.43662790812410684,0.3390276086326045,0.32801957960734623,0,1,0.7750293336644429,0.2101492237515215
64,A04,range,1,0.6087890581972185,0.6432552991832508,0.6475144564367826,0.5533629341213298,0.9500000000000001,1.0,0.6747032170458191,0.29234224062895897,0.6,0.5783,0.5919886781907159,0.4549556202092926,0.5214393010751411,0.2622284209355141,0,1,0.8329255631537154,0.1531242707102679
64,A05,range,1,0.5204379680297136,0.4097481281810768,0.46843695822645626,0.6351200015129619,0.9500000000000001,1.0,0.6835046721232794,0.3891325137912123,0.4,0.4944,0.5628989014306166,0.35292086085471924,0.4654305580336311,0.4549752122850785,0,1,0.8120004483562344,0.14090303087657952
64,A06,range,1,0.6512524110465039,0.8091666699911935,0.7118687422946616,0.49951670936393483,0.975,1.0,0.6643881914446123,0.24895568888666453,0.4,0.635,0.5390570417419236,0.32808567141123124,0.5324848732504508,0.4581417823234766,0,1,0.8058031366736168,0.15337346899618004
64,A07,range,1,0.7669213723006394,0.8451954734891641,0.7432523790564562,0.7387104281464718,0.9500000000000001,1.0,0.5570537193155806,0.19223777755272747,0.4,0.7286,0.5071326828872597,0.2614528712258137,0.5509653124917184,0.5040409173764065,0,1,0.8149843085287304,0.24401162068622448
64,A08,range,1,0.6950413747172316,0.6921599644079701,0.7847765329707626,0.6183239926886804,1.0,1.0,0.5980121805630639,0.185873856268496,0.6,0.695,0.548510386758537,0.318258713077122,0.3729729472275395,0.39396235880073077,0,1,0.8691738048222668,0.22324674673930273
64,A09,range,1,0.7313988690869484,0.7996617363105724,0.736624220697857,0.6841623944126383,0.9500000000000001,1.0,0.6263940244669197,0.14612354102169428,0.6,0.6948,0.5283175171963133,0.34775653950172275,0.46225758927151295,0.40926547918853395,0,1,0.7468038495233104,0.1662081198298785
64,A10,range,1,0.5432331672141177,0.39214598485786406,0.3860925681829824,0.7751606803390195,0.9249999999999999,1.0,0.628127075456337,0.20481490615823783,0.6,0.5025,0.5297355129733928,0.3742913099588795,0.4464436367843408,0.40469846283662403,0,1,0.7177879947443637,0.15645150827890467
64,A11,range,1,0.7752578348460744,0.7763170264039363,0.8900787664435402,0.6741275249746281,0.975,1.0,0.6158029679008546,0.2785860775351492,0.4,0.7559,0.560540553211334,0.3987456756063393,0.5706506644005349,0.4724017359560203,0,1,0.7909794165003332,0.18722183681448548
64,A12,range,1,0.7130943781509902,0.6539733460927688,0.7818696795204327,0.6898666344891162,0.975,1.0,0.5937145852278378,0.2633595848891106,0.6,0.6953,0.585382846475427,0.4433258602153976,0.35292191058744155,0.3999923052558601,0,1,0.7136835845871426,0.18342729374638986
64,A13,range,1,0.6704366278063956,0.733551982521391,0.7967440034343469,0.5204705774350661,0.975,1.0,0.5206670071761305,0.35051326733179233,0.4,0.6537,0.5498435076559386,0.34257047075988384,0.5569377469801692,0.45934227309987435,0,1,0.603104436408121,0.21571971240317517
64,A14,range,1,0.6418954791063924,0.5788440702584273,0.7132138296490127,0.618899052911578,0.9500000000000001,1.0,0.6095187987521209,0.28536638217941457,0.6,0.6098,0.5826190030070528,0.4144539083271861,0.46324599014101664,0.4028718327559061,0,1,0.7782493449161316,0.1887838366567976
64,A15,range,1,0.4581968917046595,0.4064390971046427,0.412442986618587,0.5305801802799833,1.0,1.0,0.5248308317014206,0.2631275867435518,0.6,0.4582,0.5265278589972376,0.42512681596283175,0.4367538485056886,0.40251880486995395,0,1,0.7305530437232555,0.24998657448154943
64,A16,range,1,0.7068950096540986,0.8249139901908887,0.7524343745584189,0.5932862025273243,0.975,1.0,0.5668625543385767,0.3262957092493342,0.4,0.6892,0.5578169545907624,0.4415802165532038,0.602779062674217,0.5006733459197069,0,1,0.7053639139700822,0.2041348799466422
64,A17,range,1,0.7057514427037033,0.8534745030559616,0.7675488933406223,0.5593517606762377,0.9249999999999999,0.4,0.5066183842177707,0.2562370194659309,0.6,0.2611,0.5557442400464151,0.37932302391619144,0.33536755178816835,0.343556759921314,0,1,0.8062325959696997,0.2890466547403423
65,A00,range,0,0.7378751955483324,0.8169523780229011,0.8233387423875375,0.6136713530174225,0.975,1.0,0.7761938482464974,0.29397344255736746,0.4,0.7194,0.589162706918099,0.6212068034316522,0.5002420676886707,0.2906448015964775,0,1,0.7788729909742107,0.06809290881731328
65,A01,range,0,0.6759691205889549,0.7630523071433356,0.6849931815227133,0.6136460756754282,0.9500000000000001,1.0,0.8268379119088076,0.349763230586472,0.6,0.6422,0.6526999591377771,0.653090623201731,0.32094863284661557,0.26586078223624793,0,0,0.706224651404506,0.015641270701333407
65,A02,range,0,0.7377796908347583,0.8620275892025246,0.7185267853154257,0.6769710466843201,0.9500000000000001,1.0,0.6842729041628401,0.16523163890442738,0.6,0.7009,0.5520821819450801,0.5920875642585927,0.4825436883238365,0.3740624234078833,0,1,0.6582517272110681,0.09600757434375021
65,A03,range,0,0.7648038330736047,0.9767846184722399,0.7668311139247147,0.6305419714547366,0.975,1.0,0.7607694897163707,0.26130283937934307,0.6,0.7457,0.6243231018396816,0.6837644860673111,0.3616074006057324,0.25363596774518504,0,0,0.8549879739646794,0.09907795194604602
65,A04,range,0,0.7603196765170266,0.8342923544524289,0.7858295986728825,0.6917655709210264,1.0,1.0,0.6953668622632433,0.3282880263558124,0.6,0.7603,0.6427554273541382,0.6241153917085419,0.31277539239761015,0.26057424859459294,0,0,0.6820512462621771,0.0950912806489573
65,A05,range,0,0.6967967894791498,0.6796139541521657,0.6151061222665943,0.7790153953695009,0.7833333333333333,1.0,0.5897140789849018,0.20628555835253445,0.6,0.5458,0.5301264192889982,0.5543863512692735,0.4692042860850649,0.3903520676805845,0,1,0.603682401254267,0.1536363882540245
65,A06,range,0,0.5990709776110317,0.7605045512206582,0.6094584441675148,0.4890859608680922,1.0,1.0,0.8353090297122068,0.286014206166577,0.6,0.5991,0.621542695921,0.7244259950282861,0.3899553796250256,0.23719323345565116,0,0,0.7608363997274025,0.026297634929653764
65,A07,range,0,0.7195722675774375,0.788551794439297,0.7823571800191779,0.6215232649022526,0.8083333333333332,1.0,0.7206627981217313,0.18099880887276834,0.6,0.5817,0.5463275760352895,0.5386729642824806,0.4252619138889254,0.3011160522758639,0,1,0.7580012936889395,0.09930714603186873
65,A08,range,0,0.695162648394282,0.7490626814912117,0.692920423181713,0.6634370747696988,0.975,1.0,0.6861048342013781,0.3356065336915332,0.6,0.6778,0.6292839735583123,0.6034974631382254,0.41771849252009075,0.29969959108254424,0,0,0.6534524646339211,0.09322158376574446
65,A09,range,0,0.7635857229056306,0.8031189822583293,0.7516045261746368,0.7493609829498135,0.975,1.0,0.7351206400042601,0.1437086835091866,0.6,0.7445,0.552319905598108,0.6289349118889023,0.4335883507703282,0.2366129485263213,0,1,0.7841097402484275,0.09674651123804429
65,A10,range,0,0.7304999589100114,0.6692034035745694,0.8705048500334501,0.6463060262616537,0.975,1.0,0.7112244798380768,0.24959599005278352,0.4,0.7122,0.5593686492530063,0.6203684689335358,0.5575471082584562,0.3231473366608477,0,1,0.7009164294078073,0.08939358814010301
65,A11,range,0,0.7954076177035676,0.7951151359040489,0.8990247257979773,0.7049254492456584,1.0,1.0,0.6426138573466748,0.1862035154907473,0.6,0.7954,0.5717504725539138,0.5926511161360855,0.43500440708565963,0.3618675045422135,0,1,0.6675575286458165,0.13021204281229667
65,A12,range,0,0.7036053759284082,0.98,0.7576262731928469,0.48359045077727947,0.975,1.0,0.6414413384222962,0.2561274966644969,0.4,0.686,0.546053511477529,0.5485456457021812,0.6081125491278585,0.4573314016196023,0,1,0.7601060573313038,0.15813221501100092
65,A13,range,0,0.6689628132080272,0.7385489320117217,0.655034658155052,0.6376586246270717,0.9500000000000001,1.0,0.8092070436572952,0.14213808647994997,0.4,0.6355,0.5044231425601328,0.5533110748049566,0.5903758904924461,0.4000228229828175,0,1,0.7209675705025012,0.03071998117229642
65,A14,range,0,0.5888488200488101,0.6890178943558193,0.6714283632496825,0.45398604830616607,0.9500000000000001,1.0,0.6862673394788936,0.16376656528100045,0.4,0.5594,0.48846364321762215,0.5364399615258857,0.6299346246421154,0.36695778866884593,0,1,0.8178412365093486,0.14049525110332103
65,A15,range,0,0.6866173313130453,0.794091627213954,0.6471665494413351,0.6539653305127238,0.9500000000000001,1.0,0.7191814234113392,0.24309556633588014,0.4,0.6523,0.5482211439276515,0.5903557020607787,0.6176502672025591,0.42694030428297447,0,1,0.8293254585136327,0.12022087105662355
65,A16,range,0,0.6478032225912895,0.8463368497246763,0.6731318748384114,0.501557134916691,0.975,1.0,0.7431230338775344,0.23115691724226392,0.6,0.6316,0.5876905090696883,0.6302494179172927,0.4225491790038671,0.3199508520975638,0,1,0.797684537037664,0.09512297261886958
65,A17,range,0,0.6704690863553777,0.7573580861766495,0.7767645469940341,0.5231549334082585,0.9249999999999999,1.0,0.8917766407941724,0.2599063333018668,0.6,0.6202,0.621910349765323,0.7072347052582142,0.40085545027421166,0.24015956470938446,0,0,0.7835532815883448,0.0
66,A00,range,0,0.7237937376069021,0.8090554902452821,0.6957790928838764,0.6950179563405622,0.9500000000000001,1.0,0.7216885739214011,0.21696764312458777,0.4,0.6876,0.5422290738949227,0.5691868941707073,0.489959870164011,0.36135777033772776,0,1,0.7858525096487271,0.10645514415098603
66,A01,range,0,0.7438677017068385,0.6383833325258581,0.8210784045054825,0.7422360674961378,0.975,1.0,0.6770496656674311,0.2621846555813014,0.6,0.7253,0.6062641671705147,0.6456543290847778,0.46742574411057103,0.35220472734519376,0,0,0.7407916044943544,0.12560171084163121
66,A02,range,0,0.7525410579074426,0.8481549812608908,0.7143594099340337,0.7261912977882703,0.9500000000000001,1.0,0.7288711530235108,0.20432709790899486,0.6,0.7149,0.5850540688039865,0.6058232695764816,0.4732479849582839,0.2728345355689735,0,1,0.724049922670573,0.08389362807311426
66,A03,range,0,0.6601220790834101,0.6706030743463468,0.6730801525718668,0.6422331427416754,0.975,1.0,0.7072080984881793,0.17424803834355787,0.4,0.6436,0.5113328414074055,0.6192091851551328,0.4600853495332471,0.35995577804590023,0,1,0.722959866287672,0.09866340001509906
66,A04,range,0,0.6882639683162607,0.7059334652605036,0.7563349740860186,0.6176584026775708,0.9500000000000001,1.0,0.8562833293382915,0.19722165111451453,0.6,0.6539,0.5909950743481114,0.7149565907671038,0.42572869799435437,0.19030582021029416,0,1,0.7922553473069482,0.022740791073535077
66,A05,range,0,0.7465791107604529,0.8095645257423314,0.7737239045045458,0.6834615318706976,1.0,1.0,0.8414300686311872,0.25714387615661166,0.6,0.7466,0.6362665000637125,0.6919102004892099,0.5065525883781337,0.30660399498120117,0,0,0.7564758301366588,0.02140731193178301
66,A06,range,0,0.6317986727823517,0.7358095496340267,0.6828645693861893,0.5221092152216968,0.9500000000000001,1.0,0.6739715120187725,0.2625406773540028,1.0,0.6002,0.6441626965114147,0.6496209771091973,0.2808344807091921,0.2735108740145122,0,0,0.7723516988373599,0.13686378178433947
66,A07,range,0,0.7294834902585523,0.6968799118853275,0.7242954641043073,0.754400249626782,0.975,1.0,0.8837039616922089,0.23975499182258328,0.6,0.7112,0.6281075677427332,0.6449590689792709,0.3148848627758513,0.241085315055724,0,0,0.8378677850280131,0.01954603201419102
66,A08,range,0,0.7002937970388707,0.7904830044524693,0.7468079908454011,0.6032256228246575,1.0,1.0,0.7372044679779012,0.25697600490076683,0.6,0.7003,0.6110694183619018,0.644106410255524,0.3694426997997352,0.24098912340980985,0,0,0.7775665703307314,0.09349407278060251
66,A09,range,0,0.5683216947015989,0.7632668474231162,0.5939721169806477,0.42403685475648295,0.975,1.0,0.7897048282065245,0.2460088392103169,0.6,0.5541,0.5874926165124811,0.5774286775940998,0.41075131906796963,0.23564082466231207,0,1,0.7513488884691112,0.05166757119970897
66,A10,range,0,0.6882089062825767,0.6420482558438343,0.7642700895356255,0.6505057774603729,0.9249999999999999,1.0,0.7775353643567713,0.30927368083846973,0.6,0.6366,0.6278255078092951,0.6243073032500903,0.3905456490389145,0.24710100087334577,0,0,0.7426733949963611,0.05694966936268413
66,A11,range,0,0.7047615252794306,0.7107849123345881,0.7938062647576137,0.6230827613265469,0.9500000000000001,1.0,0.8522280537058115,0.2565604708438035,0.4,0.6695,0.5770728391013334,0.6040734764745862,0.5532244487900522,0.31259425805408647,0,1,0.7563173402201471,0.014986567645818336
66,A12,range,0,0.5809798679967249,0.6821295200213076,0.5818511450755125,0.5169989680374216,0.975,1.0,0.7817784431521251,0.23056003390631316,0.6,0.5665,0.5814317584568279,0.6068393202526576,0.4677275741771622,0.26070954795499873,0,1,0.8698623237316829,0.08945076164018548
66,A13,range,0,0.6466089281887533,0.830581028861363,0.7339002700565743,0.4552464411340288,1.0,1.0,0.8509642380720133,0.3893876302065605,0.6,0.6466,0.6719277904131661,0.6730315522663775,0.3726792992093103,0.3009106644634919,0,0,0.718670477598711,0.004894503966201086
66,A14,range,0,0.7048794173467576,0.7608222904766603,0.7627088672934352,0.6193143529372256,1.0,1.0,0.7958373658974857,0.3394529565173507,0.6,0.7049,0.6560152414327488,0.6432379567885875,0.4776379512887482,0.3389090572890301,0,0,0.7288041731803069,0.04132159388845396
66,A15,range,0,0.6376736169355024,0.7295948553540073,0.5585823713477021,0.649427682813262,0.9500000000000001,1.0,0.8250686925322387,0.08725312887630406,0.4,0.6058,0.45690091296900504,0.5476685799974368,0.6330043715133503,0.30102893104796147,0,1,0.7769194067762536,0.03701132324589103
66,A16,range,0,0.7324466193421582,0.8251501088623406,0.670338106637893,0.7288518870082762,0.9500000000000001,1.0,0.7043954023968965,0.32947878351793536,0.6,0.6958,0.6334344726451229,0.7031110031846746,0.47125176998385687,0.2788097434311667,0,0,0.6850990792206559,0.08954630579960657
66,A17,range,0,0.6338162291490481,0.7552880718797025,0.6982625519249394,0.5015057950134845,0.975,1.0,0.791347319915989,0.1993318220475755,0.4,0.618,0.5331717103646231,0.6237036816933929,0.5132712143170011,0.3902709036535413,0,1,0.7485581354181523,0.04983133153951502
67,A00,range,0,0.679999058861398,0.7417767982511397,0.6650605312632756,0.6544591833911666,1.0,1.0,0.7004797321869131,0.3686695284180747,0.4,0.68,0.5959630870140725,0.5878160423045471,0.4377056345439383,0.44326890413027903,0,1,0.675109442766159,0.08936058426156342
67,A01,range,0,0.6381943228862205,0.6567439450162943,0.6698404596309723,0.5989104394032665,0.8916666666666666,1.0,0.8485914034148738,0.18556271519321654,1.0,0.5691,0.6254592577408148,0.7325994127290957,0.09769615664492315,0.1302636324792199,0,0,0.98,0.07706357036325381
67,A02,range,0,0.7336631144294878,0.8658091882515768,0.7488198964302648,0.6378096340400026,1.0,1.0,0.7717512305884231,0.25049382143420196,0.4,0.7337,0.5730443339716169,0.5123479163595005,0.5377122172549573,0.3943184107257264,0,1,0.8801772694452905,0.09865595257656382
67,A03,range,0,0.6575850529383382,0.7609157711672904,0.7377828057548924,0.5228303203307582,1.0,1.0,0.703524210419839,0.20847363366577842,0.6,0.6576,0.5742083126123306,0.5081036590917714,0.40728595467785805,0.2672641276250442,0,1,0.8797963355964771,0.14483462353051918
67,A04,range,0,0.7234145829468754,0.5834001641274955,0.8291521428714816,0.7184032297749576,0.975,1.0,0.6757979082619773,0.15087268165845338,0.6,0.7053,0.5420135443682268,0.5576251256207315,0.34438481872416216,0.2580136994351456,0,1,0.9047592404227511,0.17153481848051402
67,A05,range,0,0.6768125861254599,0.658927314356829,0.6855855664743018,0.6803145231756176,0.975,1.0,0.9281114785360647,0.2530216161891056,0.6,0.6599,0.6320878044607378,0.581107229382099,0.3141087274589752,0.17064135117210938,0,0,0.9023018767825759,0.012260456047703927
67,A06,range,0,0.724575420825438,0.8877155546709898,0.6357266550677636,0.7003555072099331,0.9249999999999999,1.0,0.7192805725219464,0.24024758365250096,0.6,0.6702,0.5941442694144289,0.5262754718255818,0.4050096900939032,0.26649397690172455,0,0,0.7736081729025805,0.10468628908835417
67,A07,range,0,0.6406984868387615,0.7619063493862188,0.6617144300757888,0.5465546224142019,0.975,1.0,0.8789354629862327,0.2437162819712973,0.6,0.6247,0.6138563886470916,0.6558490104077483,0.3917251124924987,0.31344431510678417,0,0,0.831338276184473,0.020471811213684854
67,A08,range,0,0.6649372884513929,0.7392544401119114,0.6531702178227186,0.628785255463659,0.975,1.0,0.6577544352762488,0.3241659340932804,0.6,0.6483,0.6142716767230294,0.6000269799115068,0.3683928599596765,0.3029852721575774,0,0,0.7767996243396561,0.15029510879698718
67,A09,range,0,0.7130969759946661,0.8340546350424912,0.6642611684133989,0.6802297707233842,1.0,1.0,0.7964772062322516,0.24673563354215014,1.0,0.7131,0.6822997660425344,0.7620297481271918,0.2457573193634814,0.17767523379026579,0,0,0.7098953426134746,0.035420876191998456
67,A10,range,0,0.749998835877095,0.6595836643561119,0.7264229207515508,0.8271372438125607,1.0,1.0,0.7331040979506191,0.3810481543736795,0.6,0.75,0.6671239341083703,0.7693351035427543,0.40704954505193525,0.2704878269237728,0,0,0.76771546971858,0.0935042040811891
67,A11,range,0,0.6991967448266527,0.7077658150046701,0.5904251323569784,0.789016236876357,0.9249999999999999,1.0,0.6681222156313361,0.3907314756627854,0.6,0.6468,0.637903650707855,0.6393236885090008,0.4646992640359745,0.29215339714948146,0,0,0.7684747722016488,0.14012722428373653
67,A12,range,0,0.68964041187711,0.8425408644250061,0.7129486272344858,0.5736829405969713,1.0,1.0,0.7187223890698573,0.3348923114103141,0.4,0.6896,0.5898366603626221,0.5968647969619227,0.5936753320686368,0.32869326086766953,0,1,0.7500866693838295,0.09839911716347009
67,A13,range,0,0.8068839360428266,0.8276188526301764,0.7754762638824069,0.8214063263161003,1.0,1.0,0.8213397927981984,0.3628725861081112,0.6,0.8069,0.6865488869097214,0.6781476390222542,0.31736815220348663,0.21737450743204056,0,0,0.7512506402471611,0.032000691061507824
67,A14,range,0,0.7172507514009814,0.8846144049885305,0.70793762895662,0.6207974500475792,1.0,1.0,0.6917986543405624,0.2315162564925275,0.6,0.7173,0.5936560415564961,0.681637964270854,0.5176768688524929,0.37782295710160674,0,0,0.7746898316515198,0.12446940600215665
67,A15,range,0,0.6285272975088546,0.8274527954516314,0.6287662664784206,0.503989763446249,0.8916666666666666,1.0,0.7106445967757641,0.2559331544855642,0.4,0.5604,0.5357376259872721,0.6123528093055065,0.5386714180249116,0.3089633919129451,0,1,0.7002488366185577,0.08960513615617116
67,A16,range,0,0.6817294051455753,0.738489448321239,0.6569286505278351,0.6679550384513084,0.975,1.0,0.6909065524754563,0.33616626839917607,0.6,0.6647,0.6280538341650092,0.6252430743634904,0.4905056453086893,0.33645992942098535,0,0,0.6392732815812922,0.08542827082177175
67,A17,range,0,0.7540198163060329,0.7841769125983903,0.7774855649076722,0.7146391010968752,1.0,1.0,0.8042490530244704,0.20145644089984785,0.4,0.754,0.5572729783328578,0.6424277712020574,0.5627904081093114,0.27732438898972195,0,1,0.8020676634515496,0.056816908667145255
68,A00,range,0,0.71535756392699,0.6596505277394595,0.7374434357927413,0.7308493236616641,0.975,1.0,0.6949144168750173,0.18268343990332953,0.6,0.6975,0.5644376664204321,0.6639236834338424,0.5253811049158429,0.31133199343128704,0,1,0.6436121873769864,0.08385788733852022
68,A01,range,0,0.7139676561798445,0.8161584678194709,0.7553759680473132,0.6138661260210427,0.8666666666666667,1.0,0.8013870548018568,0.30123025090847994,0.4,0.6188,0.5776101311097853,0.6793993654513234,0.5799089557857167,0.36970933893595337,0,1,0.7150792523829307,0.03386167221616708
68,A02,range,0,0.6094123504670469,0.7151466090590818,0.6641367933980189,0.49544455128242465,0.975,1.0,0.8476409449755817,0.2359272254751865,0.4,0.5942,0.554598084697581,0.6616606711971061,0.5353552343867922,0.2716233414302464,0,1,0.8229290353004287,0.03629776687546236
68,A03,range,0,0.6138253722538107,0.7040077423791151,0.6444968205433934,0.5306238736721106,0.8916666666666666,1.0,0.775877406621718,0.2538942112465837,0.4,0.5473,0.542469772812212,0.6317013145090553,0.4812461930234054,0.398136983851198,0,1,0.836753937911989,0.08430671067464032
68,A04,range,0,0.7692084286245829,0.7620540005235868,0.8318355779258653,0.7188811905490835,0.975,1.0,0.6898368841629053,0.20043400898446184,0.4,0.75,0.5381271662427292,0.6215699929557582,0.5433848236950192,0.38112061429252875,0,1,0.7552587240305785,0.12038459784703603
68,A05,range,0,0.6773304751865272,0.7118574513625507,0.7295221937563996,0.6100833613278742,0.975,1.0,0.8506313214314508,0.2735349421158016,0.4,0.6604,0.5827464226599482,0.56494871905429,0.4343197961568963,0.3378850802380733,0,1,0.7931782405062145,0.02630944615343006
68,A06,range,0,0.7068802874362339,0.6917945740469541,0.6884170520445522,0.7324641892722551,0.975,1.0,0.7567562831552122,0.24322014171444514,0.4,0.6892,0.5603930164701721,0.600200561389361,0.5133309984897125,0.29699729103784456,0,1,0.7181945043656108,0.0634204402365323
68,A07,range,0,0.697241368531331,0.8212092356233701,0.6370310284552437,0.6724454991653831,0.9500000000000001,1.0,0.8363397830520756,0.2472039705023649,0.6,0.6624,0.6156965205129203,0.6086092470756741,0.5126025408794148,0.26632166900821497,0,0,0.9106648173045915,0.06651219111837837
68,A08,range,0,0.7490535644524448,0.7680556421489944,0.7598614613897274,0.7277203560719789,1.0,1.0,0.6740339467081287,0.16471513565068654,0.4,0.7491,0.5157893486573305,0.46108485431842255,0.6330629933492792,0.44623502524653136,0,1,0.7099515936003556,0.11889634251012825
68,A09,range,0,0.5547686817923873,0.7515872854309221,0.5422959491788565,0.4426706955551424,0.9500000000000001,1.0,0.6769856125639354,0.2578290258936001,0.6,0.527,0.5680294271121367,0.5727311484915798,0.40906712078489355,0.2623642407926278,0,1,0.7500183995787908,0.128292189706427
68,A10,range,0,0.6833605579705371,0.6783074247279176,0.7072697964110978,0.6655981826116834,0.975,1.0,0.7106581842961135,0.33295322254939824,0.6,0.6663,0.6309339590912038,0.7138895423052465,0.47856351497429706,0.30884909346299844,0,0,0.7500007302725838,0.10401637145160729
68,A11,range,0,0.6929738116669313,0.7228841943741233,0.782520365338484,0.5959265880123276,1.0,1.0,0.7835259931176728,0.18439108718412264,0.6,0.693,0.5795484639070647,0.7059105445313931,0.3872925507804759,0.269698656737518,0,1,0.7357129063674063,0.051111043788567526
68,A12,range,0,0.6626706069369911,0.6242895265530697,0.6910455924408492,0.6618306698610662,0.9500000000000001,1.0,0.7663840473982114,0.20288978793206758,0.6,0.6295,0.5762294171707647,0.585334692776532,0.5135158626541834,0.21594402406457341,0,1,0.8137610679407178,0.08416365720144166
68,A13,range,0,0.7362818653172356,0.7349081619250947,0.7454871210347412,0.7290858311845064,0.975,1.0,0.7561850885342369,0.25610955308616046,0.6,0.7179,0.6165996788689064,0.6043049831312703,0.3835568742113396,0.22027813677807576,0,0,0.7680336339819508,0.07809495694207019
68,A14,range,0,0.7681000484992542,0.7513152788005317,0.7189565170128613,0.8215911196115495,1.0,1.0,0.652810628920734,0.34065695661726875,0.6,0.7681,0.640004641731797,0.5704578455738433,0.46537088130365345,0.31457682994461833,0,0,0.7604577060683023,0.14944742418174212
68,A15,range,0,0.7094397002873836,0.8182752102919688,0.7065149973754801,0.6439766215824333,0.975,1.0,0.7118498321145449,0.2123625704923008,0.4,0.6917,0.5393161363228662,0.6124733987766177,0.6209438593883099,0.4042014437048614,0,1,0.6062646864550876,0.0603262660721325
68,A16,range,0,0.6461726750545795,0.7985689399411412,0.6652951447411778,0.5341928485247049,0.9500000000000001,1.0,0.6816846660673753,0.27869300834145966,0.6,0.6139,0.5946248159924501,0.5981104694884968,0.36663809724230434,0.3597549570497684,0,0,0.7392840814928554,0.12175724755700738
68,A17,range,0,0.7262229609283193,0.7979579957675771,0.7599987969495414,0.6518347076352139,0.8416666666666667,1.0,0.787151600444846,0.22669104305854126,0.6,0.6112,0.5872745002329464,0.5631821895065267,0.3721170522978128,0.30335602307001475,0,1,0.8546979409340948,0.08195454273671135
69,A00,range,0,0.6749649967075713,0.7389841049467645,0.7942471946614621,0.5305811308484211,0.975,1.0,0.8738743063115679,0.19802405532734044,0.4,0.6581,0.5504073911361064,0.6023524298380899,0.5449644336054199,0.30229111126131586,0,1,0.8334078886228969,0.023924008331390786
69,A01,range,0,0.6858693020033021,0.6256596932376207,0.6731273339030939,0.7346495295695351,0.975,1.0,0.8279610272718334,0.172327578809329,0.6,0.6687,0.574539480756532,0.5488691256719218,0.49770934276589285,0.2013724169910831,0,1,0.8324667227155848,0.05065250438519425
69,A02,range,0,0.7203571320224628,0.8289016025765761,0.6859538995289046,0.6826196663580053,0.7833333333333333,1.0,0.7337923116082146,0.21268310751432978,0.4,0.5643,0.5199068004044942,0.5435129648721901,0.5092452256048289,0.35180114357837255,0,1,0.7361966315822768,0.08403947046171373
69,A03,range,0,0.817480973705959,0.98,0.8134220913253385,0.7194581043552262,0.975,1.0,0.708614266105275,0.18359908645207507,0.6,0.797,0.5820659414047523,0.5986410177521853,0.3587801070475792,0.281956382351959,0,1,0.6155064118469432,0.06547262430930002
69,A04,range,0,0.6686997593724721,0.657993808876393,0.7561182373099359,0.5988998102372406,0.9249999999999999,1.0,0.7507278934279129,0.23784146552147165,0.4,0.6185,0.54502501002606,0.5340551705671648,0.6138905195100485,0.4096616306291704,0,1,0.7797454788004969,0.08501760130893297
69,A05,range,0,0.7318709108434203,0.8033423634738263,0.7599494119958565,0.6626325644410349,0.9500000000000001,1.0,0.7789990021963243,0.30216779629995655,1.0,0.6953,0.701973962987034,0.7076440989478636,0.1276995787877842,0.09068328416896182,0,0,0.788689237149242,0.06904070764654138
69,A06,range,0,0.6581175921138602,0.7871416897134093,0.6915200482743147,0.5482503819737444,0.975,1.0,0.6721760515062594,0.2018515371463729,0.4,0.6417,0.5200724401185987,0.550912467319163,0.563284225696745,0.39492953315516416,0,1,0.7594775679488562,0.13455236969738882
69,A07,range,0,0.6974952057543057,0.9268973215082057,0.6322217552068213,0.611233152637167,0.9249999999999999,1.0,0.752820977537957,0.22718308065762388,0.4,0.6452,0.544959501795124,0.5973373541108992,0.5293498371691265,0.3833734879970459,0,1,0.7277450853819842,0.06879889199396716
69,A08,range,0,0.7034855817908514,0.7879547246422062,0.760181955225355,0.601083040753564,0.975,1.0,0.6368591005523858,0.36587792906911065,0.4,0.6859,0.5839114037323935,0.5386068163503317,0.5633733735194737,0.3591105496933492,0,1,0.6487015258394532,0.1290238418035041
69,A09,range,0,0.6255382416761742,0.7184823948211904,0.7770393050520428,0.4348847155066542,0.8916666666666666,1.0,0.7195943011644985,0.17405903922738783,0.6,0.5578,0.5387278372966405,0.5262809751967485,0.35825565395540365,0.3070925529905874,0,1,0.8843842201999669,0.13476080486136183
69,A10,range,0,0.5291694334891248,0.5643699581475778,0.5641793615639483,0.47653541851212117,0.975,1.0,0.8137982270088588,0.16881048682462818,0.6,0.5159,0.5424376065374362,0.598009949742226,0.4039870873768209,0.31921542186874086,0,1,0.7774228738978429,0.04403006652787976
69,A11,range,0,0.6737278450670081,0.8635525327869359,0.6361533721951487,0.5879650790049302,0.975,1.0,0.8108682505028519,0.47861622545011706,0.4,0.6569,0.6417442445799109,0.6154023754789071,0.5956491794638398,0.30431995923143235,0,0,0.9244883973453022,0.08558133772445815
69,A12,range,0,0.6935090609907963,0.9215752296244463,0.7607862592998894,0.492100157074309,0.975,1.0,0.6841976485902909,0.2155596433668474,0.6,0.6762,0.5773223834468721,0.6048828596602737,0.48856862522658395,0.28492643895489533,0,1,0.7910963453921793,0.13459458921686765
69,A13,range,0,0.6767637499648929,0.8887137677267333,0.7150922531024609,0.5107575486183705,0.9500000000000001,1.0,0.6957372479269858,0.38297607683374135,0.6,0.6429,0.6405131127441342,0.6992418394745776,0.3645466007069799,0.28257681704365306,0,0,0.7856845431093444,0.12471893298356718
69,A14,range,0,0.6579058833012978,0.8007474518968212,0.6742439464407372,0.5543340976820865,0.9249999999999999,1.0,0.7328372855156436,0.1808956930396649,0.4,0.6086,0.5128423552491341,0.5628108531732688,0.47502026717198065,0.3943646320811687,0,1,0.797835823657529,0.10213401340623748
69,A15,range,0,0.6902333250757265,0.774187199930741,0.6583483161471209,0.6656615361038726,0.8083333333333332,1.0,0.6261771526734798,0.2760889278408663,0.6,0.5579,0.5705968291634302,0.6475426026963723,0.5052096546919177,0.2785214576052196,0,1,0.7506808596876756,0.16748977540714316
69,A16,range,0,0.7470408521426048,0.7412339881781836,0.8256241728836604,0.6819097364719446,0.9500000000000001,1.0,0.7875114160426385,0.19300110547889965,1.0,0.7097,0.648026578956607,0.7034054894776215,0.1192628757753407,0.20898504271984325,0,0,0.826362437871828,0.07402824053806928
69,A17,range,0,0.6247936637620608,0.7008841799791751,0.7695226940433411,0.450599189630244,0.9500000000000001,1.0,0.8433959006563935,0.3413698963514887,0.6,0.5936,0.6425863240194949,0.727158744221333,0.35267717183240244,0.2870123271987626,0,0,0.7288304627634753,0.012308382215324348
70,A00,range,0,0.8034791313280927,0.9008768009006817,0.7319744606033186,0.805172174729402,0.9500000000000001,1.0,0.7185270614051767,0.17934869231469147,0.6,0.7633,0.5760537071266176,0.6199859408667914,0.3709364445205713,0.23754085442404135,0,1,0.9274188350028344,0.14679322324102628
70,A01,range,0,0.7038179727523486,0.6550037757496514,0.8382487870922182,0.6166998833316484,0.8916666666666666,1.0,0.7398130579378892,0.3223342544903052,0.6,0.6276,0.6240594575691327,0.6352471349635801,0.47704585077337625,0.3180737592608356,0,0,0.7440137687498456,0.08219989446407416
70,A02,range,0,0.8117812734212684,0.7423432768467076,0.8407482958131126,0.829833876687505,0.9500000000000001,1.0,0.6937845994346243,0.37933831077225694,0.6,0.7712,0.6617064962950215,0.6008919299911946,0.40451744165159187,0.29734380580426145,0,0,0.7761536435303922,0.12344835668560476
70,A03,range,0,0.7468286720480308,0.8586976999486912,0.690851670020554,0.7258904063841604,0.9500000000000001,1.0,0.6845290421385056,0.24784976934619038,0.4,0.7095,0.5534227704522587,0.5621391559453357,0.4694874066272231,0.4036568763662608,0,1,0.6903144723535177,0.10539580814098735
70,A04,range,0,0.6710881551732559,0.7602384521847152,0.6205639867882418,0.6595778668779811,0.975,1.0,0.7423148773495984,0.3426509269763037,0.6,0.6543,0.6380755090903204,0.5814179441603555,0.4501208666177531,0.24900328781292144,0,0,0.7138142192475434,0.07177800319839846
70,A05,range,0,0.7191891386280542,0.6465116720364679,0.8078056037585885,0.6870731482585785,0.975,1.0,0.7974459401291655,0.3440216493408694,0.4,0.7012,0.6077218802207122,0.5236990561208907,0.5710062379473736,0.30110581821165194,0,1,0.8422826286425056,0.07209970727043867
70,A06,range,0,0.8444766717533666,0.9570122525410186,0.8887371979291523,0.7354139733572718,0.975,1.0,0.7722812684054787,0.15176086497785143,0.6,0.8234,0.5750213972130613,0.6284137455937819,0.36851569976557713,0.22738469564259245,0,1,0.7151759967853603,0.05238748741212214
70,A07,range,0,0.7538619870074914,0.8058296252871437,0.8429170604478339,0.6434590238224088,0.975,1.0,0.7579982914176687,0.15486776391821064,0.6,0.735,0.562576499551132,0.5872123230956294,0.35156544626903985,0.2410151970849746,0,1,0.8072279382497312,0.08786055615656177
70,A08,range,0,0.6959014674729824,0.8905772890851468,0.6964619642392446,0.5737386442949002,0.975,1.0,0.738320716394379,0.1611991972638038,0.6,0.6785,0.5551752527459466,0.5768156933535625,0.4715279079629471,0.3630171195349775,0,1,0.7632430587136511,0.08869227680852629
70,A09,range,0,0.6791894337150431,0.8090563853101318,0.594947632698924,0.6717341648572169,0.9500000000000001,1.0,0.7416157211440794,0.21124105500347945,0.6,0.6452,0.5794321050966046,0.5842583558345606,0.4412818016928184,0.3719182021774354,0,1,0.7182424498505384,0.07353941117946496
70,A10,range,0,0.7125317854173575,0.6433736207411314,0.8311912781979364,0.6519285821569925,0.975,1.0,0.8331273972215162,0.16422834094135222,0.4,0.6947,0.5311195685600445,0.6032013726678197,0.4870065930424395,0.296353437586714,0,1,0.7812077612536752,0.033356590940733045
70,A11,range,0,0.8035444596051242,0.916066549472706,0.9302795902588282,0.6223249141158946,0.9500000000000001,1.0,0.7558205044656942,0.2921066758987183,0.6,0.7634,0.6395250026088943,0.6597955700585293,0.33613656846491685,0.23877631980518088,0,0,0.6935188319360956,0.05680634586501655
70,A12,range,0,0.6697241823436133,0.8184514374928084,0.6421154351290963,0.600927301688069,1.0,1.0,0.76599375008511,0.21341019057434918,0.6,0.6697,0.5893419196144438,0.6892873061940672,0.471449751351538,0.306279174791918,0,1,0.7647827205884359,0.07073083309875755
70,A13,range,0,0.6789230887007754,0.7918168761663035,0.6984432729201525,0.5912843103428655,0.975,1.0,0.820585394564873,0.2619272969026892,0.6,0.662,0.6203177347207721,0.6793478281770488,0.3695236443177003,0.2291765892481273,0,0,0.9134201671206035,0.07674121060077424
70,A14,range,0,0.7229181589629897,0.5880723548920791,0.7886695498262902,0.7496643195019209,1.0,1.0,0.7597182804494219,0.3318578582812298,0.6,0.7229,0.6499311765106045,0.6473720303115433,0.4364964897579132,0.2512012885202585,0,0,0.6753976353232649,0.04885547440373851
70,A15,range,0,0.5928611063224426,0.6437955775412304,0.6378119662890835,0.5216950593398894,0.975,1.0,0.8094584666292265,0.2249531546015273,0.4,0.578,0.5413350924190713,0.5893126656575371,0.6317966754325999,0.36164032453904993,0,1,0.8727556365425327,0.07282679133374147
70,A16,range,0,0.6589238437594558,0.7953110180723181,0.6372398551480638,0.5926553498488847,1.0,1.0,0.8733489089427715,0.3452932217564576,0.6,0.6589,0.6625922667799553,0.6670570479055564,0.4763330042055387,0.18216493647891344,0,0,0.9063207359295247,0.04372401194244382
70,A17,range,0,0.6230955301591361,0.6955975077292506,0.5992628585919313,0.5986353817991187,0.975,1.0,0.7521640068131924,0.2591701854082531,0.4,0.6075,0.5529700930227764,0.5891909246959213,0.4445088059590857,0.32882696644078785,0,1,0.7192936416495889,0.06678361855066454
71,A00,range,0,0.6909820076452722,0.7729665924066074,0.6977529569367702,0.6338170615393771,0.975,1.0,0.8473521104654557,0.27873825898127436,0.6,0.6737,0.6342037970049519,0.7040912651425062,0.349607137152538,0.21061237055996718,0,0,0.7893314089828879,0.027166905432197873
71,A01,range,0,0.7178738721190439,0.8722826137670161,0.6927414827090563,0.6433592493228004,0.975,1.0,0.7898727728795758,0.19669482213161793,0.4,0.6999,0.5444831237280952,0.5782504423680881,0.5568336893972967,0.4129834971960898,0,1,0.756081342578792,0.05291051485579823
71,A02,range,0,0.7604284757727987,0.734028391196771,0.8449179916998353,0.7030002021966592,0.8083333333333332,1.0,0.8390486997376871,0.37677275661805665,0.6,0.6147,0.656553473485305,0.7211202188137371,0.396100557585849,0.24119876275649652,0,0,0.8329617726404219,0.04413623111069397
71,A03,range,0,0.7199131399192276,0.804076805557075,0.8105603411565444,0.5879945478129209,1.0,1.0,0.8263437346661687,0.3985934101219952,0.6,0.7199,0.6847717298654225,0.6914765144822654,0.41257601992421683,0.24907517061369772,0,0,0.8642859003372437,0.06023767615623517
71,A04,range,0,0.6237732139809851,0.8803032123569395,0.6121418106044303,0.47361944295049874,0.975,1.0,0.7495526193854504,0.2242368634814126,0.6,0.6082,0.5810917262976355,0.6488743143058534,0.4542067793445937,0.3564075443572846,0,1,0.7941076191368983,0.08981966378363568
71,A05,range,0,0.759485173725811,0.7879974441479568,0.6969341073997694,0.7963971877472564,1.0,1.0,0.7297543943467103,0.44731335607622486,0.6,0.7595,0.6890112437058898,0.7080330387996453,0.44591241539489057,0.31618431487652365,0,0,0.7542830151667553,0.0919801510338064
71,A06,range,0,0.6109598578266667,0.8647530710224254,0.5736469399054556,0.4849879027603773,0.975,1.0,0.6920289512628964,0.3825406921669841,0.6,0.5957,0.6306454351032167,0.5973710669518631,0.5111894187275421,0.30750152475510434,0,0,0.7622900595015253,0.1207972200138146
71,A07,range,0,0.7332866760334461,0.817935146192877,0.6681976784635523,0.737334255057459,0.7833333333333333,1.0,0.7011426811832846,0.22278533501094933,0.6,0.5744,0.5635977136784865,0.5494579157141359,0.4196277790764978,0.3879060350573782,0,1,0.8600091761115802,0.14123905685704174
71,A08,range,0,0.785892392309841,0.8364986769313609,0.7268913830713319,0.8058893475050863,1.0,1.0,0.6706511394505638,0.19727903679394887,0.6,0.7859,0.5820366187868975,0.6136822032244947,0.5028232679330793,0.30020419851804203,0,1,0.7645709861597111,0.13713330077967978
71,A09,range,0,0.7037331232957068,0.7514104039879916,0.7305365565937204,0.6504818187272668,1.0,1.0,0.8751884219626163,0.1990250581273527,0.6,0.7037,0.6038359771234523,0.65039410573559,0.3858775493047407,0.2042568042349259,0,0,0.8416431239075607,0.025413535558158264
71,A10,range,0,0.6394193289837901,0.6903716910694251,0.765974687110337,0.49683816431953953,1.0,1.0,0.694988630340957,0.27633976111839803,0.6,0.6394,0.6013749826585728,0.5822287963499544,0.48109291378227614,0.2711225111413562,0,0,0.604757630863274,0.07184267429196489
71,A11,range,0,0.6853077059948258,0.7761762877046823,0.7189501646275405,0.5990776911225403,0.975,1.0,0.7162177814249637,0.4882629515050947,0.6,0.6682,0.6806323113053623,0.67989468993652,0.4282745459158421,0.29698580830339005,0,0,0.8028578403389595,0.1149984543210903
71,A12,range,0,0.7265789491512782,0.8436629219449598,0.680969263252781,0.6933099413164121,0.975,1.0,0.835505411043388,0.21634084058836425,0.4,0.7084,0.562473460600803,0.6450611875309199,0.4569994700986917,0.32963989608190203,0,1,0.7702576128965195,0.028848176999446695
71,A13,range,0,0.698285797167197,0.7382095592114492,0.6325559566872119,0.7308470563095262,0.975,1.0,0.7898030368075368,0.20043464156070523,0.6,0.6808,0.5876280250142875,0.6602953520977359,0.42047001762326525,0.2644501948609675,0,1,0.841585638264707,0.07672573249445032
71,A14,range,0,0.6663572598356203,0.6673833932865405,0.7671318698231717,0.5775381426896877,0.975,1.0,0.7819963292861135,0.24624142571835528,0.4,0.6497,0.559251818359469,0.6351599347971744,0.6190703040159419,0.3938596683287371,0,1,0.8431708585574402,0.0821227165227162
71,A15,range,0,0.7032267770345774,0.7710318031726792,0.6484206309260987,0.7088040135431826,1.0,1.0,0.8499832036186239,0.34187057127240367,0.6,0.7032,0.6658212371087708,0.6519376272300886,0.3326384246738757,0.22353223941671146,0,0,0.8929546173043786,0.05376520378359215
71,A16,range,0,0.6515486541231188,0.6278767447660479,0.6752381545936107,0.6456152845596079,0.8083333333333332,1.0,0.7438668897306032,0.33814437684035603,0.4,0.5267,0.5628653068315465,0.6494337562304973,0.4671410059807848,0.3629844113255408,0,1,0.86182084848737,0.11215047545652275
71,A17,range,0,0.7024065768112964,0.8499196126492152,0.6044625710714698,0.6959119344349453,0.975,1.0,0.814425981043862,0.20595657606691561,1.0,0.6848,0.6566702257634408,0.6878589688121441,0.28061100292459795,0.18288784729733532,0,0,0.7597893198109834,0.03865932414960972
72,A00,range,0,0.7389363782191645,0.7640727529515382,0.9065241642449053,0.5765868312389076,0.8666666666666667,1.0,0.6761317389663245,0.17307190122803112,0.4,0.6404,0.5042068288416076,0.5351708268208873,0.5828351906718007,0.3695038491129344,0,1,0.7084662756276325,0.11690810722316812
72,A01,range,0,0.700249106990918,0.7724071111251908,0.7576980621508931,0.6048825186420196,0.975,1.0,0.7797803191747814,0.46737494402178015,0.6,0.6827,0.6900392753812655,0.6604866018091544,0.3664242578824398,0.3309193708862451,0,0,0.7466135145849898,0.05663731955572841
72,A02,range,0,0.7665951545562841,0.8078836499160472,0.7625323701625619,0.7443447813009391,0.975,1.0,0.8726798008014933,0.37059886805626396,0.6,0.7474,0.6876975564520655,0.6594373724154271,0.30209582516061806,0.24504445435590438,0,0,0.8243519518986723,0.022132109641177247
72,A03,range,0,0.7656688329084052,0.7350723586740802,0.7380778272122664,0.8089337592889795,0.9249999999999999,1.0,0.7758239837718509,0.3066827506700142,0.6,0.7082,0.6395017395183983,0.6515663521306412,0.5019820508863615,0.33719360792472436,0,0,0.8252858970121366,0.08120952983309952
72,A04,range,0,0.7071942646322825,0.7555625560953108,0.8271204101511545,0.572028705138877,1.0,1.0,0.7494522182431794,0.3373924287195294,0.4,0.7072,0.5988230902036564,0.6376237140099267,0.5869320448468383,0.29332431548433446,0,1,0.702176797864908,0.06358671785730821
72,A05,range,0,0.7101894807273017,0.8121227027462603,0.6522613678955577,0.6971683156932286,0.9249999999999999,1.0,0.7585222843958286,0.13197527153272165,0.4,0.6569,0.4934026918499393,0.5143550465113746,0.49405356424281915,0.37126603083657855,0,1,0.796333348536472,0.08449173962621137
72,A06,range,0,0.7006790151663338,0.6388862288187307,0.7527385749352332,0.6937473918357987,1.0,1.0,0.7814462690043494,0.2949201307155404,0.4,0.7007,0.5876643389109923,0.6770898901657382,0.5087982700039091,0.3956594289778758,0,1,0.8237720405079356,0.07718430532381126
72,A07,range,0,0.710105236196543,0.7648362688181116,0.7231353883340743,0.6644969576877225,0.9500000000000001,1.0,0.9308460200771318,0.1477224710090252,0.6,0.6746,0.5724365187063921,0.637628234763835,0.3566554213513573,0.15751756087856938,0,1,0.8616920401542635,0.0
72,A08,range,0,0.6853708910108433,0.7007060209477485,0.8388213844697078,0.541517253023771,0.975,1.0,0.711099526202012,0.2526550999930009,0.4,0.6682,0.5538262087826616,0.5846507971708881,0.6039833710558116,0.4134609195215398,0,1,0.7839535779707597,0.11331385516209559
72,A09,range,0,0.6969115147296856,0.8807476006938308,0.6219300536832117,0.6476227394177593,0.975,1.0,0.6996828549336107,0.35800947398414196,0.4,0.6795,0.5920932529672747,0.6433716811597249,0.5322463546724718,0.3635108891429608,0,1,0.7303189626921895,0.1061433467188736
72,A10,range,0,0.692494363008693,0.802299610527096,0.7540236084643456,0.5700279935359953,0.9249999999999999,1.0,0.7247541644812677,0.27774432121062165,0.6,0.6406,0.6066230648888862,0.5704186430293692,0.4278517399924049,0.2411442037164114,0,0,0.8599993645258803,0.12467586530786481
72,A11,range,0,0.5928759948658774,0.7721764139483034,0.7846065005929523,0.3130490404281706,0.975,1.0,0.7252100448069971,0.28842299337628585,0.4,0.5781,0.5547900392973057,0.6458626855231937,0.5791995704347394,0.4164474488201688,0,1,0.7162760490187132,0.0841518122033377
72,A12,range,0,0.6956855652748667,0.6910687174769854,0.706516048638315,0.6890944222055253,0.9500000000000001,1.0,0.7473195338919231,0.32247120343543806,0.6,0.6609,0.6324701334244652,0.5675577755150492,0.34272580522014207,0.3177103377785434,0,0,0.5981357272078099,0.03347651397431129
72,A13,range,0,0.7227025949204979,0.7989251154228705,0.7830423974606268,0.6222661923839025,0.975,1.0,0.7602654490634937,0.17112215221383084,0.4,0.7046,0.5265049292709004,0.539285336526573,0.4733347205585688,0.36776060494368723,0,1,0.7129853200204463,0.05958905029857894
72,A14,range,0,0.7026245946315101,0.9078741913133087,0.7277603295486129,0.5523498286529209,0.8916666666666666,1.0,0.6974739744364887,0.32507560420188997,0.4,0.6265,0.5708391009283533,0.5458021184230781,0.6291771503319541,0.32462560512516025,0,1,0.6875882618036249,0.09522167187323925
72,A15,range,0,0.7040331047208463,0.8684040064212168,0.6436302723101964,0.6541537695174336,1.0,1.0,0.7281690052507008,0.16013722008511447,0.6,0.704,0.5570604329525619,0.5999172807408768,0.4163502325898205,0.3132570145972278,0,1,0.7925258944310826,0.10385033323623621
72,A16,range,0,0.6374840917596034,0.8267624000437007,0.7238269068939239,0.4436351858395122,1.0,1.0,0.7440022588132544,0.20736242758035417,0.6,0.6375,0.5769918551481412,0.6073399134538763,0.5230970760037414,0.24320279975910847,0,1,0.6692681796642156,0.057474671084265405
72,A17,range,0,0.727891039328742,0.7206638272879303,0.6868547634335592,0.7683147882625343,0.9500000000000001,1.0,0.7185818478668287,0.2480239716238397,0.6,0.6915,0.6015814620876891,0.5843200646441621,0.39601586091993557,0.3350324351448287,0,0,0.6489738314527018,0.06874082929174426
73,A00,range,0,0.6681611010091029,0.6189763464288793,0.6573371359021222,0.7083725420903508,1.0,1.0,0.8268723544124615,0.27839665188396856,0.6,0.6682,0.6300859022288814,0.6474837567150765,0.3642539412036734,0.3010642332157812,0,0,0.7460537984622594,0.027158016204390276
73,A01,range,0,0.6206127474891846,0.567322122743339,0.672749753727594,0.6082995074967298,0.9500000000000001,1.0,0.7942299146174543,0.27047816568103306,0.6,0.5896,0.6059150333987108,0.6856147663272889,0.514864738949854,0.25036482152155354,0,0,0.8369950015512255,0.07268309966308768
73,A02,range,0,0.702366621292289,0.8003425228562909,0.7289385770043312,0.6178812215667507,0.8916666666666666,1.0,0.7176049146626353,0.21494635804313567,0.6,0.6263,0.5733395624369136,0.6207230179673949,0.48563736434009086,0.2901967621276865,0,1,0.781117869593285,0.1079650613805427
73,A03,range,0,0.6732651486814941,0.6991387424027484,0.7417514365489566,0.5971686507216806,0.9500000000000001,1.0,0.7076299448608858,0.2505454522299135,0.4,0.6396,0.5474558774957875,0.5456720007110024,0.5050030337592905,0.3928700711848896,0,1,0.7773769080432468,0.11391272418655578
73,A04,range,0,0.7034842404191908,0.7342370354834222,0.6862836065965946,0.6993142980988178,0.9500000000000001,1.0,0.6278505271351829,0.22769168698395825,0.6,0.6683,0.5713497592426754,0.5708748523223136,0.5262494903651304,0.3997666583545392,0,1,0.6502309826968276,0.1366106210139498
73,A05,range,0,0.6449667949730103,0.7275993576358822,0.6566394275757808,0.5831078897812914,1.0,1.0,0.7190989748054195,0.18037246804593238,0.6,0.645,0.558946781564059,0.5667894452006165,0.4597288143113809,0.3054512399722927,0,1,0.6770318890344958,0.07681729608146284
73,A06,range,0,0.6874920509595577,0.6592153452453764,0.6275868267338784,0.7575820632283904,0.975,1.0,0.771140312283082,0.2559093992108517,0.6,0.6703,0.6109574434760681,0.5351979650015382,0.4325439311027334,0.34997108547288136,0,0,0.8200698129680161,0.0828063065731133
73,A07,range,0,0.6534261130605543,0.8531743919805383,0.6504728161274141,0.5311675735520618,1.0,1.0,0.7106498121928878,0.21113592880233079,0.4,0.6534,0.5329193701570853,0.6672879503776168,0.5025465668933806,0.37950877738611355,0,1,0.7271524826824541,0.09745120358401552
73,A08,range,0,0.6962950232802732,0.692739980708257,0.8020564717261524,0.605975657497639,0.975,1.0,0.7328654811831384,0.20517900772824374,0.6,0.6789,0.5806896481769331,0.569683525494582,0.45364384506138644,0.2651347710293806,0,1,0.6552948630762561,0.060812544752480345
73,A09,range,0,0.7045293499924914,0.8519097791499138,0.6070152510742296,0.6977414183225814,0.975,1.0,0.8314057326458765,0.41350106241966367,0.4,0.6869,0.6326737676314891,0.6128595741094658,0.5983992262365461,0.2807251402943016,0,0,0.7061219095666024,0.012856541136219757
73,A10,range,0,0.6335286707219571,0.846994695557367,0.7243720786832578,0.42062442323368787,1.0,1.0,0.7643883695900014,0.2726945585187194,0.6,0.6335,0.6109527037607237,0.663687508848191,0.4019283968722052,0.2786972995133608,0,0,0.6394309037021545,0.034940636466031974
73,A11,range,0,0.6696739852676965,0.6236419370684759,0.7977659736787569,0.5863635255325316,1.0,1.0,0.8601512680611979,0.3020614717675156,0.4,0.6697,0.59726032673125,0.6628723074684432,0.5836617626239525,0.38123859954558964,0,1,0.7959580550250062,0.021519223245872715
73,A12,range,0,0.6772387111998053,0.8965542058789152,0.6982866823044492,0.521749552308798,0.9500000000000001,1.0,0.6742468696222461,0.14225417710701824,0.6,0.6434,0.5260067503001229,0.5819733848640498,0.35557760101737357,0.30178326648875586,0,1,0.6867368197519491,0.11190378283651986
73,A13,range,0,0.6684198490531,0.7009744701425914,0.75463853431811,0.5726318612652842,1.0,1.0,0.8218999469582425,0.23448656380656266,0.4,0.6684,0.5632205448249568,0.5777715644482337,0.5185476835756614,0.3332065492938825,0,1,0.850209167702707,0.05914406306269236
73,A14,range,0,0.7229504390612239,0.8815358970070042,0.7647640095062282,0.5872476537057324,0.9500000000000001,1.0,0.7975166322536356,0.18875361277890906,0.6,0.6868,0.5827646755469055,0.6675311125802096,0.45864793407791027,0.3088480312877267,0,1,0.7607629386916259,0.04942630575225471
73,A15,range,0,0.7900256125235507,0.7780513361378245,0.7422012951292721,0.8393558129846235,0.975,1.0,0.8115265060214962,0.23409688181083788,0.6,0.7703,0.6235487391499631,0.7086961751103849,0.353587641906124,0.2327487792896567,0,0,0.6230530120429923,0.0
73,A16,range,0,0.5927711848501855,0.8924303255187784,0.5567470180154139,0.43700536791274014,1.0,1.0,0.8527802215275866,0.30856388166325904,0.4,0.5928,0.5847416617941343,0.6215036090334369,0.484084525481296,0.3837913677233993,0,1,0.8537705107093598,0.041663958261479866
73,A17,range,0,0.6389492761814028,0.8194422913580655,0.591573394613489,0.5675950380679136,0.9500000000000001,1.0,0.8491137258971958,0.22565157251263537,0.6,0.607,0.5968276363189868,0.6759444699721078,0.5145667774726582,0.20482151176329422,0,0,0.8119360149711718,0.03240543174415091
74,A00,range,0,0.6546696943379937,0.7761127872166759,0.6846971032113272,0.5524937785246506,0.8666666666666667,1.0,0.7428070937387553,0.24403196232619181,0.4,0.5674,0.5368249238703744,0.5483341008941242,0.6395294295514523,0.3746309574207017,0,1,0.7241382282904083,0.0744495334205058
74,A01,range,0,0.679805824032387,0.6905594215523553,0.8047807116858694,0.5637317988856098,0.8916666666666666,1.0,0.6620093613661376,0.16950266582965398,0.6,0.6062,0.5351057454262428,0.5971165419324523,0.45838018921499646,0.28324472794067956,0,1,0.7221957205226809,0.1314642299678423
74,A02,range,0,0.661966243299073,0.8043008200186864,0.6497592802773082,0.5836882254933589,0.9500000000000001,1.0,0.6861547947083553,0.26249640156996806,0.6,0.6289,0.5913706344841774,0.6666763292147377,0.4740283272268651,0.3760489958600197,0,1,0.807950821602145,0.1378494545234463
74,A03,range,0,0.6751444507203823,0.7020387986919634,0.7239048936227956,0.6156700956985326,1.0,1.0,0.7850814266048948,0.23221730681464306,0.6,0.6751,0.6030530539664962,0.6123058350609942,0.49649608181893584,0.2919593429819698,0,0,0.8743192995575223,0.08853310556570053
74,A04,range,0,0.6422628683106352,0.6959058795100901,0.7508441142201561,0.5137273961401451,0.975,1.0,0.7858901405964854,0.1630767448044714,0.6,0.6262,0.5551808297330376,0.6606584474007202,0.4754838214411249,0.21871196389169825,0,1,0.910172763740018,0.09749238809156077
74,A05,range,0,0.7255843227371006,0.8119854169149991,0.6739604870558932,0.7167544950969706,0.9500000000000001,1.0,0.6854371206072568,0.16742782651335356,0.4,0.6893,0.5105131085214082,0.523282024938928,0.612910947747097,0.3875160618973339,0,1,0.7377842967356846,0.1185811202494094
74,A06,range,0,0.7353963718150048,0.7179166891728895,0.7854032439470265,0.7025651603508078,1.0,1.0,0.7180300353278262,0.20919062246987244,0.6,0.7354,0.5896190455682487,0.6543206556023695,0.489235690496888,0.23515166541147822,0,1,0.6494648483025152,0.06927379962930283
74,A07,range,0,0.5898391234481817,0.7265953231961999,0.6050498126239153,0.4910571455769033,0.975,1.0,0.7160974749582856,0.21831152647142152,0.6,0.5751,0.5664238404142752,0.6682856444865719,0.5119820323196075,0.3170394500987583,0,1,0.6741630048175776,0.07805257214365638
74,A08,range,0,0.69468749398728,0.650754241467745,0.7006691361789064,0.7169118398943164,0.975,1.0,0.7858592952719451,0.33818325749086076,0.4,0.6773,0.5998404584954243,0.5638186413659627,0.6168449577323115,0.3292512897807387,0,1,0.7997736556539089,0.06774562290157311
74,A09,range,0,0.6319731272606524,0.761976539932335,0.6187568290933123,0.5622852552372734,1.0,1.0,0.7957169247267506,0.19889492720663096,0.6,0.632,0.5796103852529622,0.6571295280991666,0.4682158740752618,0.2797767880903613,0,1,0.819762670210966,0.06703534481586262
74,A10,range,0,0.7586434381446114,0.786521611023978,0.615416956896117,0.8665427511874401,0.975,1.0,0.862192077461011,0.29218043195003224,0.6,0.7397,0.6539725758689598,0.6934816338271952,0.3258159931128505,0.2903149183375186,0,0,0.8301698544860401,0.029769402052540014
74,A11,range,0,0.5701535684996422,0.794550289038886,0.5137627719018796,0.47924756518565703,0.8666666666666667,1.0,0.6791460187487363,0.3156426113077707,0.4,0.4941,0.5389481306338915,0.6779232210796329,0.5722283381751736,0.32329908558141784,0,1,0.5440519829078025,0.06409103150101089
74,A12,range,0,0.664030447454586,0.722106826038861,0.5950219690331437,0.6881151294581758,0.975,1.0,0.7467882322568691,0.20665315883531984,0.6,0.6474,0.57850668393752,0.5495138189430054,0.4890351715235852,0.2644546375060202,0,1,0.8197116394382064,0.09875224655092783
74,A13,range,0,0.734603613737929,0.8146360514473695,0.8486874186631393,0.5847600108599699,1.0,1.0,0.7776174178392647,0.30654298156615156,0.6,0.7346,0.6452364561884572,0.729841419440014,0.3842350496194189,0.2860230638375209,0,0,0.7875092592069908,0.06959831079536223
74,A14,range,0,0.690235455957986,0.7601624250402965,0.731052944644378,0.6108157976809487,0.9500000000000001,1.0,0.889711649481867,0.23217941521385121,0.6,0.6557,0.6151339429896104,0.6199025727456137,0.339430926346461,0.2292174383652966,0,0,0.8415405585976642,0.017156579479852732
74,A15,range,0,0.7751029225183651,0.7288589619164465,0.7342842831292299,0.8397217073600575,0.975,1.0,0.8259145616291623,0.24515873482617542,0.6,0.7557,0.6291416044820048,0.6113543872248098,0.322635183842952,0.2000834857425707,0,0,0.8381587876856171,0.053440589148238515
74,A16,range,0,0.6745188539756645,0.6544090280719543,0.7347338398372867,0.6343993825365638,1.0,1.0,0.7460403519177385,0.26993152180409674,0.6,0.6745,0.6139896596368534,0.6423985623057337,0.39059434332648824,0.3445462287831672,0,0,0.688354298271932,0.061791337564697596
74,A17,range,0,0.6978858817732176,0.8133561829425797,0.7658503912157238,0.5662479977801734,1.0,1.0,0.6726578655727043,0.3419444378438023,0.4,0.6979,0.5853013657763786,0.6127655136871499,0.6096341847483371,0.3846277578169548,0,1,0.8114792241831431,0.1487575162941268
75,A00,range,0,0.699880770209067,0.7339988927819889,0.6882290768172146,0.6887521753188616,0.975,1.0,0.7694732006402905,0.19800862479958378,0.4,0.6824,0.5395311886330401,0.5632455932849456,0.5901201016791535,0.3983300753904214,0,1,0.793675482533872,0.07658441477625903
75,A01,range,0,0.6861104540120861,0.8743752164686149,0.6558612442788486,0.5949130359933386,0.975,1.0,0.6562327309590891,0.28679734357619896,0.4,0.669,0.5580494369525787,0.5825201694160902,0.6382013840800713,0.34440641424213514,0,1,0.6364384504550284,0.11030740168340039
75,A02,range,0,0.8186943145353991,0.8163760104588842,0.8529246277644492,0.7901917305078019,0.975,1.0,0.6327942137639866,0.1698755446314342,0.6,0.7982,0.5600297505877236,0.4835565008513486,0.4034597027504279,0.3699819726588721,0,1,0.6553252792988212,0.13423017938632673
75,A03,range,0,0.7006987941432092,0.7349899491738054,0.7422930196480425,0.6428718749323576,0.9500000000000001,1.0,0.7679704745960169,0.22613639795519613,0.4,0.6657,0.5503534422404596,0.6305241239547059,0.5569086934734913,0.39618908404769393,0,1,0.7284861358909641,0.05905138500347627
75,A04,range,0,0.6927748455282049,0.7567805436839469,0.7000912412790654,0.6463694378988633,0.975,1.0,0.6481847657238664,0.23630806691152603,0.6,0.6755,0.5808147435797971,0.6540783914244436,0.3944450394003992,0.3112638422533546,0,1,0.5993426798430923,0.1050125150792018
75,A05,range,0,0.7492329247542828,0.6709828184910505,0.7873010488999839,0.7648296325413146,1.0,1.0,0.6939925584951935,0.15727145762172148,0.4,0.7492,0.5144118584690006,0.485034331926634,0.6225621955262469,0.43140720443844016,0,1,0.6780139672831961,0.09487889619047231
75,A06,range,0,0.7439015795397808,0.8190113405904349,0.7004433182757634,0.7349839574891368,0.9500000000000001,1.0,0.8351040608905377,0.32983829740704956,0.6,0.7067,0.6587590909453219,0.7528428020010349,0.43091997315493213,0.2036413174945716,0,0,0.7918399410672331,0.03514737473897837
75,A07,range,0,0.6549419825829486,0.7933562885534053,0.6795252015085027,0.5469227247915532,1.0,1.0,0.6592054853420136,0.3134608339074333,0.6,0.6549,0.6120956323342281,0.6092842770097503,0.5092270334861905,0.26937627270992653,0,0,0.6638340967982806,0.11634871731806422
75,A08,range,0,0.6975781273933599,0.7802091083063077,0.6704993682719035,0.669627678554042,1.0,1.0,0.6383468007328666,0.20593569696598052,0.6,0.6976,0.5676044442782492,0.6707090318928333,0.3884052844919101,0.30321019816850797,0,1,0.630596228915018,0.12233606024525076
75,A09,range,0,0.6770454088203666,0.8681322538800852,0.6815184001106642,0.553702263279032,1.0,1.0,0.652244481379152,0.40009811458695854,0.6,0.677,0.6441655594333221,0.6819146908368341,0.40193097219945845,0.30454638287885033,0,0,0.7018372467408363,0.13294851810328953
75,A10,range,0,0.7149852093577993,0.7004427675931777,0.8188641104405511,0.6331801970132799,1.0,1.0,0.8586007341281205,0.20554126126060082,0.6,0.715,0.6069829359827562,0.5239827383310529,0.33633364149913614,0.23398682423341957,0,0,0.8359153904958618,0.033423647565668894
75,A11,range,0,0.6567823352178408,0.6468521902900614,0.7355979796144245,0.5940249869506922,0.975,1.0,0.7436389647089986,0.276542718159558,0.6,0.6404,0.6100062740824935,0.7189542286673396,0.49904639353562597,0.2630190411258487,0,0,0.7139773914010058,0.07093453669785185
75,A12,range,0,0.6863142136085709,0.7654969227597754,0.7282466779471957,0.6001341140927715,0.975,1.0,0.7035447479362851,0.23983053940978707,0.6,0.6692,0.5915890613755306,0.6051847619481195,0.43645701132519044,0.27096244232484507,0,1,0.8539183003885538,0.1378890079025728
75,A13,range,0,0.6710093149086789,0.7046017467664848,0.6509007739695982,0.6676090183192457,0.9500000000000001,1.0,0.7420430048287208,0.36426431785054175,0.6,0.6375,0.6420233778151838,0.7612673499971933,0.38006518196400213,0.35497226912726165,0,0,0.8138043888462552,0.10031370533471691
75,A14,range,0,0.7305516198614503,0.7788126821534823,0.6638515815596332,0.7587509894430203,1.0,1.0,0.7017803552187858,0.37400863589847927,0.6,0.7306,0.6553047132267914,0.6973630063822785,0.488514336798588,0.3297909978437241,0,0,0.6504951163014528,0.0810314705223425
75,A15,range,0,0.6152368923696376,0.793714884057844,0.700461299318354,0.429116791484382,0.975,1.0,0.7492498032198969,0.23468401224970334,0.6,0.5999,0.5846014718884995,0.611833807414147,0.3790588575386798,0.29055581863704,0,1,0.7171531806829264,0.06810172347010106
75,A16,range,0,0.6760297733673768,0.7700376293936806,0.7618678084223205,0.5421665826778611,0.9249999999999999,1.0,0.7668954836120092,0.3387031620832459,0.4,0.6253,0.5872320675076655,0.5933455620992131,0.5589381889674424,0.2969864603939051,0,1,0.7971649213184463,0.07923397616102383
75,A17,range,0,0.584192728698776,0.6699398749621088,0.5925950808089658,0.5232487041877771,0.9166666666666666,1.0,0.7529923881237345,0.28133866640998945,1.0,0.5355,0.653329500923844,0.6967815735087138,0.1403215263217312,0.11220839565000967,0,0,0.7641772974941129,0.07911872036212654
76,A00,range,0,0.7249818372133279,0.8435310423240899,0.6042405824860289,0.7565371819054884,1.0,1.0,0.8216312398811638,0.27615059135822917,0.6,0.725,0.6381982007128923,0.61383892055311,0.3646928498785772,0.24309054697543525,0,0,0.809298510154548,0.04812781200569783
76,A01,range,0,0.6388832631304908,0.7355773133017289,0.7233757714478057,0.5045185369958166,0.975,1.0,0.7258158501754348,0.27827280625024314,0.4,0.6229,0.5590557062300525,0.583915291787797,0.623253673936628,0.306847930818959,0,1,0.9121814292886758,0.13777823279542847
76,A02,range,0,0.786381509235083,0.9220614707138436,0.8140167710344963,0.677400679236371,0.975,1.0,0.6985090570707186,0.17038528414095683,0.6,0.7667,0.5677735836383307,0.6147602073112332,0.402394586739122,0.2912308579644152,0,1,0.8064744101200914,0.12851852970489894
76,A03,range,0,0.7259660652536216,0.6837024425219521,0.7759335275789193,0.7086592999262797,0.975,1.0,0.8232112413680278,0.36321468702668674,0.6,0.7078,0.6695875936054098,0.6966712179275534,0.33229441899308415,0.21380568018500976,0,0,0.8789253575301483,0.06604762668574585
76,A04,range,0,0.6803243738016316,0.8007383587612891,0.6911112970980906,0.5956270753174442,0.9249999999999999,1.0,0.7233768196577031,0.34269994003446425,0.4,0.6293,0.5820380093935053,0.5941458215914867,0.5215784077311725,0.33622986787036274,0,1,0.7560656465327739,0.09687685083244095
76,A05,range,0,0.673313385802696,0.7444604224591942,0.8156456201439322,0.5043057828438029,1.0,1.0,0.7596005365227435,0.39383231550267817,0.6,0.6733,0.6625460727167455,0.697239235865603,0.36521170804951714,0.2410560231165495,0,0,0.8678503820223907,0.10330182724167174
76,A06,range,0,0.7700233234639434,0.7020647178269146,0.7855159462011417,0.7989414070920379,1.0,1.0,0.6374451772127966,0.25516777024033316,0.4,0.77,0.5574514885756574,0.6363367163442301,0.6168620456583744,0.39934914602223626,0,1,0.7288041498197492,0.1522848741144445
76,A07,range,0,0.6950542308473691,0.7640988385675216,0.7128135005091066,0.6363619900682532,1.0,1.0,0.7136358951932948,0.1971806344533995,0.6,0.6951,0.5759137065434531,0.576076282808555,0.37700334968512106,0.3218913500712284,0,1,0.6195580601045676,0.06319426324186134
76,A08,range,0,0.6923094805905642,0.8094186141804746,0.8047938981982431,0.520692406690151,0.9500000000000001,1.0,0.7284663044685383,0.23262919631312798,0.6,0.6577,0.5902173177777739,0.5555373512705697,0.3945534553392168,0.2371321654272206,0,1,0.8143958028436009,0.10970962423050284
76,A09,range,0,0.6344165955272536,0.7401399180508835,0.5964568708432629,0.6015542780484767,0.975,1.0,0.729178395636203,0.2634771660980108,0.6,0.6186,0.5978530189219516,0.5751672273362871,0.4390964131414799,0.3163419445054875,0,0,0.9099739182871557,0.13488963508111515
76,A10,range,0,0.6087659954968069,0.8179680257742581,0.6142433070233356,0.47322207898768726,1.0,1.0,0.8081664123643327,0.2306196246627755,0.6,0.6088,0.5940155870835555,0.7104456627251097,0.3398243567928448,0.3289197850195954,0,0,0.9007694667145516,0.08104944594055764
76,A11,range,0,0.7199458539753012,0.7340970548586679,0.7148704798419725,0.7155423057898594,0.975,1.0,0.6942415799922489,0.2541443198423494,0.6,0.7019,0.602052382737818,0.6376870048022061,0.4667795448706355,0.2642436312161059,0,0,0.6011144514015314,0.07124400971083238
76,A12,range,0,0.5855375907372158,0.771766990037237,0.6767007303035173,0.38937646905418855,0.975,1.0,0.7527966575624322,0.18836629825622442,0.6,0.5709,0.5556482544316761,0.5269723748631482,0.3842892499586442,0.301949466302703,0,1,0.8278182807235763,0.09696800473215444
76,A13,range,0,0.7411707343792346,0.7061613450857005,0.6121056781375478,0.8759835268991696,0.9500000000000001,1.0,0.7596472070327577,0.26547965681604296,0.6,0.7041,0.6188570729850603,0.6442351086205843,0.4418574088472519,0.28072151129012446,0,0,0.780247144857194,0.07925308714025835
76,A14,range,0,0.7937382503315467,0.6922841167524155,0.769092378889213,0.8787122213305455,1.0,1.0,0.7100617581421538,0.1970561977607046,0.6,0.7937,0.5901081521423114,0.6634770325874255,0.3340290192908595,0.3134771579574344,0,1,0.5626173970927474,0.04780919140810001
76,A15,range,0,0.7630671769441524,0.7960097070702886,0.6278957319397328,0.8607531099941844,1.0,1.0,0.8780992826426892,0.30381577754063716,0.6,0.7631,0.665751244316561,0.6633458857173251,0.33976841761050497,0.31050912484456095,0,0,0.825035466807169,0.019223926855876455
76,A16,range,0,0.765539193258701,0.965852367078397,0.6222786135973117,0.7656964668251067,1.0,1.0,0.7838428847345901,0.4374041272962048,0.6,0.7655,0.697569056770471,0.6252079345453168,0.4950421664877418,0.2876990099123,0,0,0.6986543874116468,0.04011795054702023
76,A17,range,0,0.6916358205533916,0.9373301686327421,0.7317962356441261,0.5029364897994048,0.9500000000000001,1.0,0.7121947008752737,0.27059030449789573,1.0,0.6571,0.667026567431891,0.6865635999427762,0.2503936196376747,0.14163806490098665,0,0,0.720479325684445,0.0944298489162632
77,A00,range,0,0.7927855090391196,0.8525631644043015,0.8105231561374346,0.7399040332248553,1.0,1.0,0.6948684840025776,0.320360563461617,0.6,0.7928,0.644808202706794,0.6937528890640261,0.4931198458478764,0.3259281595940299,0,0,0.7210720013402161,0.1069164278448592
77,A01,range,0,0.7214029570753067,0.7468129736123871,0.7619128855141536,0.6700755093556405,0.975,1.0,0.7130547008246307,0.27813700085036525,0.4,0.7034,0.5700726037635536,0.5953794889279119,0.44180523881392236,0.34908318778943553,0,1,0.7440461166122497,0.10062886492516203
77,A02,range,0,0.6076284861862923,0.8538447378895667,0.6215705417431313,0.4415440302595116,1.0,1.0,0.7049576643723365,0.28874296525392684,0.6,0.6076,0.6023675432636223,0.6931075594760957,0.49303012552306313,0.2928053346693352,0,0,0.7784975038079013,0.11611962840812064
77,A03,range,0,0.6954556684053971,0.8729978090550035,0.6702213874690867,0.6065718263186648,0.9500000000000001,1.0,0.7098559344915947,0.38944979929342205,0.6,0.6607,0.6487077907051552,0.6601437231521999,0.4352413182974406,0.38017898054904586,0,0,0.7951717177382872,0.11732336999264556
77,A04,range,0,0.6548127242379266,0.6866544499288851,0.7078014615671023,0.5885465005180488,1.0,1.0,0.7186540184815697,0.3639288631569232,0.6,0.6548,0.6415096778746939,0.6242699379842983,0.39589693651844093,0.3150708024856091,0,0,0.7123223693742623,0.08753930729661352
77,A05,range,0,0.6442044456948794,0.7389241855328232,0.7382183958179661,0.5027424019384639,1.0,1.0,0.7153468602161166,0.2731960521251484,0.4,0.6442,0.5592438854750948,0.5217322374408707,0.5414370192587613,0.35242955205758647,0,1,0.540405310610802,0.036943062341425685
77,A06,range,0,0.6725850380712635,0.7471416623109853,0.693715544792942,0.6074979545399687,1.0,1.0,0.7860030639440547,0.2279527267418621,0.6,0.6726,0.6006176065718667,0.5947339973218302,0.48701179156826563,0.34365626037063757,0,0,0.7034430237572085,0.04014945941806389
77,A07,range,0,0.6727501754085566,0.7643509234421343,0.6439971998702625,0.640658561483578,0.975,1.0,0.7305333933439663,0.2613417038942578,0.4,0.6559,0.5586264284340031,0.5778759586540988,0.6372952382711066,0.3434722986698631,0,1,0.7480321209419792,0.08966190408457729
77,A08,range,0,0.5631692058855082,0.6285144795012824,0.5539559203771454,0.530390034695467,1.0,1.0,0.7215928787196697,0.12102570202161167,0.6,0.5632,0.5047035842947464,0.6401533348559023,0.5101995707111298,0.27163176718180115,0,1,0.7880572451583978,0.1071383455028569
77,A09,range,0,0.6690571404640023,0.7498012779346508,0.6682968970091239,0.6192572675678657,0.9500000000000001,1.0,0.7965936382046982,0.2537845630787466,0.6,0.6356,0.6076332999624481,0.6691424650820333,0.3663493190929853,0.24325481944538968,0,0,0.8491095588427119,0.07448380878313607
77,A10,range,0,0.6553499781227174,0.8346133058669524,0.7080242407475623,0.49722041848583143,0.8666666666666667,1.0,0.7283496805586035,0.21904482943114978,0.6,0.568,0.5661813163573388,0.564271091237293,0.43705554809133645,0.2713199476764634,0,1,0.7391470196558267,0.08861080477550906
77,A11,range,0,0.6799955147125167,0.8293602128250753,0.7092807771373593,0.5610179737704305,0.9500000000000001,1.0,0.6233718789734107,0.1492355004157428,0.6,0.646,0.5225459524057121,0.5872582761775289,0.3930370450619832,0.30745788383684924,0,1,0.7292605231912718,0.16357935755802092
77,A12,range,0,0.6630003476198736,0.79080545495454,0.7768581123563643,0.48349661139127764,1.0,1.0,0.7430166303601108,0.2476125328305255,0.6,0.663,0.601369699038695,0.610555712975463,0.446807860355886,0.33844896113254364,0,0,0.7104222058426694,0.07031495763820884
77,A13,range,0,0.7387259096374718,0.8543200773558085,0.662612289689632,0.733078972267871,0.975,1.0,0.7452532051247225,0.2224813126671764,0.6,0.7203,0.5986680004914127,0.6987262572268045,0.49714902266559385,0.3017371415662349,0,0,0.832098136140268,0.10317294885750812
77,A14,range,0,0.6467159053712888,0.9121804907862817,0.576370466241707,0.5423527987253024,0.975,1.0,0.8293183797690411,0.25849481480495096,0.4,0.6305,0.5682798824744714,0.6313286164557298,0.4500388517271686,0.33632199752077363,0,1,0.98,0.08855040446267187
77,A15,range,0,0.6801570134450527,0.8164088245909349,0.693424493334347,0.583390586575744,0.975,1.0,0.7663808437173649,0.24564240268869392,0.4,0.6632,0.5588082704651186,0.6037426779824502,0.49314000709270006,0.41837180647278105,0,1,0.8712260948875638,0.099761374477208
77,A16,range,0,0.748685530200359,0.843328433315621,0.8562178380985547,0.595442946342399,0.975,1.0,0.6760624354182632,0.1801797932438841,0.4,0.73,0.5222472586160004,0.4784546171131735,0.6126321977680185,0.45932308772858765,0,1,0.7417375754598964,0.1266029440473455
77,A17,range,0,0.6786628219814895,0.8578814225328304,0.7414995046928936,0.5116690992644229,0.9500000000000001,1.0,0.7890827964752074,0.3136731653589595,0.4,0.6447,0.5858584977132829,0.5932448238741567,0.4810004216523446,0.3992289781707602,0,1,0.82307031985276,0.07212945661745557
78,A00,trend,0,0.7184228959159011,0.859364610348643,0.6633768917244909,0.6784995780629217,0.9500000000000001,1.0,0.6812213497814986,0.14164218702653558,0.4,0.6825,0.45289562194808697,0.521260197511967,0.6362256417706341,0.4563765667549854,0,1,0.7045863762405775,0.11202164771002282
78,A01,trend,0,0.6893617968814221,0.7599709224205701,0.6991120503472009,0.6366996216368979,0.975,1.0,0.7951822336899728,0.14486478206515999,0.6,0.6721,0.49885997269068716,0.5125449339234578,0.35204247143012823,0.32254531727522534,0,1,0.8589061223064896,0.07801249685226143
78,A02,trend,0,0.719241992373755,0.7528613331127385,0.7332562586242547,0.6859674214427031,0.9249999999999999,1.0,0.6425862236495904,0.1718862667508235,0.4,0.6653,0.46803293246928745,0.5162285206381212,0.5432200533121679,0.3996127412879724,0,1,0.7817416459274523,0.1633492145616854
78,A03,trend,0,0.6936670606465831,0.8980846989057754,0.7617135906031725,0.5063653230225722,1.0,1.0,0.7601730859432289,0.30518789475988645,0.4,0.6937,0.5645415248170885,0.5923566857926409,0.6345898342011939,0.349462757963052,0,1,0.7919345520131487,0.08217886899062106
78,A04,trend,0,0.6715787785896818,0.7359408277300635,0.7694302074795049,0.5457324975983482,0.9500000000000001,1.0,0.763342919538501,0.17331027337002636,1.0,0.638,0.5555308814941532,0.6599020893907852,0.2271590671221111,0.11186732055551835,0,0,0.6950285139492521,0.052300147676674215
78,A05,trend,0,0.6445790900528201,0.6997700969576928,0.7145704601395205,0.5488422619114116,0.8166666666666668,1.0,0.7816211764769809,0.30873655336512473,0.4,0.5264,0.5393230529894495,0.6050686884437405,0.4771997254959416,0.39402657815265707,0,1,0.6747034680767818,0.03443700996438344
78,A06,trend,0,0.7874519821608144,0.9244144031017294,0.7018859784805085,0.7767207222930099,0.8666666666666667,1.0,0.726089911707488,0.21433361612144472,0.6,0.6825,0.5431289251619432,0.6313371128672367,0.42101502399531443,0.25513748121603375,0,1,0.6152147629468897,0.05320108696244623
78,A07,trend,0,0.6106917739205417,0.7848417529122209,0.6793365147663235,0.4417838888106831,0.975,1.0,0.7064184831356832,0.21515790375228422,0.4,0.5954,0.49402537950975534,0.5785044066955733,0.6458274468974274,0.32938138729875754,0,1,0.6872270040393683,0.08874331975690103
78,A08,trend,0,0.7034381127397951,0.7716478280269787,0.6173009809688326,0.7361770309848976,0.975,1.0,0.7508888866575703,0.16447850298886718,0.6,0.6859,0.5115361015174408,0.5359218288180361,0.37271151154086757,0.36309758791384594,0,1,0.6938543893497228,0.06017852364541873
78,A09,trend,0,0.6588228759282124,0.7680982321469931,0.590677777704401,0.6501527392373097,0.975,1.0,0.7427539322325554,0.22614370825521463,0.6,0.6424,0.5465318943374781,0.5948259751581338,0.38467364695003387,0.2263822759848746,0,1,0.6092353799983936,0.040001218435388876
78,A10,trend,0,0.7265185391132372,0.7803583413069227,0.7335225921555137,0.6867401163301917,0.975,1.0,0.635745595297266,0.21172016584532694,0.6,0.7084,0.5313752083319409,0.5429542312684803,0.37339394479639315,0.37663374212198086,0,1,0.6924069497809744,0.14298068441035822
78,A11,trend,0,0.7490334212906765,0.8594771717526787,0.7413505132936669,0.6867286217493087,0.9249999999999999,1.0,0.7308584490302831,0.28234380106684503,0.4,0.6929,0.5490785722027419,0.5731459061929866,0.5319431657223757,0.4277661875922662,0,1,0.8550723717211132,0.11915600365190676
78,A12,trend,0,0.7257856599955272,0.7258434978257916,0.7880586506958513,0.6712606444888285,0.9500000000000001,1.0,0.7031712019228089,0.28675008591222856,0.6,0.6895,0.5824630369825238,0.557325213987786,0.5067332897875498,0.24149405791403467,0,1,0.6662395144329303,0.08478850268217869
78,A13,trend,0,0.748770771479252,0.8077499125986374,0.6611281346882982,0.7885961154717207,0.9500000000000001,1.0,0.7947977580740482,0.22785962255359637,0.6,0.7113,0.5661160045823285,0.589379257031399,0.5029383320764881,0.22294457797070902,0,1,0.8045216871008327,0.06340798593137598
78,A14,trend,0,0.7270996743466989,0.8267823353560777,0.78629867254347,0.6129988877936625,0.9500000000000001,1.0,0.7368518683301533,0.1495697699473587,0.6,0.6907,0.4981452840079181,0.6212830972793567,0.42076061534629455,0.2985890498553507,0,1,0.7715464245964706,0.09203703527958502
78,A15,trend,0,0.6576777229287412,0.8725770877745128,0.6295048374876515,0.5480168946610872,0.75,1.0,0.7663192376352239,0.2027267586343514,0.6,0.4933,0.5077900891069274,0.5776993441238563,0.42121596064995676,0.25896095400611263,0,1,0.8325048396072416,0.08934652597406367
78,A16,trend,0,0.7149042101528759,0.8994434055075143,0.7248087008109091,0.5909007837304479,0.9500000000000001,1.0,0.8100751598650465,0.356901381313319,0.4,0.6792,0.5924322864862609,0.6756801835762548,0.5446146871456399,0.36440851616850795,0,1,0.8180710056855259,0.05762855856445252
78,A17,trend,0,0.7109961311849553,0.9201176312126305,0.8058526664368647,0.49729572532223776,0.975,1.0,0.6886723825573161,0.20958117908319515,0.4,0.6932,0.5030667151108102,0.5140814588000859,0.5342357267095117,0.304540856011396,0,1,0.7891700616735725,0.1307971485716652
79,A00,crisis,0,0.5265272316494409,0.6080312106833206,0.5071622215447366,0.4925316285948824,0.7000000000000001,1.0,0.701225766912286,0.060397703550576526,0.4,0.3686,0.41349109641735726,0.482175135041555,0.5382562012379308,0.335894804842966,0,1,0.8409402141989368,0.13602731312995958
79,A01,crisis,0,0.7214465238966976,0.6843835368918398,0.6455837067805816,0.8109908557513351,0.6749999999999999,1.0,0.7694893117734634,0.08045570924694846,0.6,0.487,0.5091902090048765,0.5255626769676989,0.42517263392828286,0.36000648059733364,0,1,0.8352895445572894,0.08804164704063194
79,A02,crisis,0,0.5899396706731727,0.6118907298500378,0.61009151909388,0.558587391319513,0.7833333333333333,1.0,0.8061596712922041,0.05542619172116889,0.4,0.4621,0.4402601320075871,0.5646068277053224,0.5570780705610032,0.40402245936695386,0,1,0.7746115943626961,0.04795392555032698
79,A03,crisis,0,0.5234036781335656,0.39280337188395553,0.5608319687057299,0.572279115288928,0.5916666666666667,1.0,0.9194265387688253,0.024224197717912854,0.4,0.3097,0.37551808518140706,0.5361905075761761,0.683693926288859,0.30373019950692554,0,1,0.98,0.036977397430022714
79,A04,crisis,0,0.6184208073479567,0.5524014149792809,0.5499582462907766,0.7195876685034117,0.6166666666666667,1.0,0.9125316640941796,0.053387731139913755,0.4,0.3814,0.4326523402155858,0.5914113670114273,0.606041767473094,0.31195342369847306,0,1,0.98,0.04074107894842502
79,A05,crisis,0,0.6019525923111524,0.5523578297525458,0.5100233706529255,0.71338738786123,0.6749999999999999,1.0,0.6672289943863061,0.010574825412665655,0.6,0.4063,0.36155349943063847,0.5574008738327028,0.44497415066352525,0.37058791273505076,0,1,0.8581151773631088,0.16551870997379764
79,A06,crisis,0,0.6010891524577822,0.5389078483417523,0.5494903913331858,0.6851013835143228,0.6166666666666667,1.0,0.8564443603867763,0.1048482969762954,1.0,0.3707,0.5900917831193575,0.6479311232102735,0.21365045673712002,0.15781203420408862,0,0,0.9375443105385938,0.06162004815533256
79,A07,crisis,0,0.6616888009349273,0.6047859370300158,0.530569548828038,0.8119824364690252,0.8083333333333332,1.0,0.8664124099856261,0.026521473607556082,0.6,0.5349,0.46047891026800913,0.6231047488434069,0.527356083037049,0.19096775803760577,0,1,0.9198044294941958,0.05123520021487307
79,A08,crisis,0,0.5022276154874216,0.45209286656357417,0.5843363910475731,0.4617166549496936,0.6749999999999999,1.0,0.8208329874110887,0.04896564110544219,0.6,0.339,0.4565571409095188,0.5186283017532943,0.42286390512869154,0.3182670447119862,0,1,0.8708596003681472,0.06534322002991505
79,A09,crisis,0,0.6242923557668014,0.6296376231092218,0.610870170208198,0.6326959760415668,0.6749999999999999,1.0,0.8479244251815967,0.009476194770497623,0.4,0.4214,0.3416959357676288,0.47440558589392356,0.5077274970278186,0.2571533480128769,0,1,0.98,0.07745671627819202
79,A10,crisis,0,0.5336174125719646,0.4971828894567444,0.5195547429020191,0.5686938254801795,0.7000000000000001,1.0,0.8929478463657766,0.11589899527348158,0.4,0.3735,0.480559753373892,0.6526502842784383,0.4896438040122772,0.3298793400242467,0,1,0.8855491335610374,0.027149508995681602
79,A11,crisis,0,0.6042528662840734,0.6623843136288067,0.5962442115304536,0.5749282846030324,0.5916666666666667,1.0,0.7935581176443269,0.06473015635140238,0.4,0.3575,0.4243794014309199,0.5235308537970103,0.4934554673736232,0.29996446923767917,0,1,0.8931962197223047,0.08817392063587247
79,A12,crisis,0,0.5915783645810275,0.6101250242612115,0.5669217902902733,0.6015612047853225,0.9249999999999999,1.0,0.8451272399338507,0.06623280001750512,1.0,0.5472,0.5989179631521384,0.7178145954826385,0.20572702200512166,0.16029333018968633,0,0,0.98,0.07910887365204429
79,A13,crisis,0,0.6097402157475262,0.592212130502378,0.6525801319512405,0.5832103423474938,0.7583333333333333,1.0,0.6990996027555741,0.058856742599927535,1.0,0.4624,0.5427446479260675,0.7326978723416037,0.23725894123631316,0.23006373438809652,0,0,0.691650908028026,0.0952598969459808
79,A14,crisis,0,0.6311977654076206,0.5813680494595971,0.669739022493114,0.6286177379253287,0.6166666666666667,1.0,0.7724706793479796,0.15193284126932344,0.4,0.3892,0.48161415279035225,0.5364601404007122,0.5247652142816818,0.31052734078556815,0,1,0.8815880380304069,0.09856508363494873
79,A15,crisis,0,0.5356984278797522,0.472469864566757,0.5693558352605312,0.5457660484921926,0.6416666666666667,1.0,0.7184059800293995,0.23205521497663087,0.4,0.3437,0.4931504424225974,0.4830607568321091,0.5241342154740027,0.4356873760739465,0,1,0.8258933702935186,0.11982132130157144
79,A16,crisis,0,0.6675047092325782,0.7409979056474274,0.48979907228852604,0.7770638937993432,0.6749999999999999,1.0,0.7229487441851937,0.04810285589246129,0.4,0.4506,0.415671363460314,0.5372570779743785,0.5869804843190832,0.37964122347813684,0,1,0.84849472612238,0.12282070917608193
79,A17,crisis,0,0.5507119423776325,0.5206470094182369,0.4917309676125996,0.6211108783966587,0.7583333333333333,1.0,0.8135999391760721,0.09799604664340912,0.4,0.4176,0.4690919569933675,0.5457227678119704,0.5780831025669453,0.29550443149680344,0,1,0.8226767371488292,0.0567227418808501
80,A00,crisis,1,0.46479732382252437,0.3379270448670545,0.2522560790753982,0.7300648373234284,0.7000000000000001,1.0,0.6751131398205357,0.18688257922286358,1.0,0.3254,0.595198155694909,0.4723198531117992,0.20338171197631638,0.1458084687168368,0,1,0.7817585849705987,0.13866432635741072
80,A01,crisis,1,0.6150397299863397,0.4755911048002577,0.5341216514438505,0.772998439452319,0.5916666666666667,0.4,0.5709647363351967,0.008047977734542652,0.6,0.1456,0.32741018399811644,0.21094710938722305,0.5570689114186077,0.38811265929744543,1,1,0.8965588797360359,0.2536608882977902
80,A02,crisis,1,0.663240013995962,0.551394312803977,0.5882982984493108,0.7987175783442721,0.6166666666666667,0.4,0.5305626177483452,0.27835029069720124,1.0,0.1636,0.6107162271129306,0.5114805830552364,0.20624434692655447,0.24086178717897835,1,1,0.7717870974430102,0.2563294043937709
80,A03,crisis,1,0.6606996244335084,0.7141942334158656,0.6758108854330492,0.6140431404449369,0.6749999999999999,1.0,0.6711445644479521,0.0509683274067751,0.4,0.446,0.4108953285181877,0.33890628916902765,0.5615747709623393,0.354379975558879,0,1,0.9256004248259924,0.1804306832456613
80,A04,crisis,1,0.5070492496205026,0.5206484131033476,0.44710319184876557,0.5510025729939942,0.7000000000000001,1.0,0.6145863092699064,0.10380253817438062,1.0,0.3549,0.5438211166853638,0.4253463917065116,0.17166216035196663,0.22844152599126033,0,1,0.8105482781966986,0.19364422017534608
80,A05,crisis,1,0.3549566720654683,0.34143146092939547,0.2809311020707479,0.42818230277089425,0.47500000000000003,0.7,0.6524396455714205,0.11282346073465462,0.4,0.118,0.38452401893435795,0.287120005780069,0.5901662607810304,0.4341877311877438,1,1,0.897906116963946,0.18732034774227904
80,A06,crisis,1,0.5416030330873176,0.6153393887488161,0.5706539897245652,0.4700982237412895,0.7833333333333333,1.0,0.6337049813397353,0.056449725856123,0.6,0.4243,0.4564077070455022,0.37900241751095665,0.4676118019363067,0.41320689600298494,0,1,0.9372067303085834,0.2121358435938997
80,A07,crisis,1,0.6018724592597718,0.6032371199895094,0.6232505282571629,0.5823137359309687,0.8166666666666668,1.0,0.5682227210313188,0.0888932936192219,0.4,0.4915,0.43695258903332623,0.3173538463118837,0.5042472894207153,0.45232657200781884,0,1,0.8520005147718481,0.24418052812229474
80,A08,crisis,1,0.7104289976854163,0.7380730693420214,0.7307835096303126,0.675341254948254,0.7583333333333333,1.0,0.5996689446155735,0.04473994009975957,0.4,0.5387,0.406882986105265,0.3426788068416673,0.5937681165649594,0.3525291365410354,0,1,0.8104984803150231,0.2059162826526028
80,A09,crisis,1,0.6133119696140228,0.5453577929296755,0.6028327772867621,0.6649526233280931,0.7000000000000001,1.0,0.6347225063029815,0.055242224438693296,0.6,0.4293,0.4534178944093709,0.37715697363681594,0.483738124445126,0.41064589093161774,0,1,0.9234742291564491,0.20777661910917017
80,A10,crisis,1,0.4516528281734876,0.3718068652871743,0.37112668833051127,0.5720169273400377,0.8416666666666667,1.0,0.5689507879722967,0.01310120506456461,0.4,0.3801,0.32302069078949297,0.35594023767624905,0.6176362206717132,0.3622595813497105,0,1,0.7839732468018787,0.2248285972597206
80,A11,crisis,1,0.6598167595716045,0.6465130006969088,0.6322944989503472,0.6922135869118894,0.7833333333333333,0.4,0.5452879825397676,0.08285941056206429,0.6,0.2067,0.47851487766264295,0.2995787401567399,0.4777096180095075,0.3745211755851685,0,1,0.8280583363900232,0.2582742100981938
80,A12,crisis,1,0.6099792210574775,0.7731296315492756,0.5663944606748164,0.5461468798349324,0.6166666666666667,1.0,0.6068965833644865,0.11619098163940995,0.6,0.3762,0.4837054114324987,0.310370406487862,0.3546037528534526,0.32525300256950995,0,1,0.8751952094003058,0.2174812304655256
80,A13,crisis,1,0.6929136451077705,0.6951253405795677,0.741807820954944,0.6487489315716206,0.6749999999999999,1.0,0.6356048395637263,0.05324083476102145,0.4,0.4677,0.41100670751176666,0.3835416135880288,0.6242778328919883,0.35791534127372054,0,1,0.8419713289272521,0.1854337110744047
80,A14,crisis,1,0.6675852656965722,0.8004437350334306,0.6030253217081607,0.6410386733508956,0.6166666666666667,1.0,0.671415858970303,0.08416450452590592,0.6,0.4117,0.48076966314614694,0.4064784339764075,0.4522581509218893,0.293955002464251,0,1,0.9154723628800093,0.1775918251561282
80,A15,crisis,1,0.49799383472884673,0.37872949206372,0.3430908412745964,0.7080741681670201,0.7000000000000001,0.4,0.5042714973366866,0.05310664739115713,0.6,0.1394,0.413030348765376,0.340852104850672,0.561645756616987,0.4460387706611062,1,1,0.8011722624322415,0.28996550001546867
80,A16,crisis,1,0.5357383691852056,0.6160868106791747,0.5530388577872449,0.47038266572469023,0.5333333333333333,1.0,0.6353037235533937,0.1062430942834127,0.4,0.2857,0.41369744533355823,0.2996209718437162,0.5398941961466784,0.46746326922383374,0,1,0.9143387478711358,0.2049385853509386
80,A17,crisis,1,0.6171753854626991,0.6076771420813376,0.4966826110151199,0.7285429652176818,0.5083333333333333,1.0,0.6085776311035777,0.11974666160341983,0.6,0.3137,0.4678514031785167,0.30848630548631223,0.5304564939054479,0.3189958306398794,0,1,0.9452413961957693,0.2344348484178428
81,A00,range,0,0.7286316318534718,0.8878769817181797,0.8210633620605347,0.5482255242568495,1.0,1.0,0.711466297696134,0.2455567636099792,0.6,0.7286,0.6058184396379982,0.5405159161036875,0.4713141014799192,0.3348748163329497,0,0,0.6594358825276059,0.07687888239260625
81,A01,range,0,0.6845277623421072,0.7058916796970894,0.5551628277142161,0.784369631794648,0.975,1.0,0.7112123693145979,0.19676828875714336,0.4,0.6674,0.5277228030853796,0.6351611149695112,0.5795951382311233,0.3287588241142483,0,1,0.7237571220898008,0.09607165202883644
81,A02,range,0,0.6092675605323113,0.6663816535540712,0.6307407795813987,0.55478218572576,0.975,1.0,0.7332645611075119,0.4763730197655289,0.6,0.594,0.665567308071661,0.7052084625579166,0.43605184369004574,0.2926666274867099,0,0,0.6695676426827545,0.06483311438074081
81,A03,range,0,0.8144344844039967,0.8694202605194525,0.8249508996774507,0.7708665109675646,0.7833333333333333,1.0,0.7921248175779858,0.2679344235973644,0.6,0.638,0.6114427527187811,0.6752826427677753,0.4287129584499573,0.2277340170547267,0,0,0.6677108667098183,0.02567053434158164
81,A04,range,0,0.7136054623434906,0.7523889440241465,0.7644448627189486,0.6448813109645551,0.9500000000000001,1.0,0.6356044871003534,0.35741787158116956,1.0,0.6779,0.6911071616656682,0.7761885743315029,0.2749219614041345,0.26274347707234275,0,0,0.6787876317823627,0.139051744654397
81,A05,range,0,0.7014134697050098,0.7795913336203162,0.6677428634649865,0.682014085217964,0.7833333333333333,1.0,0.8087058245668448,0.4073695554921162,0.6,0.5494,0.6468059456050779,0.6426733774369081,0.39465610975501597,0.28600790651884994,0,0,0.7522107754002793,0.0400255834177682
81,A06,range,0,0.6508566486838497,0.7637581968290725,0.6767577461378257,0.5576297208208566,0.9500000000000001,1.0,0.7405481071018326,0.37207308942457945,0.6,0.6183,0.6406049264986396,0.6901076666264011,0.3417545007236343,0.27012785183411964,0,0,0.7602033252504182,0.0863234146055677
81,A07,range,0,0.6965793937776125,0.7699602705703675,0.7214314858338644,0.6289707652329202,0.9500000000000001,1.0,0.8744947410020627,0.3961776615701077,0.6,0.6618,0.680419993543957,0.6826063553829251,0.3832840875524821,0.22442433271804685,0,0,0.7909362883954536,0.011850183472675371
81,A08,range,0,0.734401667703033,0.8265818419249145,0.7301645512666399,0.6804965356962009,0.975,1.0,0.78309869417935,0.2600640830424516,0.6,0.716,0.6227050754151712,0.6343414683906903,0.45696401852723123,0.24184484370958448,0,0,0.7864406674867764,0.06578727525199218
81,A09,range,0,0.6127383422908993,0.864669828956526,0.6930782327476097,0.38498375897526116,0.9500000000000001,1.0,0.6965123266765418,0.3455281166538067,0.6,0.5821,0.6162203404964228,0.6570163964100655,0.4359671324694097,0.37785387021705064,0,0,0.758754942074199,0.1165643733829167
81,A10,range,0,0.7365659481580926,0.8001495628445287,0.7449826503963294,0.6894615745206129,0.975,1.0,0.7150006440529562,0.29585942172396446,0.6,0.7182,0.626527979153447,0.6229582084901424,0.39174126535620746,0.3363791693502569,0,0,0.7081514316644553,0.08886820330830401
81,A11,range,0,0.7995604819306635,0.8050792743507167,0.7910061152375892,0.8035963075245703,1.0,1.0,0.7882930576232376,0.3679451221078286,0.6,0.7996,0.6812343783103034,0.6348293227283515,0.49166033990712454,0.2988769496319313,0,0,0.9064766165125349,0.09499750613317838
81,A12,range,0,0.7808443294109519,0.910638590090428,0.7025339625761015,0.7682444874667734,0.8666666666666667,1.0,0.8078905451194729,0.3435909483257591,0.4,0.6767,0.6037323821398878,0.6653130934082526,0.5461041996641185,0.29605931010034825,0,1,0.7335646030353458,0.035180632942635535
81,A13,range,0,0.612914852012934,0.7459649424006493,0.6382549594312167,0.5075859515296148,0.9500000000000001,1.0,0.940072354514617,0.2888074356178659,0.6,0.5823,0.6343563569962029,0.6102159786201272,0.5090282911271075,0.182187589458028,0,0,0.8929415294896383,0.003391618616433556
81,A14,range,0,0.604796054959374,0.7545989092065365,0.7247140635445932,0.4062410135428306,0.9500000000000001,1.0,0.7076795188477115,0.19029294228130728,0.6,0.5746,0.5499057938492753,0.62252607335664,0.5182770813196559,0.32247697409845444,0,1,0.6714989376469884,0.08316877775624512
81,A15,range,0,0.7656973923941877,0.8401329382145822,0.7858701693025093,0.7015239964616597,0.975,1.0,0.676416303857246,0.18537751808691366,0.6,0.7466,0.5702162920523995,0.617570189251492,0.4448990636215825,0.29472758706604596,0,1,0.7026907713273232,0.11500459211297089
81,A16,range,0,0.7288539458866993,0.8821146500889998,0.64395770896392,0.7073502130676934,0.9500000000000001,1.0,0.9501740129118288,0.22220624871094938,0.6,0.6924,0.6250142159138752,0.728362357603858,0.48869112262569536,0.14381990589409874,0,0,0.9003480258236575,0.0
81,A17,range,0,0.6433214367797075,0.8071675087756511,0.6708995037523088,0.5167868331812168,0.975,1.0,0.7657242629799558,0.2222911104041821,0.6,0.6272,0.586212423817378,0.6348986980017313,0.434772297651498,0.24381809634634988,0,1,0.7342037008423926,0.062167154739710004
82,A00,range,0,0.7956732403291689,0.6821847321199555,0.8715434815747423,0.8002170968700507,0.9500000000000001,1.0,0.6845943425014515,0.2214311850605108,0.6,0.7559,0.5926621473543541,0.5931381471570226,0.4748434594118791,0.332878846797701,0,1,0.885134889300617,0.15989050697914295
82,A01,range,0,0.7912824961436002,0.8452279545414304,0.7156864951153522,0.8237130855446732,0.975,1.0,0.75500357406991,0.23281210127455743,0.6,0.7715,0.6136362792722219,0.6768252404317765,0.5100499915896795,0.25458599322742337,0,0,0.7806141199882806,0.08242196567380873
82,A02,range,0,0.7194375901516303,0.7880552182940901,0.6678404774640575,0.7216990461642191,0.975,1.0,0.7893661106733418,0.14310607611125944,0.6,0.7015,0.5538683006086056,0.5685832975824417,0.4149677986294772,0.31453593008071307,0,1,0.796042467335224,0.06448174085615566
82,A03,range,0,0.5944240510165827,0.8456465329137165,0.6061666408217887,0.4271352337513187,0.975,1.0,0.6451334479106955,0.3180618684195961,0.6,0.5796,0.596527600433762,0.635149325718888,0.3211679440126364,0.4056323636313466,0,0,0.6633066901034566,0.12697925501701113
82,A04,range,0,0.6471181360051234,0.7199453180770097,0.6738137495958804,0.5782424853182822,0.975,1.0,0.7523465064840849,0.15256694816555166,0.4,0.6309,0.5030702266539118,0.643106880711397,0.5383696888797564,0.41592973406532,0,1,0.8518901255299602,0.10380895384809047
82,A05,range,0,0.7218021576031305,0.761025086888071,0.7002406700255475,0.7161541284304279,0.9500000000000001,1.0,0.7398325702451486,0.2271892503872665,0.6,0.6857,0.5942132072480002,0.6285612452852847,0.43431806157208314,0.3570336258160524,0,0,0.8002202095511284,0.0980465951540857
82,A06,range,0,0.6564997581472125,0.762308814978863,0.6698149972327039,0.5787182634276261,0.975,1.0,0.7923204470160332,0.21695864268484813,0.4,0.6401,0.5457500177650054,0.6882780955837181,0.5895942551854342,0.3786689924032376,0,1,0.8297898766849179,0.07192166119859332
82,A07,range,0,0.6876844352036768,0.8599314631526543,0.6833020742398741,0.5838646085788932,1.0,1.0,0.7885961545585578,0.2681393994723603,0.6,0.6877,0.62275269408577,0.5754310955897195,0.4954639228400588,0.35180081208241376,0,0,0.7549274888143885,0.053390646214428725
82,A08,range,0,0.7038472189840137,0.8566149253143607,0.699817993382762,0.6118929749286424,1.0,1.0,0.6316732913407941,0.17529797891885054,0.4,0.7038,0.508757675100027,0.4617387690943967,0.4549796494717661,0.4255740880708979,0,1,0.610398229596746,0.1213586390023178
82,A09,range,0,0.7291264515880613,0.8348836381299162,0.7417104868422674,0.6520171791519718,0.975,1.0,0.6991369859229695,0.29767135764271957,0.6,0.7109,0.6230763904357152,0.6529881266722475,0.4279485231162696,0.33501864853188484,0,0,0.6357493703775801,0.07843121555205812
82,A10,range,0,0.6491609542707026,0.8002111046765884,0.6626170111319856,0.5429805605134016,0.975,1.0,0.6234149710148803,0.1810355607703742,0.6,0.6329,0.5404736565297882,0.5357407684576264,0.41637428880249594,0.34018597030411946,0,1,0.5480739309845835,0.1082036246679599
82,A11,range,0,0.6829765465973976,0.9446497944661902,0.7326827946256167,0.4759377996547104,1.0,1.0,0.8347732827061675,0.186835294234826,0.6,0.683,0.5872140180827318,0.6646723168796078,0.4923881823639239,0.3315067621762675,0,1,0.7758914045320464,0.030875212379884387
82,A12,range,0,0.7020563652486549,0.8720267993035936,0.6348317385584691,0.6546463923182306,0.9500000000000001,1.0,0.71601281373782,0.2666756477114294,0.6,0.667,0.6053450107481447,0.5962281336095395,0.3720807829325943,0.374468395811324,0,0,0.7734493226706981,0.1069182277036731
82,A13,range,0,0.6782870390327506,0.7652730506460534,0.6758499431147909,0.626053240702651,0.975,1.0,0.6523846295024791,0.23190474343248618,0.6,0.6613,0.5771582625655938,0.5589422217853142,0.4996632656064066,0.2711861909427402,0,1,0.599646309471405,0.10187816805519276
82,A14,range,0,0.6950163977812931,0.6726755128392484,0.6404906056249531,0.7566895190068683,1.0,1.0,0.76816653322792,0.30784302862001317,1.0,0.695,0.7030490627496527,0.7045873308733338,0.16349718174862088,0.1972578501431863,0,0,0.8050116924775995,0.08058430911560607
82,A15,range,0,0.7125410054659103,0.7093374131315122,0.6936183805402588,0.731100547484854,1.0,1.0,0.7332597304640219,0.18307987122676878,0.6,0.7125,0.5737569350553423,0.5991024664019141,0.34267894563628193,0.2475745698246031,0,1,0.8550127170485411,0.1174998359588941
82,A16,range,0,0.6213142018977704,0.7219968072669728,0.6869815778617214,0.5009286195735617,0.9500000000000001,1.0,0.705301152392687,0.2696570420146614,0.6,0.5902,0.5906670614153092,0.6483456816907278,0.4533491496188746,0.3204177454891896,0,1,0.7903554964270779,0.11919871089752504
82,A17,range,0,0.7459246050222311,0.7386034189289467,0.9074479150515355,0.6091674500548926,1.0,1.0,0.7414618306152005,0.3260107011545466,0.6,0.7459,0.6482828925155937,0.6493578622568514,0.31313340774582415,0.34190975656084494,0,0,0.8713432885274894,0.11632046158668335
83,A00,range,0,0.6911344349725989,0.6794923862865524,0.7292533009780354,0.665056707646621,0.975,1.0,0.7577152808581179,0.2618525867453953,0.4,0.6739,0.5660991762321107,0.511556103432921,0.6198653086022716,0.35011754840192955,0,1,0.8523191652071584,0.10036942953197081
83,A01,range,0,0.6351268258702978,0.6595586247572994,0.6819982396004185,0.5788444645520663,0.9500000000000001,1.0,0.6813524609984132,0.21261424013486618,0.4,0.6034,0.5203455916882216,0.550421233240979,0.59558918944976,0.3881060074499312,0,1,0.719897406932149,0.11639650210113639
83,A02,range,0,0.6956708098383038,0.8762850214263344,0.5996634081527716,0.6667934040706254,0.8666666666666667,1.0,0.6955952757236369,0.22391585272590583,0.6,0.6029,0.5695761812877912,0.6017781285487438,0.498234822699364,0.2733997751114424,0,1,0.6906202991924209,0.09746780507798385
83,A03,range,0,0.7471002579594295,0.9040257218729544,0.7259353884287773,0.6675411038527973,0.975,1.0,0.7637975280376221,0.2507028955979639,0.4,0.7284,0.5708158638181174,0.526846901232054,0.6056519863379942,0.3380943956201979,0,1,0.697457087945738,0.052718330303292496
83,A04,range,0,0.6625720043082826,0.7870121319794255,0.7354159492251102,0.5210584727115941,1.0,1.0,0.7425483720525553,0.18314988137482321,0.6,0.6626,0.5673406271726067,0.6839198403597024,0.5129284597715589,0.2402483456028274,0,1,0.7210310881134404,0.07372183168515549
83,A05,range,0,0.7035829382703763,0.8862930055681639,0.7154511545344006,0.579004456978238,0.8666666666666667,1.0,0.7932659013484287,0.1872833607467579,0.4,0.6098,0.5245454979472425,0.46684723490866514,0.5772763123406838,0.3643771553829988,0,1,0.8576619266695116,0.07888414533359668
83,A06,range,0,0.6688277387317979,0.8421227108282235,0.670701970737065,0.5588784281669232,1.0,1.0,0.7460955432180716,0.33663458114477546,0.4,0.6688,0.5916158295669496,0.6332371819415885,0.6258219932909436,0.28455646887087666,0,1,0.7473971337944421,0.0789408805060695
83,A07,range,0,0.6028471549918711,0.8542351459188015,0.6748899263165103,0.3826922357534803,1.0,1.0,0.7396254436842296,0.2613960087715354,0.4,0.6028,0.5513638712269963,0.5450833123597457,0.5504153749173567,0.28733973138734215,0,1,0.7324924252229127,0.07901263872744742
83,A08,range,0,0.7103521178504482,0.886501967545992,0.7263952651203796,0.5862207079295435,0.9500000000000001,1.0,0.722808159951886,0.26681610659426575,0.6,0.6748,0.6079891442990752,0.6935538944703923,0.35062053208841953,0.3110472862680554,0,0,0.7023542597017849,0.08173820104117335
83,A09,range,0,0.6969982385400691,0.8354704541061609,0.7248786984419161,0.5860577013971457,0.9500000000000001,1.0,0.8060791090821171,0.42559923004296385,0.6,0.6621,0.678150354062724,0.6732647397713996,0.3672310081356674,0.2292261300453413,0,0,0.7774978208439728,0.04881643361685733
83,A10,range,0,0.6095784595702491,0.6497070658765491,0.6993738559050201,0.505927108835887,0.9500000000000001,1.0,0.813534415184952,0.11673730446685365,0.4,0.5791,0.477615713219194,0.542824895135344,0.5508378450793472,0.3447503263864111,0,1,0.7418152482413556,0.03407384155706468
83,A11,range,0,0.7591258716287101,0.7733008699084353,0.6814748910521709,0.8182111057083539,1.0,1.0,0.8084628937278778,0.3043766260686691,0.6,0.7591,0.6537967802171708,0.7109998450746048,0.48109757352633353,0.27131635529355574,0,0,0.774935932220481,0.04661882170707255
83,A12,range,0,0.6570304212394288,0.9445642645468898,0.7567236208419412,0.3900902195200673,0.9500000000000001,1.0,0.7811606151406669,0.15480315879462983,0.6,0.6242,0.5483320508724983,0.621779079079308,0.4503353415635595,0.3533880298130898,0,1,0.879153383863293,0.09232433210936594
83,A13,range,0,0.7579963577763327,0.730910142596694,0.8438341773123593,0.6998171501695836,0.9500000000000001,1.0,0.8544248289669758,0.2289695171091219,0.4,0.7201,0.5728574119459223,0.6365743432569468,0.5242974950244648,0.3263666719937042,0,1,0.7088496579339515,0.0
83,A14,range,0,0.6455235598489307,0.5746510549642605,0.8170854740576087,0.5397022004692563,0.975,1.0,0.8537010228137241,0.3815640498959695,0.6,0.6294,0.6659723573879021,0.6479974220627742,0.47039160666281077,0.31934094242287114,0,0,0.9076627752227089,0.05545293558558135
83,A15,range,0,0.7621491816964383,0.9692453609800464,0.701486367558936,0.6857940320144977,0.9500000000000001,1.0,0.7896180204214535,0.31347894494957446,0.4,0.724,0.5990911437059018,0.5461708523296125,0.48856548762927726,0.31831147565399387,0,1,0.7467122987472607,0.05039706145414364
83,A16,range,0,0.7294577713597933,0.7475607902601428,0.8104878061435817,0.6472421041112599,0.9500000000000001,1.0,0.6415880884445927,0.3577169560037502,0.6,0.693,0.6304459366327427,0.6328434232334537,0.4356046951232513,0.3922417120463263,0,0,0.6403919341036892,0.12279840246378335
83,A17,range,0,0.7084477205222748,0.8324030175824555,0.6318984208817423,0.6979562970451278,0.8666666666666667,1.0,0.7044883072476569,0.2333698256041785,0.6,0.614,0.5776871889782461,0.5589377266402702,0.33950532963628066,0.34618255852663504,0,1,0.6718004696492025,0.08551876783187591
84,A00,range,0,0.7043063534984972,0.7555516770194348,0.7611521159023608,0.6225379841945305,0.975,1.0,0.8142255050655914,0.28785528643470565,0.6,0.6867,0.6351090919855394,0.6684543490454775,0.47702906555386615,0.340409864908216,0,0,0.6585088834453798,0.009144836619975866
84,A01,range,0,0.8128670798846386,0.8757472665839121,0.7381478545470657,0.8389462853679689,0.975,1.0,0.7528526600026026,0.2325115136238426,0.6,0.7925,0.6162950993980297,0.626060503624374,0.36231635540470497,0.24458135311452203,0,0,0.7434824673201623,0.07331154573671703
84,A02,range,0,0.6927801509981726,0.6650480208430859,0.7295893134877823,0.6779047151666932,0.975,1.0,0.7981184094108842,0.18650858237097534,0.6,0.6755,0.5799484005334112,0.6319880917656432,0.42018941612577193,0.26909225612466103,0,1,0.6265368932537904,0.009402139268316553
84,A03,range,0,0.6986094748199589,0.6960086988907973,0.6869226059468709,0.7104609700396367,1.0,1.0,0.7981146882917206,0.2799441882288818,0.6,0.6986,0.631440599612213,0.6127388586305647,0.47376806546309697,0.22718778980516113,0,0,0.9164320198544319,0.09141046292907365
84,A04,range,0,0.6566678569235375,0.6730417073703105,0.6194260928936028,0.679020743920497,1.0,1.0,0.6182203108031049,0.2769365692907212,0.6,0.6567,0.5899227917955215,0.5202290846776251,0.47493100587281833,0.3221832076665516,0,1,0.6743114537613504,0.15158261145081278
84,A05,range,0,0.7227641392792685,0.7748633426707218,0.7783989744439056,0.6415216563905529,0.975,1.0,0.7932795350613845,0.32472912965674705,0.6,0.7047,0.6496528610788347,0.5628204928569867,0.4934636870606608,0.25857109566157704,0,0,0.7395225756150293,0.046021564709215465
84,A06,range,0,0.7598453807461727,0.7892690100042998,0.7289021730249403,0.7685309192159215,0.9500000000000001,1.0,0.841791999074715,0.23238188900735254,0.6,0.7219,0.619413645039694,0.6332789250847234,0.36725213573338794,0.29265371874100277,0,0,0.7936059243302981,0.03165161152205711
84,A07,range,0,0.740532102323876,0.9718744418759514,0.762581329397256,0.5766500664146215,0.9500000000000001,1.0,0.7343771333519036,0.28330361423454214,0.6,0.7035,0.6220672846552152,0.5683871942910488,0.4229080892636268,0.37510886901215634,0,0,0.7490355716859309,0.08732496511663312
84,A08,range,0,0.7916541172375726,0.8311579013487389,0.8303274723319697,0.7331250664604965,0.975,1.0,0.7563868132287822,0.23409767907162995,0.6,0.7719,0.6145798514003585,0.5855335466237468,0.443930168580914,0.22442384554993008,0,0,0.6788056365197348,0.05206890266296435
84,A09,range,0,0.7398795449945512,0.8342235054799565,0.7478462554655692,0.6739436980290321,0.9500000000000001,1.0,0.8462383018419858,0.27328681376727093,0.6,0.7029,0.6364766463664672,0.6767020532259431,0.35668037046560114,0.2362327059966125,0,0,0.6960913757953872,0.0010667554862320155
84,A10,range,0,0.7796424303081904,0.9052074852380718,0.8014668391967349,0.6820679131995381,0.9249999999999999,1.0,0.7524639029297145,0.1460524169949397,0.6,0.7212,0.5528224789999197,0.5888927232804253,0.4378328594101872,0.3351090740733216,0,1,0.791593714538987,0.08718031976419018
84,A11,range,0,0.6649763271210454,0.6312079464882399,0.6717435607519616,0.6801602355894972,0.9500000000000001,1.0,0.8329524789993149,0.32253264611006105,0.4,0.6317,0.5934554058507461,0.48185959711633686,0.6146541803546827,0.27814342707401524,0,1,0.8282586231017595,0.04649772382417113
84,A12,range,0,0.6637354232342638,0.7718156837792275,0.8370694033336862,0.4445180278066671,0.975,1.0,0.7548361696584265,0.19991359056402222,0.6,0.6471,0.5760853739405168,0.5847304140183736,0.41787689389966104,0.3340493530769407,0,1,0.5819196536185769,0.023373223376813725
84,A13,range,0,0.7760580515976663,0.926877851755677,0.6737247049916477,0.7713373547791758,0.975,1.0,0.7121034314371705,0.3137067106502329,0.6,0.7567,0.6394719319490219,0.6564514680345976,0.34338408322091385,0.2410731781725182,0,0,0.733813953908443,0.09835425413664171
84,A14,range,0,0.7160595391048081,0.7236500133722348,0.7644439124789031,0.6689791659853335,1.0,1.0,0.7967617629841137,0.174244457479773,0.6,0.7161,0.5789467152171581,0.6919742396232371,0.32568967328228193,0.2546773641749265,0,1,0.7323609986961559,0.04176879937820246
84,A15,range,0,0.6612465627802099,0.7702107134057816,0.7285501200890862,0.5342533559939608,0.8916666666666666,1.0,0.8393279500149686,0.39883192140645873,0.6,0.5896,0.659773182741015,0.607358207903894,0.48173039680182966,0.2196701577075799,0,0,0.6786559000299371,0.0
84,A16,range,0,0.726887308156954,0.850416861936145,0.6625371119820234,0.705987758698024,0.9500000000000001,1.0,0.7247815665237373,0.3259239085099509,0.4,0.6905,0.5873767515557003,0.6175330488615132,0.5878071950278749,0.3662824786206723,0,1,0.7459978273982372,0.0930319948014629
84,A17,range,0,0.6561328887939274,0.6983163632617108,0.6593411110975553,0.6269610227358884,1.0,1.0,0.8572868651896103,0.31644842576376947,1.0,0.6561,0.7154250476365898,0.7871856676355585,0.15680854130676322,0.09404099143278549,0,0,0.7775023295084704,0.01802234861955984
85,A00,range,0,0.7214552687489237,0.7046918833437104,0.7197268863720448,0.733444719206951,0.8916666666666666,1.0,0.8019456876178087,0.2272626071849121,1.0,0.6433,0.6579257013233368,0.7133267472232804,0.10984196674338224,0.09884786855068754,0,0,0.8176303191859957,0.0625504221597074
85,A01,range,0,0.6970653030631104,0.7959428924112255,0.6757322028465963,0.6539332724099882,0.975,1.0,0.7598307232134301,0.21995648137139165,0.4,0.6796,0.5486567633359194,0.5710184705606113,0.4980261669492165,0.3697094813347477,0,1,0.6989605477347975,0.05576452205516938
85,A02,range,0,0.7151576820423866,0.6675634158608837,0.7969746712919943,0.673314232812419,1.0,1.0,0.7554797453304475,0.19660228839843052,0.6,0.7152,0.5857714736285826,0.628279528736549,0.4759696118239223,0.23869075803954,0,1,0.8659079801978881,0.1055014569827282
85,A03,range,0,0.69769565599387,0.6400904243944886,0.813794002352125,0.6321128726800102,0.975,1.0,0.7392350413460189,0.3989851376578145,0.6,0.6803,0.6613783494779915,0.5951443335180772,0.43276092954120926,0.29266024545569375,0,0,0.8353387890733245,0.10811063273158358
85,A04,range,0,0.7002225091182764,0.6961830891148246,0.7634500896369346,0.6474230136666079,1.0,1.0,0.7168739008834953,0.17789497041737684,0.6,0.7002,0.5659730810917386,0.673478679120969,0.40290012461149044,0.25718202464956014,0,1,0.7155092183206421,0.08970905029717219
85,A05,range,0,0.8123084605581795,0.8299542568496211,0.799122074487735,0.8128179256876674,1.0,1.0,0.7773823816967403,0.3679508569745214,0.4,0.8123,0.6301947749419262,0.5692232331626791,0.5614045282187257,0.29593847957195313,0,0,0.8848076741826674,0.09625076472807584
85,A06,range,0,0.5899825675486601,0.813525139748579,0.662433254297198,0.38687410901874,0.975,1.0,0.8773729138783464,0.21194131968780539,0.4,0.5752,0.5438574742514235,0.6416334889957347,0.5423950197960765,0.2806952775155262,0,1,0.8824689969324682,0.03513009626153225
85,A07,range,0,0.6639057617841616,0.7701417608605258,0.6258871202539369,0.6307745737003806,1.0,1.0,0.7273058072851263,0.2711927358863343,0.4,0.6639,0.5636709116160636,0.613759534637836,0.5027795044457639,0.37130698015084035,0,1,0.6223849431260686,0.05457916016502659
85,A08,range,0,0.7020558367652286,0.7573793885398807,0.6529400166624506,0.7104549594960019,0.9500000000000001,1.0,0.8500278732346795,0.2479943914219633,0.6,0.667,0.6190125642188373,0.6919161065450795,0.446788071665851,0.27893599946145264,0,0,0.7852030647214131,0.024435563972296813
85,A09,range,0,0.6956497896907177,0.8239995911614647,0.6012319488726143,0.6980467744873413,1.0,1.0,0.7586974153548496,0.21572744793642262,0.6,0.6956,0.5936931976606719,0.5979110453069197,0.36785197321812374,0.2246939491595236,0,0,0.8338636195055059,0.09471503575476284
85,A10,range,0,0.6315920667621704,0.7762249803809012,0.722107587093993,0.4619954154601188,1.0,1.0,0.6731944305351375,0.3711645247910128,0.4,0.6316,0.583398004385892,0.5419395608820262,0.5680727430538313,0.33349276029545344,0,1,0.7969359431684224,0.1443284349434948
85,A11,range,0,0.6991670590482563,0.8256492515632117,0.8236967725685278,0.5111521893961716,0.8916666666666666,1.0,0.6960613825888396,0.198232491035476,0.4,0.6234,0.5183295109005394,0.5732068558517233,0.6031754399719692,0.3794842572465019,0,1,0.6929399380258119,0.09781843723505354
85,A12,range,0,0.7489687709215304,0.8544353995380755,0.6727786722523845,0.7497184643716922,1.0,1.0,0.8019461594910902,0.24479979751521092,0.6,0.749,0.6242835258062854,0.6238684608381853,0.4657680669900466,0.3471576660908693,0,0,0.7495206992204737,0.04345424493767055
85,A13,range,0,0.7569438470745649,0.8218077189031677,0.7338842071003525,0.7365811121591238,0.9500000000000001,1.0,0.6421714442630879,0.1617862425323196,0.6,0.7191,0.5451947253974926,0.5822029543338947,0.37641721946570084,0.3634156547763715,0,1,0.7319364616395285,0.14949645387295413
85,A14,range,0,0.6548948346711374,0.7587344182072716,0.7322722679710789,0.5222898408236047,0.9500000000000001,1.0,0.9250552066678238,0.1569684456307043,0.4,0.6222,0.5267454905911471,0.5406171150714759,0.5282664028446467,0.3027041420952699,0,1,0.8501104133356476,0.0
85,A15,range,0,0.6226375246589109,0.7147440564750805,0.6871525477869913,0.5086202970367345,1.0,1.0,0.7286405862014986,0.2681314368665209,0.6,0.6226,0.6008274998607892,0.608016100647944,0.39624841856651394,0.3641009975704192,0,0,0.7351253581267252,0.08725358717195512
85,A16,range,0,0.7868823892289994,0.7526189732752396,0.9045238211738847,0.7053607712483247,0.9500000000000001,1.0,0.7806628133924186,0.28049791919103245,0.6,0.7475,0.6363435403986608,0.6225876178368479,0.49497919359276243,0.2658306941934912,0,0,0.6791868750348279,0.036387226056890994
85,A17,range,0,0.7349583480119914,0.7725954894187882,0.7883077947159718,0.6647543687667606,0.975,1.0,0.6663721233626994,0.3993437815170356,0.4,0.7166,0.6046077323130701,0.5485676767083569,0.46052874824306417,0.3213161823361399,0,1,0.6951728322248217,0.12027227084087347
86,A00,range,0,0.7979990342493641,0.8124481367844952,0.8494542878098144,0.7439449982995133,0.975,1.0,0.7263759317988979,0.17206866366020618,0.6,0.778,0.5751948823171773,0.6630300746788104,0.40543418859648017,0.2606927271890779,0,1,0.8030967684522774,0.10802300940084089
86,A01,range,0,0.7390331945460458,0.8333025183832018,0.6067578085035086,0.7958558299350431,0.975,1.0,0.8279001546044066,0.2639860490942979,0.4,0.7206,0.5852008550867035,0.6286307280217424,0.6241391254849,0.28500553915222726,0,1,0.827157334416835,0.049238463744023436
86,A02,range,0,0.6207430823679257,0.8140803771754528,0.6058824276905063,0.5129103459559633,1.0,1.0,0.7578823204695002,0.19104571148692367,0.6,0.6207,0.5672839009501206,0.5964868008611574,0.5077366258477729,0.3213818241983704,0,1,0.7457405777526732,0.07062942017655024
86,A03,range,0,0.7168268352124563,0.7794488767122447,0.7605343606465024,0.6394439745202981,0.975,1.0,0.6982118919643299,0.31204780702639257,0.6,0.6989,0.6265244386141152,0.6264824161356296,0.5068108404177276,0.3469374229869906,0,0,0.6851926312541282,0.09398267503383201
86,A04,range,0,0.7137764833530043,0.7877483947535951,0.660933428396606,0.7137817118144832,0.8083333333333332,1.0,0.6800725017814785,0.2848778216792025,0.4,0.577,0.5438378746017538,0.5009538092096075,0.5610405111541339,0.3641087917043857,0,1,0.5779198185776551,0.07425804737334209
86,A05,range,0,0.6465438068675329,0.7745192831152683,0.6944751006531271,0.5246192521503035,0.975,1.0,0.646321358287952,0.4656399743561517,0.6,0.6304,0.6526095760425115,0.6598771928685209,0.38319209644142077,0.2662755975275672,0,0,0.6985645239527459,0.13654737818191415
86,A06,range,0,0.7062263140820528,0.8731055370416465,0.6170113455471984,0.6799898972003043,1.0,1.0,0.6899044910367075,0.2836272495721915,0.6,0.7062,0.615098144626176,0.5709365515400436,0.4651749700608562,0.2824930304576404,0,0,0.7957099985484403,0.13172770764991648
86,A07,range,0,0.697491664833066,0.8032166849945456,0.7522968384038643,0.5834590003576927,1.0,1.0,0.7446972665645787,0.15818451806888512,0.6,0.6975,0.5573910575896802,0.5716600537721968,0.3635184873624005,0.34326086118549815,0,1,0.7201577414556242,0.07202315650004266
86,A08,range,0,0.7574188901392844,0.7523141706731751,0.7004821344800237,0.810429001007456,0.975,1.0,0.7962223994040657,0.39228312580314223,0.6,0.7385,0.6803263494667908,0.6897275253670264,0.3679049154003245,0.21958981850637418,0,0,0.7624336064626711,0.05071257013402734
86,A09,range,0,0.7063221580676069,0.7984638390766233,0.7732642174403256,0.5901593054858429,0.975,1.0,0.7120360999325146,0.2471147791805144,1.0,0.6887,0.6617354373990945,0.7003501178584701,0.20342809556942137,0.17160430538603105,0,0,0.644363683754016,0.07191648857015329
86,A10,range,0,0.7118374982391396,0.7478930487382528,0.7823362350379856,0.6276163844782034,1.0,1.0,0.8510818108160906,0.21584309290820103,0.6,0.7118,0.6110607192273655,0.6677200157208502,0.4611130912839212,0.3000768274177866,0,0,0.7240396803966936,0.006385013999241934
86,A11,range,0,0.7266821677453741,0.7763347710733113,0.7241450499963693,0.6978692686957925,1.0,1.0,0.7140962063700539,0.26831390234963237,0.6,0.7267,0.6163960836243445,0.6017358789574504,0.49971622196849425,0.3261570719108099,0,0,0.6840845980751493,0.08240627664470092
86,A12,range,0,0.6394661720156187,0.7133849956155052,0.6713860417994116,0.5653370212048711,0.975,1.0,0.7543498518924581,0.45717184247461545,0.4,0.6235,0.620207427677416,0.6318709953036294,0.44819310425620196,0.3220472721620957,0,1,0.8239343520288063,0.09487387163312658
86,A13,range,0,0.6471178392300327,0.733799289416558,0.5913394541440287,0.6417480198137078,0.9500000000000001,1.0,0.7859789596611739,0.3574103333714255,0.4,0.6148,0.5947814201570626,0.5885993780810156,0.527838387854674,0.2978166973483992,0,1,0.7616655805890173,0.0569688946891658
86,A14,range,0,0.6850561610939769,0.8144002310510601,0.6841217060329629,0.6050337655491872,0.9500000000000001,1.0,0.7065132389000354,0.23417580570465205,0.6,0.6508,0.5859689009933243,0.5857105253713563,0.3717796861179364,0.277321630313882,0,1,0.6782850264816789,0.0860193061083949
86,A15,range,0,0.6666900724998461,0.8128954654848337,0.769441879829012,0.48540387047120875,0.975,1.0,0.6617706482961333,0.3427196768458433,0.4,0.65,0.575339640414471,0.5742367383642307,0.5545912295203461,0.41701866830412215,0,1,0.67110300822069,0.1165864738041392
86,A16,range,0,0.7569258307520312,0.7604923757453473,0.85624314436244,0.6677940907221009,0.9500000000000001,1.0,0.7550687985673414,0.4131118670864558,1.0,0.7191,0.7453925140712022,0.7106365705495894,0.1438019177977985,0.14332523322825302,0,0,0.703480490379754,0.06023636738978384
86,A17,range,0,0.757698338825436,0.8586389880145816,0.8601058338901477,0.6050038749005974,0.8666666666666667,1.0,0.6851198780501244,0.23044168395726408,1.0,0.6567,0.6402556842807923,0.6618026759306832,0.27424605802864,0.24090781339434147,0,0,0.7730825761897636,0.12886693565067608
87,A00,range,0,0.6549862823939967,0.6593040968619743,0.6558739590014431,0.651510931319995,0.975,1.0,0.7074396814398443,0.21849589561014246,0.6,0.6386,0.5765596748586306,0.6683796890801192,0.36874367286804083,0.3070687707471689,0,1,0.6914958590083822,0.08928449478616145
87,A01,range,0,0.6685257843838739,0.8066045464973807,0.750367055846828,0.5106154455328473,0.8666666666666667,1.0,0.6453407585037528,0.2530961399292684,0.6,0.5794,0.5695990774358097,0.5130438354862629,0.36212145965098474,0.338644862229844,0,1,0.6909190584261607,0.13505090802282227
87,A02,range,0,0.7195586369221809,0.781545402571506,0.6593475316661858,0.7335016254903485,0.975,1.0,0.7715160428528838,0.25245977963893707,0.4,0.7016,0.5686773686584002,0.5779015288989237,0.5593521404440995,0.3937061283878791,0,1,0.7695754435492125,0.06849514394119058
87,A03,range,0,0.7668089308428838,0.7669415489650289,0.6995550404330552,0.8255731986251431,1.0,1.0,0.72542477071467,0.24255185550329686,0.4,0.7668,0.5668924185307787,0.5764743230565341,0.4647714549085186,0.4111418444469177,0,1,0.5786165734030868,0.04219980076445749
87,A04,range,0,0.7154008416951815,0.7740204884324913,0.8173699144366415,0.5895406238355854,0.9500000000000001,1.0,0.7383765223814113,0.21506296230490538,0.6,0.6796,0.5867270958014176,0.6705010527880128,0.4619410986689656,0.3084054151841462,0,1,0.7948668239639529,0.0975425187036098
87,A05,range,0,0.614854426178981,0.9048114162521622,0.6146966935115576,0.43376932346723823,0.9500000000000001,1.0,0.693870727162169,0.16941981822674018,0.6,0.5841,0.5372197280746831,0.5503514024019792,0.42532228629809044,0.36799666295720934,0,1,0.726003196767411,0.1090654360755676
87,A06,range,0,0.6641680046426082,0.7382674548415771,0.7996743360926084,0.4992878082495025,0.975,1.0,0.7279553453750451,0.24718032982373264,0.6,0.6476,0.595573367473432,0.5981073282113669,0.3695180614842361,0.26232252922040333,0,0,0.7791586309002875,0.10025448208188921
87,A07,range,0,0.6466224566943162,0.621387856079427,0.7089416604874408,0.6078647787596376,0.9500000000000001,1.0,0.7622685370969652,0.3203982426888588,0.6,0.6143,0.625479195644562,0.6877495083559507,0.44833608732482544,0.3582023444605742,0,0,0.7261210924932752,0.062092971002576644
87,A08,range,0,0.5987521866866843,0.6859608391318818,0.6635802469990533,0.4875222261351131,0.9500000000000001,1.0,0.7131626170544902,0.27845340845372624,0.4,0.5688,0.5471281313297186,0.4880448049280063,0.6375866797383085,0.41997048849373786,0,1,0.6664194684427983,0.07778796171700705
87,A09,range,0,0.6377956916214734,0.7854275727091204,0.6310681957328828,0.551412324844211,0.9249999999999999,1.0,0.7687091931132565,0.27506804380848554,0.4,0.59,0.5581922814745315,0.5313602200039708,0.5041930922239011,0.31116623419662004,0,1,0.773073518756728,0.07130492740584675
87,A10,range,0,0.7072686972670175,0.8422165616380497,0.5958141814510933,0.7204489833740562,1.0,1.0,0.8403048072034655,0.31325151148923636,0.6,0.7073,0.6538566967319084,0.6299087974761495,0.49429133352331855,0.3220639838513434,0,0,0.7549954025731618,0.02165482199211497
87,A11,range,0,0.7344355139567562,0.98,0.6664607964986697,0.6404355879555543,0.9500000000000001,1.0,0.81793288342574,0.23989367459540997,1.0,0.6977,0.6789203409079836,0.7088997706178635,0.18443137279883723,0.15028298273581597,0,0,0.7361886366340573,0.029760043388976733
87,A12,range,0,0.6537504135998368,0.756292036838338,0.695978145152179,0.5527126339674739,0.8666666666666667,1.0,0.7141686009755231,0.2548572333818801,0.6,0.5666,0.5802190516204151,0.6106059148802581,0.45130266355870474,0.28632681333347415,0,1,0.6595118573962433,0.07500626272626477
87,A13,range,0,0.7406624915420692,0.8234138845452195,0.6859301616558292,0.7368336595655602,0.9500000000000001,1.0,0.7016277328325385,0.2561949910248036,1.0,0.7036,0.6666899646823204,0.7472077050701398,0.2774877223672132,0.1472193679708082,0,0,0.8133178946181395,0.1281816941645264
87,A14,range,0,0.7383704734566889,0.7279148081298179,0.8416458115700398,0.6545393434368014,0.975,1.0,0.6521852935750228,0.2915896299749047,0.6,0.7199,0.613031584956116,0.5145558234288905,0.477096743571282,0.3111603107542924,0,0,0.5986397882876697,0.10171625981449589
87,A15,range,0,0.6673270985651738,0.8116749651223656,0.6859949257024986,0.5607753332217698,0.9500000000000001,1.0,0.72804609338029,0.1612086707116785,0.4,0.634,0.5051213739349063,0.5777984341222577,0.5621994906594175,0.42313821355705944,0,1,0.58703431529357,0.04305540060038961
87,A16,range,0,0.7707530596934145,0.8957723237961466,0.7296003171823826,0.7286246693263596,0.9500000000000001,1.0,0.6547494900695966,0.20193951219387501,0.6,0.7322,0.5732696302630255,0.6191208197154632,0.33129665871276204,0.3406792504113243,0,1,0.7684843614528505,0.15023914032231733
87,A17,range,0,0.6762083926370139,0.8158912609328144,0.7531364731154807,0.5215945295334801,1.0,1.0,0.7558008651487237,0.2831546679446122,0.6,0.6762,0.6216678317400919,0.7062112223280876,0.3431986546068136,0.2434642331279501,0,0,0.8828958019947941,0.10982053740173492
88,A00,range,0,0.7912755523650001,0.8033187497953408,0.740913383004107,0.8278154521618186,0.975,1.0,0.7704883218860189,0.27843558953629205,0.4,0.7715,0.5900077771721123,0.5428238150945691,0.4565721392672668,0.3624808670947766,0,1,0.7093111151569639,0.05183701651472389
88,A01,range,0,0.6776715073697335,0.7182750301504457,0.7546425574313846,0.5849446368278438,1.0,1.0,0.7715125100219823,0.29648106817161074,0.6,0.6777,0.6301880116098505,0.6225737449175215,0.3634702367273362,0.3483710243809329,0,0,0.8355762294470692,0.08680683263291442
88,A02,range,0,0.6298617581978709,0.8304472780908253,0.7157382617058252,0.4293538676953147,0.8916666666666666,1.0,0.6925674020901457,0.23445485514014397,1.0,0.5616,0.6251271580375,0.6614751206595604,0.11561461598224673,0.18021652122086018,0,0,0.7136458665216271,0.106412860044774
88,A03,range,0,0.6517716782211223,0.8224235454597634,0.6226486073779836,0.570596948184718,1.0,1.0,0.6399937036315053,0.38971736923939904,0.6,0.6518,0.6336984544079748,0.5999920926549475,0.4288823390871621,0.291462923391213,0,0,0.6658852711290221,0.13175321834873213
88,A04,range,0,0.6192156567859266,0.8202236190878082,0.5914204109362932,0.5179065204656798,1.0,1.0,0.7670460619220777,0.3836297455149114,0.4,0.6192,0.6012583380963958,0.593620630992607,0.5908012943744654,0.41539681566270503,0,1,0.610037035718757,0.024159213242377194
88,A05,range,0,0.7433448478351892,0.7171131110947873,0.8004792527860313,0.7097470789659535,0.8666666666666667,1.0,0.7578940890105714,0.2957774054728952,0.6,0.6442,0.6197465068875725,0.6392510031676424,0.4733471213712432,0.3642294932044149,0,0,0.7134749423820254,0.061293942690950294
88,A06,range,0,0.7031002925597662,0.8881612041841325,0.5730810462446112,0.7012040633202979,1.0,1.0,0.703185292842857,0.31164757639759244,0.6,0.7031,0.6283390427734272,0.6864525476534491,0.35381003983060233,0.33022628902263407,0,0,0.7569447124578892,0.11128200429073498
88,A07,range,0,0.7738715878039009,0.854888789273599,0.6886403577502793,0.7978131631822583,0.9500000000000001,1.0,0.7201171677629769,0.25409977604094375,0.4,0.7352,0.5659316280642624,0.5358770389097154,0.4642453045388951,0.42271763832535114,0,1,0.6990313424077174,0.08262622836455247
88,A08,range,0,0.7380365153927817,0.8373322897824887,0.8553955974972203,0.573287459557831,1.0,1.0,0.8318617806142024,0.29454734877661964,0.4,0.738,0.6013199663968049,0.5743018297852592,0.4972310653755567,0.29377465111731693,0,1,0.8183981876586303,0.04444889867948019
88,A09,range,0,0.7052429297770006,0.7732125502055742,0.6656965325692438,0.6973650145659294,0.8666666666666667,1.0,0.7046089770731739,0.434747937824941,0.6,0.6112,0.6505639055625339,0.6710458675699563,0.32395557713478895,0.3310274226515966,0,0,0.6522260877383175,0.07954430732476023
88,A10,range,0,0.7114520615496456,0.9136907441497127,0.7185209957095808,0.5788675675346602,0.975,1.0,0.7522650077495634,0.2823995181134666,0.4,0.6937,0.5767109454514868,0.6057508708648602,0.6353957764395973,0.3055304492399857,0,1,0.7737495574270278,0.0823075663046117
88,A11,range,0,0.599650226457934,0.8026043102496974,0.664010581479937,0.41648861344382915,0.975,1.0,0.6589633751283375,0.21113777818935733,0.6,0.5847,0.5547405833020757,0.5674591922140126,0.33515503403592073,0.3347994823446068,0,1,0.768419630918915,0.1470132128791797
88,A12,range,0,0.6921423376671267,0.7687093362748716,0.7429528276282754,0.5998287848212812,0.9249999999999999,1.0,0.7196511373283181,0.3329178389923136,0.4,0.6402,0.5800917023364892,0.6546388072317281,0.5561186502482222,0.3641951835462667,0,1,0.8161376249101042,0.11627679863678486
88,A13,range,0,0.6600851041188495,0.7229971344034296,0.7674434178573866,0.5268265606697669,0.975,1.0,0.7298299765405617,0.2592980997306916,0.4,0.6436,0.5556355684081016,0.5759707836953449,0.5623352419767051,0.33700752641490644,0,1,0.7779393409470241,0.09862576015638487
88,A14,range,0,0.7313395297242349,0.8857547279445245,0.7395359010591522,0.6276582059185011,0.8916666666666666,1.0,0.8237110004476027,0.2628363922472582,0.6,0.6521,0.6183807315194194,0.6835256195240584,0.4657224392989658,0.201210160878139,0,0,0.7890711421703318,0.04124246391260556
88,A15,range,0,0.6582670813656892,0.7266999949412355,0.7935727789400708,0.49710402500338907,0.975,1.0,0.7364001325944721,0.1239791647053208,0.6,0.6418,0.5219412463143868,0.5496894781595577,0.48817308109356605,0.3562082677465342,0,1,0.7210428256376021,0.07788243504219254
88,A16,range,0,0.6991280504859084,0.8201384830282391,0.6369039995649993,0.6779425747027473,0.9500000000000001,1.0,0.7380884216719157,0.1818345681960086,0.6,0.6642,0.5655375763904771,0.6055009452967888,0.49592493206705973,0.36527306777964114,0,1,0.6392068157933151,0.05237847218441723
88,A17,range,0,0.6784615210015988,0.7802166354631676,0.6380528351827232,0.6502221745546346,0.9249999999999999,1.0,0.7886027278891388,0.33989049899814544,0.4,0.6276,0.5915155979490194,0.6154195865333053,0.5403249444586331,0.28614961846648307,0,1,0.9152312840466325,0.09709190406462634
89,A00,trend,0,0.6737703542344124,0.8263579672513399,0.7141710830176468,0.5430524584135028,0.975,1.0,0.6862928783108776,0.2396869407270035,0.6,0.6569,0.5485703017023597,0.5772273324443538,0.43871264291858963,0.3607239880816314,0,1,0.652924729240129,0.09292495372332857
89,A01,trend,0,0.728666825879836,0.6925013955424743,0.7405217057831507,0.7408971999252867,0.975,1.0,0.9567577415616023,0.21199935730286684,0.6,0.7105,0.576243683266444,0.6844825367179,0.4114484290546169,0.15827857623489056,0,1,0.9135154831232046,0.0
89,A02,trend,0,0.643605558586599,0.8551016282858966,0.701838688475263,0.46046652637195684,1.0,1.0,0.8355487448152418,0.18794458749116827,0.6,0.6436,0.5337326782929404,0.5818502227410941,0.5081086969149949,0.18662364647472945,0,1,0.8430369524727442,0.04896706933076045
89,A03,trend,0,0.7953435844577419,0.7689821548816493,0.7737923705236222,0.8306767901351547,0.975,1.0,0.7346198356321371,0.26421933381983614,0.6,0.7755,0.5887631120164327,0.692604228104219,0.49025756114397956,0.2652080883093554,0,1,0.8082616898260468,0.10381047744791401
89,A04,trend,0,0.7299104546320624,0.773117195685443,0.8184176739567542,0.6254624245645941,0.8916666666666666,1.0,0.668268111298117,0.30164395326275156,0.6,0.6508,0.5775969289921306,0.6579013824792709,0.5164036301250694,0.31593617801975055,0,1,0.6684261868311576,0.11089971009222213
89,A05,trend,0,0.7053354790982196,0.6867182887380245,0.7577717606537421,0.6710894767122595,0.975,1.0,0.7031879563128818,0.17948572352260378,0.6,0.6877,0.5166336348592396,0.7136305971914533,0.495433861078126,0.2948791570279137,0,1,0.7228659952037255,0.10148652978947423
89,A06,trend,0,0.7354744504360122,0.734482499265374,0.7747233254077935,0.7017516543173524,0.9249999999999999,1.0,0.7375050213184486,0.13622130755436251,0.6,0.6803,0.485050584182857,0.5702306161584568,0.4573008457942283,0.3161327449326696,0,1,0.6786228221857291,0.06465445510125284
89,A07,trend,0,0.7342245951790642,0.7445603262311847,0.8142292118127771,0.6577607237169902,0.8916666666666666,1.0,0.8066254090235506,0.14076054886638953,0.6,0.6547,0.4940540122227064,0.7295855286198603,0.3810259376601992,0.21636921494796318,0,1,0.7616845029426202,0.04400958517446401
89,A08,trend,0,0.6209687424583987,0.8984924871860496,0.6218211550053241,0.4467705410250573,1.0,1.0,0.6165276883739775,0.27001862909183066,0.6,0.621,0.5476473797825454,0.5222633905909532,0.43726763743761116,0.2910300337792959,0,1,0.49023474379547577,0.09471925917085283
89,A09,trend,0,0.6511826657477165,0.6457284126417808,0.7159809407061268,0.5978930833503174,0.9500000000000001,1.0,0.8465457167269216,0.29457748301354797,0.6,0.6186,0.5954086640192403,0.6263256899607438,0.3729328752050143,0.28101284669044035,0,0,0.9469592924772179,0.06985635494740491
89,A10,trend,0,0.7107410772692189,0.7905227578613138,0.7342696332004077,0.6402900404593693,0.9500000000000001,1.0,0.7844826522705801,0.4389675764841803,0.6,0.6752,0.6606044255796089,0.6833218247992384,0.30811252988608673,0.31888620239386345,0,0,0.831547172545957,0.07737234936882285
89,A11,trend,0,0.7108381393406451,0.613647656011942,0.8511757350728502,0.6487867951554052,0.9500000000000001,1.0,0.6416336174025468,0.1908723241732165,0.4,0.6753,0.4819685303853798,0.5746997872867273,0.5909423992102197,0.3646734220471425,0,1,0.6765476750011463,0.1336636853912213
89,A12,trend,0,0.6482838082691479,0.6517187317109511,0.620275922975811,0.6706438807496906,0.9500000000000001,1.0,0.8122351880126069,0.2122203783994446,0.4,0.6159,0.5093174839111176,0.5982210213137212,0.6380596213306482,0.26045407668336723,0,1,0.6602194011400616,0.010883961392459798
89,A13,trend,0,0.7252815403022078,0.8731813709044458,0.594934419821458,0.7468978765964651,0.975,1.0,0.5679784321739518,0.1578724989664858,0.6,0.7071,0.4821355112495625,0.5663503578446177,0.35265504286759564,0.3103534833713724,0,1,0.6201333737941209,0.17751656365232935
89,A14,trend,0,0.6978364627948412,0.7250819540313777,0.6912209591580117,0.6865965964542319,0.8083333333333332,1.0,0.7057834160770476,0.23666755775945778,0.6,0.5641,0.5336280087259428,0.5935660195282328,0.4749039879798863,0.3854604659945231,0,1,0.7900924726304202,0.11878348164743849
89,A15,trend,0,0.6760446230986064,0.692554038114151,0.6998222803706459,0.6449207886008566,1.0,1.0,0.6683274425164734,0.21344245278836346,0.6,0.676,0.5328176084930883,0.555946415560651,0.4248776387405354,0.26871835406193545,0,1,0.739085082822696,0.13159451102305433
89,A16,trend,0,0.7363121498806615,0.8448913169620713,0.6458272685566313,0.7476244416133068,0.975,1.0,0.7410844849611787,0.15067580109656697,0.6,0.7179,0.5034351132148422,0.5912262596742901,0.4988554396269089,0.22718263418637333,0,1,0.6910632897975775,0.06592548074344497
89,A17,trend,0,0.719680252746095,0.7752686415073832,0.6766472525438645,0.7225913849472417,1.0,1.0,0.7519202444500821,0.25321155767178194,0.6,0.7197,0.5765740440107695,0.630601984242909,0.3881225605097485,0.22617724319605048,0,1,0.7251816042532542,0.06865508038949485
90,A00,trend,0,0.7094387847943144,0.7559750321623989,0.8248704494851272,0.5793509235848003,0.975,1.0,0.6473014923254498,0.1921625845618215,0.6,0.6917,0.5178210867846088,0.6916990809400121,0.49712684194317663,0.2783362047543074,0,1,0.6332035678268336,0.11616969621727416
90,A01,trend,0,0.6672748724501292,0.8069897976835836,0.7005306883933465,0.5508542052289049,0.975,1.0,0.6290507792690926,0.2533827891704026,0.6,0.6506,0.545936862056712,0.6655151952097718,0.3359952609372242,0.2991698817849246,0,1,0.5412427761557168,0.10149260165227905
90,A02,trend,0,0.6206414501081653,0.7428670958516574,0.645687129560074,0.5223354519980625,0.9249999999999999,1.0,0.6292977215642802,0.25541272044679253,0.4,0.5741,0.5009388269789263,0.5965487071779083,0.4569296962313459,0.386431602438729,0,1,0.714277330868555,0.1544976194387105
90,A03,trend,0,0.6739389848766045,0.6637301710623017,0.7455437618948837,0.6176653136195495,1.0,1.0,0.7005539000255617,0.2773779808022955,0.4,0.6739,0.5391462747272481,0.5307412778412336,0.5796220581260898,0.316034251405961,0,1,0.7425294659903465,0.10903728211002112
90,A04,trend,0,0.7049500459023782,0.9096034074696683,0.8516679893285113,0.4486634944249553,1.0,1.0,0.8003972139397276,0.3012372562690337,0.4,0.705,0.5701882626445292,0.68648581391376,0.588946805945922,0.2832623149667799,0,1,0.933671749596231,0.0944603165071204
90,A05,trend,0,0.6863737442923858,0.7682812196098953,0.7435863993353091,0.5851204990563846,1.0,1.0,0.6906441778937705,0.23367775999258944,0.6,0.6864,0.5504195432864889,0.5288053132098715,0.44733245134977595,0.26310186137663133,0,1,0.6715563302719605,0.09536923597387932
90,A06,trend,0,0.6787263663604491,0.7403892957880954,0.7929455688320338,0.5402452333055334,0.975,1.0,0.7508242571489318,0.29165631029020284,0.6,0.6618,0.5878054550458751,0.6831133761206556,0.34001645271775655,0.3399127598834069,0,1,0.7974531002192813,0.08990360221465113
90,A07,trend,0,0.7560562244503741,0.85758785448226,0.7874377880486464,0.6651400875319571,1.0,1.0,0.6675063766378958,0.3596128182759785,0.4,0.7561,0.5836145640505528,0.5639446336632742,0.45654354206607684,0.41349303712150937,0,1,0.7723100372441147,0.1416714783204645
90,A08,trend,0,0.6333994379669483,0.766335272695183,0.6409324681612136,0.5437231398418195,0.975,1.0,0.7052858139886963,0.1459373132569729,0.6,0.6176,0.4801418337834017,0.5971077616233984,0.47655389393913705,0.28956003028025606,0,1,0.6630416833792492,0.08232661646043178
90,A09,trend,0,0.638812280923682,0.8079467152472913,0.7079217498766797,0.47263247413755327,0.975,1.0,0.830416300310969,0.24377263859842,0.4,0.6228,0.5311007287592601,0.5829478298872126,0.5720898676910424,0.35480161961852685,0,1,0.7924924188232455,0.0381440104148568
90,A10,trend,0,0.7745648155530627,0.8656224750860094,0.8647655321815743,0.6387281512950234,0.9249999999999999,1.0,0.6481415721873987,0.3475305025385633,0.4,0.7165,0.5691890088116949,0.6080621093515626,0.4478195440642477,0.45772893162159806,0,1,0.6932637337140172,0.13357841013728547
90,A11,trend,0,0.6692796124803371,0.7700900940487653,0.5860340798113,0.6791129025854771,0.975,1.0,0.8570284221334099,0.3593622797643652,0.6,0.6525,0.6344769048978848,0.6783533488178364,0.34382632513893174,0.22211281811581707,0,0,0.8485669273247943,0.03777386035957256
90,A12,trend,0,0.6640922704493032,0.7997223147176725,0.8008440392235817,0.45966569510407873,0.975,1.0,0.7696791871489573,0.08561121949078106,0.4,0.6475,0.40380591804092847,0.5412986734819336,0.520731079110705,0.36650460727009476,0,1,0.6533721418014812,0.03572561755819084
90,A13,trend,0,0.6998839641815646,0.8489129301087698,0.6367115572401723,0.6620167165507799,0.975,1.0,0.6676596027386347,0.3356532182955773,0.4,0.6824,0.5620600377169301,0.6225115577855016,0.44376984888993887,0.3966851208574619,0,1,0.6824924839056405,0.1155529734055952
90,A14,trend,0,0.6563309943550166,0.7030621506563668,0.6359139381634624,0.6449889458342829,1.0,1.0,0.7380341741110665,0.2219156756046978,0.6,0.6563,0.5455274643230261,0.6232577411433645,0.48102594745264277,0.31798771836079937,0,1,0.652454343845534,0.05643981616853398
90,A15,trend,0,0.7276427276417012,0.7781335713017863,0.7247399494198948,0.6986258812982288,1.0,1.0,0.629259871872112,0.22247112637371308,0.4,0.7276,0.5066136155630369,0.5550936715144671,0.4836824207177318,0.3445892730006404,0,1,0.6985819677547005,0.14992877128837503
90,A16,trend,0,0.7210007845744892,0.8004390812174335,0.7115735549054155,0.6796006751330885,1.0,1.0,0.7967864311852212,0.17966594145135997,1.0,0.721,0.5791104506413594,0.6444202011805334,0.26674755326297495,0.1764523195901129,0,0,0.6886177859156437,0.02896586878277744
90,A17,trend,0,0.7737380570196917,0.8523326195665273,0.7087946525714888,0.7814419343200969,0.9500000000000001,1.0,0.837794497845508,0.17775842427715174,0.6,0.7351,0.5403773299013308,0.553739046812152,0.4793261989126558,0.30153394215956275,0,1,0.8594506051922799,0.052058163928123076
91,A00,trend,0,0.733032656437868,0.8363124440647933,0.6812023525771441,0.7138343050491731,0.975,1.0,0.68737069242805,0.27008189249592707,0.4,0.7147,0.5396838497166194,0.535898790831812,0.47395241002476934,0.3897842978673647,0,1,0.6723328986534625,0.09797698361112031
91,A01,trend,0,0.7077840412980079,0.7665702410061423,0.7742600188251595,0.6128761861441663,1.0,1.0,0.6467791371392733,0.34622661107279995,0.6,0.7078,0.6042885729336847,0.7114650710807016,0.4560737582860195,0.4098013566909059,0,0,0.6833301639580897,0.13168864928240756
91,A02,trend,0,0.6904189851397574,0.9547271232209652,0.5821974953519728,0.6199202024033139,1.0,1.0,0.8107211927379744,0.13363792106019773,0.6,0.6904,0.49315462769518487,0.5577358422157677,0.48692047928145343,0.22047223343335628,0,1,0.828008114613332,0.0599553987879385
91,A03,trend,0,0.7629700771822787,0.9332493913237323,0.7777274041609376,0.6436328447375437,0.9500000000000001,1.0,0.7932131764798842,0.199089423955426,0.4,0.7248,0.5149569405210922,0.5651441753906885,0.5437974629191934,0.3241419369761685,0,1,0.798529934311204,0.06274285908616326
91,A04,trend,0,0.7531984901804865,0.8428314866489659,0.7486285406746602,0.7011765732052847,0.975,1.0,0.7478647943882888,0.2460414959595061,0.6,0.7344,0.5740306746438356,0.6177734180461169,0.4139249039895433,0.2809843612591689,0,1,0.7283545050698869,0.07227784784458849
91,A05,trend,0,0.7522841772518696,0.7451291264085365,0.7559985870858066,0.7535059754242578,0.975,1.0,0.5848096269881093,0.24006395793855884,0.6,0.7335,0.5434581417640051,0.5370335505291832,0.41246656304340623,0.4178925101857162,0,1,0.6316692891034676,0.16646266131539383
91,A06,trend,0,0.7371007185989897,0.7794127113167489,0.7902575059354755,0.6641435342309652,0.8666666666666667,1.0,0.8095168832704087,0.12623607417094637,0.6,0.6388,0.47855756817529066,0.5345109056967241,0.4252625421701931,0.3382620076703732,0,1,0.6190337665408174,0.0
91,A07,trend,0,0.6791321013128104,0.7578042785214526,0.7713206041804411,0.5492970505482322,1.0,1.0,0.7092909177625044,0.21935051792140403,0.6,0.6791,0.5433189924397166,0.6591943987845054,0.356402625699221,0.2870532757862792,0,1,0.5998971056368847,0.06014082650248301
91,A08,trend,0,0.6244515463565017,0.6894411638692095,0.7089583783731155,0.5098895573965222,0.975,1.0,0.7199329136306891,0.23105601495717767,0.6,0.6088,0.5404733506190005,0.5395471281451445,0.44432846141786464,0.25536234610200864,0,1,0.7157962885766024,0.08766367366713143
91,A09,trend,0,0.7106282287264312,0.884215816092691,0.7342758665408979,0.5814443035348603,0.9500000000000001,1.0,0.724061364754391,0.23383763601191437,0.4,0.6751,0.5197092231743713,0.4841371669954129,0.4616638271520977,0.31089552877111776,0,1,0.67818283855434,0.07372175798947682
91,A10,trend,0,0.5679325276719003,0.7332790445993359,0.6190704040420225,0.4198453127683961,0.9500000000000001,1.0,0.7251544743028561,0.29738371760882865,0.6,0.5395,0.5636845376730317,0.6084574294586619,0.4472980729977594,0.31469560267357555,0,1,0.7034538584814468,0.08044063485378353
91,A11,trend,0,0.7253215783921907,0.7323396423530528,0.7696499732960774,0.6821479428757509,0.9500000000000001,1.0,0.8349738426038048,0.320339800536501,0.6,0.6891,0.6195927431966671,0.6657502611694245,0.42842506087407217,0.3082994022723278,0,0,0.8097399013068763,0.04019541715066959
91,A12,trend,0,0.7214715601371913,0.8174440678513725,0.685380174745292,0.69306870503374,0.9500000000000001,1.0,0.9509164187670357,0.19866661780624273,0.6,0.6854,0.5621302643467851,0.5566570792651867,0.4203585267137806,0.2671264079840252,0,1,0.920255950591915,0.00482020611297776
91,A13,trend,0,0.7299295085560131,0.7114438239769831,0.7710446099885118,0.7055073476644708,0.9500000000000001,1.0,0.6909567259306441,0.25575762961755705,0.6,0.6934,0.5644152453124781,0.548365529364817,0.391982603677445,0.3658819939619186,0,1,0.6411341871752673,0.08595924112464179
91,A14,trend,0,0.8031223900072917,0.8237493228765348,0.7740188137607311,0.8156961861797553,0.9500000000000001,1.0,0.6760624562727001,0.24905754484029954,0.4,0.763,0.5337274772412653,0.6665002313361906,0.5514712624752922,0.3860656877733013,0,1,0.8408055763867712,0.15426296238668818
91,A15,trend,0,0.6679338419683771,0.8856305546094062,0.6057886606492493,0.5862504302219709,1.0,1.0,0.7506789113317948,0.24152668553355214,0.6,0.6679,0.5612160246842613,0.616426796137665,0.34396892209121277,0.3281967612927048,0,1,0.7288647729646479,0.07054753938013211
91,A16,trend,0,0.6826747139227385,0.7335773763748499,0.7987297729456595,0.549312373245113,0.975,1.0,0.8448985366571865,0.23771629550664083,0.6,0.6656,0.5716646007149577,0.5677609608758217,0.5074149654805923,0.29397158559412523,0,1,0.7976521427965437,0.030936500800478405
91,A17,trend,0,0.7346608252594352,0.8207925188579819,0.7682369605286263,0.6514493983998014,0.9500000000000001,1.0,0.6665652303055541,0.282812261271564,0.4,0.6979,0.5402537772865291,0.6182066704307941,0.5251912238926977,0.45901389887081434,0,1,0.5854015273872122,0.08665389924756271
92,A00,trend,0,0.5828588670795174,0.7060556540530067,0.6574726781516496,0.44057379053297085,1.0,1.0,0.774779328533084,0.3233330345608756,1.0,0.5829,0.6416690396444155,0.719921564519203,0.14303071832868725,0.09014315676172865,0,0,0.6931858378519804,0.0443208562443566
92,A01,trend,0,0.6859592243708814,0.7470573741967652,0.6698894836675793,0.6618339038450934,0.975,1.0,0.7166849025257844,0.18790321315785977,0.6,0.6688,0.5217990246230282,0.5425994760427193,0.37526709378785306,0.28868202637762047,0,1,0.6612313302483177,0.07376545675697115
92,A02,trend,0,0.7723883002726888,0.7326573891416986,0.7164468404700781,0.8461688970568422,1.0,1.0,0.7030993833312351,0.36885978103746114,0.4,0.7724,0.5959096388759135,0.6143520873575585,0.6296774828956109,0.37662562526807514,0,1,0.6878811587507291,0.09129191820014602
92,A03,trend,0,0.7212127899087712,0.8535130400896495,0.7980781994330728,0.5712679002119586,0.975,1.0,0.7394359711542798,0.1702066894428144,0.6,0.7032,0.5169900685675424,0.572562267137973,0.5075408542798141,0.3316859953705976,0,1,0.6274210075643016,0.04785848092684554
92,A04,trend,0,0.6937919378545557,0.8551359622408199,0.779820455752769,0.517676969452204,1.0,1.0,0.8105225583943341,0.23592039133495427,0.6,0.6938,0.5705532354620604,0.6812769651592134,0.43558950393271345,0.2988056831445839,0,1,0.8391774923123994,0.06312369078859058
92,A05,trend,0,0.719408179548646,0.9280778601735798,0.6899190765147077,0.6147925943127583,0.9500000000000001,1.0,0.6455530629764599,0.15977514538721954,0.6,0.6834,0.4925983169932872,0.5151971302502292,0.3705523105613357,0.31553192477060144,0,1,0.7846115563657271,0.16185073156322755
92,A06,trend,0,0.6456212106268738,0.6894715553780102,0.7373175733714309,0.5379804277559262,0.9500000000000001,1.0,0.7129141619485977,0.18662778127396318,0.6,0.6133,0.5115960931361038,0.5734090714816787,0.40587603338837164,0.298524484701151,0,1,0.8319701676059015,0.12531952864535223
92,A07,trend,0,0.6620829580108147,0.668170289014566,0.7307646430570822,0.5981819017179862,0.975,1.0,0.7495508139325205,0.2425559961694558,0.4,0.6455,0.5235346551269585,0.6911181256756116,0.6137800710756248,0.40539537658347635,0,1,0.846103097430128,0.10410548484306413
92,A08,trend,0,0.75445901207792,0.9189353231600558,0.7695058997061949,0.6384952909768445,0.9500000000000001,1.0,0.8140340991377878,0.28800194666158524,0.6,0.7167,0.6046680756327056,0.7440574594740788,0.436843061247409,0.33790777907214886,0,0,0.8187014844950775,0.055364309427275535
92,A09,trend,0,0.6958667447512783,0.7380340079023235,0.7221913686771582,0.6464781593467301,0.975,1.0,0.8570311046795157,0.32369945305860165,0.6,0.6785,0.6225343238135788,0.6405631922856991,0.46646753075178815,0.32011516934346285,0,0,0.7140622093590314,0.0
92,A10,trend,0,0.70702290398608,0.7287395125608346,0.7740460034991219,0.6348048115529468,1.0,1.0,0.8256961120520796,0.2965270258277201,0.4,0.707,0.571707098602002,0.5532034819808036,0.6193331065833754,0.3886708881087584,0,1,0.6513922241041592,0.0
92,A11,trend,0,0.6517047255856047,0.6980214429608272,0.6558739793527941,0.6191086801797998,0.975,1.0,0.9066583852486139,0.26076745390905287,0.6,0.6354,0.5880863408442639,0.6558366134784916,0.48792370231324433,0.16776778981482254,0,1,0.882960541331755,0.018843828000122215
92,A12,trend,0,0.7107332556605713,0.799962132759506,0.8250183320650862,0.5549657656197867,1.0,1.0,0.8087557596162382,0.32625225061998725,0.6,0.7107,0.622374630359631,0.6143023074795556,0.5047683520181029,0.21634587568499877,0,0,0.8589983028317366,0.06957446339847302
92,A13,trend,0,0.7111154157508628,0.9252325628469755,0.6132660789664388,0.6629103685021634,1.0,1.0,0.6836664691786267,0.23493555538236466,0.6,0.7111,0.5539096992804525,0.6235456333905276,0.34191353351766196,0.355985753769632,0,1,0.6998685495353374,0.10884442107686412
92,A14,trend,0,0.6106767732708932,0.5958527459292027,0.6298474798693852,0.6031674220857693,0.975,1.0,0.7368647808893015,0.12331993375262278,0.6,0.5954,0.46062412836189687,0.5320208631276379,0.45731699288652977,0.23519399262907592,0,1,0.6636697058176206,0.060614761998582165
92,A15,trend,0,0.6081696549569483,0.6746607530753891,0.6106502123877814,0.5644422308809438,0.975,1.0,0.7530220749364805,0.2285567651296695,0.6,0.593,0.5409375534425668,0.5054477682789452,0.35276647194435223,0.2778383865615427,0,1,0.677357199745571,0.05386650723961674
92,A16,trend,0,0.7113861963390915,0.8549187973673982,0.6145814786709205,0.7063824486560494,0.975,1.0,0.7991791975911834,0.3660143585238006,0.6,0.6936,0.6363422236939706,0.6282288016161777,0.45655976112426655,0.3222374466273654,0,0,0.783532310556251,0.054809371247593185
92,A17,trend,0,0.7350895732079006,0.8674526392669101,0.827273602924845,0.5717016309186934,1.0,1.0,0.7521343968221457,0.31124101949529465,0.6,0.7351,0.6102755886487392,0.6507321222602629,0.45057924777794656,0.26439205213680544,0,0,0.6997395924470852,0.06108406483881662
93,A00,trend,0,0.7763588838797781,0.8121870750663708,0.8206004297790187,0.7152549117263223,1.0,1.0,0.7660462563701137,0.27119825269458475,0.6,0.7764,0.5977126482717002,0.5891717164532609,0.4799448762982375,0.3613873326434104,0,0,0.9227890607437519,0.11357115569382445
93,A01,trend,0,0.7817224553261359,0.7712974567034394,0.6856907940431146,0.8722657830879649,1.0,1.0,0.7663835698093416,0.28495927573924523,0.6,0.7817,0.606171579898732,0.6776884826770299,0.3390172868636251,0.3184882759324318,0,0,0.786851477501765,0.07669021505048074
93,A02,trend,0,0.6875307795491937,0.8227784242756304,0.72359033290851,0.5714488924057691,1.0,1.0,0.6170748508691561,0.2875184205455541,0.6,0.6875,0.5678050987166778,0.6516509729962405,0.4345091962392665,0.2835781044455665,0,1,0.7319529024582461,0.16943369242832773
93,A03,trend,0,0.6737715162879709,0.6831022926662852,0.6888199258497609,0.6547724226849584,0.9500000000000001,1.0,0.8070800314685993,0.17400406147227504,0.6,0.6401,0.5192455175112897,0.679498656050449,0.3685986328017897,0.3043554390245695,0,1,0.8534076831553231,0.06910559954259171
93,A04,trend,0,0.7255723740889826,0.98,0.6867320822638993,0.6005403632415445,0.8666666666666667,1.0,0.7534010388149459,0.1998969202389002,0.6,0.6288,0.528881563039828,0.5748436773855553,0.4967014728959972,0.3210294817292675,0,1,0.6866090273708785,0.0563652224405702
93,A05,trend,0,0.6997790478190983,0.7927948722653629,0.5922583598718709,0.7357247594940067,0.975,1.0,0.6938660633906243,0.18561633088370075,0.4,0.6823,0.48693239933882326,0.522888138309507,0.526056375730702,0.39910016208971016,0,1,0.7204560089973694,0.10745926298513876
93,A06,trend,0,0.6985917625203792,0.8635160571539598,0.778992411242415,0.5251635107426101,0.7833333333333333,1.0,0.6964061272091889,0.34945679390332457,0.6,0.5472,0.5843322288038817,0.6250793445549383,0.420564693688963,0.2898702339664722,0,1,0.7081073272939976,0.10203051177411886
93,A07,trend,0,0.7354203745392736,0.8240890324436213,0.7528443866618933,0.6647564527417639,0.8916666666666666,1.0,0.7599465409862007,0.26516692826031935,0.6,0.6557,0.5740432144621347,0.595523845232296,0.5244073557062228,0.22616132544541892,0,1,0.7984402464276854,0.08413988395462887
93,A08,trend,0,0.7672481120446484,0.8956997432446459,0.7823679224746788,0.6737360084183733,1.0,1.0,0.7572791934823294,0.27520285991170346,0.6,0.7672,0.5972136713273047,0.5694301025580742,0.4866473981544771,0.3428696556635126,0,0,0.7966447694787029,0.08539850289413203
93,A09,trend,0,0.727296275053374,0.819619034338449,0.7678167533434372,0.6341391319963969,0.975,1.0,0.7566845752580197,0.3235098058023235,0.6,0.7091,0.6127114398106499,0.6301140914824827,0.3532644303005739,0.36396817252930924,0,0,0.7536557834470856,0.07368211861737191
93,A10,trend,0,0.7196514882174285,0.8051651041115958,0.6530919954501946,0.7244450344549038,0.975,1.0,0.7394159515695101,0.2734252369544411,0.6,0.7017,0.5831361534365296,0.5825140648281851,0.4947958476988128,0.36377716258421383,0,1,0.6693730640878723,0.06059781185189179
93,A11,trend,0,0.6971737152077812,0.745520189892573,0.7537567464390289,0.6174470162024446,1.0,1.0,0.6952331533132345,0.23719799366113534,0.6,0.6972,0.5549355006075166,0.5933233408536877,0.38516509372685265,0.33083827027540347,0,1,0.7992974236682553,0.1288785526228018
93,A12,trend,0,0.6988945021384037,0.7333323648543983,0.7567763075375477,0.626724258216656,0.9500000000000001,1.0,0.7577313507565728,0.29385233604694083,0.6,0.6639,0.5903714786931904,0.6774737972876643,0.36161864579069125,0.2877384501066957,0,1,0.7236401795770887,0.06435881602178724
93,A13,trend,0,0.603334518522616,0.7619119755488611,0.6532927471768555,0.46051015780875315,0.975,1.0,0.7899040562218669,0.28687374484204375,0.6,0.5883,0.577693245299028,0.6193906781014992,0.47419582339736743,0.3429991067920135,0,1,0.7541845691716074,0.05235036207438568
93,A14,trend,0,0.6839061030905564,0.7697276256685597,0.8204479321928095,0.5107935510148328,1.0,1.0,0.7614672595323703,0.2957322233204261,0.6,0.6839,0.5953494440739002,0.6183169187327506,0.4554219571864676,0.36120053277684483,0,0,0.722407383369225,0.06154193772496124
93,A15,trend,0,0.6772653655482287,0.7743538254730563,0.6826635231497291,0.6118616901938986,0.8666666666666667,1.0,0.7426250228235577,0.1901906660230545,0.4,0.587,0.4820945847027556,0.6792686632871943,0.47900427671757034,0.32570370776628244,0,1,0.8199596584577573,0.10161559808657657
93,A16,trend,0,0.6804801327034078,0.8095965577980567,0.7341677089571825,0.5528057377971993,0.8916666666666666,1.0,0.6934831363537429,0.21854748838149554,0.4,0.6068,0.4960346880563649,0.5013159619929597,0.49987664237007545,0.3371884030049288,0,1,0.6904459201597541,0.098936763948784
93,A17,trend,0,0.676662176295723,0.7462559308322346,0.8647060709275239,0.4686276719075773,0.9500000000000001,1.0,0.7621567585379937,0.24418336366670007,0.4,0.6428,0.5257130578956354,0.633311252265662,0.5253302770076613,0.2785017954800904,0,1,0.8929578154653021,0.10829821575914932
94,A00,trend,0,0.6219897149554021,0.7630002726859808,0.5738489764238139,0.57598126258893,1.0,1.0,0.7193299348520228,0.31415620389282883,0.6,0.622,0.5868588534555961,0.6328502060335562,0.39463808872834594,0.3123165896741114,0,1,0.6053118481514295,0.054803000696543036
94,A01,trend,0,0.774771630531581,0.7027354636089432,0.8385316393349125,0.7640042271553145,1.0,1.0,0.8748314742708686,0.320691867138679,0.4,0.7748,0.6005661761788808,0.6596439027811816,0.4993026914283861,0.23657327202953207,0,1,0.7766256108522304,0.007646336176051233
94,A02,trend,0,0.684467926377884,0.841413048206342,0.7058212095744688,0.567693102438086,1.0,1.0,0.7257545551136414,0.16559749057659937,0.6,0.6845,0.5088099987725007,0.5938901306303868,0.5314788109703728,0.24685883492150743,0,1,0.8366082800555201,0.1176583818312977
94,A03,trend,0,0.7929436351996832,0.8306080373320495,0.7358038810603253,0.8194006687388927,0.975,1.0,0.7606069937842589,0.1855557619787431,0.6,0.7731,0.5414004751543954,0.5707288713656622,0.49095144610415165,0.22939664234802906,0,1,0.8623900585737507,0.1011759742287438
94,A04,trend,0,0.6990763303127308,0.7046269260227747,0.7688864930318521,0.634523315614722,1.0,1.0,0.7549781251051323,0.19183599654193836,0.6,0.6991,0.5345617286556155,0.6084878585815077,0.452248165535577,0.28849686955615117,0,1,0.7304215164722805,0.0681421764676023
94,A05,trend,0,0.7660933516303949,0.7751390721036312,0.878123327349881,0.6624135475800723,1.0,1.0,0.755764874743162,0.31355980258819566,0.4,0.7661,0.578966595791459,0.5980709326954863,0.471583645579911,0.3362620767350749,0,1,0.7361508000483875,0.06927413085715196
94,A06,trend,0,0.6520670475489296,0.6647408535652497,0.639422269817923,0.6552100993033606,0.975,1.0,0.6891242018875235,0.16148649454226782,0.6,0.6358,0.49326119336986196,0.48806065143186206,0.44442997450153265,0.2939261768871593,0,1,0.6856887233195785,0.10068039891765584
94,A07,trend,0,0.6174345257478016,0.7623246449035642,0.6268947805914948,0.5186004782872184,1.0,1.0,0.6663586504708241,0.17144574221147216,0.6,0.6174,0.49470914036212327,0.5813251961354955,0.5140088567327316,0.35098747889550486,0,1,0.655136324970533,0.10833171781408553
94,A08,trend,0,0.7411149435555835,0.846172147566877,0.7622749213289194,0.6569392104968562,0.975,1.0,0.6947407066110003,0.20603903877845922,0.6,0.7226,0.5390646379607825,0.5633926591077946,0.44892601321952075,0.31349334176671884,0,1,0.8269002958320215,0.13684505488751506
94,A09,trend,0,0.6463497517550072,0.6704191924374598,0.7589045482580671,0.5328209043882969,0.9500000000000001,1.0,0.8475722642419181,0.1487969727476212,0.6,0.614,0.499664709500782,0.6171834313535248,0.40094398852479585,0.2835515707330132,0,1,0.7505467653838025,0.016080085879888656
94,A10,trend,0,0.7110283397424143,0.8693588151756935,0.7771440234020821,0.5542205693944056,0.975,1.0,0.6119756708270414,0.13170187870505473,0.6,0.6933,0.46533732740612643,0.5100095871297698,0.4993796538853357,0.3417419764618565,0,1,0.650412781146785,0.14947049863386527
94,A11,trend,0,0.723207559015349,0.8339782803404902,0.7220345805181063,0.6550022143722232,0.8666666666666667,1.0,0.6659466137185448,0.2096136330731686,0.4,0.6268,0.4900105821011262,0.5063299578537207,0.5669120980731995,0.42986970700878024,0,1,0.623574149360195,0.09901428736454536
94,A12,trend,0,0.7188998080971882,0.8788658931037628,0.6275294427283047,0.6988700746658519,0.9500000000000001,1.0,0.8111513339964476,0.2726574111810163,0.4,0.683,0.5538860931581824,0.6145454043959976,0.5685433281329451,0.33481813093156565,0,1,0.7781330853937711,0.04585872273046667
94,A13,trend,0,0.6641432524990747,0.8217070729454278,0.6490270310723949,0.5788925584684487,0.9500000000000001,1.0,0.8977864462873228,0.1516607408023911,0.6,0.6309,0.5105083512286834,0.5687800422417715,0.467143308695968,0.2651885507495475,0,1,0.8053892631109566,0.0027260477694969337
94,A14,trend,0,0.7288349508067924,0.7373462599765694,0.7355266412063228,0.7176601534760925,0.975,1.0,0.838802232115984,0.20663654447976085,0.6,0.7106,0.557936829516177,0.7294933424152851,0.4109536285205714,0.31469464783376666,0,1,0.7038730007077455,0.007768516922008736
94,A15,trend,0,0.706785033390117,0.7391956389340104,0.5565246319880325,0.8180062561520076,0.975,1.0,0.7802320938811602,0.2077174744970489,0.6,0.6891,0.5474981917697078,0.5251259389500172,0.3509081743327134,0.23938375837474854,0,1,0.703237962570459,0.043773895029286004
94,A16,trend,0,0.736797761413798,0.8273565889600221,0.858138527594469,0.5740253237893209,0.975,1.0,0.6102240658063729,0.22194100017091042,0.6,0.7184,0.5349680582455892,0.4929132269683072,0.46494181312181815,0.3331950378366455,0,1,0.7059504677834181,0.1674521511150011
94,A17,trend,0,0.7547110069934524,0.8497227577660614,0.7948977099760663,0.6601652976507846,1.0,1.0,0.6459525427938132,0.2876180004149922,0.6,0.7547,0.5835407797205601,0.59437833307814,0.3339811923886774,0.3721282613179435,0,1,0.6628705214441015,0.12621369963160553
95,A00,trend,0,0.7018694724798258,0.8278961045166604,0.6859814299592133,0.6370048646623402,0.9500000000000001,1.0,0.7362396462831113,0.1901775952042862,0.4,0.6668,0.4934531696107989,0.5043855315428951,0.48532541554302094,0.39444289623282147,0,1,0.7272044431565217,0.07977829950294092
95,A01,trend,0,0.6247501412560548,0.7363650319849755,0.6812047183648322,0.505593079580299,1.0,1.0,0.7467051230876703,0.2478519805815135,0.6,0.6248,0.5569912261679563,0.6400926014070112,0.42891175394724274,0.2567277126618489,0,1,0.6987884073048812,0.06442651740826597
95,A02,trend,0,0.746973748287874,0.9689371894189103,0.7044446241655881,0.6454595811879765,1.0,1.0,0.7351650782160645,0.31962139056316613,0.6,0.747,0.6136062350286677,0.618059021198828,0.4742923451097323,0.3052173273886168,0,0,0.8605732453800653,0.11769883244910681
95,A03,trend,0,0.7314399854434582,0.6844058066449521,0.7283039733537736,0.7635803577709985,1.0,1.0,0.7721291439134713,0.20968452320474162,0.4,0.7314,0.5199849449359147,0.48116754126203504,0.600339269603499,0.41994139960905197,0,1,0.7350644918283018,0.058250430658274
95,A04,trend,0,0.681082000677055,0.7989484889212617,0.6858622850095019,0.603232696733535,0.975,1.0,0.728638417690581,0.29365650825160977,0.6,0.6641,0.5857753590849585,0.6874092748236343,0.47095441640845237,0.2938292360462156,0,1,0.7231995097081296,0.08380661501895605
95,A05,trend,0,0.658394468741219,0.7709623548981125,0.725218515437412,0.5295684990339915,0.8666666666666667,1.0,0.7034559066341184,0.24633759614847262,0.6,0.5706,0.5399702279572233,0.5900293350297973,0.4815015726357401,0.28546353785300127,0,1,0.7270383745308558,0.10250546011442338
95,A06,trend,0,0.770950647084409,0.9182573009698467,0.7803842908189578,0.6706295501382804,0.975,1.0,0.6244166074878132,0.22335628820857756,0.6,0.7517,0.5430601029021102,0.5725703617131711,0.4041516185991538,0.3169716392035585,0,1,0.6627566365738959,0.14313358105944232
95,A07,trend,0,0.6378194769830715,0.7514450404673274,0.6683048827576092,0.5401287697526911,0.8083333333333332,1.0,0.8148904856590689,0.27537423765546787,0.4,0.5156,0.5259782733313869,0.6397778567632048,0.5572629901842449,0.36059003245327975,0,1,0.8796971061004228,0.0713325088599851
95,A08,trend,0,0.707710145750387,0.7641793193220245,0.6541918531778768,0.7192454182690602,1.0,1.0,0.7762224016488297,0.2296584050099991,0.6,0.7077,0.5640626985013616,0.5712548191543119,0.3866166617612974,0.2842979721869231,0,1,0.7909132688708973,0.07144735752646325
95,A09,trend,0,0.745543083312356,0.9224842506415973,0.6780826128454549,0.6939827653901187,0.9500000000000001,1.0,0.7233635743803946,0.17181491052575032,0.4,0.7083,0.48488991765053197,0.5311227381982333,0.5682660063655338,0.4132127227235667,0,1,0.6839325438059005,0.07591399571299963
95,A10,trend,0,0.63501374148245,0.7842024871955919,0.716788553667726,0.4702178147496199,0.975,1.0,0.6263414480301625,0.1946959194699463,0.6,0.6191,0.5051135042305839,0.5329779408521631,0.4897862628274352,0.3473273479505173,0,1,0.623788583783929,0.12973724137550074
95,A11,trend,0,0.7034267389962506,0.8076742118323686,0.7257488073293122,0.618740258682248,0.9500000000000001,1.0,0.7626287238121274,0.24571889318617704,0.6,0.6683,0.5654847949642593,0.601025272286185,0.4585587057959509,0.3301765488286567,0,1,0.7981193104579394,0.08228903862025526
95,A12,trend,0,0.7066921385232149,0.7400108285743539,0.6975504706848248,0.6938669165998443,0.975,1.0,0.7382100255410549,0.26970487804589455,0.6,0.689,0.5788511669210509,0.6281918214124211,0.4274585481777366,0.2574588326687557,0,1,0.9026320142520121,0.1268089625420865
95,A13,trend,0,0.6241402052824939,0.6733558399873739,0.756951554313507,0.47717050318980747,0.9500000000000001,1.0,0.88069472469877,0.27838344440117696,0.4,0.5929,0.5504138190090297,0.6172288364950186,0.6113691998758495,0.2706962534890939,0,1,0.9666991176545641,0.055126802567134627
95,A14,trend,0,0.673279364794142,0.7003660990017944,0.7552751687547152,0.5846038274488576,1.0,1.0,0.7405569396473836,0.1859360319285118,0.6,0.6733,0.524439706835936,0.696616916704864,0.5123395609236578,0.3392037686784393,0,1,0.7716292441005596,0.08955258712788715
95,A15,trend,0,0.7630535035216544,0.8686745924850424,0.7572161665350611,0.702147992782806,0.975,1.0,0.7868468550165505,0.2926443879761084,0.6,0.744,0.6075348455028529,0.6638646370399622,0.4539033818592256,0.30347627802185867,0,0,0.7569145619686248,0.05506682155571645
95,A16,trend,0,0.7146191917700473,0.8351385096170184,0.8414042854517113,0.5283576611442344,0.975,1.0,0.7270830172814381,0.17526525586734054,0.6,0.6968,0.5182121868459143,0.548592092120495,0.44876503723419614,0.2803021163951717,0,1,0.8113124836946396,0.10980957371795905
95,A17,trend,0,0.7358456765399364,0.7844597800965368,0.7423028012789993,0.6998118776703808,0.8916666666666666,1.0,0.8215902658847748,0.1843606547821922,0.6,0.6561,0.5313722584283519,0.6372946505984227,0.4683520924550625,0.203483093945098,0,1,0.786443683549143,0.041796581137465656
96,A00,trend,0,0.7339619987670567,0.9063205712379111,0.6867067362159077,0.6675862457050281,0.9500000000000001,1.0,0.8700474730062917,0.18360744132335957,0.6,0.6973,0.5432548671333697,0.630545176538479,0.5218582182176831,0.27230085232127516,0,1,0.7819519355396167,0.011884839036620673
96,A01,trend,0,0.696464503160143,0.7005880818265441,0.7745041603941074,0.6256025664139233,0.8666666666666667,1.0,0.6237400104510781,0.16558884241779626,0.6,0.6036,0.4818860212989581,0.6219865372623062,0.3726590030206918,0.27474233301072093,0,1,0.6825921099532893,0.14960499685895162
96,A02,trend,0,0.6917806700118971,0.7807107651499707,0.8413148043998246,0.5053569929611648,0.975,1.0,0.8423224456189464,0.3033669791925919,0.6,0.6745,0.6095454866285087,0.621875702624396,0.5143543340466099,0.2476560333151927,0,0,0.7475648896432222,0.018334266362623114
96,A03,trend,0,0.6112604773388146,0.6690179764399127,0.7128294381323537,0.4862891997062818,0.9249999999999999,1.0,0.7805884478738887,0.18937280741596016,0.4,0.5654,0.4827428999605836,0.4170005863903085,0.6437241087307821,0.3709115508040934,0,1,0.8499040644025176,0.08484691174264564
96,A04,trend,0,0.7972338106733956,0.7871011411896102,0.7644353465605234,0.832265385199525,0.9500000000000001,1.0,0.7698365094027785,0.2881588892143671,0.4,0.7574,0.5674107205025732,0.6800621046883829,0.6133401392943276,0.33845802796424174,0,1,0.9301630404702752,0.11301720392303108
96,A05,trend,0,0.618986802896874,0.6810753149094779,0.6309924050086085,0.5696765810412289,1.0,1.0,0.7236790302794806,0.34249840206767673,0.6,0.619,0.600063152684529,0.6451492886319617,0.49810041448409825,0.3681536529768261,0,0,0.7260016187042461,0.08803383158759732
96,A06,trend,0,0.6609125485691036,0.6814469833056281,0.78871170326727,0.5362542664978804,1.0,1.0,0.6967244778522146,0.35032931633633435,0.6,0.6609,0.6068035820988049,0.6299451253507883,0.35434787633171916,0.24811571073240393,0,0,0.6168775212423117,0.07435744814932126
96,A07,trend,0,0.6975148400417179,0.8797687599263218,0.6042085156258521,0.6652491739777231,0.975,1.0,0.6689920368191247,0.1732805192218025,0.6,0.6801,0.5059330776762018,0.5870768706486228,0.473288450259959,0.32373125976263517,0,1,0.6862858068691093,0.11568215220217606
96,A08,trend,0,0.7793753008474029,0.7405503972054983,0.7533524670536028,0.8264108451931682,0.9500000000000001,1.0,0.8252867878327907,0.2911590073142094,0.6,0.7404,0.6118710271781048,0.6837504210699433,0.332784692808434,0.32582696990969895,0,0,0.78421967979174,0.038929158175981624
96,A09,trend,0,0.71769408736338,0.8273738149779807,0.8035982194283154,0.5739781420474362,1.0,1.0,0.8371630462941405,0.3178326417641025,0.6,0.7177,0.6236302169883192,0.7311557841877363,0.3820716298567499,0.187058313371184,0,0,0.9244974616579977,0.06962706162131002
96,A10,trend,0,0.7025073130402784,0.8127961250961514,0.647904601252751,0.681354178319444,0.975,1.0,0.7088664927476239,0.29776314882808563,0.6,0.6849,0.5882519318863697,0.560828209812529,0.32936752673854464,0.3124564683638649,0,1,0.6575135188323757,0.0781297462121473
96,A11,trend,0,0.6679419798985868,0.8025669430567783,0.7177715683114865,0.54020048806343,1.0,1.0,0.6704923699467132,0.4251147014597759,0.6,0.6679,0.6340161231544096,0.5829093118888038,0.3174513684772484,0.35309066546649925,0,0,0.8170322303560954,0.15190015144729013
96,A12,trend,0,0.6553525014376596,0.8806656189434998,0.6364126243242195,0.5311041954707695,0.9500000000000001,1.0,0.837016861768604,0.18952995728946326,0.6,0.6226,0.5315883931149161,0.5788192159199652,0.3709852600801675,0.30517008157935716,0,1,0.7005465125777341,0.007856780019763879
96,A13,trend,0,0.6468891486342339,0.7245985663500284,0.6490693685863504,0.5964130701037602,0.9500000000000001,1.0,0.6836415180041138,0.25039975272979514,0.6,0.6145,0.5470967198560961,0.5555822553100229,0.39480507702856843,0.3184958713063079,0,1,0.6885959754768707,0.10553590728642008
96,A14,trend,0,0.6959419188240543,0.8249697968492267,0.6931270023012245,0.6177625470157978,0.975,1.0,0.7180572778247227,0.22027112122823259,0.6,0.6785,0.5451182129686312,0.5918086357509857,0.4652586793339186,0.25789384530203335,0,1,0.7862465800529927,0.10908764704538795
96,A15,trend,0,0.6720387454661061,0.7115822954324134,0.661109575679875,0.6568870503001163,0.8666666666666667,1.0,0.875561218402316,0.24616109706262682,0.6,0.5824,0.5658148565865136,0.5744704078349064,0.4334075765825852,0.1748199257822275,0,1,0.8806616918314649,0.03568335193315594
96,A16,trend,0,0.7186728810655532,0.8827247887609531,0.7335227885246612,0.6031467697292088,1.0,1.0,0.8141806473106964,0.1519104745424164,0.6,0.7187,0.5139826331277394,0.6467364159202795,0.46429190828026856,0.30590847999770476,0,1,0.837894137931132,0.060523128767655525
96,A17,trend,0,0.7333573850427619,0.8262322189234023,0.7230858715184154,0.684298188201165,0.9500000000000001,1.0,0.8046322780406392,0.2859049533438107,0.4,0.6967,0.5619283730745915,0.6031262414419121,0.6317974850153892,0.3593327768231831,0,1,0.7830599681551389,0.051276847218656434
97,A00,trend,0,0.7324218865376765,0.8484078956710412,0.7430959989212443,0.6505907824937017,0.9500000000000001,1.0,0.7990897935218562,0.3569019473343441,1.0,0.6958,0.685424504143531,0.7663589681099152,0.10659323882720727,0.11281745714433139,0,0,0.8295493836110241,0.06760223732889413
97,A01,trend,0,0.670505658145065,0.8061594983471724,0.6751617543677069,0.5816479238239363,0.9500000000000001,1.0,0.7767967120317788,0.178079747183449,0.6,0.637,0.5179231900620164,0.5669817420774043,0.4901821286391618,0.3022393215732694,0,1,0.8432028251888717,0.08546706922209364
97,A02,trend,0,0.699377522649956,0.8157222048767545,0.6511067083294791,0.6688990587886242,0.975,1.0,0.6925294886050943,0.33874559459596715,0.4,0.6819,0.5673494622652685,0.6040745206440521,0.6230735013296148,0.35147647327606923,0,1,0.7178784445709155,0.10767367273486572
97,A03,trend,0,0.6344573024592628,0.7330437653263344,0.7112996970401171,0.5056036679090956,0.975,1.0,0.7267236784714134,0.20861320409226644,0.4,0.6186,0.49658529299757637,0.553246903943115,0.5774610721927855,0.37989009851940914,0,1,0.7691002271430509,0.09826642442990223
97,A04,trend,0,0.7128284312083075,0.6648849726474299,0.7646814759515936,0.6974216786584806,0.9500000000000001,1.0,0.7794080363246099,0.32170438850451977,0.6,0.6772,0.6098640798122109,0.5897199179949858,0.3436221734042861,0.2408541963973392,0,0,0.8994227241948425,0.09881170264738247
97,A05,trend,0,0.679007299692731,0.8212575372214017,0.616593270735347,0.6447131765750226,0.9500000000000001,1.0,0.5903899712185261,0.27442404507951224,0.6,0.6451,0.5493441152655199,0.5355972538627437,0.528137685037773,0.3329032794689587,0,1,0.6361739139185838,0.1630926742902732
97,A06,trend,0,0.7091447779465923,0.8373953630888273,0.6874078703262921,0.6480079564004579,0.8916666666666666,1.0,0.774843460180383,0.19582373988510268,0.6,0.6323,0.52959107559526,0.6098586548358896,0.4159476926130295,0.3144178526836102,0,1,0.689637187931039,0.04323045026245923
97,A07,trend,0,0.664170467786755,0.7523487795084755,0.5989229434099682,0.6661506067903681,1.0,1.0,0.6435195432892471,0.24784796277434248,0.6,0.6642,0.547510933665447,0.6333945022816305,0.463230837949656,0.316972914056022,0,1,0.7353177021091816,0.14942310589424407
97,A08,trend,0,0.6681289583784735,0.7948554888816479,0.7038223027079097,0.5576932005257328,1.0,1.0,0.8010546824132981,0.295943170756231,0.6,0.6681,0.5986586614574132,0.7391432947625997,0.35379057255411117,0.28201144547664436,0,0,0.8996689644480467,0.08517926387839611
97,A09,trend,0,0.6214748541882837,0.7908364385020777,0.629670860812238,0.5084523581962025,1.0,1.0,0.7705971156157448,0.2485356774087578,0.6,0.6215,0.5602575355305731,0.615707967666104,0.4581658092126062,0.26054538554394596,0,1,0.7525893785752018,0.06426837425685568
97,A10,trend,0,0.7612971417931281,0.8689736732407594,0.7922912698639635,0.6668794475763777,1.0,1.0,0.8951005295997563,0.13852777932639135,0.6,0.7613,0.5172669082239431,0.5888536726177706,0.4144788783364245,0.2977649212210476,0,1,0.7902010591995124,0.0
97,A11,trend,0,0.6983053703663133,0.782416568308819,0.6491880356522854,0.6887135395270216,0.9249999999999999,1.0,0.7236904580436453,0.3880875611168066,0.4,0.6459,0.5861901923296745,0.6291612838128173,0.5065887300434992,0.3142575823983068,0,1,0.6390583645588638,0.06218312529239764
97,A12,trend,0,0.6812516013288332,0.8002313935699156,0.5965869102324941,0.6809708358874536,0.9500000000000001,1.0,0.7204378284040978,0.1601105128716169,0.6,0.6472,0.49823047123698405,0.5814635867942768,0.3595606636933572,0.25644663594595046,0,1,0.8103469706048544,0.11413374979716626
97,A13,trend,0,0.7078923770751924,0.9497086440733558,0.836109630863968,0.44456711313616154,0.975,1.0,0.8916988542245059,0.34551483951212864,0.6,0.6902,0.6400577666705624,0.6706778449399349,0.44022279065899955,0.29631422339936675,0,0,0.7965646348186627,0.003677967665215179
97,A14,trend,0,0.6603266883224626,0.7245031104812144,0.7308317860737262,0.5585244639408871,0.9500000000000001,1.0,0.8420797973013747,0.2921598785965999,0.6,0.6273,0.59516843831549,0.5962146196260192,0.48587157742692844,0.25597644905287303,0,0,0.7184807136311371,0.010086955990447219
97,A15,trend,0,0.6558454069372035,0.7705477745676362,0.6962291172056001,0.548820680683336,0.9249999999999999,1.0,0.7389409475184163,0.37281025173168725,0.6,0.6067,0.6132656734323075,0.6595571814458933,0.4273408324062406,0.3601137004828835,0,0,0.7236383892886817,0.07691374427516383
97,A16,trend,0,0.691012142888646,0.8834842328080599,0.7925869009733844,0.4818391733648663,0.9500000000000001,1.0,0.7414819860666713,0.18117464940852512,0.4,0.6565,0.4865795265230559,0.5311080481359447,0.60515823603451,0.34614023954308754,0,1,0.8244024357823233,0.1036048660083742
97,A17,trend,0,0.7125777581842472,0.808451475801867,0.7755484683841317,0.5975573132483358,0.9500000000000001,1.0,0.674663680431829,0.25495504720522244,0.6,0.6769,0.5586888188994471,0.6450432262006294,0.45123628791547943,0.3104881619995154,0,1,0.6134812369662477,0.08939394329706743
98,A00,trend,0,0.6258821446763781,0.7810189790219173,0.6573696634629624,0.501370044272155,0.9249999999999999,1.0,0.654039564718372,0.21138935008329113,0.4,0.5789,0.48177252400080195,0.5264235050423257,0.6181394654516971,0.32265997348571884,0,1,0.6991435842970924,0.13078230123305923
98,A01,trend,0,0.662089215530502,0.797040772916213,0.7721024437196868,0.48148291749889593,0.9500000000000001,1.0,0.6510980496265755,0.23143691604240924,0.6,0.629,0.5335444123111247,0.4602256549090054,0.5290322783092026,0.3742817190539258,0,1,0.7213507892684514,0.1395285894461035
98,A02,trend,0,0.6769006893230562,0.9078866179262516,0.7750912932700081,0.4466177054924765,0.9500000000000001,1.0,0.7399445406002699,0.20171812875339057,0.6,0.6431,0.53055788463312,0.6494439086621588,0.4541598140542166,0.29583746812280803,0,1,0.7648463466326589,0.08804824551537946
98,A03,trend,0,0.6596136515682031,0.7003448309027427,0.6286160657103528,0.6612795521097348,0.9500000000000001,1.0,0.8539169887526197,0.24564972899416418,0.4,0.6266,0.5356970172073935,0.5781698125189173,0.560530078356222,0.2673687000192867,0,1,0.7094855589545088,0.00048329737978519693
98,A04,trend,0,0.6682193601620795,0.6633225030582868,0.7178287902429077,0.6278716445312253,0.975,1.0,0.6883908978633014,0.27766644127626955,0.4,0.6515,0.5338859225088667,0.5660772829781947,0.6016618314987269,0.4323253392963765,0,1,0.8207893730795419,0.13976069243288966
98,A05,trend,0,0.72820417775652,0.8948478002639785,0.7008312826756771,0.6480031968850961,1.0,1.0,0.7100635267022953,0.22257518782019456,0.6,0.7282,0.5529732794667244,0.5318324305695536,0.3368423084730331,0.312453184786163,0,1,0.7408309095094683,0.10180809580246827
98,A06,trend,0,0.5593246998283745,0.7195965729325039,0.7182693638456159,0.32007819812320765,0.9500000000000001,1.0,0.6453175189555139,0.32012832017109444,0.6,0.5314,0.5597079141518292,0.652413345966742,0.42662049559203424,0.32582827970686057,0,1,0.6523597434870249,0.12353501954907312
98,A07,trend,0,0.7317735351591923,0.7483258960791226,0.9319469173729993,0.5462766001471548,1.0,1.0,0.7720049456331283,0.18557796531302737,1.0,0.7318,0.5819931395622863,0.6520668303258358,0.24943364606872861,0.23409405319970128,0,0,0.775122460002916,0.06974327712795839
98,A08,trend,0,0.6586481952755927,0.7283105727426636,0.6206323695722638,0.6483730568490863,0.975,1.0,0.7269388348266377,0.1974746919965493,0.4,0.6422,0.4933227568670877,0.4381957621996374,0.5389259748318651,0.39698968721743083,0,1,0.5773908998134218,0.04076895547574703
98,A09,trend,0,0.6718081668172948,0.8710380086416334,0.780453011614906,0.45222527647917343,0.9500000000000001,1.0,0.8427653459145439,0.11945920402671605,1.0,0.6382,0.5151963243943503,0.7353520802060591,0.12259041460726278,0.13316977911101816,0,1,0.8932308295952297,0.05810216922143996
98,A10,trend,0,0.8045216878902588,0.9696185445714953,0.6889569682255373,0.8024552821711172,0.9249999999999999,1.0,0.8081714156037347,0.3540361600839366,0.6,0.7442,0.6411418037878289,0.5549829396805048,0.3152035031715556,0.27705988582415364,0,0,0.8391228057320338,0.06456131815391661
98,A11,trend,0,0.7974766950501371,0.7635414753141467,0.8016669456677995,0.8150197380946763,0.975,1.0,0.7031007050962351,0.21231824797435764,0.6,0.7775,0.5523628283552525,0.5763320571416547,0.380326070641853,0.3230999835600553,0,1,0.6337834578940681,0.07500321566282028
98,A12,trend,0,0.7649787431259181,0.6826901994525947,0.8306091897624097,0.758982442114815,0.975,1.0,0.6456356431679983,0.18395090596952404,0.6,0.7459,0.5194504371249868,0.6127285249494854,0.39540965291201025,0.2823966123064767,0,1,0.6182983431897261,0.11287398268291976
98,A13,trend,0,0.6773235267983027,0.7911072217877915,0.6570910155884301,0.6239121647385107,0.975,1.0,0.6899572343382387,0.20468508957603063,0.4,0.6604,0.49549113035899783,0.5055038538970674,0.5979090076106091,0.4470364760352663,0,1,0.8555907812601763,0.14809080389529475
98,A14,trend,0,0.6836999294118007,0.7431403230040816,0.7557630240053683,0.5834944756472534,0.975,1.0,0.863873438273923,0.24123486352803786,0.6,0.6666,0.5764835704636427,0.6011714463182094,0.4028535930143218,0.27657208616152507,0,1,0.7395469561367154,0.0034032665575245286
98,A15,trend,0,0.6086475355528893,0.791816890937499,0.6605184584780956,0.44877963087795264,0.8666666666666667,1.0,0.6916022745670539,0.24945437645423557,0.6,0.5275,0.5316481199240013,0.6273429415308076,0.5197021053451942,0.3045627579208115,0,1,0.7433459084614975,0.11570162921006322
98,A16,trend,0,0.7144208895619634,0.8483353684504762,0.6240296413042479,0.7098166824821439,0.975,1.0,0.6554426214728956,0.250430821971138,0.6,0.6966,0.5561072277529556,0.6392718500476752,0.4115804886158231,0.3839506018144603,0,1,0.6162004284716658,0.10468765648119287
98,A17,trend,0,0.6625078399569833,0.768948875126893,0.7405442713332936,0.5277003155215181,0.9500000000000001,1.0,0.7590890647013592,0.25602537076482246,0.6,0.6294,0.564247776534207,0.6592994220499616,0.47785171032293056,0.3403125220820782,0,1,0.8142480379779167,0.08908003041904539
99,A00,trend,0,0.7340753812327141,0.7871878383643715,0.6596177172874081,0.7660305514775712,0.975,1.0,0.7247539967078018,0.21961433493365828,0.6,0.7157,0.5514336837621615,0.5697337448148342,0.409770426183915,0.25879947219993527,0,1,0.794904141679154,0.10686371679181125
99,A01,trend,0,0.7770433976494272,0.8981806682915918,0.6707081880315378,0.7943759119137275,1.0,1.0,0.6621961584431084,0.21904601814284128,0.6,0.777,0.5501984884094048,0.6516278466054899,0.4214087310093026,0.2994292320486542,0,1,0.7552387495750611,0.14082558091922917
99,A02,trend,0,0.770584492329592,0.6963322777055477,0.8371194697745079,0.7587740212053184,0.975,1.0,0.7409399993044408,0.2618985946612615,0.6,0.7513,0.584790622708475,0.6324994203241134,0.481951779514772,0.3349624486472386,0,1,0.6929110385240447,0.06656900206250321
99,A03,trend,0,0.5862102433737327,0.6220491842977061,0.6848505859037606,0.4775006055824751,1.0,1.0,0.7082765416453959,0.1458111385894217,0.4,0.5862,0.44624661464730925,0.5485229199606326,0.5979351296750683,0.433021870637623,0,1,0.6835548500664688,0.08634051275350818
99,A04,trend,0,0.7849277343580409,0.771954678455803,0.844630452131018,0.7407960162455846,1.0,1.0,0.9210362053967086,0.3316766640425052,0.6,0.7849,0.6537373346407073,0.6993876447018457,0.3573067316579338,0.18834932124400092,0,0,0.863896921851654,0.005889083637647383
99,A05,trend,0,0.7253753570925843,0.688957491336322,0.8363828081958399,0.6510050034748996,1.0,1.0,0.7338786466516506,0.273731812053971,0.4,0.7254,0.5501262045943368,0.5092014647099733,0.5680588846378538,0.4081119556426649,0,1,0.7972005425564533,0.10124730755869134
99,A06,trend,0,0.717520131402701,0.8279349236674438,0.69377646599747,0.6692865934668137,0.975,1.0,0.6852334712177978,0.24280967828527344,0.6,0.6996,0.5570459146339595,0.62568066727041,0.38371940588995757,0.36058007939233705,0,1,0.6593147612828942,0.09562660353676997
99,A07,trend,0,0.7436823860573778,0.8280319130522737,0.7944983504455253,0.6464999628459387,0.9500000000000001,1.0,0.8573263740329155,0.3501965045858519,0.6,0.7065,0.640250213862716,0.5740397251037209,0.31485887002974644,0.2936856870981022,0,0,0.7706030759120728,0.016054814276771814
99,A08,trend,0,0.7671364787492087,0.856704256057082,0.7238076515618651,0.7490693417207134,0.975,1.0,0.8603230456496255,0.13811067867015175,0.4,0.748,0.47959966387622155,0.5375123780694895,0.5865371448978945,0.26765320469367737,0,1,0.8871914827107715,0.04619494057199916
99,A09,trend,0,0.7070549965018622,0.7670381564963572,0.6792155939194774,0.6939249987648896,0.975,1.0,0.7823426958850935,0.33387828201591185,1.0,0.6894,0.6698602524332613,0.7046662078208563,0.10761406031579061,0.1888772268865531,0,0,0.7670904536959801,0.06082480320678699
99,A10,trend,0,0.6865771843146381,0.760030744618384,0.6180524330834728,0.7006278664520665,0.975,1.0,0.780915578808897,0.18641956046042857,0.6,0.6694,0.5296773124642433,0.6368643826958568,0.36407001901665953,0.3291375228126392,0,1,0.7449365171081135,0.05542961162577112
99,A11,trend,0,0.754138527739324,0.6235104811397446,0.7794386244505562,0.8136434722417327,0.975,1.0,0.6833576454665052,0.3365976453413247,0.4,0.7353,0.5733642698368132,0.5353318152785834,0.5839656217738342,0.32235607830605145,0,1,0.6653291407916726,0.0988062614561547
99,A12,trend,0,0.7323774672319119,0.8305751997601518,0.7693557623422648,0.6386478761802032,1.0,1.0,0.6671953402506148,0.31150598775613236,0.6,0.7324,0.5958007406463769,0.6272400624210521,0.466136663312658,0.25526842825863016,0,0,0.7195398780354982,0.12679098685313522
99,A13,trend,0,0.7227816654117382,0.7165645927750011,0.673568859503675,0.7697285409792542,0.975,1.0,0.8035696777506457,0.22318809189962252,0.6,0.7047,0.5633142111583721,0.5692889225819403,0.4610577359204163,0.3187336716023408,0,1,0.6428705466446242,0.010994622157112402
99,A14,trend,0,0.7084246854286776,0.697305010815992,0.7587845277300767,0.6713096200478821,1.0,1.0,0.6549322309155782,0.23438960364692424,0.4,0.7084,0.5147305897882908,0.5811759152901523,0.5800691241843962,0.3361910896602137,0,1,0.7028149657203335,0.13117953810654168
99,A15,trend,0,0.7465653139942017,0.8645530594622373,0.7104035337774824,0.704464530766309,1.0,1.0,0.8000595701304648,0.1715940480755899,0.6,0.7466,0.5323399056924788,0.6718178161049554,0.3388527049304132,0.34083243699233673,0,1,0.8621466453095968,0.07582592174829396
99,A16,trend,0,0.6113053768605048,0.7524089545215663,0.6596288129847208,0.48083263421365235,0.975,1.0,0.8129029230108096,0.25793610946444084,0.4,0.596,0.5319437918308836,0.6633393984469927,0.45969501636541626,0.31089669601404574,0,1,0.8577967140526634,0.0666938125669573
99,A17,trend,0,0.6588656637200782,0.8234928485073266,0.664742749761752,0.5508312229415833,0.975,1.0,0.6871314031974282,0.21342489895033348,0.6,0.6424,0.5303767647445523,0.6177628062399193,0.4090727737758301,0.25266220114456556,0,1,0.7150832333476445,0.11077208273226946
100,A00,trend,0,0.6531183081398602,0.6865951244223465,0.654004312351526,0.6314200442780985,0.975,1.0,0.7470997632421826,0.2779464680964178,0.4,0.6368,0.5402351744857714,0.5365352799912824,0.4973851109525302,0.3398519994028022,0,1,0.8095605077488102,0.09574668636913661
100,A01,trend,0,0.7166824397087908,0.886913612324966,0.7599920074815781,0.5723920850224923,0.975,1.0,0.6898004404811343,0.2604752116945093,0.4,0.6988,0.5327330480493654,0.5373017061378893,0.563416128374366,0.3057259670575716,0,1,0.6800883569451065,0.0985260724039985
100,A02,trend,0,0.7399263727592779,0.7192543113183033,0.8176437512466737,0.6848437049834157,0.975,1.0,0.7329742405617724,0.43095768005352836,0.6,0.7214,0.6572920831603151,0.6576488152490175,0.45262295503548916,0.36407539437690983,0,0,0.7996767674333777,0.10255230738114894
100,A03,trend,0,0.6828069833926228,0.9162599946528787,0.7249781040979216,0.4999991207378264,0.9500000000000001,1.0,0.9410736787795694,0.23534182939585965,0.4,0.6487,0.5437415954948752,0.5369602429493783,0.5436849938008456,0.2445393219371392,0,1,0.8821473575591388,0.0
100,A04,trend,0,0.6959779922996023,0.8557985729982446,0.6751545455180377,0.6143106452968201,0.975,1.0,0.6651612270459141,0.24089143259229498,0.4,0.6786,0.5155411008213091,0.4985348323917893,0.4653415844862715,0.42241668827494705,0,1,0.6124872645285124,0.09617825607799409
100,A05,trend,0,0.7447196568780325,0.6654301169559143,0.7701805299535043,0.7719973553883186,0.975,1.0,0.7263374518034906,0.3348474286019416,0.6,0.7261,0.6160267825826121,0.6133088784433761,0.3537926402687087,0.36590390647682625,0,0,0.7513591276623656,0.09349275641149411
100,A06,trend,0,0.7463630254783544,0.7142507417911079,0.7559747302948077,0.7580229610684871,0.8666666666666667,1.0,0.8159756050863839,0.3196925746556278,0.4,0.6468,0.5713702010107466,0.6011453450127052,0.6037528453471339,0.3443152199512546,0,1,0.6731035850217025,0.012451987726831926
100,A07,trend,0,0.7212755122323335,0.9188529852152874,0.7283621576926962,0.5915887768401701,0.975,1.0,0.7549227836010998,0.24076957572359664,0.6,0.7032,0.5670864877336719,0.6378109628549539,0.5242646825163001,0.2829017651777581,0,1,0.6291518712034916,0.038026091383691715
100,A08,trend,0,0.7052387484002853,0.7936226973638314,0.7199631388881518,0.637114938621186,0.9500000000000001,1.0,0.9183263714820794,0.3191661314313267,0.6,0.67,0.627208159351522,0.733495822043257,0.37859287093550714,0.23192251776553122,0,0,0.918658160288105,0.021840656679074748
100,A09,trend,0,0.6390894308140332,0.7835866540548082,0.6610099792374284,0.5295981864180782,0.9500000000000001,1.0,0.7586197686302704,0.2812710447507529,0.6,0.6071,0.573803667528849,0.5499506841103989,0.4949395708759021,0.32918011177873,0,1,0.781657968677965,0.08032589200240486
100,A10,trend,0,0.7073286323868846,0.7395779420500792,0.7205489126455323,0.6756050686210714,0.975,1.0,0.7812763848287343,0.16176580950441366,0.6,0.6896,0.5139054194542985,0.5884159592900142,0.4170736061702846,0.35258959807900436,0,1,0.7821793287199078,0.06575804137355984
100,A11,trend,0,0.7263641484296822,0.7581937349398974,0.7446299294921452,0.6904880984311426,0.9249999999999999,1.0,0.8124496380784253,0.29183468534644774,0.4,0.6719,0.561939955677493,0.7151866010765198,0.5521808646053427,0.40240395142468965,0,1,0.7369902695647649,0.03335402771179643
100,A12,trend,0,0.7601195758188956,0.8559866296786003,0.7553499995666048,0.7043760463773346,1.0,1.0,0.6796748592399036,0.4802752485985104,0.6,0.7601,0.6726247160269256,0.6951498648086997,0.4047443402561208,0.3118638105033345,0,0,0.7471284605913577,0.12548356166687763
100,A13,trend,0,0.7287218498739321,0.7609939834465248,0.7971242810146204,0.6486996391429596,0.9249999999999999,1.0,0.747217771483078,0.24747255260368625,0.4,0.6741,0.5303774737791283,0.5278473786863567,0.5503907947763593,0.40440993573028894,0,1,0.7161707013689389,0.06917345006309455
100,A14,trend,0,0.6781610697226121,0.7540615574200988,0.688078703002624,0.6220453357916726,0.975,1.0,0.7711162626655773,0.2400067149853875,0.6,0.6612,0.5621556973162569,0.6523966070834314,0.3884596729674769,0.3602454410045286,0,1,0.7674311606533313,0.06814805616160619
100,A15,trend,0,0.6664726112459389,0.7623495281417947,0.7704216339141606,0.5155941433513351,0.975,1.0,0.6138154893405873,0.40030142485591136,1.0,0.6498,0.6612688232679188,0.6898081988855138,0.16218097628108213,0.16966636590683248,0,0,0.7219901399132502,0.16919720071731048
100,A16,trend,0,0.6536798004131401,0.8671848531364869,0.7338694310050606,0.4500732156931182,0.975,1.0,0.7682033538941803,0.19871005766585992,0.6,0.6373,0.5314966435724989,0.6452849117641111,0.3816050104374633,0.3470214004525504,0,1,0.73875405061082,0.06186120523539325
100,A17,trend,0,0.7634166198630776,0.8548121119384912,0.7868516082601463,0.6857888224685089,0.975,1.0,0.7179405436020558,0.10329092704874673,0.6,0.7443,0.457636746087497,0.5668516498357452,0.38475067604443647,0.33204136650820854,0,1,0.8297686425811152,0.1212054375992134
101,A00,trend,0,0.5826445272093943,0.7023664983194267,0.6106342661231641,0.4833272737160756,1.0,1.0,0.7350623155749373,0.32508743578302834,0.6,0.5826,0.5869456076373674,0.6213015973505179,0.489412706126095,0.2516271996241871,0,1,0.7794922206212288,0.09549043700056623
101,A01,trend,0,0.7035223363995431,0.6956305010835976,0.717901440647965,0.6958730172546399,0.9500000000000001,1.0,0.6112860190670679,0.21110470976562412,1.0,0.6683,0.5643998808160328,0.6394718608637865,0.2461497023319955,0.2104318278019516,0,0,0.6501204576790062,0.14994571118593253
101,A02,trend,0,0.7225156132545172,0.8550352432603598,0.7355001276590962,0.628329394396859,0.975,1.0,0.8125816472245915,0.24440798364052987,0.4,0.7045,0.5421273839200044,0.6205066115469393,0.5126549926185054,0.29216571249928974,0,1,0.7335784767662755,0.032289728098966346
101,A03,trend,0,0.7809599685077454,0.9673835696908073,0.6669665884424154,0.7641894253254955,0.9500000000000001,1.0,0.8397803024583447,0.16764211035940457,0.4,0.7419,0.5007041581362918,0.5804554215325269,0.5602712095514624,0.30012780453336635,0,1,0.8517390832545324,0.04879651400657164
101,A04,trend,0,0.6364997344132262,0.7220903649249371,0.6600350085252975,0.5624122254953445,1.0,1.0,0.8067656877921241,0.3810324415939106,0.6,0.6365,0.6333311087570948,0.6345126179611386,0.32514082780368736,0.3300332587085931,0,0,0.7338022385810381,0.035945822302431506
101,A05,trend,0,0.768413752148819,0.8630458730635941,0.6694015624864581,0.7959043425316504,1.0,1.0,0.8119247026826162,0.24072967881225088,0.6,0.7684,0.5852973411520809,0.6681634033755619,0.4283151662426929,0.2490877287502592,0,1,0.6968750365674041,0.021994419468358707
101,A06,trend,0,0.7464088150578652,0.7347220833069222,0.7201348512689609,0.7767027407174956,0.8916666666666666,1.0,0.7056955738697036,0.13719050689396642,0.4,0.6655,0.4501182878386596,0.5080760537577055,0.6301833078960739,0.32433541303949986,0,1,0.7331063292732293,0.10266975843425678
101,A07,trend,0,0.7029863567652048,0.7477408961753841,0.632863338075083,0.7363724109876995,0.975,1.0,0.6391987554414474,0.23673109486617913,0.4,0.6854,0.5102670377232112,0.5343931288517404,0.5947715889857795,0.3865421897888396,0,1,0.7605679854704004,0.16001456351666676
101,A08,trend,0,0.7048197020425515,0.7972118789353346,0.7589642462455232,0.5996981153069619,1.0,1.0,0.7723391509394083,0.2679414618121858,1.0,0.7048,0.6344818640092919,0.7148823321648266,0.16360512274362266,0.10708483575930776,0,0,0.8158186756067474,0.08086037856963618
101,A09,trend,0,0.6783561209592442,0.7890040584879013,0.6756210988704385,0.6115943043315386,0.8416666666666667,1.0,0.7148291794165724,0.216778418345232,1.0,0.5709,0.5681139991141223,0.7019355845879494,0.1426272465862357,0.26311947876010267,0,0,0.7719328312012925,0.1073177200002173
101,A10,trend,0,0.7298654165172345,0.7909586567139206,0.6852380012399406,0.7307311297619379,1.0,1.0,0.8332490325017996,0.216120605274039,0.6,0.7299,0.5665828925168476,0.6525083053487012,0.46380565071672564,0.33548799074751334,0,1,0.8238775627906881,0.04512015304254021
101,A11,trend,0,0.6693075742191359,0.7792867255296025,0.6406159741157383,0.6256757547405669,0.975,1.0,0.8512916490802648,0.20063010391251912,1.0,0.6526,0.5917282252755253,0.6833773580496549,0.24023941670168278,0.12219816039304562,0,0,0.7731055082102384,0.02029292440357338
101,A12,trend,0,0.723204077912505,0.793628576849661,0.7281583087332036,0.674853814108671,0.975,1.0,0.7017631426214292,0.2275967774682274,0.6,0.7051,0.5513533221786825,0.660788980773724,0.45646327602104614,0.3464494351092401,0,1,0.6551342594920809,0.08244714205092118
101,A13,trend,0,0.741960830901288,0.8380692168973992,0.7726649385549981,0.6550269954567218,0.975,1.0,0.732883756853778,0.11424778329751133,0.6,0.7234,0.4688226548657771,0.5573415306952128,0.5408747515747544,0.2902006673018882,0,1,0.7052000059352688,0.07565170198333246
101,A14,trend,0,0.7990393214816783,0.8644287803224184,0.838397433986036,0.7237325612649028,1.0,1.0,0.5547849229458832,0.34164292485639264,0.6,0.799,0.5984542742284417,0.569993045457955,0.3401547065271102,0.4476195240922789,0,0,0.5728469882686643,0.17445746576194346
101,A15,trend,0,0.6825213960020149,0.6870672229656575,0.6813150359383922,0.6807358192054082,1.0,1.0,0.7614933837977703,0.23641709915447628,0.6,0.6825,0.562109306108307,0.6384012924373319,0.47173322392704153,0.3014648302325367,0,1,0.7094673131146756,0.05775421184589548
101,A16,trend,0,0.6479336700500952,0.8240173405776533,0.7418201933248671,0.4557306681049458,0.975,1.0,0.6262163645907717,0.25946661650211417,0.6,0.6317,0.545606717040372,0.6371454305406782,0.48956492295016735,0.35406004603019314,0,1,0.6818374816117009,0.14739954573738545
101,A17,trend,0,0.7151456156063964,0.8785986213143118,0.7140096302806708,0.6139814741989592,1.0,1.0,0.7294748635850368,0.3696475260040827,0.6,0.7151,0.6304020818044329,0.6494612209072361,0.36522597196041534,0.30289296071520655,0,0,0.6695007234666168,0.06740390092182266
102,A00,trend,0,0.6902111182956261,0.8660974492919528,0.7439684183074959,0.5332445239125359,0.975,1.0,0.8760536621395963,0.26053500716907696,1.0,0.673,0.6398917448774144,0.73531855453508,0.17422780900722468,0.0815540351368958,0,0,0.8776960894500676,0.034613146099296464
102,A01,trend,0,0.7163248001553666,0.8413404171363836,0.7548805250300983,0.6044537802768408,0.9500000000000001,1.0,0.7042629801482369,0.3245457788058851,0.6,0.6805,0.599777051072782,0.627038038850769,0.3576498799932607,0.38235911297177316,0,0,0.7885257064789618,0.11942395674490762
102,A02,trend,0,0.7342618245465586,0.682410897386476,0.7348251263992949,0.7661757649004661,0.9500000000000001,1.0,0.641130055102695,0.17776461913701755,0.6,0.6975,0.5075267580707442,0.5276418300472117,0.38292986326152395,0.28129691941807955,0,1,0.6513734849592456,0.12649156238987552
102,A03,trend,0,0.7009000866646207,0.6255838818943756,0.7355994471305142,0.717610774238367,0.975,1.0,0.8759555018145874,0.17488600520739409,0.6,0.6834,0.5351548679326542,0.5649584740823458,0.39113444234911215,0.20799711450002778,0,1,0.7780794958989705,0.007413326368925097
102,A04,trend,0,0.6587693159565005,0.7864847692684402,0.7163075854260562,0.5286011718506767,0.975,1.0,0.8174463089614477,0.3158106031267951,1.0,0.6423,0.6569610094559629,0.7242306803718953,0.2579349688084541,0.13939882166200498,0,0,0.8340797017681895,0.05748285284893782
102,A05,trend,0,0.6200581291922856,0.768477957734257,0.5550380191849582,0.5841883326099649,0.9500000000000001,1.0,0.7853175486919443,0.2636854506086671,0.6,0.5891,0.5649202254267043,0.6536752251105783,0.4629470674287019,0.3250936846373428,0,1,0.8061190476620914,0.06985015624782898
102,A06,trend,0,0.7345567864984734,0.7725440812158441,0.7918358265684837,0.6606955672388577,1.0,1.0,0.801310587391213,0.20573673285821445,0.6,0.7346,0.5559425705660002,0.6191781852843514,0.44418449380683667,0.20758890448312264,0,1,0.7607654005290152,0.04705403906783121
102,A07,trend,0,0.6705229441504006,0.6449304308379162,0.7639802813440251,0.604743094926282,0.975,1.0,0.7480422367515751,0.28881733156368683,0.6,0.6538,0.5845196807408192,0.6323035590064988,0.48609908776567634,0.30946780513768923,0,1,0.7471479920808781,0.07756669774232249
102,A08,trend,0,0.7426510853732573,0.7524343234488496,0.6448094041520185,0.8221480326445961,1.0,1.0,0.653302968168466,0.14417492601464568,0.6,0.7427,0.4888900495154688,0.5702099412575328,0.3560832177058428,0.3605074187609639,0,1,0.7344516225861256,0.1416292045021054
102,A09,trend,0,0.7032244238073742,0.7536167140879282,0.7086319270563902,0.666997677039139,0.975,1.0,0.7281807120983205,0.2941569461506427,0.6,0.6856,0.5896448431088466,0.7308257429805366,0.4243829441701326,0.32900221642294103,0,1,0.7744597928989254,0.09877744235129177
102,A10,trend,0,0.7102829787942383,0.7955788374468357,0.6542923222920456,0.7059648915757835,0.9500000000000001,1.0,0.7110942571591645,0.34802305445118886,0.6,0.6748,0.6106920622180962,0.666409959879798,0.34546449736749835,0.24312702147457424,0,0,0.6975857105888443,0.08850508949210416
102,A11,trend,0,0.7567237591024911,0.8381720618408451,0.713677745004045,0.7434838322271601,0.975,1.0,0.6688048317176445,0.2362795773962613,0.6,0.7378,0.556335219901047,0.5556156297592378,0.505559736332652,0.2894902777900456,0,1,0.69437031480199,0.11821349416917427
102,A12,trend,0,0.6724706484347044,0.6464923688966022,0.6347477932110627,0.7217145714667047,1.0,1.0,0.750614519411591,0.16742491884215982,0.6,0.6725,0.5118383557344377,0.5420299820294643,0.38528420495473514,0.3280378326105793,0,1,0.8874910249739472,0.11448215765847207
102,A13,trend,0,0.6441636770685657,0.7121698311775947,0.636318661059214,0.6085242197586055,0.9500000000000001,1.0,0.6450288881548816,0.2900231251561737,0.6,0.612,0.5610688537988997,0.5352648143527304,0.46009681635209837,0.38320469558241765,0,1,0.737860232750683,0.1489837999807298
102,A14,trend,0,0.6484825755595299,0.6803733066978752,0.7699155419531792,0.522297023003621,0.975,1.0,0.634796148336521,0.23770619945924754,0.4,0.6323,0.5021017534554986,0.5290963584980505,0.5012069858063839,0.43352378301687583,0,1,0.5936363697174832,0.11366130363090154
102,A15,trend,0,0.6982913616688837,0.844927402618154,0.7847873707338161,0.530959828143774,0.975,1.0,0.9090344102957877,0.19969166562309915,0.4,0.6808,0.522853363809604,0.5992205557018434,0.4764105105908796,0.341879643836405,0,1,0.9099877289441867,0.024660983625835457
102,A16,trend,0,0.669152047119007,0.8110824309073029,0.7620417416374207,0.4991670745477101,0.9500000000000001,1.0,0.7206140693821864,0.15117331028226036,0.6,0.6357,0.48929032703482556,0.5905143007895579,0.4889625415651595,0.2557611619296315,0,1,0.6797101591228119,0.07656281498006494
102,A17,trend,0,0.7418310458384307,0.9117354598481396,0.7458572430050914,0.6321178645615346,0.975,1.0,0.7633309853140401,0.2622338169318666,0.6,0.7233,0.5840351474019797,0.5871774266260933,0.41371808956157663,0.3324205152885482,0,1,0.7502808480866916,0.0683463131173325
103,A00,trend,0,0.7254536095396482,0.906115731877286,0.7104069200408724,0.6257056363900535,0.9500000000000001,1.0,0.8547213118408639,0.23289976246185626,0.6,0.6892,0.5738828466135957,0.7854798229754519,0.38974100048449023,0.29894058946987234,0,1,0.7678803834392671,0.01680696959162066
103,A01,trend,0,0.7037406097286696,0.8326616019826806,0.7307506426359032,0.5995312107760832,0.975,1.0,0.8314368312212436,0.18881586441398465,0.6,0.6861,0.5405877238515857,0.5380923415960891,0.33960212309513593,0.3178336715566585,0,1,0.6628736624424871,0.0
103,A02,trend,0,0.6871528510369094,0.6638673429990501,0.7690779179298062,0.6300218600292865,1.0,1.0,0.7287265814671201,0.2304033386917772,0.6,0.6872,0.5543689462551662,0.667641079109154,0.4785411434079734,0.3643159669438434,0,1,0.7488787317210828,0.09114217716735337
103,A03,trend,0,0.755669749883398,0.7852294824095617,0.721812213098409,0.7668202617414108,1.0,1.0,0.8874742212421816,0.24400166987922073,0.4,0.7557,0.5589864208190908,0.472415584744095,0.5596713577374063,0.2430655178201059,0,1,0.9181294516884451,0.038789545612761205
103,A04,trend,0,0.7187176260447423,0.9030235523787545,0.7134740072855864,0.608114588500246,0.9500000000000001,1.0,0.7134791764957531,0.31310938931766896,0.6,0.6828,0.5962242443154444,0.6202798688940202,0.4097221408634926,0.34648650174219353,0,0,0.732890576313268,0.09712285724402635
103,A05,trend,0,0.6261633674219536,0.7926929761852619,0.7985659828859499,0.3712300734138891,0.9500000000000001,1.0,0.6838521297002434,0.2728102611515511,0.6,0.5949,0.5556566862436186,0.5983369282976078,0.38443909546348554,0.33249710320898523,0,1,0.8550699522291635,0.1523943971323263
103,A06,trend,0,0.7230695263934093,0.7101117161218254,0.7201116710331664,0.7337562812533615,1.0,1.0,0.6735356678588482,0.35780981075842866,0.4,0.7231,0.5788107414454068,0.625434630115399,0.6273924579404528,0.32695635075306784,0,1,0.699307252570673,0.11614390726968282
103,A07,trend,0,0.7211028260023976,0.7750781072484281,0.7393555746484347,0.6713971201583462,1.0,1.0,0.6752327806935956,0.31437074914500485,0.6,0.7211,0.5967783182240406,0.6092754418782828,0.4851410217575999,0.3548669471090343,0,0,0.6852505029280123,0.11073241294709084
103,A08,trend,0,0.7907340923110453,0.7670765898616384,0.827028374068439,0.7737625348042052,0.8916666666666666,1.0,0.8004011113553827,0.13849730485314926,0.6,0.7051,0.4984646811111763,0.5980124552004688,0.3953787131792529,0.3192949736636771,0,1,0.7747180981645947,0.05156834979631733
103,A09,trend,0,0.8047504521955022,0.9300729012052367,0.7826906034575056,0.7457262892101653,0.9249999999999999,1.0,0.7522072215649145,0.2671408677874109,0.4,0.7444,0.552164906597677,0.6138744691253655,0.6373512716417168,0.3807774711160187,0,1,0.7909092217402426,0.08715984391952691
103,A10,trend,0,0.5685549207647578,0.7716068239024331,0.6115750754282793,0.40400484597312936,0.975,1.0,0.7749482945522116,0.35308743575184837,0.6,0.5543,0.5997958717260484,0.6296094287799335,0.47356171266618446,0.22487559155520356,0,0,0.7388641228674035,0.057521942554687226
103,A11,trend,0,0.7512335082142121,0.7902928533757878,0.769320082031633,0.710995665397984,0.9500000000000001,1.0,0.7940630545221811,0.2514212139713185,0.6,0.7137,0.5807636417571489,0.6368606159440742,0.34372102212141614,0.3238248685049846,0,1,0.7449603681061387,0.04708853514085775
103,A12,trend,0,0.630289530314331,0.8103972740703017,0.7755842024845345,0.39058935231792136,0.975,1.0,0.7574133116771746,0.2865681225731219,0.6,0.6145,0.5777294244174707,0.6243264560480962,0.47116753177344134,0.35993128882577446,0,1,0.7550459414531151,0.07359702082946376
103,A13,trend,0,0.5537481683547455,0.6729892814306143,0.6263406748573256,0.4157040294925698,1.0,1.0,0.7661498123206129,0.22752111302420677,0.6,0.5537,0.5349205202043796,0.6045021513850354,0.42948159893147597,0.31203517644056167,0,1,0.6820523495036032,0.04662252739796991
103,A14,trend,0,0.7427178188488965,0.7877643147902175,0.7882702090727376,0.67470541743971,0.975,1.0,0.6967934305229616,0.181776747528427,0.6,0.7241,0.5226446823722025,0.6217075779568731,0.5381962066319843,0.2793974845972304,0,1,0.5639442640629027,0.05766505284748191
103,A15,trend,0,0.7344535684076907,0.7972087463562558,0.7695447873367296,0.6645267656269286,0.9500000000000001,1.0,0.7877601558292832,0.17790261428282225,0.6,0.6977,0.5285741018849281,0.601457459467611,0.34185473818714185,0.2490581132175562,0,1,0.8660741951193364,0.08462564444506297
103,A16,trend,0,0.681854029560322,0.7386211497284703,0.7313221086709825,0.6030900102334015,0.9500000000000001,1.0,0.7365775013103151,0.4261478917767654,0.6,0.6478,0.6423346581067635,0.7040195481939286,0.36417513069605817,0.26811605634625646,0,0,0.7405280356150756,0.08339108739149455
103,A17,trend,0,0.6643033502487024,0.769030494859408,0.6812592623908442,0.5840124617426373,0.9500000000000001,1.0,0.8407819287825106,0.3105342340267246,0.6,0.6311,0.605023036934124,0.6715536099215367,0.3446793641011263,0.33306726229401146,0,0,0.816993396028154,0.038729463417812006
104,A00,trend,0,0.6859549418280181,0.8073536246940825,0.6890319762605401,0.607388359908271,0.8666666666666667,1.0,0.7223242505235647,0.23183165551822482,0.6,0.5945,0.5387622330461942,0.5617397596109263,0.41268060855781763,0.28594878284937364,0,1,0.6049154663738452,0.05260252308280382
104,A01,trend,0,0.6827852947203101,0.6998481044498484,0.7398547606480016,0.6221852559526189,0.8916666666666666,1.0,0.7696343262378503,0.38307336922069857,0.4,0.6088,0.5845223348254663,0.6083152175855878,0.6205520717890893,0.37784859134350374,0,1,0.7177969948993007,0.0548676251623767
104,A02,trend,0,0.6159878118810675,0.8243531057536674,0.6301379284809439,0.4733781511858008,0.9500000000000001,1.0,0.7504196065668406,0.2527564298850207,0.4,0.5852,0.5190954343046695,0.5020776038850027,0.5311989319681767,0.3835800128939973,0,1,0.8731001098711081,0.11078522194723871
104,A03,trend,0,0.6785004823475205,0.9313072230724379,0.5544148322632992,0.6290712132181405,1.0,1.0,0.7416987943390986,0.28376839877448284,0.4,0.6785,0.5491140325744726,0.601947140694823,0.5092740916877762,0.3391852848313612,0,1,0.7225016831514651,0.07472128813974702
104,A04,trend,0,0.6351439384191816,0.6975128644811027,0.7416851238001827,0.5029398224221049,1.0,1.0,0.9067309018110077,0.1783251486758025,0.4,0.6351,0.5008648754582491,0.7360570211808778,0.5132076956336261,0.30111587737631634,0,1,0.8160180712114871,0.000704306980698316
104,A05,trend,0,0.6895742592900741,0.8745580176750245,0.7173975948291443,0.5496139917027937,1.0,1.0,0.6919094596933777,0.17600179371894567,0.4,0.6896,0.48111090514322613,0.48208844980454013,0.4798644220946212,0.40717615012611974,0,1,0.8553692999441073,0.14661837486537294
104,A06,trend,0,0.7426607654256777,0.7882281334543679,0.8052422000598926,0.6594224051028085,0.975,1.0,0.6758765629113256,0.2841763988846941,1.0,0.7241,0.6307656258392974,0.6299871597464944,0.1810373687058741,0.1624434533600582,0,0,0.8151382326945428,0.14737963218850186
104,A07,trend,0,0.7446776036899119,0.8191154854599255,0.7666951750986731,0.6788885526009873,0.9500000000000001,1.0,0.6825906249719117,0.3122143490652425,0.6,0.7074,0.5947651006161735,0.7000505084961093,0.4639018437857615,0.2604045752062137,0,0,0.5624275544408739,0.06747676636606187
104,A08,trend,0,0.7458466757590154,0.8023469093534603,0.7031412488027141,0.7479012783492512,0.975,1.0,0.7842775933698288,0.4095563730958622,0.6,0.7272,0.6585054413981188,0.7232702461835055,0.40062314312835157,0.20791088355189427,0,0,0.8183756033824849,0.07389432225082022
104,A09,trend,0,0.6323223122794551,0.6280060920711598,0.7255546007257047,0.5534416975191714,0.975,1.0,0.7284010446948651,0.20303046821668977,0.6,0.6165,0.5254391210896482,0.6683071494944629,0.4508798201259114,0.29006148700528506,0,1,0.7627587890979429,0.09531819597848583
104,A10,trend,0,0.7152059658544476,0.8889945755188176,0.6411789313473112,0.6713617400079607,1.0,1.0,0.79806220887077,0.24112272922724517,1.0,0.7152,0.6234188018326848,0.7150126385318765,0.25133271807895774,0.13398579320696785,0,0,0.693066984752793,0.029481608057042023
104,A11,trend,0,0.706891242611218,0.7206766730485117,0.7970385441187493,0.6193964597688199,0.8666666666666667,1.0,0.7173404130723842,0.32484088849845993,0.6,0.6126,0.5898076084571989,0.6021987039646305,0.5079366273757522,0.29552775785398655,0,1,0.6896258846181943,0.08178236535662056
104,A12,trend,0,0.7028284936821447,0.7752103877902826,0.6373563420936983,0.7148779425044494,0.975,1.0,0.7683088584203079,0.33234279876902884,0.4,0.6853,0.5767664540556501,0.6234718682372123,0.4708420408964083,0.36206115987923426,0,1,0.6686170637284896,0.04120573226277113
104,A13,trend,0,0.6412893238799431,0.7560325239895613,0.7723107585310485,0.4549310684917145,1.0,1.0,0.6019186422102505,0.20540945305520306,0.6,0.6413,0.5115939081071398,0.5777344340794444,0.47961857261376567,0.4068891244981344,0,1,0.7020624864805237,0.17316327555731043
104,A14,trend,0,0.5731896978723955,0.7585802903737424,0.6740815929158516,0.3690401693960297,1.0,1.0,0.7603658804364033,0.23965426684383617,0.4,0.5732,0.5113422839307099,0.48970196829808077,0.46759826642490626,0.30088948507812024,0,1,0.8155203155500289,0.08859023061433866
104,A15,trend,0,0.6411676921940591,0.720597656207893,0.8091403455851691,0.44454789296819164,1.0,1.0,0.6498778825783535,0.39263223693637583,0.4,0.6412,0.5748253416124487,0.6260942671614845,0.45605141769469265,0.43137129367715166,0,1,0.658835675981999,0.12196979120038087
104,A16,trend,0,0.685341478245957,0.739273578416137,0.737462795896127,0.6060277626956958,1.0,1.0,0.772554002876412,0.4142663081595249,0.6,0.6853,0.6508699015598435,0.6947414717541933,0.4982460766704432,0.3138419007301372,0,0,0.8281565418368907,0.08410714520056174
104,A17,trend,0,0.6956436096398046,0.7813140363694066,0.7478966580536252,0.5963781755717107,0.9500000000000001,1.0,0.7212466298665262,0.16597143357232724,0.6,0.6609,0.5049937352014023,0.6420839010682947,0.4750113097197626,0.2920440349714336,0,1,0.748487155033492,0.09618894222808529
105,A00,trend,0,0.8123250477120976,0.8976080173346355,0.7722512473792589,0.7940877669892452,0.9500000000000001,1.0,0.7175285038569965,0.15389399136751478,0.6,0.7717,0.5101367626470857,0.5865969665971723,0.5119718754478364,0.356072051016073,0,1,0.7542515791571573,0.10041887014336855
105,A01,trend,0,0.7013523306490217,0.9121353051906946,0.7312877009791288,0.5434195225216326,1.0,1.0,0.765677301951875,0.19103185610923354,0.6,0.7014,0.5358064672881071,0.605688722251497,0.3758060774495358,0.2828765860145808,0,1,0.8598091807547492,0.09716059286953216
105,A02,trend,0,0.7296268920345297,0.817289934784189,0.7956294766421774,0.6170852287843008,0.9500000000000001,1.0,0.6595332077630347,0.3001698430018462,0.6,0.6931,0.5825394604198592,0.6212641974182324,0.4821090680400437,0.28216486698188176,0,1,0.6100831406006275,0.09968079619076313
105,A03,trend,0,0.6433385810405798,0.8005009781038346,0.6703002524201042,0.5215206204189617,1.0,1.0,0.621283319545209,0.3113875457493641,0.6,0.6433,0.572729287840586,0.5750780975734653,0.32813959866641107,0.3131841226902416,0,1,0.6535070437809773,0.14285970136570147
105,A04,trend,0,0.7451521538363106,0.8533826967972984,0.7639495843151013,0.6610603128167514,1.0,1.0,0.7417493659325192,0.3536356810805321,0.6,0.7452,0.6304294311715806,0.6445658351743925,0.3793001173958884,0.3297693477396296,0,0,0.7916825979348975,0.09437593562737445
105,A05,trend,0,0.7846481295822383,0.9374423005817574,0.7074594117464444,0.7566919008138583,0.9500000000000001,1.0,0.8258781008172354,0.2231919057369728,0.4,0.7454,0.5373336179406127,0.6045543527947035,0.6242716875048642,0.38355623775685455,0,1,0.8028203654216217,0.043756610908120365
105,A06,trend,0,0.7440023492700458,0.8713455391203608,0.7788607579887442,0.6339117479847378,0.975,1.0,0.772222339447499,0.30539677823853456,0.4,0.7254,0.5713736503991655,0.661169897785305,0.5961975056388464,0.3264674707658493,0,1,0.8321342153537341,0.08540855531073552
105,A07,trend,0,0.7058906022311943,0.7325243174623202,0.7869104210878504,0.6183521887121665,0.975,1.0,0.7471005270961812,0.18532622413096833,0.6,0.6882,0.5271727353835713,0.6630878883994578,0.4632216671986612,0.3441870109075987,0,1,0.7226320081119001,0.0711308531987321
105,A08,trend,0,0.726387984519371,0.8529449383183553,0.8324485695487724,0.5544868764942799,1.0,1.0,0.7350090125079205,0.29414345410588155,0.6,0.7264,0.5974422522514972,0.5809065927997783,0.4630384814212041,0.3384179408144922,0,0,0.7598879478775926,0.08998773920682451
105,A09,trend,0,0.6859856309685932,0.8504307401939004,0.6900463703422893,0.579654290750792,0.9500000000000001,1.0,0.875676177270233,0.16559098785574783,0.6,0.6517,0.5228329077370729,0.5882929599189164,0.44880772138563324,0.2511415020263036,0,1,0.7513523545404659,0.0
105,A10,trend,0,0.7555388699002177,0.6374324992372075,0.7471943144233436,0.8366568376068639,0.975,1.0,0.711259887018291,0.13862635588294667,0.6,0.7367,0.49137582170456934,0.5093816546426116,0.37359856193650326,0.35582698507973465,0,1,0.6205780153869259,0.06517654870091014
105,A11,trend,0,0.6529749660764863,0.7539763394691086,0.8267191528223606,0.43782294430345736,0.9500000000000001,1.0,0.7484347465070472,0.30679638372666557,0.6,0.6203,0.5875690334542,0.6667811844273146,0.4144311465527626,0.25537044178998847,0,1,0.6979394469180922,0.06301975160842094
105,A12,trend,0,0.6948431096432091,0.8068775001783898,0.7437587541087667,0.5820204266513581,0.975,1.0,0.7845935049770387,0.09533170452734219,0.6,0.6775,0.4479085393009701,0.43683361935198917,0.47426241872279207,0.33159686387159676,0,1,0.6446185280299026,0.023475401142234203
105,A13,trend,0,0.7658406922380643,0.85249929497348,0.6810792241321336,0.7858453501211188,1.0,1.0,0.7895374014988528,0.20718006272314565,0.6,0.7658,0.5598800581326291,0.6650119383528487,0.5008527588714144,0.31967262153129417,0,1,0.8482305315539888,0.0786948020735123
105,A14,trend,0,0.6595291752433603,0.7449799109185435,0.7771595510748551,0.503195886593813,0.975,1.0,0.6612716183125424,0.26229309453509236,0.6,0.643,0.5549168681325929,0.5251742460133697,0.5009165109557259,0.3485431831140954,0,1,0.6520001160970932,0.11121508402965588
105,A15,trend,0,0.6332922741360899,0.8052731913738531,0.5745560741410891,0.5771983758581137,0.9249999999999999,1.0,0.7223282868168173,0.1971857463095375,0.4,0.5858,0.48372809956669205,0.5329777734753423,0.5161120933819938,0.35582027121647897,0,1,0.6243306864743008,0.05861210883750566
105,A16,trend,0,0.6463355957228414,0.7400311753418769,0.7846477199240354,0.46675274978489933,1.0,1.0,0.62147610842616,0.21507047063836193,0.6,0.6463,0.5216793355272435,0.6463164481918378,0.45258477659307816,0.29445603135335563,0,1,0.6384601152680278,0.13813373832010933
105,A17,trend,0,0.714141763158681,0.6790716621790615,0.7764581652307186,0.6815337244579105,0.8083333333333332,1.0,0.7787460342631962,0.18154192767409424,0.6,0.5773,0.5107728479293538,0.5092110032527863,0.4162106881088967,0.3293388480474827,0,1,0.6731854551199073,0.03582619423422822
106,A00,trend,0,0.5426418134520008,0.6203143328036543,0.5754193849348913,0.4654161138096881,1.0,1.0,0.8219377205500279,0.2031161513077546,0.6,0.5426,0.5247934721828511,0.6845756591822488,0.3506593090832524,0.23129012375481348,0,1,0.7689030773772773,0.036651548084412226
106,A01,trend,0,0.7790732330122913,0.727794834740744,0.7382281229978112,0.8468617031946784,1.0,1.0,0.7497291823680469,0.0953603142024003,0.6,0.7791,0.4563008825369076,0.5988688347454025,0.5168032004082351,0.26844973673537803,0,1,0.6888243296782407,0.0594643356067517
106,A02,trend,0,0.6034625424698286,0.5972384296821768,0.616557372572155,0.5958946366225754,0.8916666666666666,1.0,0.8421619300461219,0.2810080216387826,0.6,0.5381,0.5718409503030177,0.6428858083029559,0.44692529436280537,0.2740596940642962,0,1,0.8759964707058385,0.053887877998170616
106,A03,trend,0,0.6792120475524575,0.6940988502131719,0.7306638341711336,0.6248874825981692,0.9500000000000001,1.0,0.7956870553635975,0.38105458552804855,0.6,0.6453,0.6333192259972508,0.6055822617157467,0.36435324393368373,0.2112209191935608,0,0,0.8321101361891019,0.07043525943019277
106,A04,trend,0,0.6740064182506658,0.8092269787689949,0.7091084639946766,0.5587792779007006,0.975,1.0,0.9138151493387426,0.2211276195579047,0.6,0.6572,0.5684893476769192,0.5334283439766772,0.5000448949307919,0.21034692029428342,0,1,0.9146856578825189,0.02326662643652392
106,A05,trend,0,0.6863238661532539,0.8228343259943249,0.7905022579057479,0.5098487359691524,0.9500000000000001,1.0,0.7367917507421656,0.21338705771589894,0.4,0.652,0.5059991584410242,0.5407074222930047,0.6387584626456679,0.3858377207921535,0,1,0.7231554952739533,0.07823000495024048
106,A06,trend,0,0.6743962045043022,0.7173609219044339,0.7120258465469074,0.6146173193419401,0.9500000000000001,1.0,0.7972468477234076,0.40949893558693173,0.4,0.6407,0.6046875225594976,0.5677587568443584,0.5578183219772587,0.2614276010536005,0,1,0.7147722550817234,0.036362011203138735
106,A07,trend,0,0.6429896272731609,0.7421365398983419,0.6913528810009996,0.5387049598705639,1.0,1.0,0.7631644251929282,0.2973725594287532,0.6,0.643,0.5892782879821393,0.5794106240853568,0.32545416728965504,0.241201485477803,0,1,0.7028520019137474,0.0547195428170872
106,A08,trend,0,0.7533142703542591,0.7207855720947066,0.8398508981801004,0.6979251574188683,1.0,1.0,0.6852556979366233,0.2561084455330777,0.6,0.7533,0.5729255887382803,0.624616310166319,0.4407592871216583,0.32040584255033844,0,1,0.6246187696374519,0.08504461655547016
106,A09,trend,0,0.6341506437597493,0.7273421867337662,0.6609922891787978,0.5524194896593213,1.0,1.0,0.6820251551215278,0.15642899148071668,0.6,0.6342,0.48804079673212375,0.5509362801780444,0.48058158867802414,0.27372255668823003,0,1,0.7304108712934594,0.11895021754277552
106,A10,trend,0,0.7047940663725971,0.739813000402139,0.705026783372996,0.6827036052287845,1.0,1.0,0.6818873363101025,0.1626218353262854,0.6,0.7048,0.5031889030101481,0.5778349336545958,0.36689612878262484,0.24937240336627342,0,1,0.6519049735180231,0.09583640080607275
106,A11,trend,0,0.7658142689643072,0.8048702578413954,0.7280052390885168,0.7744871770574435,0.9249999999999999,1.0,0.7231733580335906,0.2903512821570032,0.4,0.7084,0.5542643616634458,0.5714616890169825,0.5259061605643033,0.36699943928600187,0,1,0.7423976046047972,0.09311061372647937
106,A12,trend,0,0.701417045207566,0.7454663891079172,0.6095603995512685,0.7542607702191066,1.0,1.0,0.7555084125594683,0.3319279298473252,0.6,0.7014,0.6152306344385048,0.6742840098594977,0.42376243382306256,0.31917415065353016,0,0,0.6945173744052588,0.057307573553171315
106,A13,trend,0,0.645293340374105,0.701912407953162,0.6985685682474406,0.5632905987480258,0.9500000000000001,1.0,0.715365848753794,0.25019638831943447,0.4,0.613,0.5176120507520432,0.6061369378154559,0.4810136153839963,0.3290685463223825,0,1,0.7746477981242645,0.10770799482906221
106,A14,trend,0,0.7590456872350709,0.9080767595385528,0.7579225123458423,0.6668840450734699,1.0,1.0,0.7284455436088945,0.2829139170624616,0.6,0.759,0.5956182049480845,0.6811236629521391,0.32458839823237007,0.2997508203576874,0,0,0.7198412122339946,0.08296359753544505
106,A15,trend,0,0.6945527638347606,0.804281630459084,0.7486214044784979,0.5786621616312883,1.0,1.0,0.8377617161885631,0.3594042158926378,0.4,0.6946,0.6000434764080346,0.6207018067363479,0.5401811101428896,0.251085889766282,0,1,0.8068599193656794,0.037732437049956595
106,A16,trend,0,0.754488966134055,0.8986951996832147,0.6845278545148605,0.7255760428326253,0.975,1.0,0.6988249200402068,0.09698803820797611,0.6,0.7356,0.446941911739932,0.552169702616629,0.4353219194021976,0.2607209601303728,0,1,0.6999118164250409,0.09789211831640518
106,A17,trend,0,0.6463604852594196,0.6991634282234214,0.8127087534814145,0.46780391121267273,1.0,1.0,0.7067833258178567,0.18742581263691532,0.6,0.6464,0.5165703487453257,0.6039850094314092,0.3474232435040238,0.38391519002654373,0,1,0.7315903921445832,0.10146211868639392
107,A00,trend,0,0.6942453416652147,0.7514650184374222,0.7520849659651242,0.6078733724201643,0.9500000000000001,1.0,0.7452505000514206,0.26978553053470367,0.6,0.6595,0.5750202748713744,0.6838088851474601,0.494665407876381,0.2958849931267113,0,1,0.8224645280136849,0.10053870811186187
107,A01,trend,0,0.7560575884087979,0.831327732721253,0.749119651590066,0.7150844429299038,0.975,1.0,0.6500674537724596,0.16822395357623485,0.4,0.7372,0.4760052944879527,0.6072624778124471,0.5558973273771584,0.4391615221852846,0,1,0.6661040176567524,0.12400997162306139
107,A02,trend,0,0.7223227331456206,0.7236211375553853,0.7398781202568575,0.7061502666671854,0.9500000000000001,1.0,0.86405493037119,0.1776310917053255,0.6,0.6862,0.5362787308845466,0.600933489791435,0.47674181346516437,0.29776274213313986,0,1,0.8429711518296431,0.03217539027659833
107,A03,trend,0,0.7347556416048603,0.8204494841485419,0.6507466131352257,0.7547048899259894,0.9500000000000001,1.0,0.7318387887347388,0.137662707218566,0.6,0.698,0.4880711846579239,0.46572431525835317,0.47312701116725886,0.35753525860834934,0,1,0.6756636738942527,0.06762857635333279
107,A04,trend,0,0.6453867491217151,0.8676769824128837,0.6950016469707231,0.463042317696853,0.9500000000000001,1.0,0.7244576354659782,0.18339015424965352,0.6,0.6131,0.5108892421049483,0.5456726442826866,0.4667199371927353,0.27013540972384004,0,1,0.707172397463788,0.0820116228321776
107,A05,trend,0,0.6792660809642769,0.7738915823395294,0.7650036400399131,0.5451047784135624,0.9249999999999999,1.0,0.7598976943446767,0.3419898175168914,1.0,0.6283,0.6580599707018039,0.6756901298940025,0.1810978674892518,0.16679514904697113,0,0,0.7995978370359647,0.08449375148883527
107,A06,trend,0,0.675885939358405,0.8258478844340266,0.7171840937130365,0.5460238386258389,0.8666666666666667,1.0,0.7186742402561764,0.4877995773514054,0.6,0.5858,0.6487200772304216,0.6071156275268192,0.3665855707474073,0.3098124161390722,0,0,0.8071371222787147,0.11447190469882917
107,A07,trend,0,0.7916383650506615,0.8528199239126665,0.8216704857496067,0.7271217851503312,0.9500000000000001,1.0,0.759063735784844,0.2205408103618658,0.6,0.7521,0.5624899563050563,0.5974162372604912,0.41046090337430824,0.3218770549120941,0,1,0.6869375613332133,0.0527185712035491
107,A08,trend,0,0.6585527986214137,0.8475397598671328,0.7188820019378614,0.4876478949409475,1.0,1.0,0.7977857326640074,0.2597752631270797,0.6,0.6586,0.5769943599168745,0.6180930989093723,0.5195176725179522,0.33959417608418707,0,1,0.6784773295799102,0.025327536724908298
107,A09,trend,0,0.6118113926008619,0.8000087951079486,0.6761642131482213,0.4378792980549935,0.8666666666666667,1.0,0.7360060491008787,0.3751428885764864,0.6,0.5302,0.5977710205692988,0.7402731334528341,0.48201390631911245,0.32487954676574865,0,0,0.765288646181573,0.09084198838366463
107,A10,trend,0,0.7137062837906107,0.8161253652059388,0.6916014175107491,0.6690361159009097,0.975,1.0,0.71246024680874,0.1793978537193053,0.4,0.6959,0.4871093953231023,0.545835881645837,0.6217291726174528,0.38644322008866855,0,1,0.8022992489133479,0.11747359603362201
107,A11,trend,0,0.7593956956155197,0.8308773780253246,0.7792985000678382,0.6973046902136127,0.8083333333333332,1.0,0.7897748067721627,0.23904686495737987,1.0,0.6138,0.6024480195812886,0.7083065869427972,0.13952023576448355,0.18578076434682478,0,0,0.9303284348883936,0.10027520513597536
107,A12,trend,0,0.5974461049415287,0.7365556124468948,0.7111872040167537,0.4109792010598531,0.9500000000000001,1.0,0.8676871778701304,0.19957310134038386,0.6,0.5676,0.5326945583062549,0.5936129441970579,0.5253312139666447,0.3216156768212251,0,1,0.8191249721780917,0.023566221917748625
107,A13,trend,0,0.7607487794728609,0.8756749681362455,0.6762922708558118,0.7628193565981637,0.975,1.0,0.8162176999631532,0.26481127759025,0.6,0.7417,0.5961707284322466,0.6141045083382084,0.4871050373696534,0.33483018493221706,0,0,0.7267868206080881,0.028094671138210493
107,A14,trend,0,0.715700480463309,0.7755932052571085,0.7759519093279111,0.6255475272106575,0.9500000000000001,1.0,0.7451907237203536,0.20547302199749803,0.4,0.6799,0.5064077149011738,0.5788814303698805,0.6037674232781218,0.3126134330627217,0,1,0.8477801688849067,0.10747645886254178
107,A15,trend,0,0.6632833046583992,0.8814226711565322,0.7597775472101347,0.44251373836429764,1.0,1.0,0.6634194317388434,0.13646297004239316,0.6,0.6633,0.4729435614889466,0.5508776018269188,0.3921221807296721,0.3414012687828557,0,1,0.658989048961087,0.11170454570100981
107,A16,trend,0,0.6849270247911157,0.804077921899314,0.7853440594556556,0.5225928087670192,0.9500000000000001,1.0,0.6716402803065475,0.3203103603611899,0.6,0.6507,0.587056613652467,0.5795797622486163,0.5055382829716071,0.27851516218649963,0,1,0.6841833559701873,0.1130829947475248
107,A17,trend,0,0.7730048724759999,0.8944449683541293,0.7806772136535616,0.6903915140218027,0.9500000000000001,1.0,0.8208670695393174,0.26517702372734525,0.6,0.7344,0.5958763421583636,0.5523960957121359,0.4893987494511359,0.24176160542903868,0,0,0.8081704859767357,0.04828123390391702
108,A00,trend,0,0.6343868419553788,0.758637070168264,0.687540818659216,0.5102207197064678,1.0,1.0,0.8324622566563586,0.4236931566517104,0.4,0.6344,0.6139653224645988,0.7139314935962929,0.46779742043238004,0.3196497965174475,0,1,0.8117239902480379,0.04224954385041493
108,A01,trend,0,0.6444594034587168,0.8729777254834443,0.6293197140155418,0.5148826804560401,0.9500000000000001,1.0,0.6804467791430696,0.21870240186434,0.6,0.6122,0.5276689739673077,0.5593489225293492,0.5275457161332606,0.326741666435766,0,1,0.8436733726596244,0.15180923374995153
108,A02,trend,0,0.6935478758865123,0.8740092878529776,0.6987203299390087,0.5762335961115371,0.975,1.0,0.772027444266775,0.33400429499873047,0.6,0.6762,0.6144031379224107,0.6555250577771964,0.4130167455197981,0.26456285034519184,0,0,0.915910639340165,0.10789051937333721
108,A03,trend,0,0.7026696166183936,0.8668059614601126,0.6773769969044975,0.6222154433419783,0.9500000000000001,1.0,0.7588084881310465,0.1917718737759958,0.4,0.6675,0.49755180003001986,0.5484088229459502,0.5229818500573096,0.39903492084018466,0,1,0.7168467897236678,0.06167401036185513
108,A04,trend,0,0.6339571586415894,0.6447382592907126,0.6542726945195484,0.6094428768426734,0.975,1.0,0.7763145752714807,0.3390452403091598,0.4,0.6181,0.5692602049556377,0.5690802772143776,0.5174917571455216,0.38845358542302494,0,1,0.7579294182923623,0.062093464734637484
108,A05,trend,0,0.6781345857743626,0.7076878936674253,0.6883765367272175,0.6507020612574502,0.9500000000000001,1.0,0.81546221708639,0.23537519689342712,0.4,0.6442,0.5279874221807108,0.5745646761475145,0.47174472709616344,0.3015492331720311,0,1,0.8020623759525519,0.049892390923412244
108,A06,trend,0,0.7709753442068412,0.8472765352926713,0.7581297619511308,0.734526984251944,0.9500000000000001,1.0,0.8349934240961274,0.3098575140447594,0.4,0.7324,0.5834466281682866,0.6892024745737713,0.5587629583620495,0.2691592395196989,0,1,0.7453488015813855,0.022069335454585427
108,A07,trend,0,0.7269227907033684,0.8734248107323018,0.7061680103893367,0.6535194609600626,0.975,1.0,0.6787751932550257,0.13298803585967958,0.6,0.7087,0.47813251201124,0.5573911874237536,0.4873106842591686,0.35011414680490466,0,1,0.7752329660430239,0.13412488675919446
108,A08,trend,0,0.6750944051996995,0.7159743865763762,0.7265265050551781,0.6045413294657329,0.9500000000000001,1.0,0.6870669164326016,0.21828242644915857,0.6,0.6413,0.5332464245453525,0.4757371935548109,0.4436724374726747,0.34834710561855475,0,1,0.7163632187772674,0.11119202586653668
108,A09,trend,0,0.7340661115441864,0.6681293316172772,0.794534847693839,0.7223664548675588,0.975,1.0,0.7305391843373419,0.1782597857855186,0.6,0.7157,0.5236887865416918,0.6054719408069263,0.5317384243354072,0.3062423943397581,0,1,0.7067820990065513,0.0777175062341772
108,A10,trend,0,0.7098744361532591,0.7341831915592113,0.7587390586228507,0.6519249193636462,0.9500000000000001,1.0,0.7185321376108823,0.29777525282586587,0.6,0.6744,0.5880273868562406,0.6425216752958063,0.4780512329694798,0.3260699866747184,0,1,0.752668768633638,0.09926865104159029
108,A11,trend,0,0.6715985295152798,0.7302492201477294,0.7133377288071594,0.598420048489604,1.0,1.0,0.7381615630449594,0.22504014256113591,0.6,0.6716,0.5499678289182885,0.5607285748644506,0.43399138989392905,0.2861124171683973,0,1,0.6651008246718649,0.06016552731179624
108,A12,trend,0,0.6797011444146001,0.6214455722111365,0.6713014490646109,0.7234606104730054,0.975,1.0,0.7032617956572251,0.28476835929631167,0.6,0.6627,0.5769487468387666,0.6096840248382737,0.42842761213420655,0.33040768160506095,0,1,0.6338443465284845,0.0749073054334066
108,A13,trend,0,0.6261224779729343,0.5657704152575115,0.7183439451679886,0.5831487333744011,0.9500000000000001,1.0,0.7927041093186005,0.33834139775234134,0.4,0.5948,0.5670077012960106,0.5756891210545463,0.5007554321077777,0.37120472118518155,0,1,0.8154163429796062,0.06773645306152509
108,A14,trend,0,0.6680859492904803,0.6605882294139738,0.8350181459763957,0.5267063521131208,0.975,1.0,0.7383919944811945,0.163230447918414,0.6,0.6514,0.503747647399637,0.5954816181235094,0.4618486533006446,0.32983876226940345,0,1,0.6952638488398962,0.06898582437654038
108,A15,trend,0,0.7160713899945408,0.7464851536307047,0.7803214625709745,0.6408439742175591,1.0,1.0,0.7579548107399509,0.3818235774065911,0.6,0.7161,0.6405852024559973,0.7312119780600562,0.38932254208976147,0.3532615858777829,0,0,0.9507545296907299,0.12610028351614203
108,A16,trend,0,0.7351416752864111,0.769376095031196,0.7697462834572663,0.6834661307964223,0.8416666666666667,1.0,0.6996998460748391,0.2207520646711559,0.4,0.6187,0.5000903343181181,0.5619391640360886,0.5759160960653996,0.40927183943747514,0,1,0.7650454836532751,0.11606655324309195
108,A17,trend,0,0.6196079897422913,0.801274248010014,0.605709876549592,0.5182274273685762,1.0,1.0,0.6612226018512964,0.13808549769317355,1.0,0.6196,0.5067978258676304,0.555589485908549,0.12985179422569906,0.24298576025098834,0,1,0.7746414736633713,0.14705798291908326
109,A00,trend,0,0.6406297648489553,0.7320750277659128,0.6626031643326223,0.5642497509776482,0.9500000000000001,1.0,0.8216365323670428,0.2285593468980515,0.4,0.6086,0.519000845804823,0.5541350742065234,0.5996530305230969,0.3502242382641292,0,1,0.7849276700162824,0.04134393465068411
109,A01,trend,0,0.6612927474534318,0.7324309862077596,0.6505815408215461,0.6262036540348769,0.975,1.0,0.6472071159913929,0.2564671857345832,0.6,0.6448,0.5497155734189054,0.5885578316704863,0.4757901117625426,0.40330215469327,0,1,0.6632530341873328,0.125358540793171
109,A02,trend,0,0.6657779694231509,0.7418130560982955,0.6766633847063505,0.6087313018783861,0.9500000000000001,1.0,0.7397492221450161,0.20476215776069825,1.0,0.6325,0.575118428888125,0.7198558707588805,0.20737065014656741,0.16217448681625474,0,0,0.6031410833902908,0.04013087025193952
109,A03,trend,0,0.7735361022815685,0.9138720089923795,0.7762295210025734,0.6834694192064327,1.0,1.0,0.6941601762053271,0.33010018428840887,0.6,0.7735,0.6159552659638772,0.6172823191539167,0.406745635950733,0.37931101232550396,0,0,0.7753606855190809,0.1229544842455555
109,A04,trend,0,0.7334707027929656,0.7832707251416808,0.8570413026724437,0.5942214139304751,1.0,1.0,0.8722362450359348,0.2407989766568613,0.4,0.7335,0.551981713837821,0.5978029464101815,0.4556662528520241,0.3156191325840906,0,1,0.8348628603234552,0.025258765597536093
109,A05,trend,0,0.8292629457781362,0.8416084507551075,0.7845188141041115,0.8606981203823008,0.975,1.0,0.8165947821841923,0.1469915622981039,0.6,0.8085,0.5219022126471843,0.6638929883817302,0.45865177194149354,0.3327401180630404,0,1,0.7865382702306947,0.044872464698191956
109,A06,trend,0,0.6859579438254544,0.7437684443083188,0.7800598569451771,0.567487207043907,0.975,1.0,0.8012834384418714,0.14867102009414807,0.4,0.6688,0.47147314169131044,0.5345528334768284,0.5181179802472978,0.4025351134437746,0,1,0.9660769182452089,0.10221675170378394
109,A07,trend,0,0.724374838663714,0.825850383859784,0.6838053388873531,0.696450935220486,0.9500000000000001,1.0,0.7142869636986647,0.18083433134132373,0.6,0.6882,0.5192794598213923,0.6189978775518157,0.46887016168322637,0.33967879112970384,0,1,0.7552942932897089,0.10297991911425916
109,A08,trend,0,0.697156891278113,0.8306535284768302,0.7897086284979822,0.5327387229615291,0.9500000000000001,1.0,0.7767780983618678,0.1919711442400628,0.4,0.6623,0.49920123812695855,0.5317295340322927,0.48521867743871955,0.34828553903508774,0,1,0.7540987896385951,0.06070429569261244
109,A09,trend,0,0.7434241491204953,0.7435185257907065,0.7227806849129109,0.7614281948832495,0.9500000000000001,1.0,0.702507327259889,0.3847865169260452,0.4,0.7063,0.5917873407912242,0.6283977321018857,0.5871138396999108,0.3403573322444356,0,1,0.6857130150891639,0.09107044783042742
109,A10,trend,0,0.7286326836985773,0.7682445708367811,0.7784867727101629,0.6602529263520626,1.0,1.0,0.6986994125407818,0.2571001916841531,0.4,0.7286,0.5366876431169996,0.5947726885763847,0.4779607897086294,0.3729119043523074,0,1,0.7127206984212329,0.10173531574706796
109,A11,trend,0,0.7285040565038026,0.792411640390801,0.7665287746592608,0.6552901881884025,1.0,1.0,0.8325778061276673,0.21671685631441628,0.4,0.7285,0.5317636976995876,0.6440224207131497,0.6240943641259674,0.2544982511341793,0,1,0.8050009128345558,0.04032125881549988
109,A12,trend,0,0.6662410034601092,0.8588843252178618,0.6674564234199587,0.5447754348966455,1.0,1.0,0.8188210713770823,0.16259520735024,0.6,0.6662,0.5158294848502079,0.5901104609015743,0.5114195673615782,0.24311536981632192,0,1,0.9407174468020125,0.08490011657664724
109,A13,trend,0,0.7163269920342756,0.8120959685602277,0.6528205611315397,0.7120395087454496,1.0,1.0,0.7055615792729765,0.25005994535054754,0.4,0.7163,0.5321446819722256,0.6134298403252512,0.5568120184772418,0.32025462092778023,0,1,0.8203759923162383,0.12732855764635576
109,A14,trend,0,0.6227278813822431,0.7146604461004152,0.686093220414398,0.50982535678025,0.975,1.0,0.7460028332041546,0.23950710983340684,0.6,0.6072,0.5489651461427579,0.5773714459576346,0.4778609846369696,0.2345027264001422,0,1,0.6278198667885614,0.04356015744379871
109,A15,trend,0,0.6597952774294076,0.8202349074895939,0.734919466608393,0.49378684311017895,0.9500000000000001,1.0,0.6301946376402185,0.23599109492186315,0.6,0.6268,0.5324189351132579,0.5434360585781292,0.3694033268627068,0.3926476296941088,0,1,0.6584804149028968,0.13724057426470643
109,A16,trend,0,0.6822329194759142,0.797233223593599,0.6724010827449383,0.6189605865419654,0.975,1.0,0.7104212336692562,0.3006886044739667,0.6,0.6652,0.5865951751616171,0.6164371660978932,0.34066569991435314,0.2662553532243834,0,1,0.7337035698522328,0.09950496477796675
109,A17,trend,0,0.726146830048156,0.7300845611129745,0.6466728373551558,0.7932254917390194,1.0,1.0,0.7376787653492217,0.35391092710947514,0.4,0.7261,0.5880736794733304,0.5718434282136203,0.6305451525456589,0.29825559933371937,0,1,0.5768812963563774,0.033274339612636164
110,A00,trend,0,0.6448539116797762,0.7210292982272983,0.625154863698828,0.6144809620709047,0.975,1.0,0.7122219605215402,0.19874332143664278,0.6,0.6287,0.5222977574278062,0.6009404532047279,0.4969913198181519,0.3163265281669251,0,1,0.6883668263958793,0.08499009003311907
110,A01,trend,0,0.7193373121513993,0.7885230610292356,0.7221844527858468,0.67360497104761,0.975,1.0,0.774275436835046,0.23484886806736338,0.4,0.7014,0.5311255506346164,0.6491919622113328,0.5824688676397465,0.3347117589297004,0,1,0.8945266294214183,0.10082471707189591
110,A02,trend,0,0.7704182382692959,0.7402023443396731,0.7189109681360887,0.8343720333418662,0.9500000000000001,1.0,0.765083486755685,0.2060385343397393,1.0,0.7319,0.5966828079283631,0.6364733845632449,0.2075626662965485,0.1758746120530777,0,0,0.7014103512032086,0.0530403315050844
110,A03,trend,0,0.6051193803672462,0.690696196138028,0.6566181495106065,0.5065724475100675,0.975,1.0,0.7261094217509495,0.2057189587768265,0.6,0.59,0.5223550016416574,0.6009237463269416,0.4194093810980022,0.25177703816027003,0,1,0.7380941378523238,0.08984828306872204
110,A04,trend,0,0.7339377841854542,0.8239179426597621,0.6799048747789035,0.7249789808697436,0.8666666666666667,1.0,0.6377957344798244,0.3222748246157859,0.6,0.6361,0.5794570145930636,0.6284062492519163,0.351940105586912,0.2760250308169967,0,1,0.5783698618380382,0.10649130657775505
110,A05,trend,0,0.6779551138682804,0.7152280952313015,0.6403514734853861,0.6875626858514249,0.9500000000000001,1.0,0.79886040138571,0.22259491859325617,0.4,0.6441,0.5184050999440578,0.5675648753740146,0.5729405217813831,0.3744062928813066,0,1,0.9315971594328213,0.09488454451158888
110,A06,trend,0,0.757368442733011,0.7700038993613622,0.7997924178384378,0.712350304123043,1.0,1.0,0.6615220683254616,0.2964828069196709,0.4,0.7574,0.5548007503909955,0.5469822731062887,0.47097063259752736,0.38884821519448587,0,1,0.6780745496950304,0.11885589457707903
110,A07,trend,0,0.6343912802059934,0.6341030304777756,0.5825726576986201,0.6799127309800811,0.975,1.0,0.711611904135731,0.3719993918951175,0.6,0.6185,0.6107299256414287,0.6577021145619625,0.3584949362478331,0.266938217496798,0,0,0.7001680342733003,0.0889012519740843
110,A08,trend,0,0.6719533401698161,0.6027691582569974,0.6695442557436716,0.7173014027382044,0.975,1.0,0.6383951581050993,0.2848387228911421,0.6,0.6552,0.5648688917872,0.5730407906858883,0.34391741958060046,0.29310227609332906,0,1,0.6959394595026464,0.14194373871090793
110,A09,trend,0,0.7250813091259327,0.7100705888035033,0.8553912318994281,0.6204418269006428,0.9500000000000001,1.0,0.6879335790242637,0.22826284965396368,1.0,0.6888,0.5927440213190337,0.6469851500732182,0.12634749211522775,0.2411903442416043,0,0,0.8494984686559617,0.14791515578897552
110,A10,trend,0,0.7312311584093611,0.6517298088787232,0.6852585258619693,0.8211455553449776,1.0,1.0,0.8738422190482353,0.31060424647167323,0.4,0.7312,0.5888450673147122,0.5984041291020259,0.5304194013805582,0.2729257727797216,0,1,0.7476844380964708,0.0
110,A11,trend,0,0.748256540632962,0.7186580653636865,0.8313998238234247,0.6940052148846042,1.0,1.0,0.7294282441319224,0.3384117560361829,0.6,0.7483,0.6218602237088398,0.6433793468359132,0.3219570848902411,0.31971269187711004,0,0,0.754589046011561,0.09229088302994079
110,A12,trend,0,0.6269195503806199,0.7460479833316197,0.6048045244062521,0.5718149275138167,0.975,1.0,0.6415678326184823,0.32036751231358185,0.4,0.6112,0.5393279698857766,0.6230254498724851,0.45656622534235586,0.3790084647352459,0,1,0.7548559741735557,0.15653998343607178
110,A13,trend,0,0.7037931773493096,0.8398002209910269,0.6495211890590664,0.666276764827199,1.0,1.0,0.7675571202882178,0.2664524172317203,0.6,0.7038,0.5839147888194306,0.5828088610036743,0.45658869846438443,0.26248376538296725,0,1,0.8733051365303501,0.09954976067594032
110,A14,trend,0,0.6843598969807666,0.7983126982846122,0.6568550755248885,0.6372061149397564,0.8916666666666666,1.0,0.6908235349403491,0.23021566988633274,0.6,0.6102,0.5358572713534643,0.6176585602449727,0.43756820769872107,0.25760854543849565,0,1,0.7968931307046999,0.13139140935260293
110,A15,trend,0,0.7059872114170865,0.7843399120516511,0.7778485585165555,0.5941380948084484,0.9500000000000001,1.0,0.7532088573300252,0.27316710447553755,0.6,0.6707,0.5799557495206941,0.6471845401694932,0.4418745668666702,0.3149130365995105,0,1,0.8635902065544824,0.10638519396693591
110,A16,trend,0,0.6752624433434837,0.6266903647898995,0.724223773789938,0.6627788282988263,0.9500000000000001,1.0,0.7391024997420413,0.43507420386012036,0.6,0.6415,0.6449416624470153,0.6836294522248872,0.4026422654255824,0.24790290420346087,0,0,0.6695613672229521,0.06086621203266013
110,A17,trend,0,0.6390962543845251,0.7468468435317037,0.6958410743940078,0.5221004186592413,1.0,1.0,0.715735638242992,0.2934504174761811,0.6,0.6391,0.5792547727140175,0.6130464051775011,0.33033901936099036,0.37538026017701975,0,1,0.8337775199516566,0.12383763890277391
111,A00,trend,0,0.6924302348548774,0.761114506185712,0.7365153000965261,0.6109281331866634,0.9500000000000001,1.0,0.7549177142422974,0.36932563748295194,0.6,0.6578,0.6242003775692132,0.748249658886972,0.49095275336029426,0.2845662787219255,0,0,0.7112572062990347,0.06261382580730745
111,A01,trend,0,0.6913704261333026,0.684770097934542,0.7228484430335431,0.6679523664698175,1.0,1.0,0.834738872088576,0.18974751369100012,0.6,0.6914,0.5424933065671396,0.6417160788183897,0.45994097274777296,0.30536352065717454,0,1,0.8708099215530205,0.05693030037430708
111,A02,trend,0,0.7962527508558936,0.823953477349435,0.7884935285541302,0.785729116311473,0.975,1.0,0.8087946711237357,0.1460883443922088,0.6,0.7763,0.5159770769963249,0.5593500871838208,0.46382998042001633,0.24310802291776895,0,1,0.8808911990520619,0.07540436296326525
111,A03,trend,0,0.8106050425232418,0.9212366364329855,0.8312478851852085,0.7233978090004313,0.975,1.0,0.8042472769792512,0.15381122731218105,0.6,0.7903,0.5240519084028638,0.6208015552096541,0.49478482328029977,0.34399045695339847,0,1,0.6935277444647451,0.025757547076571755
111,A04,trend,0,0.7645118288892248,0.6972328884516338,0.699253609337713,0.863662108770292,0.975,1.0,0.7567518578230101,0.1962933438910586,0.4,0.7454,0.5111894407872287,0.5523119414887104,0.4708255297218639,0.382833257250688,0,1,0.6861648974366974,0.0540146771272893
111,A05,trend,0,0.643918458441955,0.7505475322590333,0.5391236296753087,0.6689707624770967,0.9249999999999999,1.0,0.7830635140768621,0.14643367655103914,0.6,0.5956,0.48704972731585494,0.5950520347608536,0.4752312583450621,0.2861373667356587,0,1,0.8815778427576201,0.09175249615541561
111,A06,trend,0,0.6192987695161833,0.6154927462062121,0.6686677638437488,0.5784796640482954,1.0,1.0,0.7089760908888848,0.2236675706808037,0.6,0.6193,0.5361927385753404,0.5496317374151857,0.46179335908043995,0.36380016232415535,0,1,0.5907160547736134,0.05748527926449252
111,A07,trend,0,0.6807301557619454,0.7854691740316011,0.7747939904548338,0.5329624139871332,0.9500000000000001,1.0,0.6874117794294089,0.3253945116724067,0.6,0.6467,0.5913933576527605,0.6613134205185531,0.3436853119632206,0.3779241320820542,0,1,0.6793669378637991,0.10004574882238583
111,A08,trend,0,0.7499832538649911,0.7944160988977899,0.7966698950181852,0.6813619147104469,0.9,1.0,0.7682962609436287,0.22517458343141517,0.6,0.675,0.5549310359248324,0.51132781091214,0.3432190564049879,0.24852406141160147,0,1,0.7482726906580905,0.06453047490470352
111,A09,trend,0,0.7562155753435658,0.757009224704306,0.8236601808224013,0.6967055146991222,0.975,1.0,0.7785993191390871,0.23034762070913972,0.4,0.7373,0.5343016181744299,0.6630918841894078,0.5513352973368305,0.3997097104647592,0,1,0.8480971689754464,0.08563404508299137
111,A10,trend,0,0.6697784204267144,0.6625938941023465,0.7502386650578522,0.6038660353271988,0.9500000000000001,1.0,0.7691144495704955,0.39354820546464353,0.4,0.6363,0.5935925459884438,0.6591366061775029,0.45441823771480006,0.3812469653202093,0,1,0.7886789706549706,0.0754228265360957
111,A11,trend,0,0.6667929623705267,0.7511493521825041,0.7154745512389055,0.5714738284782092,0.975,1.0,0.8441680426206938,0.26259281938745677,0.6,0.6501,0.5835539668200092,0.6770368794851214,0.5182240421955115,0.18665302474966516,0,1,0.7631638638489607,0.02168318306940175
111,A12,trend,0,0.6568392428301403,0.7775517200476479,0.6412571472634854,0.5950282781900211,1.0,1.0,0.684058979627859,0.15643593876282819,0.6,0.6568,0.4917088955979431,0.5152502997255236,0.3612258960939921,0.3872079198723864,0,1,0.7352935493007179,0.1188702743793976
111,A13,trend,0,0.7459217812529287,0.8840827434967867,0.6691049354757374,0.72678591990556,1.0,1.0,0.6351777426756078,0.2863494962433856,0.6,0.7459,0.5796314522965486,0.6538379298990695,0.35062705026276997,0.30898233903675093,0,1,0.7083926420934026,0.14812809102412464
111,A14,trend,0,0.6796892477401019,0.745126466571289,0.7503802677413861,0.5769363434694863,0.9500000000000001,1.0,0.7043653320388221,0.16867264046426533,0.6,0.6457,0.5024358167608252,0.5436526151132186,0.3538673919015314,0.37300806575063805,0,1,0.7453442507931239,0.10713137694978762
111,A15,trend,0,0.7450937701287226,0.699444483867916,0.7730104449345061,0.7491974835866658,0.9500000000000001,1.0,0.8308236694662671,0.2083220092731892,0.6,0.7078,0.5576186294968487,0.6327778603810396,0.39427498815236767,0.2846562262710641,0,1,0.8143169036229375,0.04394977604589077
111,A16,trend,0,0.7073990683581277,0.81288605331059,0.7207026178673247,0.6298290969422915,0.975,1.0,0.7349772356296619,0.3446127263737921,0.4,0.6897,0.5778146725504251,0.5604251908004183,0.45134430925509744,0.3517803368910978,0,1,0.7019153861644828,0.0732614430899338
111,A17,trend,0,0.7021898678801031,0.8083856079586742,0.8306196625254294,0.5234414600163355,0.975,1.0,0.6840158349531459,0.08690324460434112,0.4,0.6846,0.40043622202321427,0.509496321258763,0.6074508600172135,0.4372923804297121,0,1,0.7702161582239528,0.12886434648548992
112,A00,trend,0,0.617547762547318,0.5773666038907226,0.6108493978397153,0.6485220558268426,0.975,1.0,0.7060640476477936,0.32973504101086076,0.6,0.6021,0.5882205275995889,0.5847380299551287,0.5152640224243223,0.32976239809199226,0,1,0.8039377292213125,0.12243702443523471
112,A01,trend,0,0.6708910149162871,0.8352563926324437,0.7453192042516301,0.5030379881752641,0.9500000000000001,1.0,0.684599438861926,0.3367928098318657,0.6,0.6373,0.5944276127942292,0.5298007290912524,0.5156615044169369,0.37803724088653634,0,0,0.7033773457595459,0.10919357309810211
112,A02,trend,0,0.7607481550283085,0.7428578955228627,0.8829994470950759,0.6649596866607906,0.8416666666666667,1.0,0.7849565547075056,0.2534566621850817,0.6,0.6403,0.5684222569419789,0.6498027176787309,0.5068304088127158,0.2520555079874034,0,1,0.7517320717770126,0.054792390122366946
112,A03,trend,0,0.7774322447469442,0.864536983348626,0.8020301721313374,0.7014685966595487,0.9500000000000001,1.0,0.7628168130020162,0.452804791174291,0.4,0.7386,0.6324229076069414,0.6404546003748267,0.4698551936963199,0.38606360820849384,0,0,0.7517996222137027,0.06911689943140854
112,A04,trend,0,0.7078126026978936,0.6667350680567485,0.6760377452996563,0.7612890620720669,0.8666666666666667,1.0,0.6983265460810013,0.13335533826417054,0.6,0.6134,0.4677063087979421,0.549486222909538,0.3553954192224323,0.3079665238347077,0,1,0.6610860207561127,0.08669644591095432
112,A05,trend,0,0.7171621942958679,0.7635296819952764,0.7546441518004768,0.6553858016672047,0.8666666666666667,1.0,0.8038009602626717,0.42616343068386614,0.6,0.6215,0.6481625411774381,0.6948301465855178,0.3711583081243877,0.33084540075333635,0,0,0.733930353631678,0.037823567078402294
112,A06,trend,0,0.6980375571845625,0.7781167473119596,0.7206499235396,0.6282022427942816,0.975,1.0,0.8132400015171062,0.21948914859022076,0.6,0.6806,0.5584097112524277,0.6603197527733813,0.4334472384959397,0.261572508186883,0,1,0.8281038890476877,0.05843056556035906
112,A07,trend,0,0.7041195527966353,0.7450352655306771,0.5856328826939278,0.782223068677728,0.975,1.0,0.7374288907619442,0.10531815768456601,0.6,0.6865,0.45505922329372983,0.5749763905651021,0.5281995093194614,0.30536249169982616,0,1,0.7385386840920886,0.08224167890000278
112,A08,trend,0,0.7242597314707646,0.8062275419698492,0.7041088585040802,0.6906618637546855,0.8416666666666667,1.0,0.7132754906019898,0.3941010139395181,0.4,0.6096,0.5801955951056182,0.48377592621094445,0.5616796948582766,0.3688233452059274,0,1,0.7624304819259324,0.10571709117541858
112,A09,trend,0,0.5990791293661264,0.7798849536906914,0.5512697771833678,0.527908672323187,0.9500000000000001,1.0,0.7616910604161385,0.1937577028477257,0.4,0.5691,0.48386016148830263,0.5586713382025787,0.46523978803177085,0.4156053689317775,0,1,0.7514059391872623,0.06974295833946424
112,A10,trend,0,0.700150696075786,0.6612217493822065,0.7993296357090378,0.6376997155801779,0.975,1.0,0.6886431055403073,0.40097723660597867,0.6,0.6826,0.6306061924613939,0.6680530013469498,0.47092437272385257,0.3843531001908077,0,0,0.6993806737657936,0.10507441290157962
112,A11,trend,0,0.674028669842456,0.8021552588329964,0.8016123986021612,0.48231378905862626,0.975,1.0,0.7420785696518342,0.23690764572158451,0.6,0.6572,0.5554292667424433,0.6377554674493101,0.355877200311404,0.35353847506818403,0,1,0.8538147816042081,0.11119926597389099
112,A12,trend,0,0.6436003235125225,0.6782058182870411,0.6007148772183161,0.6594966547858793,0.975,1.0,0.8168079336279492,0.15228887042695088,0.4,0.6275,0.4702458648946153,0.4941084051004906,0.49738808925951794,0.27675240494415315,0,1,0.7933133310500834,0.04663452515604029
112,A13,trend,0,0.7598967775718626,0.9008902443948561,0.8277479887651881,0.6124060510133318,1.0,1.0,0.7961394257689111,0.19835225809086993,0.6,0.7599,0.5537582399105542,0.5469914680182897,0.35352727280354895,0.2030845709011332,0,1,0.7532198314843292,0.04814388550314083
112,A14,trend,0,0.7150114244384513,0.7951892988254047,0.7781015358299392,0.6096964054790536,0.9249999999999999,1.0,0.822021095420427,0.29935050759740045,0.6,0.6614,0.602258415978717,0.5408322251609565,0.46328069866208166,0.2839705809578683,0,0,0.8939212609285228,0.07074573058355847
112,A15,trend,0,0.6546272626995312,0.7606674855388234,0.7365378731403402,0.5166803392892658,0.9500000000000001,1.0,0.7342344925527196,0.20497960354651623,0.6,0.6219,0.5284446123283435,0.6139478882810114,0.5070585751795715,0.2543180233617877,0,1,0.6949515160865543,0.07171689251497272
112,A16,trend,0,0.6675122815312968,0.7518368490911216,0.6612786712050215,0.6202638358418973,0.9500000000000001,1.0,0.7201762452241548,0.2708356532249039,0.4,0.6341,0.5323935575964535,0.5861882496264239,0.6221019554252696,0.3936328559851764,0,1,0.8107123451003767,0.11441623000771636
112,A17,trend,0,0.5965429558163466,0.7240468874452719,0.7261962266777361,0.4034063865445526,1.0,1.0,0.6819385217436038,0.2075602847118307,0.6,0.5965,0.5182605284340861,0.5961813258325449,0.36365575234307435,0.28735445076966265,0,1,0.6491203953803,0.09495532038576082
113,A00,trend,0,0.5553849464062093,0.7344182835005815,0.6605002022855928,0.35151326182776604,0.975,1.0,0.7631506648741123,0.2380330214334848,0.6,0.5415,0.5383325779778921,0.6989476612638098,0.4232392070903587,0.36027041374981367,0,1,0.7044461542301452,0.05519642228709197
113,A01,trend,0,0.7410454273163154,0.809466148919392,0.735973489174328,0.7027204221886315,0.9500000000000001,1.0,0.806693836629078,0.186549250986211,0.4,0.704,0.5052669921113647,0.46831737528319795,0.5303662766639214,0.35325310949168354,0,1,0.8081990109778481,0.05699760754558054
113,A02,trend,0,0.7700428225654596,0.8364845708657138,0.7687166772275628,0.7296771070484607,0.9500000000000001,1.0,0.7414954990807934,0.24794294290392724,0.6,0.7315,0.5737602365007914,0.6750289240382061,0.4878524989237829,0.3474623707743173,0,1,0.7806510545538927,0.09145903264843529
113,A03,trend,0,0.6829140091350558,0.6924384874438472,0.7029839794278843,0.6593999861858363,0.9500000000000001,1.0,0.7523623850985093,0.23941300542414412,0.4,0.6488,0.5226926853006598,0.5956801647850996,0.5424950760235416,0.2992153898443027,0,1,0.6859689150595087,0.056865208892192654
113,A04,trend,0,0.6710300685864382,0.7987842184980294,0.6127231879977992,0.6422022454067529,0.975,1.0,0.7214220801636113,0.21650612224462007,0.6,0.6543,0.5393567647430799,0.5897024475928009,0.39280989630963276,0.28479284546823597,0,1,0.8094720851897717,0.11320943006781137
113,A05,trend,0,0.6647655195367461,0.7624967905587563,0.7181309323491534,0.5569887389371333,0.7833333333333333,1.0,0.7280062693381334,0.2939383130611279,0.6,0.5207,0.5585469190320346,0.687994870975507,0.512362811973525,0.2663247793301968,0,1,0.7309487509448087,0.08648405383624812
113,A06,trend,0,0.7579301550143966,0.7988861229880196,0.6449819850489392,0.8311623237506574,0.9249999999999999,1.0,0.8018341942894414,0.22007827893987444,0.6,0.7011,0.5604977683409728,0.6101224194110619,0.4263642621474848,0.2181841287397042,0,1,0.8125235424533295,0.06121317440949058
113,A07,trend,0,0.7155554813456032,0.8316469036619255,0.6929611984181286,0.662768339959442,0.975,1.0,0.7698818673843965,0.28525297718907144,0.6,0.6977,0.5934856839308035,0.631674415150645,0.3313382745600314,0.3403800913068769,0,1,0.8414429407021798,0.08946024276017168
113,A08,trend,0,0.7103908266251591,0.683358643225982,0.7369618789747971,0.7040362704437113,0.9500000000000001,1.0,0.8782370738460542,0.21092964142059956,1.0,0.6749,0.6069861031093211,0.772251423728394,0.2436731555008637,0.19706759354322978,0,0,0.8709281515865308,0.03156308547162262
113,A09,trend,0,0.6975838075505697,0.6862868701543701,0.7714167274186055,0.6400405885386632,0.9500000000000001,1.0,0.6401367420535009,0.2188474825845614,0.6,0.6627,0.5296389984478198,0.4341230470267788,0.3679566934663913,0.31993354735326035,0,1,0.5124392548826526,0.08332501674354832
113,A10,trend,0,0.6155295440842914,0.6536113051706636,0.6036242968604764,0.602145534726147,0.9500000000000001,1.0,0.6274387215404994,0.2313535914933029,0.4,0.5848,0.489944901605541,0.5643152830956849,0.5057511513467472,0.44994425569807434,0,1,0.7164889441131632,0.15662149002372308
113,A11,trend,0,0.7280943002379819,0.6729077547384049,0.7269376501581246,0.7635979599950928,0.975,1.0,0.7772247979873346,0.19073518254537875,0.4,0.7099,0.5052647586562561,0.651334674965769,0.6303505077419049,0.2938749872536679,0,1,0.8515867761881408,0.08746073145945636
113,A12,trend,0,0.7091554708888473,0.7603479699380549,0.8153178816464122,0.5842680495702235,1.0,1.0,0.8367296495821391,0.35753606575096486,0.6,0.7092,0.6410542596330081,0.6361430831490023,0.47479714203028045,0.24554830034255148,0,0,0.8158637821327442,0.04083417346982302
113,A13,trend,0,0.7089974246722763,0.8653649828443225,0.8190831907328012,0.5149426555117884,0.975,1.0,0.7696487230787048,0.17645535543396315,0.6,0.6913,0.5241179622996874,0.6451523610574182,0.44957957583946523,0.2945166748554227,0,1,0.7694138032074056,0.06966109928218758
113,A14,trend,0,0.6748697436022243,0.9217116280762714,0.7407921090224155,0.4629114960632776,0.975,1.0,0.6983765734058389,0.35037356058174435,1.0,0.658,0.6571844022417829,0.7014028097002043,0.2119183978728528,0.17997704211839555,0,0,0.6560123980777748,0.08513109019485225
113,A15,trend,0,0.7641867798164981,0.8181949528785515,0.776460710693753,0.7196919821351165,0.975,1.0,0.7704490996736101,0.21648012142293607,0.6,0.7451,0.5604435382844821,0.6742187649675494,0.45953031068073824,0.22208605136781515,0,1,0.7816578021139081,0.07258939381823697
113,A16,trend,0,0.7439786786484404,0.8359252184180798,0.8122158761985668,0.626804543436055,1.0,1.0,0.7671613932990717,0.3305530132995808,0.6,0.744,0.6235888909260764,0.5954278669513657,0.3859928111160532,0.26532614967642487,0,0,0.7665248738942434,0.07046258314417711
113,A17,trend,0,0.6876639961037689,0.6770188347214355,0.711223612673941,0.6737025574688267,0.975,1.0,0.6886933726309558,0.40457983688359306,0.4,0.6705,0.5910171178938136,0.5625065099962465,0.5783466307351273,0.4092906748011963,0,1,0.6963011894831854,0.10413103433615149
114,A00,trend,0,0.6105804939810826,0.6996794929575906,0.57057510582348,0.5898983342586674,1.0,1.0,0.7234123823454549,0.398129856655167,0.6,0.6106,0.6218177920543408,0.6458759118537682,0.34244450622564043,0.31398922851107114,0,0,0.7509530286652185,0.09539444484416705
114,A01,trend,0,0.8041383620666276,0.8625993931045908,0.7302204577649892,0.832278383931834,0.975,1.0,0.7869840328592062,0.22674039109500896,0.6,0.784,0.5751827570561764,0.5619443531448762,0.3543145443037237,0.28714079380028823,0,1,0.7234404916018272,0.04536135877956424
114,A02,trend,0,0.6786896275722991,0.8569011215760056,0.7647050899092668,0.4920439142751358,0.7833333333333333,1.0,0.7356026059261486,0.307131462105567,0.6,0.5316,0.5682891294216056,0.5794617288587055,0.5196892234641934,0.3408054255350059,0,1,0.7834377602449846,0.09623044539228866
114,A03,trend,0,0.6430416310715309,0.6865396544610215,0.7396969425084416,0.5312819689458024,0.975,1.0,0.7904180112322559,0.2216844911311387,0.6,0.627,0.5478259936236287,0.6081832329263724,0.4670441895412075,0.3182164649033834,0,1,0.7562662985522038,0.052618149564620756
114,A04,trend,0,0.7692663628666644,0.8517814063669449,0.6780767964415987,0.7974853313009216,0.9249999999999999,1.0,0.8133879730000795,0.3531143477715812,0.6,0.7116,0.6359126866481113,0.6916433823381523,0.4022546798969427,0.2554336404729979,0,0,0.8667966356944542,0.06881191202773859
114,A05,trend,0,0.7521765757601575,0.8583366888226074,0.7509727666508802,0.6868798380667438,0.975,1.0,0.723560294694252,0.21827792438315735,0.6,0.7334,0.5530336413580839,0.5019937325747197,0.38472530447487424,0.24892143003488673,0,1,0.6734711113394091,0.07266209870243821
114,A06,trend,0,0.6520966072386938,0.7010000203391475,0.737409253165985,0.5468834088645302,0.975,1.0,0.7776734533771978,0.295160270957232,0.4,0.6358,0.5527351420808689,0.5625076973529755,0.6254289120496884,0.2846179430296365,0,1,0.7786895762192075,0.0670891440675143
114,A07,trend,0,0.7278858824770306,0.7575287248089074,0.8391011799455159,0.6120457207346829,0.9500000000000001,1.0,0.7130126020623759,0.22231221093095693,0.6,0.6915,0.5476726619600685,0.5891759894335545,0.43530512505070384,0.368914800412796,0,1,0.6502619572124345,0.07302152036018854
114,A08,trend,0,0.7185918789497692,0.8107449052604891,0.7474761268228666,0.6357225206166089,0.8916666666666666,1.0,0.6357839780332704,0.3667173797812391,0.4,0.6407,0.5624107301923638,0.5093439362933211,0.6183016953883214,0.37955916673441276,0,1,0.695889973861478,0.14397845566095274
114,A09,trend,0,0.741136612950178,0.8664073666053675,0.6907988134169036,0.7068879665072997,0.9249999999999999,1.0,0.6999295451585288,0.29209205941004796,0.6,0.6856,0.5840225396993682,0.6328524071665622,0.43121601010009913,0.3527198049786717,0,1,0.7979925848192954,0.12514961506578534
114,A10,trend,0,0.6890923651218508,0.8456727236042737,0.686600642093154,0.5934098987204461,0.975,1.0,0.7183289628265909,0.22466196947036257,0.6,0.6719,0.5468467799771679,0.5132046610963448,0.4095266212685462,0.32371538435887126,0,1,0.7832367495061998,0.10805529021041498
114,A11,trend,0,0.7280911478869813,0.760341197976326,0.8325961631206129,0.616492978251713,0.975,1.0,0.7664236505508987,0.24177859447142147,0.4,0.7099,0.5352769246549284,0.5822656747970372,0.6117686437213785,0.417545925104722,0,1,0.7275802870922377,0.059797382214302364
114,A12,trend,0,0.6054328772162331,0.6320245858055293,0.6820280462248681,0.5217922864653672,0.8666666666666667,1.0,0.7292441974571895,0.1986135120067702,0.4,0.5247,0.47515295108215294,0.5034061694024327,0.5198182352024011,0.33070592315866554,0,1,0.7546415564901248,0.09243202065561062
114,A13,trend,0,0.6265405734539784,0.6442783869824962,0.6736515944022352,0.5742322966689299,0.9500000000000001,1.0,0.7199406057631051,0.3348490598860279,0.4,0.5952,0.555006781351634,0.46670833075799334,0.6113157409788816,0.42167089235665767,0,1,0.6278925971293786,0.06136283746763016
114,A14,trend,0,0.7098506000426139,0.7234479114091009,0.6782314798195114,0.7290190106337743,0.975,1.0,0.6831572603967959,0.2730332604742501,0.6,0.6921,0.5724065621281179,0.5698177555897924,0.3945061394273746,0.29998552372791226,0,1,0.771246918792209,0.12978339416313378
114,A15,trend,0,0.641939134773706,0.7711957605326936,0.7352618837858892,0.47949633828867855,0.8083333333333332,1.0,0.7922036060466192,0.29385295939479233,0.6,0.5189,0.5674450000286695,0.5863987226321711,0.49815767481524675,0.20633963837532812,0,1,0.7540316173756284,0.050853290481188106
114,A16,trend,0,0.7456457358998473,0.9311605585667262,0.6437717270720413,0.7188387294573781,0.9249999999999999,1.0,0.7289788594258793,0.27416211400808377,0.6,0.6897,0.5799573469205072,0.6819748781832673,0.4106712035495373,0.2719739158134313,0,1,0.6204627208812112,0.05283755244158807
114,A17,trend,0,0.6860897908617956,0.828624176530112,0.7200089611694473,0.5673265257999025,1.0,1.0,0.8319889767481508,0.1957986428181582,0.6,0.6861,0.5456770740431498,0.6829877356110962,0.40040801468685444,0.31391984153536967,0,1,0.8853027573889772,0.062438664395958736
115,A00,trend,0,0.7577671073655697,0.8633356854596979,0.7882886091971595,0.6650804319540987,0.9500000000000001,1.0,0.6823600988465889,0.22358957786764075,0.6,0.7199,0.5480742674861172,0.540995691147741,0.5049042509720089,0.32054665935189314,0,1,0.7642071849210802,0.12837598910350098
115,A01,trend,0,0.7381347148320745,0.8590609179774942,0.7092780060740438,0.6878054580294641,0.8666666666666667,1.0,0.7698829296734806,0.16793158617441473,0.6,0.6397,0.509769246551344,0.6328248325053878,0.35742941196744354,0.3248956559530998,0,1,0.8423028625056492,0.08969298965310661
115,A02,trend,0,0.6996543616391051,0.8251150315981576,0.7381277372679972,0.5875772392394167,1.0,1.0,0.6659530645656457,0.3228737122729006,0.6,0.6997,0.5956865258837272,0.6407884960643886,0.4392271278639693,0.3869755921057124,0,0,0.7016892618157095,0.12250517254848009
115,A03,trend,0,0.6565123814260696,0.7269028565584722,0.6051316419122466,0.6574764815429133,0.975,1.0,0.8219434417790423,0.3396383498640158,0.6,0.6401,0.6179695841872865,0.6200995834187015,0.45448126217812645,0.23726401931713587,0,0,0.8480634010753304,0.058537395963507405
115,A04,trend,0,0.6739486438108466,0.7451873241695203,0.6864396854801067,0.6184948071260731,0.9500000000000001,1.0,0.7294764076609835,0.40196504175422937,0.6,0.6403,0.6301964708100595,0.6067100393050181,0.3198256083484195,0.3215987698041794,0,0,0.8218366618882063,0.11106310926188595
115,A05,trend,0,0.7401377853087318,0.7011964963570658,0.7010943960945434,0.7986390564659379,0.975,1.0,0.7721222933085194,0.23026806546229012,0.6,0.7216,0.5660164344376698,0.7027654672117309,0.3349958893512917,0.28419876030064345,0,1,0.7378460190488504,0.059055788102640575
115,A06,trend,0,0.6615240230548698,0.7420906283584574,0.6386474460932325,0.63118689958156,0.975,1.0,0.8124108914023671,0.3560203111386967,0.6,0.645,0.6249368211336606,0.6380586266994999,0.38900120309510294,0.281376053553678,0,0,0.8369130076471027,0.06134415590079076
115,A07,trend,0,0.7594385847605789,0.7949671431966124,0.7049920495493709,0.7848739540478651,0.975,1.0,0.8067167888530357,0.26195998774461154,0.6,0.7405,0.5929640938271893,0.6272799372685544,0.4500158534351869,0.3264037692264616,0,1,0.8622907551875465,0.07172137684016297
115,A08,trend,0,0.6403672801066242,0.7737380754350695,0.5870461526015365,0.6036665195932976,0.975,1.0,0.6809964343621768,0.1334511296693987,0.4,0.6244,0.43832196807708723,0.6531478258592073,0.49236185138316035,0.31459971937721554,0,1,0.7756822442899517,0.13261787011534765
115,A09,trend,0,0.7462461327103767,0.8004535041392203,0.6444604540995053,0.8014289943518617,0.975,1.0,0.8143463705200519,0.1487933988824201,0.6,0.7276,0.5125316785329821,0.6033803980971378,0.3785721950923906,0.23018104574676393,0,1,0.789797449046228,0.04716238140464363
115,A10,trend,0,0.6400584257171191,0.7344421323980568,0.6448036899003763,0.576916502881183,1.0,1.0,0.7033050173552243,0.16990443949346443,0.6,0.6401,0.5023540385543124,0.5456489464759764,0.48712630065802953,0.2796192140866093,0,1,0.723086206498734,0.10146720510012462
115,A11,trend,0,0.6850930734186595,0.7936088485003003,0.6758541142528492,0.6253548032627182,0.975,1.0,0.7372205360042279,0.22409163663302378,0.6,0.668,0.5486548313312603,0.5009931647141553,0.5314752675671781,0.24974938180826284,0,1,0.7126377637046429,0.07487787506552342
115,A12,trend,0,0.6817076578734753,0.8124756328495759,0.7492123273562535,0.5409110877159814,0.9500000000000001,1.0,0.7853047089897618,0.21018859657864952,0.6,0.6476,0.5431946273660377,0.5776820654557927,0.4845130156888944,0.31255594223362126,0,1,0.7085429707194911,0.04208861751647375
115,A13,trend,0,0.6561406957799473,0.7190259002358254,0.6996643454456757,0.5787542495375111,0.7833333333333333,1.0,0.7662308662761517,0.3101697662725351,0.4,0.514,0.5353446110228391,0.6069861336776861,0.5566469617063963,0.3212579543590425,0,1,0.8548128146326446,0.09545418224979235
115,A14,trend,0,0.6838583608798967,0.772020435596645,0.7160887111826165,0.6005555076670492,0.975,1.0,0.7493773453367979,0.15253195596388075,0.6,0.6668,0.49883075436657476,0.5526951319097417,0.5315196388301547,0.2377266845051745,0,1,0.7511826185173355,0.07782839231448176
115,A15,trend,0,0.7106319545921367,0.8696569245214629,0.837459098241308,0.5002675976932831,0.9500000000000001,1.0,0.6930026642515597,0.2253796182114966,0.6,0.6751,0.5439653417819925,0.5587173916955422,0.3513042386259799,0.27268408664735627,0,1,0.6321857180063397,0.08174715129313641
115,A16,trend,0,0.7300645893149657,0.9613845119978421,0.6210465404014934,0.680880430437456,0.975,1.0,0.7621208325906462,0.18344862311315313,0.6,0.7118,0.5313591242893763,0.5705198979021705,0.525797631679293,0.3258697387720705,0,1,0.7295230568037001,0.06317433157237658
115,A17,trend,0,0.7116055210902796,0.8375981495027912,0.7877138195397051,0.5662653671892126,0.975,1.0,0.7516786384509513,0.2841909995551051,0.6,0.6938,0.5895061536443406,0.6878487667702627,0.44086960563102007,0.30981342967191494,0,1,0.7338919952160304,0.07133389910856572
116,A00,trend,0,0.7409676421212386,0.7845662607157456,0.7302102592123121,0.7231312155449823,0.975,1.0,0.7531907675003097,0.1801948067107267,0.4,0.7224,0.4966420505799922,0.47360336087137245,0.6189671711104532,0.33166315933553064,0,1,0.68664123926231,0.05651433919791754
116,A01,trend,0,0.6725456866428655,0.6738464506378681,0.5782917414241298,0.7542049112123826,1.0,1.0,0.6842876529210735,0.15344630327559144,0.6,0.6725,0.4916009536173077,0.550542553276069,0.42731934642733016,0.25823927359116666,0,1,0.6442473141063083,0.09175622184442533
116,A02,trend,0,0.7095037748151407,0.7159863848432364,0.7002968267363526,0.7135082231165205,1.0,1.0,0.7048675750871717,0.3079323171888816,1.0,0.7095,0.6465451258732764,0.7048191092250671,0.24741398768429673,0.17401456381412284,0,0,0.7315234998186928,0.10279990336006456
116,A03,trend,0,0.6824688494424468,0.8942373685338391,0.6868261383261283,0.5463008972371053,0.9500000000000001,1.0,0.7261163711423222,0.24764635154285952,0.6,0.6483,0.5578692050550779,0.5752873488906939,0.41015056320343163,0.23840371727294316,0,1,0.7449259863550507,0.09180497283578454
116,A04,trend,0,0.7579131598403758,0.7996421493618406,0.7719472296990112,0.7195527302631542,0.9500000000000001,1.0,0.7579342722120693,0.35997581817358987,0.6,0.72,0.631712963376325,0.6288714553933257,0.46598220282688585,0.3492861545468958,0,0,0.7582861872060399,0.07417550301598548
116,A05,trend,0,0.7102755446003621,0.7140398058723381,0.7932182783031722,0.6353479893154186,0.975,1.0,0.7203865321375499,0.23982068576619917,0.4,0.6925,0.5251624483136719,0.5375188110377355,0.5531220004386194,0.4220389268890632,0,1,0.6773093089811741,0.0760055439782816
116,A06,trend,0,0.7996060738897641,0.8550863003425123,0.8090888245545688,0.7566335255250926,0.975,1.0,0.5923624077303301,0.3355393331028932,0.6,0.7796,0.600510654592459,0.5995300821291959,0.4653318649282956,0.4134149523820658,0,0,0.6946527992680207,0.17898367864054715
116,A07,trend,0,0.6699962908047179,0.7689649779489209,0.6342155016687581,0.6394490518335557,1.0,1.0,0.7860057606229814,0.26129598648127045,0.6,0.67,0.5781199788438285,0.5616185918011612,0.33226575061175656,0.2894475425174422,0,1,0.7448922717258216,0.0521683976654886
116,A08,trend,0,0.5847331703234337,0.7835859611522392,0.6058355644538811,0.44198558119128906,0.8916666666666666,1.0,0.7691737771521056,0.324465625628169,0.6,0.5214,0.5791475486438853,0.6542855721829685,0.4392335682012067,0.24596169707561485,0,1,0.7129107342771436,0.05374264179201201
116,A09,trend,0,0.7665120004013919,0.8258027948600913,0.7584221916290177,0.7365338365405322,0.975,1.0,0.7390957701770756,0.19939345078974885,0.4,0.7473,0.5111268715871877,0.5351845877368113,0.6477635650531368,0.3825924442648946,0,1,0.7199023880497731,0.07572406483304148
116,A10,trend,0,0.6725749000247576,0.7123738079858201,0.7726421538150084,0.5601417354826239,0.975,1.0,0.6724729714555674,0.24044105202654678,0.6,0.6558,0.5466338624162306,0.5960931888177953,0.3465123356508321,0.39596497532140235,0,1,0.7934598781797922,0.14389641297742797
116,A11,trend,0,0.7658712563514785,0.9203291221555187,0.8170429832420715,0.6245598291946844,0.9500000000000001,1.0,0.780148760840974,0.24915733775879786,0.6,0.7276,0.5796101700331862,0.6510473200748205,0.44573464520433065,0.2276964046369322,0,1,0.6864059571475062,0.03886154485951087
116,A12,trend,0,0.6490152562843959,0.6996077626113115,0.6979186638059685,0.5746044582486978,0.975,1.0,0.7186721214515817,0.29050895033834995,0.6,0.6328,0.5771099566907976,0.6288714749263897,0.4110177143885769,0.3311715547600509,0,1,0.7931233342545294,0.11058092186751185
116,A13,trend,0,0.6641197464655115,0.8998573390192537,0.7205215561683344,0.4674321676294527,0.8666666666666667,1.0,0.7329041976205201,0.23797533838563104,0.6,0.5756,0.5404756400564376,0.615000916484584,0.34899472093764516,0.3458063150091974,0,1,0.6338000436058194,0.05425086035493659
116,A14,trend,0,0.7310198342676375,0.781781932555058,0.7085014533702565,0.7189971061232079,0.975,1.0,0.6995277551382292,0.1532408655984898,0.4,0.7127,0.4684481292128349,0.45968735195396876,0.5089109398713727,0.3612696976029292,0,1,0.7419893260833347,0.10961518879209843
116,A15,trend,0,0.715255870224954,0.7593104541676978,0.7876966460889849,0.6243360763797121,0.975,1.0,0.8187784281848038,0.11389417543832289,0.4,0.6974,0.44602509489088166,0.5683812041926826,0.6022608504671267,0.3749220128094285,0,1,0.767611430489297,0.03821187577694118
116,A16,trend,0,0.740581112346627,0.8539578483012259,0.7705111571514321,0.6435318631707986,1.0,1.0,0.7431012989362696,0.34944353022295077,0.4,0.7406,0.5892848083485918,0.6303264037301958,0.4985801796428245,0.36038342839234366,0,1,0.7094846502724371,0.06998383812314014
116,A17,trend,0,0.5930317298151475,0.7583425176690833,0.6453784070578703,0.4439091448190551,1.0,1.0,0.81977175022466,0.14532229089688753,0.6,0.593,0.4900716340828053,0.5625440710286356,0.4658140868820714,0.2482598791743578,0,1,0.6636812275543442,0.007307452181865917
117,A00,trend,0,0.756719579192122,0.83086187457644,0.8037027660773487,0.6692703560523496,0.8666666666666667,1.0,0.7866501255868494,0.17880835573150422,0.6,0.6558,0.5227250353259697,0.5308756985114117,0.41264913115293683,0.324921858687798,0,1,0.7065349311558763,0.04064473735816793
117,A01,trend,0,0.6598253426519507,0.7168395652692439,0.551879788256346,0.7186438136122966,0.975,1.0,0.7772324332459184,0.25991881096112623,0.6,0.6433,0.5715030320484149,0.6398426339678949,0.5038725038661249,0.3336769173721842,0,1,0.7650352340296069,0.06351965185546743
117,A02,trend,0,0.7394470779926676,0.763903020734645,0.7287312976321215,0.7335384215944094,0.975,1.0,0.7721098622952233,0.29878526600118194,0.6,0.721,0.6047614050125473,0.5884763826079653,0.4224579142446026,0.3375030571781371,0,0,0.8173115000733133,0.08141973052213831
117,A03,trend,0,0.6916758295803425,0.7506564493737556,0.7208370499758285,0.6292968743634089,0.975,1.0,0.9001869011987157,0.2721358834423812,0.6,0.6744,0.6006534993635656,0.641073275376936,0.4590617567301023,0.17060583044647104,0,0,0.8667478652179756,0.018101748005083816
117,A04,trend,0,0.6877044945937538,0.8918998685668776,0.573414833322865,0.6600858394725794,0.975,1.0,0.7465388964711311,0.24880454213215242,0.4,0.6705,0.5304586202481808,0.5882312061755927,0.5108726142715794,0.4280320268534722,0,1,0.6196374728381991,0.04068135984216006
117,A05,trend,0,0.8404524197814709,0.7914873167470895,0.926902685205908,0.7954116269315769,1.0,1.0,0.7659801728521244,0.10213251145654513,0.6,0.8405,0.47329331211582165,0.5359949452799961,0.4862068079211249,0.3571454832598482,0,1,0.7228316555934404,0.05871053077673781
117,A06,trend,0,0.7412720242526478,0.8125533431939607,0.7045209472414153,0.7288783922991555,0.9500000000000001,1.0,0.775485912910385,0.10143822138657499,1.0,0.7042,0.49563750837352466,0.644773312649277,0.21191693076023033,0.162276305640025,0,1,0.9145242659235036,0.10529372390285466
117,A07,trend,0,0.63345479797335,0.6456797695844152,0.6815312619241628,0.5837472847594731,0.8916666666666666,1.0,0.7411810754405254,0.24130553037993127,0.6,0.5648,0.5415852792711067,0.6095138519605929,0.5277721913882036,0.3366604273566469,0,1,0.7710237442427682,0.08896045131235795
117,A08,trend,0,0.6347773305804079,0.759308531735277,0.7197834912130447,0.4825649393050574,0.975,1.0,0.7477849836319557,0.3156484696434682,0.4,0.6189,0.5550304051013814,0.7117441591199299,0.5697534275647269,0.40087621996425293,0,1,0.8726412354113132,0.11242123824700884
117,A09,trend,0,0.7259585796238215,0.7667738161878164,0.7954023038743568,0.6396857980521063,0.9249999999999999,1.0,0.6809831630674845,0.1255671744673727,0.4,0.6715,0.4377744113132577,0.5334761838324629,0.5444944193398156,0.3262116549767284,0,1,0.7124034144179243,0.11448420281919874
117,A10,trend,0,0.8484270929252797,0.8658955430388277,0.8125949013522991,0.8688624792306702,0.9500000000000001,1.0,0.7166953184049368,0.2748463704602477,0.6,0.806,0.5963377412495767,0.6316347476891508,0.3237996005427902,0.2589293533633907,0,0,0.7234985677825301,0.09215678178944844
117,A11,trend,0,0.6268676705354175,0.7741577468965802,0.7590128420898302,0.41918434769957946,0.9500000000000001,1.0,0.7696349558129528,0.15152612957593184,0.6,0.5955,0.48963268646033536,0.5803761418751974,0.4593160892486763,0.3354583296035051,0,1,0.6926755192532127,0.0475011019562463
117,A12,trend,0,0.7039238284527012,0.8756030110502789,0.6996755828915731,0.6003415541952023,0.9500000000000001,1.0,0.8491148911194406,0.37779094011104364,0.6,0.6687,0.6445369063237345,0.6933569743820344,0.35911504331594424,0.3296539954346859,0,0,0.7579493534331105,0.01728079284463184
117,A13,trend,0,0.7226305887000123,0.7731401713157615,0.7628112561629726,0.6559040155350787,1.0,1.0,0.6886027149021827,0.2591100293079702,0.6,0.7226,0.5705081790265595,0.47859411609581304,0.36861216151055204,0.3070202469545665,0,1,0.6453012292526898,0.08893354521257114
117,A14,trend,0,0.7013499656614066,0.7162089825682845,0.7330534434301511,0.6643225370469567,0.975,1.0,0.735433887387278,0.2734992260077637,0.6,0.6838,0.5796241390914934,0.5402628516435655,0.48982968366498447,0.3440074362079236,0,1,0.7084945729775884,0.07488003324499558
117,A15,trend,0,0.81793563182963,0.8299547766417149,0.800949264949143,0.825286737342503,0.975,1.0,0.7314896300543466,0.23211891514450594,0.6,0.7975,0.5722988386098575,0.6837285951199675,0.4115568232082142,0.3045494912197334,0,1,0.7180737841996124,0.08036441235384867
117,A16,trend,0,0.556150142870275,0.732034006195722,0.5542615979034023,0.4478752051378843,0.8916666666666666,1.0,0.7934954383714721,0.24239470640966024,0.4,0.4959,0.5026527413588624,0.5360374148721877,0.48426229484405786,0.39391373096671106,0,1,0.860268374204568,0.07944053586996383
117,A17,trend,0,0.6756272239155041,0.98,0.657579131756283,0.5011863195020128,0.975,1.0,0.7734772089608796,0.2287625363870832,0.6,0.6587,0.5552472322816091,0.7236998932559815,0.45954896897188746,0.25046330431953223,0,1,0.826787895603691,0.08313553498017114
118,A00,trend,0,0.739375314618576,0.9662458844159084,0.7642933010413671,0.575777970375301,1.0,1.0,0.7702117735396254,0.3718102778954193,0.6,0.7394,0.6422856473171262,0.686642653326719,0.42494222447283236,0.2120610240608884,0,0,0.8218761406646867,0.08390470373392152
118,A01,trend,0,0.6712504126856529,0.732177792514943,0.7531000629155411,0.5615523563411944,0.975,1.0,0.8556124245461544,0.23883366350660265,0.6,0.6545,0.5718687513401838,0.6430135043336984,0.5095535425242084,0.24001055106128297,0,1,0.7900018734991358,0.02250363318830549
118,A02,trend,0,0.7371540964081165,0.6785685073582027,0.846392247060539,0.6781867077434429,0.975,1.0,0.7964345289602902,0.31267498464774324,0.6,0.7187,0.615164390438405,0.6179144406576161,0.3801520132997617,0.33617879499952824,0,0,0.8032376158786256,0.06202344778943286
118,A03,trend,0,0.7067735199949867,0.7188185139239793,0.7577563214180777,0.6546354475441616,0.9500000000000001,1.0,0.7801148083095708,0.39290142299563696,0.4,0.6714,0.6013037824461979,0.5995430210912075,0.537603745181344,0.3701426435076886,0,1,0.8128415824345546,0.07503127434709825
118,A04,trend,0,0.7142452003960398,0.9509801337299788,0.6809138594178293,0.5954507904182621,0.975,1.0,0.8073155228396356,0.25856590486628495,0.6,0.6964,0.5840140705293563,0.6192697909294134,0.3678446889989169,0.31481223304284645,0,1,0.7116255161685994,0.029168518674753154
118,A05,trend,0,0.6847820807623091,0.9164212910545795,0.7928139189519015,0.4454797159137468,0.9500000000000001,1.0,0.7306775330237691,0.26770109782905177,0.4,0.6505,0.5349977413129171,0.5280890756789915,0.55895482938836,0.4207277345469662,0,1,0.7785294330702605,0.09821136447107484
118,A06,trend,0,0.613122884704801,0.7242237418528505,0.7439214344515672,0.42923611795884964,0.975,1.0,0.7242759014371227,0.13196543968477947,0.6,0.5978,0.4674344064804238,0.5857187495479993,0.3547306475908503,0.29828205902663296,0,1,0.8073876731252865,0.11065911376657694
118,A07,trend,0,0.6661719927259051,0.6915571887582329,0.7984999929631993,0.534519244998068,1.0,1.0,0.7530183773620112,0.18623878402056762,0.6,0.6662,0.5252825370702596,0.6053480251312087,0.40080082178960275,0.2332183781011675,0,1,0.7947614529327736,0.08769529159983602
118,A08,trend,0,0.7072580575131207,0.7447675220280048,0.6854755007763025,0.7028743793360339,0.975,1.0,0.8133665674231256,0.3067183072379397,0.6,0.6896,0.6097162001844675,0.6786889175741172,0.361202602932973,0.2091546065766981,0,0,0.7122909953807682,0.025629222632518774
118,A09,trend,0,0.709800718049017,0.7738739338192877,0.7206108815584727,0.6602960651218241,0.975,1.0,0.8116941044496165,0.2882689215700852,0.6,0.6921,0.6003306435191937,0.5461251645302292,0.4409168233119164,0.2092034399296076,0,0,0.7955233023281897,0.05039053033902366
118,A10,trend,0,0.7109391874208537,0.8070555854719776,0.8631332080501949,0.5176966705882275,0.975,1.0,0.7360412793243147,0.2288653375984878,0.6,0.6932,0.555456248785751,0.6292928810939975,0.45574876911752543,0.3672531115872635,0,1,0.7292487746830847,0.08050448757152535
118,A11,trend,0,0.8296235708154641,0.9463339822277531,0.7546667326002179,0.8222667971211239,0.975,1.0,0.6539729015780699,0.24376257768420534,0.6,0.8089,0.5684738723930192,0.6044364044195787,0.32810335669953167,0.30364836191768163,0,1,0.6638809593339898,0.12034749184878257
118,A12,trend,0,0.7572593313550293,0.8104651507266128,0.767143648687637,0.7153569165817578,0.975,1.0,0.8322954198189675,0.14987850753737272,0.6,0.7383,0.5171650890844408,0.5900223192834609,0.3421290718794913,0.2825401103495955,0,1,0.6883141055637031,0.007075554542065127
118,A13,trend,0,0.701174614348975,0.7836906162147087,0.6728568310728597,0.6743801735494922,0.975,1.0,0.7369441602413047,0.16588440263231574,0.6,0.6836,0.5104436023319714,0.5160246300441167,0.45954173943018806,0.2778025279988343,0,1,0.785321929563681,0.0958473635320196
118,A14,trend,0,0.6812042211513593,0.733028874219896,0.6653737960544672,0.6626654349433043,0.975,1.0,0.8675318767384654,0.2867136030577877,0.6,0.6642,0.6024973381716985,0.7083327196572997,0.4662154499487222,0.23814591087019787,0,0,0.914677560094962,0.04925253714135003
118,A15,trend,0,0.6217412013726419,0.768151124547403,0.6558970062698366,0.5003486701033708,0.9500000000000001,1.0,0.7031151694818307,0.1632513148391137,0.6,0.5907,0.4894681026252529,0.5687283695280709,0.48403364151024886,0.355115646688267,0,1,0.5926452482099411,0.06224185314035434
118,A16,trend,0,0.7628558049122807,0.8323759197072819,0.7593137220423853,0.7225050556765632,0.975,1.0,0.7146395760024049,0.2510545887941581,0.6,0.7438,0.573301512802774,0.6003332203345428,0.47959762414465557,0.23998233935618357,0,1,0.6661662149350245,0.07667753998388488
118,A17,trend,0,0.7045157434105291,0.7336960976164727,0.792954164998771,0.6088944031421029,0.9249999999999999,1.0,0.8058979521037212,0.24178738654027326,0.6,0.6517,0.566494285829862,0.6984316751441481,0.5140150060522083,0.280934045008964,0,1,0.7954383608374844,0.053950089257753936
119,A00,trend,0,0.6988200635575781,0.8744492675188024,0.7274454188600258,0.5640046251921712,0.9500000000000001,1.0,0.7306343648303117,0.22655060080742967,0.6,0.6639,0.5485554810255481,0.5519238879395503,0.40397266941187837,0.24072745649587232,0,1,0.7168649934292116,0.08059744910232408
119,A01,trend,0,0.6930770064000743,0.7120190423942533,0.738081797033653,0.6418590420993311,0.975,1.0,0.8895376581108674,0.20205015652024916,0.6,0.6758,0.5556704884931452,0.5607462767640674,0.35194279874494183,0.2870367142065019,0,1,0.7790753162217348,0.0
119,A02,trend,0,0.606739567029589,0.7494261781617113,0.6189015624808594,0.506918689052151,0.975,1.0,0.6761656060715654,0.27287529230875635,0.6,0.5916,0.5538586198330673,0.5891490512655017,0.40426603386620374,0.3337900773020405,0,1,0.7024827247777671,0.11512884250130559
119,A03,trend,0,0.7645102057602958,0.98,0.7973528691556928,0.6010917538895086,1.0,1.0,0.6111108956127557,0.21264892105297642,0.4,0.7645,0.5027994492634594,0.49675463697392175,0.6366264281195974,0.47142479741215204,0,1,0.6924614137688508,0.16275679217597167
119,A04,trend,0,0.6442140065113096,0.8453352244465474,0.7426789902444831,0.43235638453525915,0.9249999999999999,1.0,0.7293282544838576,0.36749436147136555,0.6,0.5959,0.6073233297548327,0.6849448732255621,0.3836738539212637,0.3586190043564734,0,0,0.790462080745364,0.10247895973343103
119,A05,trend,0,0.6994842668184192,0.7661214783432841,0.7903911959761534,0.5782924466023613,1.0,1.0,0.7218737649162289,0.32241803657653867,0.6,0.6995,0.6049325156225831,0.6101288781051692,0.3391988962742556,0.29629551955873396,0,0,0.716423088709823,0.08650017076014653
119,A06,trend,0,0.7200662652560752,0.763410510036981,0.7857220097638408,0.6355273358237145,0.975,1.0,0.6848875701361579,0.2720059548745008,0.4,0.7021,0.5383904062540866,0.5875642192910226,0.6107894347956431,0.4223465400941224,0,1,0.6246382014810772,0.08531927528460487
119,A07,trend,0,0.741930767776093,0.8357981801248409,0.717543922554792,0.704602124626764,0.9500000000000001,1.0,0.7329391743978964,0.2531096447984489,0.6,0.7048,0.571292179935484,0.6696351533507899,0.38523391527215506,0.3129440531889045,0,1,0.7510730221475692,0.08888706862291501
119,A08,trend,0,0.7020035926363969,0.7121744612659963,0.8231411799301469,0.5896514108608661,1.0,1.0,0.672487663674433,0.15941156876384668,0.6,0.702,0.49888909213531957,0.5928843350126931,0.40997494083594277,0.3886232692204407,0,1,0.6549062990802028,0.10368436072462563
119,A09,trend,0,0.7419085199438996,0.9349551094311979,0.7198776963793112,0.640531372133353,0.975,1.0,0.6977764844837888,0.1434599564635514,0.6,0.7234,0.4920711279094233,0.581577739710866,0.42010985762114156,0.28156335306537134,0,1,0.8428220284992716,0.13900368878637032
119,A10,trend,0,0.7467782785204327,0.8308213048664284,0.7752061498121701,0.6693769996739153,0.8416666666666667,1.0,0.6822085172922964,0.2053122512204248,0.6,0.6285,0.5221861471837002,0.5190782897266696,0.4564598084084584,0.28528397693395624,0,1,0.7212514582512133,0.11616218087182183
119,A11,trend,0,0.5967988621539898,0.7222824741395013,0.7080747576549937,0.4210051960996667,0.9500000000000001,1.0,0.7398915851602121,0.20543096512212675,0.6,0.567,0.5200209671004379,0.6985656492943455,0.5016137584284845,0.24579017847286735,0,1,0.7106747108160076,0.07249614495960657
119,A12,trend,0,0.6918789191624402,0.846892825622623,0.7689713928433133,0.527539313154062,0.8916666666666666,1.0,0.7764779533785373,0.25904119179749263,0.6,0.6169,0.5662296352426271,0.6094737064145671,0.34636191892436846,0.25971102131028,0,1,0.6288153292817202,0.02384640363145346
119,A13,trend,0,0.7314520979313903,0.8269039309557,0.7760913229711706,0.632735380381389,0.975,1.0,0.7301159381466263,0.22475823059123934,0.6,0.7132,0.5551101154664442,0.6594195374906594,0.501750201653977,0.30909696376000617,0,1,0.7896990227308857,0.1017261097502188
119,A14,trend,0,0.7760151832718251,0.8276674716707552,0.8110482561853652,0.713078564223146,0.975,1.0,0.8399847414669208,0.2346672640153746,0.6,0.7566,0.5836177989256498,0.7554519763583243,0.4418662714090924,0.28508345981723504,0,1,0.7898739246202918,0.03168477793462952
119,A15,trend,0,0.738671728552017,0.7464356421556261,0.8272310263475156,0.6563298969787001,0.975,1.0,0.7564111213434229,0.1915785684613038,0.6,0.7202,0.5377077233287894,0.5885009538965351,0.4667244402735536,0.35682781628593246,0,1,0.7484318686800425,0.07237118496691365
119,A16,trend,0,0.6493078690604392,0.8417079631267922,0.7977671943921381,0.3991559006037323,0.975,1.0,0.8532047998073587,0.2533299723215418,0.6,0.6331,0.5764337960787992,0.6616314505705317,0.3930846017361336,0.2037473420787188,0,1,0.8733385666611925,0.04666532750626756
119,A17,trend,0,0.6847143538232546,0.6201858904066304,0.817209307868637,0.6091115586689352,0.9500000000000001,1.0,0.7029729820485426,0.221140751049953,0.4,0.6505,0.5057079945962971,0.5313505774583278,0.5051831563421137,0.3027657457781677,0,1,0.6838535498028888,0.090187293038304
