date,close,asset,ret
2024-08-03,60680.09375,BTC,
2024-08-04,58116.9765625,BTC,-0.04223983565450573
2024-08-05,53991.45703125,BTC,-0.07098647891315102
2024-08-06,56034.31640625,BTC,0.03783671505322772
2024-08-07,55027.4609375,BTC,-0.017968550940289485
2024-08-08,61710.13671875,BTC,0.12144256099404904
2024-08-09,60880.11328125,BTC,-0.013450358103773374
2024-08-10,60945.8125,BTC,0.001079157301276501
2024-08-11,58719.484375,BTC,-0.036529632368097475
2024-08-12,59354.515625,BTC,0.010814659848586317
2024-08-13,60609.56640625,BTC,0.021144992390795814
2024-08-14,58737.26953125,BTC,-0.0308911115194338
2024-08-15,57560.09765625,BTC,-0.020041310813293967
2024-08-16,58894.10546875,BTC,0.023175912946963972
2024-08-17,59478.97265625,BTC,0.00993082725079053
2024-08-18,58483.96484375,BTC,-0.016728732324455264
2024-08-19,59493.453125,BTC,0.01726094125025579
2024-08-20,59012.79296875,BTC,-0.008079210921579816
2024-08-21,61175.19140625,BTC,0.03664287570061453
2024-08-22,60381.9140625,BTC,-0.012967304646127387
2024-08-23,64094.35546875,BTC,0.061482671821355916
2024-08-24,64178.9921875,BTC,0.0013205019089592707
2024-08-25,64333.54296875,BTC,0.0024081210374646833
2024-08-26,62880.66015625,BTC,-0.022583597070127692
2024-08-27,59504.1328125,BTC,-0.05369739018896724
2024-08-28,59027.625,BTC,-0.00800797843742207
2024-08-29,59388.1796875,BTC,0.006108236397788236
2024-08-30,59119.4765625,BTC,-0.004524521990973862
2024-08-31,58969.8984375,BTC,-0.002530098940268344
2024-09-01,57325.48828125,BTC,-0.027885585694078285
2024-09-02,59112.48046875,BTC,0.031172733823612075
2024-09-03,57431.0234375,BTC,-0.02844504270361159
2024-09-04,57971.5390625,BTC,0.00941156177702851
2024-09-05,56160.48828125,BTC,-0.031240343288065575
2024-09-06,53948.75390625,BTC,-0.03938239218868078
2024-09-07,54139.6875,BTC,0.003539165966313096
2024-09-08,54841.56640625,BTC,0.012964221602682846
2024-09-09,57019.53515625,BTC,0.039713831911113884
2024-09-10,57648.7109375,BTC,0.011034389872275785
2024-09-11,57343.171875,BTC,-0.005300015516934153
2024-09-12,58127.01171875,BTC,0.013669279499548104
2024-09-13,60571.30078125,BTC,0.04205082955798245
2024-09-14,60005.12109375,BTC,-0.00934732588201681
2024-09-15,59182.8359375,BTC,-0.013703582981947293
2024-09-16,58192.5078125,BTC,-0.016733367188517922
2024-09-17,60308.5390625,BTC,0.0363626062794542
2024-09-18,61649.6796875,BTC,0.02223798894564699
2024-09-19,62940.45703125,BTC,0.020937291974474137
2024-09-20,63192.9765625,BTC,0.004012038411551844
2024-09-21,63394.83984375,BTC,0.003194394254405042
2024-09-22,63648.7109375,BTC,0.004004601863112578
2024-09-23,63329.80078125,BTC,-0.005010473135318549
2024-09-24,64301.96875,BTC,0.01535087678718594
2024-09-25,63143.14453125,BTC,-0.018021597802944433
2024-09-26,65181.01953125,BTC,0.032273891570151925
2024-09-27,65790.6640625,BTC,0.00935309904070647
2024-09-28,65887.6484375,BTC,0.0014741358273548943
2024-09-29,65635.3046875,BTC,-0.003829909793174213
2024-09-30,63329.5,BTC,-0.035130555094979754
2024-10-01,60837.0078125,BTC,-0.039357521968434894
2024-10-02,60632.78515625,BTC,-0.0033568819965540397
2024-10-03,60759.40234375,BTC,0.0020882627636797935
2024-10-04,62067.4765625,BTC,0.021528753876634443
2024-10-05,62089.94921875,BTC,0.0003620681473552878
2024-10-06,62818.953125,BTC,0.011741093613744757
2024-10-07,62236.66015625,BTC,-0.009269383518558882
2024-10-08,62131.96875,BTC,-0.001682150134457161
2024-10-09,60582.1015625,BTC,-0.024944762232405493
2024-10-10,60274.5,BTC,-0.005077433013489285
2024-10-11,62445.08984375,BTC,0.036011743668549645
2024-10-12,63193.0234375,BTC,0.011977460447594401
2024-10-13,62851.375,BTC,-0.005406426515387475
2024-10-14,66046.125,BTC,0.050830232433260125
2024-10-15,67041.109375,BTC,0.015064992457922477
2024-10-16,67612.71875,BTC,0.008526251733136592
2024-10-17,67399.8359375,BTC,-0.0031485616380424464
2024-10-18,68418.7890625,BTC,0.015118035686984221
2024-10-19,68362.734375,BTC,-0.0008192879217548965
2024-10-20,69001.703125,BTC,0.009346740674458287
2024-10-21,67367.8515625,BTC,-0.023678423698328066
2024-10-22,67361.40625,BTC,-9.567341618454961e-05
2024-10-23,66432.1953125,BTC,-0.01379441121005398
2024-10-24,68161.0546875,BTC,0.02602442034118191
2024-10-25,66642.4140625,BTC,-0.022280180844656217
2024-10-26,67014.6953125,BTC,0.00558625096700216
2024-10-27,67929.296875,BTC,0.01364777618155344
2024-10-28,69907.7578125,BTC,0.029125296867722028
2024-10-29,72720.4921875,BTC,0.04023493905417541
2024-10-30,72339.5390625,BTC,-0.005238593875544262
2024-10-31,70215.1875,BTC,-0.029366396164960396
2024-11-01,69482.46875,BTC,-0.010435331387529279
2024-11-02,69289.2734375,BTC,-0.0027804900426771084
2024-11-03,68741.1171875,BTC,-0.00791112711687536
2024-11-04,67811.5078125,BTC,-0.013523338185854272
2024-11-05,69359.5625,BTC,0.02282879023690776
2024-11-06,75639.078125,BTC,0.09053568676993895
2024-11-07,75904.859375,BTC,0.003513808689745934
2024-11-08,76545.4765625,BTC,0.008439738809541852
2024-11-09,76778.8671875,BTC,0.0030490452928257916
2024-11-10,80474.1875,BTC,0.048129393514959595
2024-11-11,88701.484375,BTC,0.10223522760015435
2024-11-12,87955.8125,BTC,-0.008406532091926988
2024-11-13,90584.1640625,BTC,0.029882636380625716
2024-11-14,87250.4296875,BTC,-0.03680261786927608
2024-11-15,91066.0078125,BTC,0.04373133907381366
2024-11-16,90558.4765625,BTC,-0.005573223886622736
2024-11-17,89845.8515625,BTC,-0.007869224693816235
2024-11-18,90542.640625,BTC,0.007755383808848215
2024-11-19,92343.7890625,BTC,0.019892819836786257
2024-11-20,94339.4921875,BTC,0.02161166598491282
2024-11-21,98504.7265625,BTC,0.044151545428309014
2024-11-22,98997.6640625,BTC,0.005004201495724558
2024-11-23,97777.28125,BTC,-0.012327389984975179
2024-11-24,98013.8203125,BTC,0.002419161787646784
2024-11-25,93102.296875,BTC,-0.05011051933125821
2024-11-26,91985.3203125,BTC,-0.011997304040733403
2024-11-27,95962.53125,BTC,0.04323745271515378
2024-11-28,95652.46875,BTC,-0.0032310787967048116
2024-11-29,97461.5234375,BTC,0.018912786163713058
2024-11-30,96449.0546875,BTC,-0.010388394458550332
2024-12-01,97279.7890625,BTC,0.008613193542348574
2024-12-02,95865.3046875,BTC,-0.01454037255458307
2024-12-03,96002.1640625,BTC,0.0014276215513644441
2024-12-04,98768.53125,BTC,0.02881567529768403
2024-12-05,96593.5703125,BTC,-0.022020788503929523
2024-12-06,99920.7109375,BTC,0.03444474217316973
2024-12-07,99923.3359375,BTC,2.627082989481444e-05
2024-12-08,101236.015625,BTC,0.013136868131795154
2024-12-09,97432.71875,BTC,-0.03756861480096407
2024-12-10,96675.4296875,BTC,-0.007772430783165474
2024-12-11,101173.03125,BTC,0.04652269534294651
2024-12-12,100043.0,BTC,-0.011169293200355757
2024-12-13,101459.2578125,BTC,0.014156490833941326
2024-12-14,101372.96875,BTC,-0.0008504799301751742
2024-12-15,104298.6953125,BTC,0.02886101293644905
2024-12-16,106029.71875,BTC,0.016596788984881483
2024-12-17,106140.6015625,BTC,0.001045771070669721
2024-12-18,100041.5390625,BTC,-0.057462106019896764
2024-12-19,97490.953125,BTC,-0.025495268879325628
2024-12-20,97755.9296875,BTC,0.002717960528709318
2024-12-21,97224.7265625,BTC,-0.005433973434635808
2024-12-22,95104.9375,BTC,-0.021802983021374844
2024-12-23,94686.2421875,BTC,-0.004402456102765462
2024-12-24,98676.09375,BTC,0.04213760595334648
2024-12-25,99299.1953125,BTC,0.0063146152104343045
2024-12-26,95795.515625,BTC,-0.03528406928650052
2024-12-27,94164.859375,BTC,-0.017022260795415023
2024-12-28,95163.9296875,BTC,0.010609799867287384
2024-12-29,93530.2265625,BTC,-0.017167251608511402
2024-12-30,92643.2109375,BTC,-0.00948373223930199
2024-12-31,93429.203125,BTC,0.008484077565384274
2025-01-01,94419.7578125,BTC,0.010602195613021781
2025-01-02,96886.875,BTC,0.026129247147606893
2025-01-03,98107.4296875,BTC,0.012597729955682757
2025-01-04,98236.2265625,BTC,0.0013128146911018934
2025-01-05,98314.9609375,BTC,0.0008014800420892421
2025-01-06,102078.0859375,BTC,0.03827621924594227
2025-01-07,96922.703125,BTC,-0.05050430525956884
2025-01-08,95043.5234375,BTC,-0.019388436629511285
2025-01-09,92484.0390625,BTC,-0.026929603222076492
2025-01-10,94701.453125,BTC,0.023976181025154863
2025-01-11,94566.59375,BTC,-0.001424047578467369
2025-01-12,94488.4375,BTC,-0.0008264678561502592
2025-01-13,94516.5234375,BTC,0.00029724205673309356
2025-01-14,96534.046875,BTC,0.021345722040169157
2025-01-15,100504.4921875,BTC,0.041129999632577796
2025-01-16,99756.90625,BTC,-0.0074383335632930425
2025-01-17,104462.0390625,BTC,0.04716598568833419
2025-01-18,104408.0703125,BTC,-0.000516635042589142
2025-01-19,101089.609375,BTC,-0.03178356737719257
2025-01-20,102016.6640625,BTC,0.009170622908047932
2025-01-21,106146.265625,BTC,0.040479676535688514
2025-01-22,103653.0703125,BTC,-0.023488299826845638
2025-01-23,103960.171875,BTC,0.002962783076025932
2025-01-24,104819.484375,BTC,0.008265785680243276
2025-01-25,104714.6484375,BTC,-0.0010001569662844156
2025-01-26,102682.5,BTC,-0.019406534499448846
2025-01-27,102087.6875,BTC,-0.005792734886665207
2025-01-28,101332.4765625,BTC,-0.007397669160641884
2025-01-29,103703.2109375,BTC,0.023395602825692086
2025-01-30,104735.3046875,BTC,0.009952379879751394
2025-01-31,102405.0234375,BTC,-0.022249243050878498
2025-02-01,100655.90625,BTC,-0.017080384621634526
2025-02-02,97688.9765625,BTC,-0.02947596219670423
2025-02-03,101405.421875,BTC,0.03804365081173988
2025-02-04,97871.8203125,BTC,-0.034846278405663456
2025-02-05,96615.4453125,BTC,-0.012836943218062724
2025-02-06,96593.296875,BTC,-0.00022924323774897726
2025-02-07,96529.0859375,BTC,-0.0006647556256734743
2025-02-08,96482.453125,BTC,-0.00048309597099249757
2025-02-09,96500.09375,BTC,0.00018283765004545316
2025-02-10,97437.5546875,BTC,0.009714611676219231
2025-02-11,95747.4296875,BTC,-0.017345724709743937
2025-02-12,97885.859375,BTC,0.02233406885677658
2025-02-13,96623.8671875,BTC,-0.012892487184132717
2025-02-14,97508.96875,BTC,0.009160278803397981
2025-02-15,97580.3515625,BTC,0.0007320640697474623
2025-02-16,96175.03125,BTC,-0.014401672980240199
2025-02-17,95773.3828125,BTC,-0.004176223623530095
2025-02-18,95539.546875,BTC,-0.0024415545387781457
2025-02-19,96635.609375,BTC,0.011472343504350446
2025-02-20,98333.9375,BTC,0.017574558032842136
2025-02-21,96125.546875,BTC,-0.02245807176184722
2025-02-22,96577.7578125,BTC,0.0047043783073406065
2025-02-23,96273.921875,BTC,-0.0031460239332733453
2025-02-24,91418.171875,BTC,-0.05043681513571874
2025-02-25,88736.171875,BTC,-0.029337712021491935
2025-02-26,84347.0234375,BTC,-0.04946290046952739
2025-02-27,84704.2265625,BTC,0.004234922709094535
2025-02-28,84373.0078125,BTC,-0.003910297790814532
2025-03-01,86031.9140625,BTC,0.019661575342751147
2025-03-02,94248.3515625,BTC,0.09550452979612856
2025-03-03,86065.671875,BTC,-0.08682040111941614
2025-03-04,87222.1953125,BTC,0.013437685575495406
2025-03-05,90623.5625,BTC,0.03899657851208138
2025-03-06,89961.7265625,BTC,-0.007303133084179958
2025-03-07,86742.671875,BTC,-0.0357824911826653
2025-03-08,86154.59375,BTC,-0.006779571257010009
2025-03-09,80601.0390625,BTC,-0.0644603432710168
2025-03-10,78532.0,BTC,-0.02567012890361897
2025-03-11,82862.2109375,BTC,0.05513944554449135
2025-03-12,83722.359375,BTC,0.010380466895202334
2025-03-13,81066.703125,BTC,-0.0317197970748182
2025-03-14,83969.1015625,BTC,0.03580259620308812
2025-03-15,84343.109375,BTC,0.004454112352525463
2025-03-16,82579.6875,BTC,-0.020907717157540473
2025-03-17,84075.6875,BTC,0.018115835083536647
2025-03-18,82718.5,BTC,-0.016142449028442418
2025-03-19,86854.2265625,BTC,0.049997601050550955
2025-03-20,84167.1953125,BTC,-0.030937253791171848
2025-03-21,84043.2421875,BTC,-0.0014727011460912154
2025-03-22,83832.484375,BTC,-0.0025077306278807887
2025-03-23,86054.375,BTC,0.026503933905394295
2025-03-24,87498.9140625,BTC,0.016786352378946434
2025-03-25,87471.703125,BTC,-0.0003109860024155253
2025-03-26,86900.8828125,BTC,-0.00652577110204744
2025-03-27,87177.1015625,BTC,0.003178549412391707
2025-03-28,84353.1484375,BTC,-0.032393289916566204
2025-03-29,82597.5859375,BTC,-0.020812056603918605
2025-03-30,82334.5234375,BTC,-0.0031848691098436133
2025-03-31,82548.9140625,BTC,0.0026038970780313253
2025-04-01,85169.171875,BTC,0.0317418810684309
2025-04-02,82485.7109375,BTC,-0.031507420800550134
2025-04-03,83102.828125,BTC,0.007481504135517403
2025-04-04,83843.8046875,BTC,0.008916382019940938
2025-04-05,83504.796875,BTC,-0.004043325726492686
2025-04-06,78214.484375,BTC,-0.06335339642726368
2025-04-07,79235.3359375,BTC,0.013051950296130821
2025-04-08,76271.953125,BTC,-0.03739976334343409
2025-04-09,82573.953125,BTC,0.0826253916648998
2025-04-10,79626.140625,BTC,-0.0356990599146636
2025-04-11,83404.8359375,BTC,0.04745546227457886
2025-04-12,85287.109375,BTC,0.022567917271733462
2025-04-13,83684.9765625,BTC,-0.01878516957885823
2025-04-14,84542.390625,BTC,0.010245734631468162
2025-04-15,83668.9921875,BTC,-0.01033089354397465
2025-04-16,84033.8671875,BTC,0.004360934564412222
2025-04-17,84895.75,BTC,0.01025637449930672
2025-04-18,84450.8046875,BTC,-0.005241078764249063
2025-04-19,85063.4140625,BTC,0.007254038339443714
2025-04-20,85174.3046875,BTC,0.0013036230231544543
2025-04-21,87518.90625,BTC,0.027527099529631727
2025-04-22,93441.890625,BTC,0.06767662701452015
2025-04-23,93699.109375,BTC,0.0027527134594511615
2025-04-24,93943.796875,BTC,0.0026114175645013393
2025-04-25,94720.5,BTC,0.008267742531563593
2025-04-26,94646.9296875,BTC,-0.0007767095032226168
2025-04-27,93754.84375,BTC,-0.00942540809771053
2025-04-28,94978.75,BTC,0.013054325526514532
2025-04-29,94284.7890625,BTC,-0.007306486319308303
2025-04-30,94207.3125,BTC,-0.0008217291810309613
2025-05-01,96492.3359375,BTC,0.02425526614507767
2025-05-02,96910.0703125,BTC,0.0043291974532626565
2025-05-03,95891.796875,BTC,-0.010507405827035687
2025-05-04,94315.9765625,BTC,-0.016433317174712747
2025-05-05,94748.0546875,BTC,0.0045811763897039
2025-05-06,96802.4765625,BTC,0.02168299794413664
2025-05-07,97032.3203125,BTC,0.0023743581586117557
2025-05-08,103241.4609375,BTC,0.06399043746457878
2025-05-09,102970.8515625,BTC,-0.002621130818400763
2025-05-10,104696.328125,BTC,0.016756941758927724
2025-05-11,104106.359375,BTC,-0.005635047193781384
2025-05-12,102812.953125,BTC,-0.01242389281274392
2025-05-13,104169.8125,BTC,0.013197358248725033
2025-05-14,103539.4140625,BTC,-0.006051642240404331
2025-05-15,103744.640625,BTC,0.00198211052629782
2025-05-16,103489.2890625,BTC,-0.0024613470244020386
2025-05-17,103191.0859375,BTC,-0.0028814878109744146
2025-05-18,106446.0078125,BTC,0.03154266519659865
2025-05-19,105606.1796875,BTC,-0.007889709931436006
2025-05-20,106791.0859375,BTC,0.011220046530480143
2025-05-21,109678.078125,BTC,0.027034018449719976
2025-05-22,111673.28125,BTC,0.018191448638679386
2025-05-23,107287.796875,BTC,-0.03927066820202352
2025-05-24,107791.15625,BTC,0.004691674073487251
2025-05-25,109035.390625,BTC,0.011543009819045436
2025-05-26,109440.3671875,BTC,0.003714175371671846
2025-05-27,108994.640625,BTC,-0.004072780217708405
2025-05-28,107802.328125,BTC,-0.010939184653144474
2025-05-29,105641.7578125,BTC,-0.020041963379443528
2025-05-30,103998.5703125,BTC,-0.015554336978341854
2025-05-31,104638.09375,BTC,0.006149348357177731
2025-06-01,105652.1015625,BTC,0.009690618169351017
2025-06-02,105881.53125,BTC,0.0021715582000447764
2025-06-03,105432.46875,BTC,-0.004241178746647534
2025-06-04,104731.984375,BTC,-0.0066439151364365845
2025-06-05,101575.953125,BTC,-0.030134359325224014
2025-06-06,104390.34375,BTC,0.027707252931573167
2025-06-07,105615.625,BTC,0.011737496074678777
2025-06-08,105793.6484375,BTC,0.0016855786016509722
2025-06-09,110294.1015625,BTC,0.04253991795791734
2025-06-10,110257.234375,BTC,-0.0003342625487465778
2025-06-11,108686.625,BTC,-0.014244955298426398
2025-06-12,105929.0546875,BTC,-0.025371753999169577
2025-06-13,106090.96875,BTC,0.0015285141831733462
2025-06-14,105472.40625,BTC,-0.0058304915798971235
2025-06-15,105552.0234375,BTC,0.0007548627203146641
2025-06-16,106796.7578125,BTC,0.011792615001237072
2025-06-17,104601.1171875,BTC,-0.020559056941174436
2025-06-18,104883.328125,BTC,0.0026979724986506692
2025-06-19,104684.2890625,BTC,-0.0018977187896134229
2025-06-20,103309.6015625,BTC,-0.013131746055793259
2025-06-21,102257.40625,BTC,-0.010184874363913243
2025-06-22,100987.140625,BTC,-0.012422235919953284
2025-06-23,105577.7734375,BTC,0.04545759771084712
2025-06-24,106045.6328125,BTC,0.004431419225533917
2025-06-25,107361.2578125,BTC,0.012406215749838134
2025-06-26,106960.0,BTC,-0.003737454466123835
2025-06-27,107088.4296875,BTC,0.0012007263229245613
2025-06-28,107327.703125,BTC,0.002234353778444831
2025-06-29,108385.5703125,BTC,0.009856422495764683
2025-06-30,107135.3359375,BTC,-0.011535062936840146
2025-07-01,105698.28125,BTC,-0.013413452013053329
2025-07-02,108859.3203125,BTC,0.02990624847553991
2025-07-03,109647.9765625,BTC,0.007244728772290987
2025-07-04,108034.3359375,BTC,-0.014716556343200904
2025-07-05,108231.1796875,BTC,0.0018220480395592098
2025-07-06,109232.0703125,BTC,0.009247710575546852
2025-07-07,108299.8515625,BTC,-0.008534295352390808
2025-07-08,108950.2734375,BTC,0.006005750382996888
2025-07-09,111326.5546875,BTC,0.021810695604753683
2025-07-10,115987.203125,BTC,0.041864660687494615
2025-07-11,117516.9921875,BTC,0.013189291760499877
2025-07-12,117435.2265625,BTC,-0.0006957770402219454
2025-07-13,119116.1171875,BTC,0.014313342548076147
2025-07-14,119849.703125,BTC,0.006158578325259345
2025-07-15,117777.1875,BTC,-0.01729262210051885
2025-07-16,118738.5078125,BTC,0.00816219450392297
2025-07-17,119289.84375,BTC,0.004643278306736054
2025-07-18,118003.2265625,BTC,-0.01078563897020779
2025-07-19,117939.9765625,BTC,-0.0005360022928398989
2025-07-20,117300.7890625,BTC,-0.00541960002562214
2025-07-21,117439.5390625,BTC,0.0011828564931994912
2025-07-22,119995.4140625,BTC,0.02176332622218302
2025-07-23,118754.9609375,BTC,-0.010337504434577038
2025-07-24,118368.0,BTC,-0.0032584822936673197
2025-07-25,117635.8828125,BTC,-0.006185093838706357
2025-07-26,117947.3671875,BTC,0.002647868724685587
2025-07-27,119448.4921875,BTC,0.012727075099638885
2025-07-28,117924.4765625,BTC,-0.012758768211219684
2025-07-29,117922.1484375,BTC,-1.9742508661990676e-05
2025-07-30,117831.1875,BTC,-0.0007713643170961237
2025-07-31,115758.203125,BTC,-0.017592832754910526
2025-08-01,113320.0859375,BTC,-0.021062154747402473
2025-08-02,112526.9140625,BTC,-0.006999393518263508
2025-08-03,114217.671875,BTC,0.015025363723748075
2025-08-04,115071.8828125,BTC,0.007478798363486527
2025-08-05,114141.4453125,BTC,-0.008085706753543476
2025-08-06,115028.0,BTC,0.007767158415357134
2025-08-07,117496.8984375,BTC,0.021463456180234486
2025-08-08,116688.7265625,BTC,-0.0068782400705657
2025-08-09,116500.359375,BTC,-0.0016142706587778388
2025-08-10,119306.7578125,BTC,0.02408918266480664
2025-08-11,118731.4453125,BTC,-0.004822128356753663
2025-08-12,120172.90625,BTC,0.012140515376580119
2025-08-13,123344.0625,BTC,0.026388279596092357
2025-08-14,118359.578125,BTC,-0.040411222672351976
2025-08-15,117398.3515625,BTC,-0.008121240187970669
2025-08-16,117491.3515625,BTC,0.0007921746665282559
2025-08-17,117453.0625,BTC,-0.00032588834829794244
2025-08-18,116252.3125,BTC,-0.01022323279139703
2025-08-19,112831.1796875,BTC,-0.029428514056440758
2025-08-20,114274.7421875,BTC,0.012794003430595335
2025-08-21,112419.03125,BTC,-0.01623902974513114
2025-08-22,116874.0859375,BTC,0.03962900798880531
2025-08-23,115374.328125,BTC,-0.012832252765613172
2025-08-24,113458.4296875,BTC,-0.016605933647771742
2025-08-25,110124.3515625,BTC,-0.029385900493979156
2025-08-26,111802.65625,BTC,0.015240086898922645
2025-08-27,111222.0625,BTC,-0.005193022862549412
2025-08-28,112544.8046875,BTC,0.01189280397942638
2025-08-29,108410.8359375,BTC,-0.036731759955323295
2025-08-30,108808.0703125,BTC,0.003664157476186425
2025-08-31,108236.7109375,BTC,-0.00525107534173741
2025-09-01,109250.59375,BTC,0.009367272930950854
2025-09-02,111200.5859375,BTC,0.017848801737061493
2025-09-03,111723.2109375,BTC,0.004699840343410866
2025-09-04,110723.6015625,BTC,-0.008947195185422974
2025-09-05,110650.984375,BTC,-0.0006558419928113235
2025-09-06,110224.6953125,BTC,-0.0038525555367432407
2025-09-07,111167.6171875,BTC,0.008554542812086785
2025-09-08,112071.4296875,BTC,0.008130177859939192
2025-09-09,111530.546875,BTC,-0.004826232823193166
2025-09-10,113955.359375,BTC,0.02174124101370767
2025-09-11,115507.5390625,BTC,0.013620945043858246
2025-09-12,116101.578125,BTC,0.005142859655061782
2025-09-13,115950.5078125,BTC,-0.0013011908618274504
2025-09-14,115407.65625,BTC,-0.004681752350561785
2025-09-15,115444.875,BTC,0.0003224981011604733
2025-09-16,116843.1875,BTC,0.012112382641498831
2025-09-17,116468.5078125,BTC,-0.0032066883445814875
2025-09-18,117137.203125,BTC,0.005741425944741474
2025-09-19,115688.859375,BTC,-0.012364506846338497
2025-09-20,115721.9609375,BTC,0.0002861257573012477
2025-09-21,115306.09375,BTC,-0.003593675600818802
2025-09-22,112748.5078125,BTC,-0.02218083931492132
2025-09-23,112014.5,BTC,-0.00651013327573835
2025-09-24,113328.6328125,BTC,0.011731809832655538
2025-09-25,109049.2890625,BTC,-0.03776048156409062
2025-09-26,109712.828125,BTC,0.0060847628462732395
2025-09-27,109681.9453125,BTC,-0.0002814877077529365
2025-09-28,112122.640625,BTC,0.02225248016477188
2025-09-29,114400.3828125,BTC,0.02031473906432546
2025-09-30,114056.0859375,BTC,-0.003009577997342028
2025-10-01,118648.9296875,BTC,0.04026829179914837
2025-10-02,120681.2578125,BTC,0.017128920845327356
2025-10-03,122266.53125,BTC,0.013136036748664148
2025-10-04,122425.4296875,BTC,0.001299606980548873
2025-10-05,123513.4765625,BTC,0.008887425412982486
2025-10-06,124752.53125,BTC,0.010031736794915869
2025-10-07,121451.3828125,BTC,-0.026461574802715715
2025-10-08,123354.8671875,BTC,0.01567280940669602
2025-10-09,121705.5859375,BTC,-0.013370216251727518
2025-10-10,113214.3671875,BTC,-0.06976852117831744
2025-10-11,110807.8828125,BTC,-0.02125599811033263
2025-10-12,115169.765625,BTC,0.03936437283871608
2025-10-13,115271.078125,BTC,0.000879679657679322
2025-10-14,113118.6640625,BTC,-0.01867262888064536
2025-10-15,110783.1640625,BTC,-0.02064646024028005
2025-10-16,108186.0390625,BTC,-0.023443318504017374
2025-10-17,106467.7890625,BTC,-0.01588236351834038
2025-10-18,107198.265625,BTC,0.006861009972426446
2025-10-19,108666.7109375,BTC,0.013698405510000455
2025-10-20,110588.9296875,BTC,0.01768912239467313
2025-10-21,108476.890625,BTC,-0.019098105646452646
2025-10-22,107688.5859375,BTC,-0.007267028792566799
2025-10-23,110069.7265625,BTC,0.022111355667553845
2025-10-24,111033.921875,BTC,0.008759859251149305
2025-10-25,111641.7265625,BTC,0.005474045023684315
2025-10-26,114472.4453125,BTC,0.025355383127430242
2025-10-27,114119.328125,BTC,-0.0030847352525406047
2025-10-28,112956.1640625,BTC,-0.01019252462848308
2025-10-29,110055.3046875,BTC,-0.025681284408657135
2025-10-30,108305.546875,BTC,-0.015898895718551742
2025-10-31,109556.1640625,BTC,0.011547120379193476
2025-11-01,110064.015625,BTC,0.004635536182247879
2025-11-02,110639.625,BTC,0.005229768982454308
2025-11-03,106547.5234375,BTC,-0.03698585893164408
2025-11-04,101590.5234375,BTC,-0.046523840630681046
2025-11-05,103891.8359375,BTC,0.02265282648549194
2025-11-06,101301.2890625,BTC,-0.02493503798083263
2025-11-07,103372.40625,BTC,0.020445121741957006
2025-11-08,102282.1171875,BTC,-0.010547196317199026
2025-11-09,104719.640625,BTC,0.02383137448193029
2025-11-10,105996.59375,BTC,0.012194017448672767
2025-11-11,102997.46875,BTC,-0.028294541304540788
2025-11-12,101663.1875,BTC,-0.012954505253314763
2025-11-13,99697.4921875,BTC,-0.01933536967351135
2025-11-14,94397.7890625,BTC,-0.053157837862490065
2025-11-15,95549.1484375,BTC,0.012196889211437911
2025-11-16,94177.078125,BTC,-0.01435983820826503
2025-11-17,92093.875,BTC,-0.02212006537551514
2025-11-18,92948.875,BTC,0.009284005043766586
2025-11-19,91465.9921875,BTC,-0.015953746750565823
2025-11-20,86631.8984375,BTC,-0.05285126891851111
2025-11-21,85090.6875,BTC,-0.017790340109098413
2025-11-22,84648.359375,BTC,-0.0051983141515926645
2025-11-23,86805.0078125,BTC,0.025477734635657168
2025-11-24,88270.5625,BTC,0.01688329653360121
2025-11-25,87341.890625,BTC,-0.010520742688141405
2025-11-26,90518.3671875,BTC,0.03636830551491177
2025-11-27,91285.375,BTC,0.008473504729832548
2025-11-28,90919.265625,BTC,-0.004010602738938163
2025-11-29,90851.7578125,BTC,-0.0007425028351905061
2025-11-30,90394.3125,BTC,-0.005035073877646679
2025-12-01,86321.5703125,BTC,-0.045055292472078956
2025-12-02,91350.203125,BTC,0.05825464938016567
2025-12-03,93527.8046875,BTC,0.023837949867722363
2025-12-04,92141.625,BTC,-0.014821043775501641
2025-12-05,89387.7578125,BTC,-0.029887330373216225
2025-12-06,89272.375,BTC,-0.0012908122468182626
2025-12-07,90405.640625,BTC,0.012694471554050235
2025-12-08,90640.203125,BTC,0.0025945560296725123
2025-12-09,92691.7109375,BTC,0.022633530616329445
2025-12-10,92020.9453125,BTC,-0.007236522211271801
2025-12-11,92511.3359375,BTC,0.005329119618741718
2025-12-12,90270.4140625,BTC,-0.024223213861206738
2025-12-13,90298.7109375,BTC,0.00031346787642294593
2025-12-14,88175.1796875,BTC,-0.023516739363752315
2025-12-15,86419.78125,BTC,-0.019908078936967
2025-12-16,87843.984375,BTC,0.01648005936140917
2025-12-17,86143.7578125,BTC,-0.01935507109105894
2025-12-18,85462.5078125,BTC,-0.007908292107279613
2025-12-19,88103.3828125,BTC,0.03090097713717843
2025-12-20,88344.0,BTC,0.002731077738661547
2025-12-21,88621.75,BTC,0.0031439599746445612
2025-12-22,88490.015625,BTC,-0.0014864790528285043
2025-12-23,87414.0,BTC,-0.01215974047919599
2025-12-24,87611.9609375,BTC,0.0022646365284737513
2025-12-25,87234.7421875,BTC,-0.004305562231041726
2025-12-26,87301.4296875,BTC,0.0007644603322913834
2025-12-27,87802.15625,BTC,0.005735605525503784
2025-12-28,87835.8359375,BTC,0.00038358610925337544
2025-12-29,87138.140625,BTC,-0.007943173820266769
2025-12-30,88430.1328125,BTC,0.014826942349620564
2025-12-31,87508.828125,BTC,-0.01041844740246467
2026-01-01,88731.984375,BTC,0.013977518339667538
2026-01-02,89944.6953125,BTC,0.013667122921255048
2026-01-03,90603.1875,BTC,0.007321078638514056
2026-01-04,91413.4921875,BTC,0.008943445698309516
2026-01-05,93882.5546875,BTC,0.027009825802690735
2026-01-06,93729.03125,BTC,-0.0016352711961346023
2026-01-07,91308.0546875,BTC,-0.025829527204251357
2026-01-08,91027.125,BTC,-0.003076724046541912
2026-01-09,90513.1015625,BTC,-0.005646925984974294
2026-01-10,90386.6484375,BTC,-0.001397069847536736
2026-01-11,90827.4609375,BTC,0.004876964768804504
2026-01-12,91192.9921875,BTC,0.004024457429802286
2026-01-13,95321.78125,BTC,0.04527528885126264
2026-01-14,96929.328125,BTC,0.016864423365986925
2026-01-15,95551.1875,BTC,-0.01421799419905967
2026-01-16,95525.1171875,BTC,-0.00027284132392391136
2026-01-17,95099.921875,BTC,-0.004451136256293897
2026-01-18,93634.4296875,BTC,-0.01541002514624834
2026-01-19,92553.59375,BTC,-0.011543146480490485
2026-01-20,88310.90625,BTC,-0.04584033237499219
2026-01-21,89376.9609375,BTC,0.012071608510981546
2026-01-22,89462.453125,BTC,0.000956534957143873
2026-01-23,89503.875,BTC,0.00046300848627667257
2026-01-24,89110.734375,BTC,-0.00439244250598092
2026-01-25,86572.21875,BTC,-0.028487203509257375
2026-01-26,88267.140625,BTC,0.019578126787931138
2026-01-27,89102.5703125,BTC,0.009464787027023913
2026-01-28,89184.5703125,BTC,0.0009202877056453396
2026-01-29,84561.5859375,BTC,-0.05183614563372574
2026-01-30,84128.65625,BTC,-0.005119696877728619
2026-01-31,78621.1171875,BTC,-0.06546567255435032
2026-02-01,76974.4453125,BTC,-0.02094439679701987
2026-02-02,78688.765625,BTC,0.022271291537603544
2026-02-03,75633.546875,BTC,-0.03882661934945053
2026-02-04,73019.703125,BTC,-0.03455931736640505
2026-02-05,62702.09765625,BTC,-0.14129892381358544
2026-02-06,70555.390625,BTC,0.1252476912623226
2026-02-07,69281.96875,BTC,-0.018048541205989532
2026-02-08,70264.7265625,BTC,0.014184900201757111
2026-02-09,70120.78125,BTC,-0.00204861414171964
2026-02-10,68793.9609375,BTC,-0.018921927121284043
2026-02-11,66991.96875,BTC,-0.02619404614799148
2026-02-12,66221.84375,BTC,-0.011495780977477277
2026-02-13,68857.84375,BTC,0.039805596623848194
2026-02-14,69767.625,BTC,0.013212456278809848
2026-02-15,68788.1875,BTC,-0.014038567315427408
2026-02-16,68843.15625,BTC,0.000799101589935125
2026-02-17,67494.21875,BTC,-0.019594358734823403
2026-02-18,66425.3203125,BTC,-0.015836888807606253
2026-02-19,66957.5234375,BTC,0.008012052068341324
2026-02-20,68005.421875,BTC,0.015650197075734784
2026-02-21,68003.765625,BTC,-2.435467576455963e-05
2026-02-22,67659.390625,BTC,-0.005064057803784272
2026-02-23,64616.73828125,BTC,-0.04497014110892317
2026-02-24,64080.04296875,BTC,-0.008305824880296298
2026-02-25,67960.125,BTC,0.060550552894326426
2026-02-26,67453.7734375,BTC,-0.007450715585058165
2026-02-27,65881.796875,BTC,-0.023304501473983996
2026-02-28,66995.859375,BTC,0.016910019957618205
2026-03-01,65738.1015625,BTC,-0.018773664883674046
2026-03-02,68775.8515625,BTC,0.04620988327616793
2026-03-03,68293.6484375,BTC,-0.007011227255569463
2026-03-04,72710.578125,BTC,0.06467555605177866
2026-03-05,70841.125,BTC,-0.025710882421896564
2026-03-06,68136.4921875,BTC,-0.03817885179689062
2026-03-07,67272.59375,BTC,-0.01267893913767526
2026-03-08,65969.78125,BTC,-0.01936617019467901
2026-03-09,68402.3828125,BTC,0.03687448277691541
2026-03-10,69926.921875,BTC,0.022287806357257578
2026-03-11,70204.8828125,BTC,0.003975020350486469
2026-03-12,70493.4609375,BTC,0.004110513591636167
2026-03-13,70968.265625,BTC,0.006735442992662266
2026-03-14,71214.625,BTC,0.0034714019404360474
2026-03-15,72789.9140625,BTC,0.022120302711697182
2026-03-16,74861.0859375,BTC,0.028454105238008953
2026-03-17,73922.4765625,BTC,-0.01253801442025071
2026-03-18,71245.578125,BTC,-0.0362122396594321
2026-03-19,69912.7890625,BTC,-0.01870697238447039
2026-03-20,70522.5859375,BTC,0.008722250723753211
2026-03-21,68711.5234375,BTC,-0.025680602546325204
2026-03-22,67845.2109375,BTC,-0.012607965253281006
2026-03-23,70914.859375,BTC,0.04524488014825101
2026-03-24,70517.859375,BTC,-0.005598262529164066
2026-03-25,71309.8828125,BTC,0.011231529778693128
2026-03-26,68791.625,BTC,-0.03531428903229905
2026-03-27,66338.375,BTC,-0.035662044616623034
2026-03-28,66319.6953125,BTC,-0.0002815819275042708
2026-03-29,65954.921875,BTC,-0.005500227885263609
2026-03-30,66691.4453125,BTC,0.011167073154841889
2026-03-31,68233.3125,BTC,0.02311941479563351
2026-04-01,68078.5546875,BTC,-0.002268068291422898
2026-04-02,66888.5703125,BTC,-0.017479577533077273
2026-04-03,66931.1015625,BTC,0.0006358522809097877
2026-04-04,67290.515625,BTC,0.005369911059425414
2026-04-05,68981.8984375,BTC,0.02513553056906015
2026-04-06,68859.828125,BTC,-0.0017695992030517527
2026-04-07,71940.703125,BTC,0.04474125312086663
2026-04-08,71123.359375,BTC,-0.011361353371537541
2026-04-09,71767.828125,BTC,0.009061281070850802
2026-04-10,72979.046875,BTC,0.016876904061948084
2026-04-11,73054.2734375,BTC,0.0010307967248304184
2026-04-12,70753.40625,BTC,-0.031495312720733026
2026-04-13,74484.640625,BTC,0.05273575609654846
2026-04-14,74181.609375,BTC,-0.004068372317531099
2026-04-15,74805.078125,BTC,0.008404626904874313
2026-04-16,75152.1328125,BTC,0.004639453579876829
2026-04-17,77126.875,BTC,0.02627659540184779
2026-04-18,75726.2109375,BTC,-0.01816051878803593
2026-04-19,73856.3515625,BTC,-0.024692366775663332
2026-04-20,75872.5234375,BTC,0.027298557704868998
2026-04-21,76352.7734375,BTC,0.0063296958930805225
2026-04-22,78203.1015625,BTC,0.024233934691509473
2026-04-23,78268.953125,BTC,0.0008420581944230676
2026-04-24,77455.3125,BTC,-0.010395445352393673
2026-04-25,77612.015625,BTC,0.0020231423764509593
2026-04-26,78657.5390625,BTC,0.013471154293320797
2026-04-27,77366.625,BTC,-0.01641182876919478
2026-04-28,76350.671875,BTC,-0.013131671764148978
2026-04-29,75776.1328125,BTC,-0.007525003361340765
2026-04-30,76304.3203125,BTC,0.00697036758667724
2026-05-01,78179.0,BTC,0.024568460603834108
2026-05-02,78657.25,BTC,0.006117371672699878
2026-05-03,78538.2265625,BTC,-0.00151319093281288
2026-05-04,79827.90625,BTC,0.016421044171065935
2026-05-05,80927.0546875,BTC,0.013768974900303155
2026-05-06,81427.53125,BTC,0.006184292316489204
2026-05-07,80009.9921875,BTC,-0.017408596831308243
2026-05-08,80186.765625,BTC,0.0022093920105095144
2026-05-09,80664.3671875,BTC,0.0059561145630133705
2026-05-10,82138.9296875,BTC,0.01828022150812214
2026-05-11,81728.296875,BTC,-0.004999247178679611
2026-05-12,80477.4921875,BTC,-0.015304426194186482
2026-05-13,79277.1171875,BTC,-0.014915661104390687
2026-05-14,81051.25,BTC,0.022378876470797504
2026-05-15,79065.6796875,BTC,-0.024497713637975926
2026-05-16,78131.4375,BTC,-0.0118160267665125
2026-05-17,77429.3515625,BTC,-0.008985959556932488
2026-05-18,76954.171875,BTC,-0.006136945201154598
2026-05-19,76750.90625,BTC,-0.002641385386229267
2026-05-20,77457.7734375,BTC,0.009209887179670861
2026-05-21,77539.171875,BTC,0.0010508749979196708
2026-05-22,75488.2421875,BTC,-0.02645023976792371
2026-05-23,76673.3671875,BTC,0.015699464786268935
2026-05-24,76981.125,BTC,0.004013881531345742
2026-05-25,77279.9296875,BTC,0.0038815318365379436
2026-05-26,75825.734375,BTC,-0.01881724424932052
2026-05-27,74344.703125,BTC,-0.019532039646005694
2026-05-28,73536.5546875,BTC,-0.010870289388891785
2026-05-29,73372.5234375,BTC,-0.00223060831034394
2026-05-30,73754.8359375,BTC,0.0052105676905831455
2026-05-31,73579.6875,BTC,-0.002374738351372918
2026-06-01,71319.7734375,BTC,-0.030713830668280595
2026-06-02,66703.65625,BTC,-0.06472422674681189
2026-06-03,64014.3671875,BTC,-0.04031696632071802
2026-06-04,63801.57421875,BTC,-0.0033241439086123536
2026-06-05,60922.66796875,BTC,-0.04512280904119048
2026-06-06,60867.4140625,BTC,-0.0009069515189049637
2026-06-07,63239.51953125,BTC,0.03897168140434348
2026-06-08,63090.58984375,BTC,-0.0023550097882448773
2026-06-09,61643.78125,BTC,-0.022932240724538477
2026-06-10,61449.2890625,BTC,-0.0031550982687325035
2026-06-11,63561.0546875,BTC,0.0343659895373587
2026-06-12,63543.19921875,BTC,-0.000280918383714468
2026-06-13,64421.32421875,BTC,0.013819338824553329
2026-06-14,65710.3984375,BTC,0.020010054657876974
2026-06-15,66289.5,BTC,0.00881293640382963
2026-06-16,65600.640625,BTC,-0.010391681563445165
2026-06-17,64418.4453125,BTC,-0.01802109402037566
2026-06-18,62896.47265625,BTC,-0.0236263487711752
2026-06-19,63540.8359375,BTC,0.010244823819797633
2026-06-20,64239.67578125,BTC,0.01099827903487749
2026-06-21,63237.5390625,BTC,-0.015599965388407244
2026-06-22,63952.10546875,BTC,0.01129971875635083
2026-06-23,62668.01953125,BTC,-0.02007886883610832
2026-06-24,60995.1328125,BTC,-0.026694424544815853
2026-06-25,59721.67578125,BTC,-0.02087801063020267
2026-06-26,60016.4296875,BTC,0.004935459402204856
2026-06-27,59940.09765625,BTC,-0.0012718522519159503
2026-06-28,59532.33984375,BTC,-0.006802755224698642
2026-06-29,60138.37890625,BTC,0.010179997360940662
2026-06-30,58558.859375,BTC,-0.026264750729518727
2026-07-01,60003.7578125,BTC,0.024674292718837698
2026-07-02,61485.30078125,BTC,0.024690836420271145
2026-07-03,62544.19921875,BTC,0.017221977026140145
2026-07-04,63088.3046875,BTC,0.008699535297381988
2026-07-05,63547.8828125,BTC,0.00728468021571449
2026-07-06,63995.015625,BTC,0.0070361559301554966
2026-07-07,63297.39453125,BTC,-0.010901178582999993
2026-07-08,62257.57421875,BTC,-0.01642753734494773
2026-07-09,63193.1484375,BTC,0.015027476262771566
2026-07-10,64127.140625,BTC,0.014779959704393386
2026-07-11,63802.02734375,BTC,-0.005069823448876076
2026-07-12,63758.21875,BTC,-0.0006866332556169086
2026-07-13,62239.12109375,BTC,-0.023825911169295333
2026-07-14,64956.11328125,BTC,0.043654089899621606
2026-07-15,64712.375,BTC,-0.0037523532264722714
2026-07-16,63789.28125,BTC,-0.014264562998962727
2026-07-17,63899.4609375,BTC,0.0017272445360874134
2026-07-18,64796.6015625,BTC,0.014039877830542169
2026-07-19,64690.8046875,BTC,-0.0016327534538667088
2026-07-20,65230.02734375,BTC,0.008335383349377112
2026-07-21,66505.125,BTC,0.019547709976119876
2026-07-22,66100.796875,BTC,-0.0060796536357160536
2026-07-23,65044.8125,BTC,-0.01597536527429344
2026-07-24,64098.49609375,BTC,-0.01454868374399576
2026-07-25,64311.8125,BTC,0.003327947132145015
2026-07-26,65340.30078125,BTC,0.0159922142024842
2026-07-27,63724.8984375,BTC,-0.024722909512739144
2026-07-28,63871.36328125,BTC,0.0022983927372384194
2026-07-29,63908.16796875,BTC,0.0005762314378343625
2026-07-30,64725.30859375,BTC,0.012786168825862365
2026-07-31,62813.74609375,BTC,-0.02953346289931147
2026-08-01,62763.3203125,BTC,-0.0008027825816142586
2026-08-02,63482.0,BTC,0.011450632055819865
2026-08-03,63143.08984375,BTC,-0.005338681141898505
2024-08-03,2903.3857421875,ETH,
2024-08-04,2686.39892578125,ETH,-0.07473578631090383
2024-08-05,2417.206298828125,ETH,-0.10020575290203382
2024-08-06,2458.723876953125,ETH,0.01717585219975959
2024-08-07,2336.58935546875,ETH,-0.049673947786168404
2024-08-08,2683.352783203125,ETH,0.14840580649003665
2024-08-09,2599.5986328125,ETH,-0.03121250061300085
2024-08-10,2610.02294921875,ETH,0.004009971491242048
2024-08-11,2553.252197265625,ETH,-0.021751054706288353
2024-08-12,2724.431884765625,ETH,0.0670437834865365
2024-08-13,2703.671875,ETH,-0.007619940833063277
2024-08-14,2662.914794921875,ETH,-0.015074713930707695
2024-08-15,2570.087646484375,ETH,-0.03485922591835067
2024-08-16,2593.1865234375,ETH,0.008987583355268836
2024-08-17,2614.546875,ETH,0.008237105726658145
2024-08-18,2613.357177734375,ETH,-0.00045503000041835495
2024-08-19,2637.306396484375,ETH,0.009164158253623267
2024-08-20,2573.10693359375,ETH,-0.024342815448445854
2024-08-21,2631.3955078125,ETH,0.02265299333570292
2024-08-22,2622.951416015625,ETH,-0.003208978571182075
2024-08-23,2764.447021484375,ETH,0.05394518732020126
2024-08-24,2769.3896484375,ETH,0.0017879260896347393
2024-08-25,2749.15771484375,ETH,-0.007305556877908126
2024-08-26,2681.340576171875,ETH,-0.024668333251928187
2024-08-27,2458.7265625,ETH,-0.08302340092495786
2024-08-28,2528.41552734375,ETH,0.02834351973360194
2024-08-29,2528.792724609375,ETH,0.00014918325787260933
2024-08-30,2525.822021484375,ETH,-0.0011747515310726042
2024-08-31,2513.393798828125,ETH,-0.004920466505769938
2024-09-01,2427.90234375,ETH,-0.034014349489517204
2024-09-02,2538.187255859375,ETH,0.04542394894641233
2024-09-03,2420.603759765625,ETH,-0.04632577672207194
2024-09-04,2448.97705078125,ETH,0.011721576032903469
2024-09-05,2367.737548828125,ETH,-0.03317283105091118
2024-09-06,2223.87646484375,ETH,-0.06075888100671323
2024-09-07,2274.107177734375,ETH,0.022587006825558698
2024-09-08,2297.29296875,ETH,0.010195557730363625
2024-09-09,2358.482177734375,ETH,0.026635352920471922
2024-09-10,2389.5810546875,ETH,0.013185970725884122
2024-09-11,2339.841552734375,ETH,-0.020815155801287455
2024-09-12,2361.78173828125,ETH,0.009376782595058808
2024-09-13,2441.607177734375,ETH,0.03379882152498004
2024-09-14,2418.595703125,ETH,-0.009424724345186375
2024-09-15,2320.897216796875,ETH,-0.04039471590968735
2024-09-16,2295.28369140625,ETH,-0.011036044683605084
2024-09-17,2341.707763671875,ETH,0.020225853753695455
2024-09-18,2369.72900390625,ETH,0.011966155926492306
2024-09-19,2464.752197265625,ETH,0.04009875947956032
2024-09-20,2561.072021484375,ETH,0.039078907942797114
2024-09-21,2615.857177734375,ETH,0.021391493792606076
2024-09-22,2582.862548828125,ETH,-0.012613314361003103
2024-09-23,2648.54638671875,ETH,0.025430636221980274
2024-09-24,2654.35498046875,ETH,0.0021931251720292977
2024-09-25,2579.388671875,ETH,-0.028242759218479185
2024-09-26,2632.199951171875,ETH,0.020474339471486358
2024-09-27,2695.900634765625,ETH,0.024200548885121798
2024-09-28,2677.5390625,ETH,-0.006810923232421495
2024-09-29,2659.346923828125,ETH,-0.006794350426726936
2024-09-30,2603.062744140625,ETH,-0.021164662339909768
2024-10-01,2448.921142578125,ETH,-0.059215476810716816
2024-10-02,2365.231689453125,ETH,-0.03417400898294953
2024-10-03,2349.791259765625,ETH,-0.006528083382423278
2024-10-04,2414.7939453125,ETH,0.027663174452933648
2024-10-05,2415.6318359375,ETH,0.0003469822452661919
2024-10-06,2439.957763671875,ETH,0.010070213255379601
2024-10-07,2421.796630859375,ETH,-0.0074432160600884645
2024-10-08,2439.8408203125,ETH,0.007450745129958358
2024-10-09,2368.283447265625,ETH,-0.029328705566008972
2024-10-10,2383.85791015625,ETH,0.0065762664129611625
2024-10-11,2436.513427734375,ETH,0.022088362462288513
2024-10-12,2476.523193359375,ETH,0.016420909144015505
2024-10-13,2467.677001953125,ETH,-0.00357202041554483
2024-10-14,2628.89990234375,ETH,0.06533387483978648
2024-10-15,2606.02197265625,ETH,-0.00870247272142377
2024-10-16,2611.10205078125,ETH,0.0019493612019787498
2024-10-17,2604.2734375,ETH,-0.0026152226716711358
2024-10-18,2641.55224609375,ETH,0.014314475606500121
2024-10-19,2648.656982421875,ETH,0.002689606589697968
2024-10-20,2746.364013671875,ETH,0.03688927328017333
2024-10-21,2665.712158203125,ETH,-0.029366775513825272
2024-10-22,2620.197509765625,ETH,-0.01707410468059689
2024-10-23,2509.098876953125,ETH,-0.04240086191916037
2024-10-24,2534.49853515625,ETH,0.010123020035770258
2024-10-25,2435.93408203125,ETH,-0.03888913398757343
2024-10-26,2479.603271484375,ETH,0.017927081761059283
2024-10-27,2505.940673828125,ETH,0.01062161945285034
2024-10-28,2565.34814453125,ETH,0.02370665487957191
2024-10-29,2637.95751953125,ETH,0.02830390688093809
2024-10-30,2657.37255859375,ETH,0.007359875554762585
2024-10-31,2515.79931640625,ETH,-0.05327564692788833
2024-11-01,2511.885498046875,ETH,-0.001555695771857435
2024-11-02,2491.068603515625,ETH,-0.00828735806127956
2024-11-03,2456.42529296875,ETH,-0.013907007819047301
2024-11-04,2397.0263671875,ETH,-0.024181043059307794
2024-11-05,2422.650634765625,ETH,0.010690023242502233
2024-11-06,2724.169189453125,ETH,0.12445812465100636
2024-11-07,2895.58544921875,ETH,0.06292423408548897
2024-11-08,2962.296630859375,ETH,0.023038926949513483
2024-11-09,3131.14453125,ETH,0.05699898471735465
2024-11-10,3191.331298828125,ETH,0.01922197042565066
2024-11-11,3374.81298828125,ETH,0.05749377681988088
2024-11-12,3246.25732421875,ETH,-0.0380926778784183
2024-11-13,3192.595947265625,ETH,-0.016530228997185037
2024-11-14,3058.94873046875,ETH,-0.041861613246530704
2024-11-15,3103.04052734375,ETH,0.014414035918883572
2024-11-16,3133.27392578125,ETH,0.00974315294018413
2024-11-17,3075.66162109375,ETH,-0.01838725437104416
2024-11-18,3207.8564453125,ETH,0.04298093890177013
2024-11-19,3111.384033203125,ETH,-0.030073793436219964
2024-11-20,3072.18798828125,ETH,-0.012597623598885388
2024-11-21,3361.053955078125,ETH,0.09402613638837987
2024-11-22,3331.600830078125,ETH,-0.008763062239896535
2024-11-23,3396.223388671875,ETH,0.019396849109391878
2024-11-24,3363.659912109375,ETH,-0.009588143309746888
2024-11-25,3413.5439453125,ETH,0.01483028442427825
2024-11-26,3326.517333984375,ETH,-0.0254945044570557
2024-11-27,3657.249267578125,ETH,0.09942287996365606
2024-11-28,3579.8115234375,ETH,-0.021173767078749073
2024-11-29,3593.494384765625,ETH,0.003822229533186672
2024-11-30,3705.705322265625,ETH,0.03122613408711894
2024-12-01,3711.1650390625,ETH,0.0014733272945559595
2024-12-02,3644.198486328125,ETH,-0.018044617264257212
2024-12-03,3620.711669921875,ETH,-0.0064449882448404106
2024-12-04,3841.3310546875,ETH,0.06093260244895049
2024-12-05,3811.00830078125,ETH,-0.007893814272854183
2024-12-06,4005.810546875,ETH,0.051115670898385535
2024-12-07,4002.692626953125,ETH,-0.0007783493216640958
2024-12-08,4005.70458984375,ETH,0.0007524841828581152
2024-12-09,3718.6904296875,ETH,-0.07165135464156769
2024-12-10,3631.833740234375,ETH,-0.02335679484361486
2024-12-11,3832.822021484375,ETH,0.055340716460503314
2024-12-12,3883.1015625,ETH,0.013118151777930187
2024-12-13,3911.205322265625,ETH,0.007237451638409276
2024-12-14,3868.4052734375,ETH,-0.010942930708463194
2024-12-15,3951.941162109375,ETH,0.02159439944037822
2024-12-16,3987.48095703125,ETH,0.00899299697642908
2024-12-17,3886.76611328125,ETH,-0.02525776168846805
2024-12-18,3618.791259765625,ETH,-0.06894545380539963
2024-12-19,3417.927978515625,ETH,-0.05550562793804503
2024-12-20,3472.553466796875,ETH,0.015982047785855658
2024-12-21,3337.222412109375,ETH,-0.038971625917780583
2024-12-22,3277.53515625,ETH,-0.01788530954448675
2024-12-23,3415.785400390625,ETH,0.042181162840310815
2024-12-24,3492.0498046875,ETH,0.022327047913535125
2024-12-25,3493.2353515625,ETH,0.00033949884489303805
2024-12-26,3331.225830078125,ETH,-0.04637807223950974
2024-12-27,3328.9169921875,ETH,-0.000693089573747363
2024-12-28,3397.90234375,ETH,0.02072306150150305
2024-12-29,3349.513427734375,ETH,-0.014240820106154684
2024-12-30,3356.392578125,ETH,0.0020537760301735375
2024-12-31,3332.53173828125,ETH,-0.0071090729967826505
2025-01-01,3353.504150390625,ETH,0.006293237021109732
2025-01-02,3451.392578125,ETH,0.029189893122086197
2025-01-03,3605.009765625,ETH,0.04450875524089293
2025-01-04,3657.706787109375,ETH,0.014617719482165947
2025-01-05,3634.103759765625,ETH,-0.006452957745802013
2025-01-06,3688.611328125,ETH,0.01499890260780301
2025-01-07,3381.577392578125,ETH,-0.08323835401301194
2025-01-08,3326.329345703125,ETH,-0.016337951334858714
2025-01-09,3219.4306640625,ETH,-0.03213713091240178
2025-01-10,3267.489990234375,ETH,0.014927896012281394
2025-01-11,3282.2177734375,ETH,0.004507369034684849
2025-01-12,3265.951171875,ETH,-0.004955978757455792
2025-01-13,3135.499755859375,ETH,-0.03994285558798849
2025-01-14,3223.6845703125,ETH,0.028124644018336253
2025-01-15,3450.53759765625,ETH,0.07037072715887938
2025-01-16,3308.34521484375,ETH,-0.041208762051769265
2025-01-17,3474.107177734375,ETH,0.05010419171097702
2025-01-18,3305.78955078125,ETH,-0.0484491750950794
2025-01-19,3208.96435546875,ETH,-0.02928958236001966
2025-01-20,3278.035400390625,ETH,0.02152440391061483
2025-01-21,3327.40625,ETH,0.015061109347230373
2025-01-22,3240.224609375,ETH,-0.026201080984625813
2025-01-23,3334.714111328125,ETH,0.029161404946970837
2025-01-24,3309.554931640625,ETH,-0.007544628669076459
2025-01-25,3317.26953125,ETH,0.0023310081774501334
2025-01-26,3236.13427734375,ETH,-0.02445844485711024
2025-01-27,3178.92041015625,ETH,-0.017679695057172262
2025-01-28,3077.112548828125,ETH,-0.0320259233300908
2025-01-29,3112.9990234375,ETH,0.011662386097330613
2025-01-30,3247.780029296875,ETH,0.0432961927853559
2025-01-31,3298.26513671875,ETH,0.015544497153892722
2025-02-01,3118.32861328125,ETH,-0.05455489961504678
2025-02-02,2868.69287109375,ETH,-0.08005434100956466
2025-02-03,2884.566650390625,ETH,0.005533453740142802
2025-02-04,2735.05126953125,ETH,-0.05183287439003281
2025-02-05,2787.779052734375,ETH,0.01927853557646908
2025-02-06,2688.40087890625,ETH,-0.035647794157377954
2025-02-07,2622.211181640625,ETH,-0.024620471517087794
2025-02-08,2632.308349609375,ETH,0.0038506311160004802
2025-02-09,2628.72119140625,ETH,-0.0013627424019899692
2025-02-10,2661.166748046875,ETH,0.0123427150611084
2025-02-11,2602.781982421875,ETH,-0.02193953673434812
2025-02-12,2736.902099609375,ETH,0.051529524214203315
2025-02-13,2675.902587890625,ETH,-0.022287794557012575
2025-02-14,2726.091552734375,ETH,0.018755901306300338
2025-02-15,2693.559814453125,ETH,-0.011933472391497446
2025-02-16,2663.31591796875,ETH,-0.011228225310643603
2025-02-17,2743.19970703125,ETH,0.029994109419593684
2025-02-18,2669.3388671875,ETH,-0.026925068435387
2025-02-19,2715.77099609375,ETH,0.017394617624989728
2025-02-20,2740.386474609375,ETH,0.009063900656951951
2025-02-21,2659.655517578125,ETH,-0.029459697666460616
2025-02-22,2764.029296875,ETH,0.039243345090012705
2025-02-23,2821.310302734375,ETH,0.020723733255699095
2025-02-24,2513.8212890625,ETH,-0.10898801644535905
2025-02-25,2493.592529296875,ETH,-0.008047015853369976
2025-02-26,2331.45263671875,ETH,-0.06502260921668868
2025-02-27,2305.484375,ETH,-0.01113823258073876
2025-02-28,2237.9052734375,ETH,-0.029312322518993406
2025-03-01,2216.643310546875,ETH,-0.009500832382402846
2025-03-02,2519.694580078125,ETH,0.13671629895947635
2025-03-03,2145.573974609375,ETH,-0.14847855308604507
2025-03-04,2170.01513671875,ETH,0.011391432967872817
2025-03-05,2241.977294921875,ETH,0.03316205356610458
2025-03-06,2202.476806640625,ETH,-0.017618594251921915
2025-03-07,2138.987548828125,ETH,-0.02882630029114286
2025-03-08,2201.51025390625,ETH,0.029230046295678047
2025-03-09,2015.5091552734375,ETH,-0.08448795471326165
2025-03-10,1861.1513671875,ETH,-0.07658500963990722
2025-03-11,1919.844970703125,ETH,0.031536179458804936
2025-03-12,1908.982666015625,ETH,-0.005657907202539225
2025-03-13,1862.9696044921875,ETH,-0.024103446480985946
2025-03-14,1909.467529296875,ETH,0.024959035666801466
2025-03-15,1937.3946533203125,ETH,0.01462560823630299
2025-03-16,1887.43505859375,ETH,-0.025786999381329778
2025-03-17,1927.0029296875,ETH,0.020963831795744126
2025-03-18,1932.54345703125,ETH,0.002875204421535882
2025-03-19,2057.7490234375,ETH,0.06478796942480636
2025-03-20,1982.099853515625,ETH,-0.03676306928602102
2025-03-21,1964.8475341796875,ETH,-0.008704061657306195
2025-03-22,1980.037841796875,ETH,0.007731036303297412
2025-03-23,2005.2991943359375,ETH,0.012758015026691494
2025-03-24,2077.47900390625,ETH,0.035994533770415726
2025-03-25,2067.76416015625,ETH,-0.004676265671871183
2025-03-26,2009.1893310546875,ETH,-0.028327615997143618
2025-03-27,2002.357421875,ETH,-0.003400331205273277
2025-03-28,1895.5029296875,ETH,-0.05336434495667708
2025-03-29,1827.3203125,ETH,-0.03597072635426679
2025-03-30,1806.2186279296875,ETH,-0.01154788485957492
2025-03-31,1823.47998046875,ETH,0.009556624138489678
2025-04-01,1905.491455078125,ETH,0.044975253629213396
2025-04-02,1795.313232421875,ETH,-0.05782142048584138
2025-04-03,1815.63720703125,ETH,0.011320573057860273
2025-04-04,1815.335205078125,ETH,-0.00016633386447217902
2025-04-05,1805.9732666015625,ETH,-0.0051571403729591125
2025-04-06,1576.72802734375,ETH,-0.12693722742042624
2025-04-07,1555.240966796875,ETH,-0.013627626435405826
2025-04-08,1472.5531005859375,ETH,-0.05316723773116572
2025-04-09,1668.0400390625,ETH,0.1327537447707503
2025-04-10,1522.518798828125,ETH,-0.08724085563087758
2025-04-11,1567.1497802734375,ETH,0.02931391157840868
2025-04-12,1643.528564453125,ETH,0.04873738626716384
2025-04-13,1596.685791015625,ETH,-0.028501344272703122
2025-04-14,1622.7698974609375,ETH,0.016336405441875312
2025-04-15,1588.6324462890625,ETH,-0.021036532181973544
2025-04-16,1578.1053466796875,ETH,-0.00662651680945181
2025-04-17,1582.54833984375,ETH,0.002815397066748826
2025-04-18,1588.9246826171875,ETH,0.004029161456178265
2025-04-19,1612.9228515625,ETH,0.015103402450633574
2025-04-20,1587.5142822265625,ETH,-0.01575312130479345
2025-04-21,1579.7344970703125,ETH,-0.004900607977736393
2025-04-22,1757.3316650390625,ETH,0.11242216226721125
2025-04-23,1796.104248046875,ETH,0.022063326905880754
2025-04-24,1769.8316650390625,ETH,-0.014627537926254486
2025-04-25,1786.634521484375,ETH,0.009494042160750782
2025-04-26,1821.881103515625,ETH,0.019727919508667258
2025-04-27,1792.864990234375,ETH,-0.015926458222360718
2025-04-28,1798.851806640625,ETH,0.0033392455309573243
2025-04-29,1799.1756591796875,ETH,0.00018003291759050022
2025-04-30,1793.775390625,ETH,-0.0030015237962643937
2025-05-01,1839.2215576171875,ETH,0.025335483600515296
2025-05-02,1842.7078857421875,ETH,0.0018955454880142941
2025-05-03,1833.8397216796875,ETH,-0.004812571830357215
2025-05-04,1808.59423828125,ETH,-0.013766461212495806
2025-05-05,1819.697509765625,ETH,0.006139172208646793
2025-05-06,1815.0875244140625,ETH,-0.0025333800408158247
2025-05-07,1811.606689453125,ETH,-0.0019177229274721652
2025-05-08,2206.5146484375,ETH,0.2179876908621854
2025-05-09,2345.50732421875,ETH,0.0629919569669184
2025-05-10,2582.422607421875,ETH,0.10100811912068441
2025-05-11,2510.23779296875,ETH,-0.027952363120453683
2025-05-12,2496.397705078125,ETH,-0.005513456904119418
2025-05-13,2680.129638671875,ETH,0.0735988233044782
2025-05-14,2610.063232421875,ETH,-0.02614291683469505
2025-05-15,2546.85693359375,ETH,-0.02421638604114429
2025-05-16,2536.297607421875,ETH,-0.004146022508211833
2025-05-17,2475.75439453125,ETH,-0.023870705359441913
2025-05-18,2498.233642578125,ETH,0.009079756900171487
2025-05-19,2529.166748046875,ETH,0.01238199059589462
2025-05-20,2524.173095703125,ETH,-0.001974425904344268
2025-05-21,2552.34716796875,ETH,0.011161703733228778
2025-05-22,2664.156982421875,ETH,0.04380666386466037
2025-05-23,2526.44189453125,ETH,-0.051691806751355096
2025-05-24,2530.646240234375,ETH,0.001664137106111907
2025-05-25,2551.763916015625,ETH,0.008344775909608915
2025-05-26,2564.138427734375,ETH,0.004849395212889407
2025-05-27,2663.06982421875,ETH,0.03858270497969518
2025-05-28,2682.212890625,ETH,0.007188345657390238
2025-05-29,2632.65478515625,ETH,-0.01847657419064974
2025-05-30,2529.943603515625,ETH,-0.039014299261621144
2025-05-31,2529.08740234375,ETH,-0.00033842697943353706
2025-06-01,2536.266357421875,ETH,0.002838555548326349
2025-06-02,2607.097412109375,ETH,0.027927293393387842
2025-06-03,2593.2802734375,ETH,-0.005299816803046031
2025-06-04,2608.64306640625,ETH,0.005924077364914293
2025-06-05,2416.28564453125,ETH,-0.07373849813037003
2025-06-06,2477.19482421875,ETH,0.02520777285804554
2025-06-07,2526.50537109375,ETH,0.019905800865118284
2025-06-08,2510.787109375,ETH,-0.006221345063654238
2025-06-09,2681.51708984375,ETH,0.06799858890117094
2025-06-10,2813.517578125,ETH,0.049226047740363876
2025-06-11,2773.529296875,ETH,-0.01421291324458307
2025-06-12,2651.795166015625,ETH,-0.04389141697422694
2025-06-13,2579.486083984375,ETH,-0.02726797414745119
2025-06-14,2533.444091796875,ETH,-0.017849288846087386
2025-06-15,2546.837158203125,ETH,0.005286505610925474
2025-06-16,2540.60498046875,ETH,-0.0024470263889081467
2025-06-17,2510.761474609375,ETH,-0.011746613932036243
2025-06-18,2524.301513671875,ETH,0.005392801825034654
2025-06-19,2521.653564453125,ETH,-0.0010489829382142046
2025-06-20,2407.30419921875,ETH,-0.04534697662134013
2025-06-21,2300.49560546875,ETH,-0.04436854876282892
2025-06-22,2228.213134765625,ETH,-0.031420390689421374
2025-06-23,2421.824951171875,ETH,0.0868910668308287
2025-06-24,2448.0087890625,ETH,0.01081161455453472
2025-06-25,2419.310302734375,ETH,-0.011723195789307361
2025-06-26,2416.146728515625,ETH,-0.0013076347482894324
2025-06-27,2423.866943359375,ETH,0.0031952591093227234
2025-06-28,2437.109375,ETH,0.00546334924732772
2025-06-29,2500.9599609375,ETH,0.02619931078698512
2025-06-30,2486.46435546875,ETH,-0.005796016607685361
2025-07-01,2405.792724609375,ETH,-0.032444314225516746
2025-07-02,2571.33544921875,ETH,0.06881005288444131
2025-07-03,2591.00732421875,ETH,0.007650450666005781
2025-07-04,2508.518310546875,ETH,-0.03183665785149692
2025-07-05,2517.280029296875,ETH,0.003492786444157847
2025-07-06,2571.236572265625,ETH,0.021434461935417204
2025-07-07,2543.01318359375,ETH,-0.010976581842489175
2025-07-08,2615.505859375,ETH,0.028506606355380493
2025-07-09,2770.777587890625,ETH,0.05936584999764771
2025-07-10,2954.84521484375,ETH,0.06643175827521208
2025-07-11,2957.88623046875,ETH,0.0010291624108509367
2025-07-12,2942.91162109375,ETH,-0.005062604917237423
2025-07-13,2973.35888671875,ETH,0.010345966697322684
2025-07-14,3013.350830078125,ETH,0.013450089573111779
2025-07-15,3139.8896484375,ETH,0.04199272686615596
2025-07-16,3371.5068359375,ETH,0.07376602792880305
2025-07-17,3476.784423828125,ETH,0.03122567831346279
2025-07-18,3549.016357421875,ETH,0.020775499653849394
2025-07-19,3595.273681640625,ETH,0.013033843623181607
2025-07-20,3759.471435546875,ETH,0.04567044638207407
2025-07-21,3763.371337890625,ETH,0.0010373538968471152
2025-07-22,3749.1455078125,ETH,-0.0037800761075303946
2025-07-23,3629.70361328125,ETH,-0.03185843128317001
2025-07-24,3708.005615234375,ETH,0.021572560819185016
2025-07-25,3727.266845703125,ETH,0.005194498732584263
2025-07-26,3741.39599609375,ETH,0.0037907536475187964
2025-07-27,3875.24658203125,ETH,0.03577557309550983
2025-07-28,3787.42578125,ETH,-0.022661990384936437
2025-07-29,3793.454833984375,ETH,0.0015918602984175134
2025-07-30,3808.20166015625,ETH,0.0038874395023140718
2025-07-31,3696.707763671875,ETH,-0.029277308933214563
2025-08-01,3488.365966796875,ETH,-0.05635874139752328
2025-08-02,3392.7412109375,ETH,-0.027412478154400954
2025-08-03,3497.379150390625,ETH,0.030841709681774132
2025-08-04,3718.986083984375,ETH,0.06336371438852972
2025-08-05,3611.8994140625,ETH,-0.028794587423448093
2025-08-06,3683.920654296875,ETH,0.01993999056395901
2025-08-07,3914.325927734375,ETH,0.06254349511267532
2025-08-08,4009.848876953125,ETH,0.02440342244929994
2025-08-09,4263.59912109375,ETH,0.06328174749903215
2025-08-10,4254.2177734375,ETH,-0.0022003353011864624
2025-08-11,4226.966796875,ETH,-0.006405637420032861
2025-08-12,4590.9248046875,ETH,0.08610382463415012
2025-08-13,4756.27587890625,ETH,0.036016942392504525
2025-08-14,4548.16650390625,ETH,-0.04375468965602913
2025-08-15,4439.98876953125,ETH,-0.023784910750758614
2025-08-16,4426.18017578125,ETH,-0.0031100515039045318
2025-08-17,4473.271484375,ETH,0.010639266076744924
2025-08-18,4312.5048828125,ETH,-0.03593937951766457
2025-08-19,4073.464111328125,ETH,-0.055429681352263005
2025-08-20,4334.50048828125,ETH,0.06408215951312646
2025-08-21,4223.2099609375,ETH,-0.025675513855549226
2025-08-22,4831.3486328125,ETH,0.14399915644733907
2025-08-23,4776.09033203125,ETH,-0.011437448418844975
2025-08-24,4779.6474609375,ETH,0.0007447783980119027
2025-08-25,4372.98779296875,ETH,-0.08508151935728459
2025-08-26,4600.4267578125,ETH,0.05200997021062914
2025-08-27,4503.39306640625,ETH,-0.021092323933093016
2025-08-28,4507.177734375,ETH,0.0008404036496352241
2025-08-29,4360.15283203125,ETH,-0.032620169651272346
2025-08-30,4374.1533203125,ETH,0.0032110086092389523
2025-08-31,4390.01904296875,ETH,0.0036271528440883216
2025-09-01,4314.47021484375,ETH,-0.017209225605980594
2025-09-02,4325.36572265625,ETH,0.002525340834435452
2025-09-03,4450.38916015625,ETH,0.028904708992612438
2025-09-04,4298.744140625,ETH,-0.03407455260068215
2025-09-05,4306.98876953125,ETH,0.00191791570666755
2025-09-06,4274.2421875,ETH,-0.007603126867408605
2025-09-07,4305.34765625,ETH,0.007277423081211376
2025-09-08,4308.072265625,ETH,0.0006328430576436617
2025-09-09,4309.04150390625,ETH,0.00022498189944109015
2025-09-10,4349.14599609375,ETH,0.009307056372314992
2025-09-11,4461.2333984375,ETH,0.025772278613875654
2025-09-12,4715.24609375,ETH,0.05693777317310178
2025-09-13,4668.1796875,ETH,-0.009981749693273922
2025-09-14,4609.59765625,ETH,-0.012549223717087221
2025-09-15,4526.8203125,ETH,-0.0179576071325368
2025-09-16,4503.564453125,ETH,-0.005137349788500112
2025-09-17,4592.7333984375,ETH,0.019799637873646025
2025-09-18,4589.9189453125,ETH,-0.0006128056825500661
2025-09-19,4470.9169921875,ETH,-0.025926809284188335
2025-09-20,4482.265625,ETH,0.002538323308692858
2025-09-21,4451.3291015625,ETH,-0.006901983511407805
2025-09-22,4202.87744140625,ETH,-0.055815163176552995
2025-09-23,4165.50390625,ETH,-0.008892368544476281
2025-09-24,4153.46923828125,ETH,-0.0028891265593804505
2025-09-25,3868.333984375,ETH,-0.0686499014554498
2025-09-26,4035.887939453125,ETH,0.043314242191835106
2025-09-27,4018.658203125,ETH,-0.004269131498844225
2025-09-28,4141.4765625,ETH,0.03056203169493088
2025-09-29,4217.341796875,ETH,0.018318402441761972
2025-09-30,4145.95751953125,ETH,-0.016926367551390986
2025-10-01,4351.1123046875,ETH,0.04948308905476795
2025-10-02,4487.923828125,ETH,0.03144288491246505
2025-10-03,4514.87060546875,ETH,0.006004285806920251
2025-10-04,4489.197265625,ETH,-0.005686395488865736
2025-10-05,4515.4228515625,ETH,0.005841932173111797
2025-10-06,4687.771484375,ETH,0.0381688799649984
2025-10-07,4451.15185546875,ETH,-0.05047593076900958
2025-10-08,4527.64794921875,ETH,0.017185685016793073
2025-10-09,4369.1435546875,ETH,-0.03500810935589638
2025-10-10,3843.0087890625,ETH,-0.12042057191289324
2025-10-11,3750.611572265625,ETH,-0.02404293663335999
2025-10-12,4164.427734375,ETH,0.11033298280456205
2025-10-13,4245.4677734375,ETH,0.01946006611990403
2025-10-14,4125.412109375,ETH,-0.028278547964407763
2025-10-15,3987.45947265625,ETH,-0.03343972264134598
2025-10-16,3894.75439453125,ETH,-0.023249158708877005
2025-10-17,3832.558837890625,ETH,-0.015969057439913503
2025-10-18,3890.34619140625,ETH,0.015078008181977465
2025-10-19,3984.649658203125,ETH,0.024240379173758653
2025-10-20,3980.76025390625,ETH,-0.0009760969295927735
2025-10-21,3876.76416015625,ETH,-0.02612468149719649
2025-10-22,3808.122314453125,ETH,-0.017705963754152787
2025-10-23,3856.0263671875,ETH,0.01257944172448533
2025-10-24,3934.5673828125,ETH,0.0203683813713873
2025-10-25,3953.470947265625,ETH,0.004804483597282472
2025-10-26,4157.9892578125,ETH,0.051731330083082616
2025-10-27,4120.1220703125,ETH,-0.009107091228975794
2025-10-28,3982.262451171875,ETH,-0.03346008122768285
2025-10-29,3903.35302734375,ETH,-0.01981522433432381
2025-10-30,3804.375244140625,ETH,-0.025357117972616416
2025-10-31,3847.080322265625,ETH,0.01122525392067275
2025-11-01,3874.18798828125,ETH,0.007046295825625215
2025-11-02,3911.063232421875,ETH,0.009518186585722344
2025-11-03,3602.30810546875,ETH,-0.0789440386423853
2025-11-04,3292.574462890625,ETH,-0.08598199640611282
2025-11-05,3425.171142578125,ETH,0.040271429297028094
2025-11-06,3312.2578125,ETH,-0.03296574838976807
2025-11-07,3435.301025390625,ETH,0.037147836870148554
2025-11-08,3400.3759765625,ETH,-0.01016651774327515
2025-11-09,3582.621337890625,ETH,0.053595650182295396
2025-11-10,3568.4599609375,ETH,-0.003952797579624412
2025-11-11,3415.2822265625,ETH,-0.04292544572498369
2025-11-12,3413.09423828125,ETH,-0.0006406464052173266
2025-11-13,3232.757080078125,ETH,-0.05283685290035778
2025-11-14,3103.78564453125,ETH,-0.039895183075048135
2025-11-15,3166.63134765625,ETH,0.02024808099609965
2025-11-16,3092.847412109375,ETH,-0.023300450051277788
2025-11-17,3024.538818359375,ETH,-0.02208598894421776
2025-11-18,3122.97900390625,ETH,0.03254717213392322
2025-11-19,3023.07080078125,ETH,-0.031991314382848524
2025-11-20,2831.777587890625,ETH,-0.0632777812683677
2025-11-21,2765.69921875,ETH,-0.023334590055091975
2025-11-22,2767.607421875,ETH,0.0006899532357182991
2025-11-23,2801.676025390625,ETH,0.012309767363083646
2025-11-24,2952.71337890625,ETH,0.05390964270915899
2025-11-25,2957.936279296875,ETH,0.0017688477411781367
2025-11-26,3027.81201171875,ETH,0.023623136478952533
2025-11-27,3014.542236328125,ETH,-0.0043826285579375845
2025-11-28,3032.304443359375,ETH,0.0058921738820569836
2025-11-29,2991.685302734375,ETH,-0.013395469150188521
2025-11-30,2992.112548828125,ETH,0.0001428111751458072
2025-12-01,2800.18896484375,ETH,-0.06414317003534598
2025-12-02,2997.939697265625,ETH,0.07062049558248629
2025-12-03,3191.57177734375,ETH,0.06458838390069488
2025-12-04,3134.31640625,ETH,-0.01793955301277983
2025-12-05,3024.432861328125,ETH,-0.03505821706537382
2025-12-06,3040.207763671875,ETH,0.005215821632364781
2025-12-07,3061.3017578125,ETH,0.0069383396729270075
2025-12-08,3125.197998046875,ETH,0.02087224497595197
2025-12-09,3321.114990234375,ETH,0.0626894655346446
2025-12-10,3325.39013671875,ETH,0.0012872624094455443
2025-12-11,3237.056884765625,ETH,-0.026563274780229462
2025-12-12,3084.172607421875,ETH,-0.0472294070775402
2025-12-13,3116.6953125,ETH,0.01054503402301843
2025-12-14,3060.5947265625,ETH,-0.018000022559953033
2025-12-15,2964.18310546875,ETH,-0.03150094334836495
2025-12-16,2964.180908203125,ETH,-7.412718940891239e-07
2025-12-17,2831.403564453125,ETH,-0.04479394067431908
2025-12-18,2827.069091796875,ETH,-0.001530856537254932
2025-12-19,2977.970703125,ETH,0.05337740480626607
2025-12-20,2977.58251953125,ETH,-0.00013035171680586544
2025-12-21,3001.61376953125,ETH,0.008070725107488519
2025-12-22,3006.07373046875,ETH,0.0014858543703297755
2025-12-23,2963.3740234375,ETH,-0.014204477620910372
2025-12-24,2945.590576171875,ETH,-0.006001080904730394
2025-12-25,2903.57958984375,ETH,-0.014262330504439258
2025-12-26,2925.74560546875,ETH,0.007634030664264602
2025-12-27,2947.998291015625,ETH,0.0076058169600530245
2025-12-28,2948.568115234375,ETH,0.0001932919094582708
2025-12-29,2934.538330078125,ETH,-0.004758168917232131
2025-12-30,2971.416748046875,ETH,0.01256702548089339
2025-12-31,2967.03759765625,ETH,-0.0014737583994245407
2026-01-01,3000.394287109375,ETH,0.01124242223269234
2026-01-02,3124.422607421875,ETH,0.04133734051066695
2026-01-03,3125.91748046875,ETH,0.00047844777570227315
2026-01-04,3140.71044921875,ETH,0.004732360608502573
2026-01-05,3226.13037109375,ETH,0.027197643098951785
2026-01-06,3295.94677734375,ETH,0.021640912864389295
2026-01-07,3166.843994140625,ETH,-0.03917016624496916
2026-01-08,3104.382568359375,ETH,-0.01972355629036915
2026-01-09,3083.047119140625,ETH,-0.006872686838344633
2026-01-10,3082.39599609375,ETH,-0.00021119464663144072
2026-01-11,3118.88525390625,ETH,0.01183795263773435
2026-01-12,3092.3251953125,ETH,-0.008515881935856728
2026-01-13,3322.095458984375,ETH,0.07430339604003233
2026-01-14,3354.72265625,ETH,0.009821270239958713
2026-01-15,3317.101318359375,ETH,-0.011214440579919382
2026-01-16,3295.482177734375,ETH,-0.006517479736100618
2026-01-17,3308.8642578125,ETH,0.004060735078022848
2026-01-18,3281.15771484375,ETH,-0.0083734299173297
2026-01-19,3186.62109375,ETH,-0.028811971050971552
2026-01-20,2935.605712890625,ETH,-0.07877164352915944
2026-01-21,2978.901123046875,ETH,0.014748373722715646
2026-01-22,2949.63330078125,ETH,-0.009825039857546347
2026-01-23,2953.25634765625,ETH,0.0012283041671792283
2026-01-24,2948.74072265625,ETH,-0.0015290325215363554
2026-01-25,2815.90234375,ETH,-0.04504918926428636
2026-01-26,2926.45703125,ETH,0.03926083862438623
2026-01-27,3022.2109375,ETH,0.032720079340819774
2026-01-28,3006.607421875,ETH,-0.005162947242162819
2026-01-29,2818.232666015625,ETH,-0.06265359238084345
2026-01-30,2702.375244140625,ETH,-0.041109956346790044
2026-01-31,2445.091796875,ETH,-0.09520641066538593
2026-02-01,2267.96484375,ETH,-0.0724418417956253
2026-02-02,2344.356689453125,ETH,0.03368299377022699
2026-02-03,2227.558837890625,ETH,-0.04982085366444211
2026-02-04,2143.504150390625,ETH,-0.037733992059035826
2026-02-05,1821.68310546875,ETH,-0.15013782215594373
2026-02-06,2063.386962890625,ETH,0.1326816155325108
2026-02-07,2090.54931640625,ETH,0.013163964881106383
2026-02-08,2088.762939453125,ETH,-0.0008545012256375717
2026-02-09,2103.567626953125,ETH,0.007087777756089597
2026-02-10,2019.4974365234375,ETH,-0.03996552777885132
2026-02-11,1940.621337890625,ETH,-0.03905729079240505
2026-02-12,1946.940673828125,ETH,0.0032563467246882194
2026-02-13,2048.52734375,ETH,0.05217758881277712
2026-02-14,2086.009765625,ETH,0.01829725240883784
2026-02-15,1966.04296875,ETH,-0.05751017989077156
2026-02-16,1997.917724609375,ETH,0.016212644568821766
2026-02-17,1992.1943359375,ETH,-0.0028646768590002702
2026-02-18,1953.97412109375,ETH,-0.019184983188783145
2026-02-19,1948.2010498046875,ETH,-0.002954528018943803
2026-02-20,1969.0223388671875,ETH,0.010687443713567113
2026-02-21,1973.7371826171875,ETH,0.0023945100352251725
2026-02-22,1957.805908203125,ETH,-0.008071629067117003
2026-02-23,1855.5028076171875,ETH,-0.05225395436661606
2026-02-24,1852.969482421875,ETH,-0.001365303886856295
2026-02-25,2054.6279296875,ETH,0.10882988045871778
2026-02-26,2026.7926025390625,ETH,-0.013547624241957545
2026-02-27,1930.7618408203125,ETH,-0.04738065532627633
2026-02-28,1965.050537109375,ETH,0.017759153699916874
2026-03-01,1939.066650390625,ETH,-0.013223011941958851
2026-03-02,2027.2689208984375,ETH,0.045486972038864204
2026-03-03,1982.7689208984375,ETH,-0.021950713860043103
2026-03-04,2126.50537109375,ETH,0.07249278959354588
2026-03-05,2071.60546875,ETH,-0.025816959171616194
2026-03-06,1978.751220703125,ETH,-0.04482236094062009
2026-03-07,1969.4554443359375,ETH,-0.004697799435284367
2026-03-08,1936.604736328125,ETH,-0.016680097080789325
2026-03-09,1992.938232421875,ETH,0.02908879392733521
2026-03-10,2037.1204833984375,ETH,0.022169403074209226
2026-03-11,2051.5732421875,ETH,0.007094700046877733
2026-03-12,2073.13623046875,ETH,0.010510464768130001
2026-03-13,2092.5634765625,ETH,0.009370945241431228
2026-03-14,2097.086669921875,ETH,0.0021615561057222177
2026-03-15,2177.476318359375,ETH,0.03833396568225522
2026-03-16,2351.176025390625,ETH,0.07977111189072517
2026-03-17,2318.053466796875,ETH,-0.014087655809712052
2026-03-18,2203.671630859375,ETH,-0.04934391616753975
2026-03-19,2137.423828125,ETH,-0.03006246566260873
2026-03-20,2146.4970703125,ETH,0.00424494293930433
2026-03-21,2076.68994140625,ETH,-0.03252141820817256
2026-03-22,2053.04833984375,ETH,-0.01138427123429453
2026-03-23,2152.14599609375,ETH,0.04826854503462008
2026-03-24,2155.704345703125,ETH,0.0016533960130185044
2026-03-25,2168.021484375,ETH,0.005713742098458985
2026-03-26,2059.578369140625,ETH,-0.050019391420208725
2026-03-27,1991.27197265625,ETH,-0.03316523299517671
2026-03-28,1992.694580078125,ETH,0.0007144214559386963
2026-03-29,1982.5596923828125,ETH,-0.005086021609450597
2026-03-30,2023.514892578125,ETH,0.020657738756954647
2026-03-31,2104.708251953125,ETH,0.040124913175980215
2026-04-01,2138.737060546875,ETH,0.016167945634351977
2026-04-02,2056.8525390625,ETH,-0.038286390129433245
2026-04-03,2053.38525390625,ETH,-0.001685723740716183
2026-04-04,2065.3515625,ETH,0.005827600335098326
2026-04-05,2108.99560546875,ETH,0.021131532161972943
2026-04-06,2107.761474609375,ETH,-0.0005851746946151648
2026-04-07,2241.806640625,ETH,0.06359598447469827
2026-04-08,2190.33544921875,ETH,-0.022959692630716844
2026-04-09,2189.14404296875,ETH,-0.0005439378020498653
2026-04-10,2245.148681640625,ETH,0.025582893392399164
2026-04-11,2285.39013671875,ETH,0.017923737259448957
2026-04-12,2192.201171875,ETH,-0.04077595476873197
2026-04-13,2370.71484375,ETH,0.08143124552858283
2026-04-14,2323.30859375,ETH,-0.01999660571788242
2026-04-15,2359.43701171875,ETH,0.015550417222206292
2026-04-16,2348.64501953125,ETH,-0.004573969185826421
2026-04-17,2421.07177734375,ETH,0.030837677558848364
2026-04-18,2351.1005859375,ETH,-0.02890091572709097
2026-04-19,2264.9169921875,ETH,-0.036656702084753356
2026-04-20,2315.21240234375,ETH,0.022206292914811687
2026-04-21,2327.970458984375,ETH,0.005510533991485822
2026-04-22,2376.088134765625,ETH,0.020669366999717997
2026-04-23,2331.513916015625,ETH,-0.018759497216376042
2026-04-24,2315.690185546875,ETH,-0.006786890852357175
2026-04-25,2318.8291015625,ETH,0.0013554991229898228
2026-04-26,2369.72900390625,ETH,0.021950691540593592
2026-04-27,2303.06396484375,ETH,-0.028131925191703266
2026-04-28,2289.419677734375,ETH,-0.0059244064939814045
2026-04-29,2253.415771484375,ETH,-0.01572621507544203
2026-04-30,2256.251220703125,ETH,0.0012582894176169646
2026-05-01,2295.09375,ETH,0.017215516135995923
2026-05-02,2316.23193359375,ETH,0.009210161281538065
2026-05-03,2321.6357421875,ETH,0.002333017050397679
2026-05-04,2346.39697265625,ETH,0.01066542438971041
2026-05-05,2361.1826171875,ETH,0.006301424994813232
2026-05-06,2350.802001953125,ETH,-0.004396362720448854
2026-05-07,2291.107666015625,ETH,-0.025393178961011564
2026-05-08,2306.97216796875,ETH,0.00692438080865676
2026-05-09,2326.727294921875,ETH,0.008563227258402195
2026-05-10,2369.0439453125,ETH,0.018187198165845242
2026-05-11,2339.36083984375,ETH,-0.012529571487047475
2026-05-12,2274.6435546875,ETH,-0.027664515902802167
2026-05-13,2257.576416015625,ETH,-0.007503214574742345
2026-05-14,2280.934814453125,ETH,0.010346670115700896
2026-05-15,2223.328857421875,ETH,-0.02525541574718848
2026-05-16,2179.751953125,ETH,-0.01959984648757984
2026-05-17,2127.645263671875,ETH,-0.023904871092521485
2026-05-18,2128.51611328125,ETH,0.000409302069402262
2026-05-19,2109.9638671875,ETH,-0.008716046816836354
2026-05-20,2126.9833984375,ETH,0.008066266685735402
2026-05-21,2131.41064453125,ETH,0.0020814671600175583
2026-05-22,2064.636962890625,ETH,-0.031328398313085315
2026-05-23,2115.951416015625,ETH,0.024853983556100134
2026-05-24,2097.993896484375,ETH,-0.0084867352791419
2026-05-25,2111.370361328125,ETH,0.00637583591933466
2026-05-26,2070.858154296875,ETH,-0.019187636510046735
2026-05-27,2022.1982421875,ETH,-0.02349746263809005
2026-05-28,2007.552734375,ETH,-0.007242369965002715
2026-05-29,2011.978515625,ETH,0.002204565376648926
2026-05-30,2019.458251953125,ETH,0.0037176024843394995
2026-05-31,2004.341552734375,ETH,-0.007485522022616653
2026-06-01,2003.22119140625,ETH,-0.0005589672711203697
2026-06-02,1857.71630859375,ETH,-0.0726354550544448
2026-06-03,1811.7322998046875,ETH,-0.024752976854615305
2026-06-04,1769.58056640625,ETH,-0.023265983281846703
2026-06-05,1580.86083984375,ETH,-0.10664658628443302
2026-06-06,1568.7677001953125,ETH,-0.00764971801669323
2026-06-07,1686.396240234375,ETH,0.0749814902642485
2026-06-08,1690.1485595703125,ETH,0.0022250520052251588
2026-06-09,1637.7066650390625,ETH,-0.031027979306495035
2026-06-10,1620.1376953125,ETH,-0.010727787888769158
2026-06-11,1672.2806396484375,ETH,0.032184267106926345
2026-06-12,1665.1278076171875,ETH,-0.0042772916588651455
2026-06-13,1680.214599609375,ETH,0.009060440840140016
2026-06-14,1724.61328125,ETH,0.026424411293025862
2026-06-15,1794.961181640625,ETH,0.0407905361482761
2026-06-16,1790.398193359375,ETH,-0.002542109728010611
2026-06-17,1747.885498046875,ETH,-0.023744826972111888
2026-06-18,1709.533447265625,ETH,-0.021941969782405923
2026-06-19,1710.982421875,ETH,0.0008475848259608121
2026-06-20,1739.3013916015625,ETH,0.01655129203228678
2026-06-21,1704.58056640625,ETH,-0.019962512168946955
2026-06-22,1726.5108642578125,ETH,0.012865509723484658
2026-06-23,1665.436767578125,ETH,-0.03537429039344153
2026-06-24,1619.9249267578125,ETH,-0.027327270363134648
2026-06-25,1564.816650390625,ETH,-0.034019031040829484
2026-06-26,1576.6160888671875,ETH,0.007540460713794772
2026-06-27,1571.5882568359375,ETH,-0.0031890021082193742
2026-06-28,1570.3612060546875,ETH,-0.0007807711567662245
2026-06-29,1610.205810546875,ETH,0.025372891496913352
2026-06-30,1569.5838623046875,ETH,-0.02522779881684256
2026-07-01,1608.960693359375,ETH,0.025087433682497773
2026-07-02,1698.16943359375,ETH,0.05544494691670465
2026-07-03,1756.5186767578125,ETH,0.03436008328131357
2026-07-04,1779.032958984375,ETH,0.01281755925767869
2026-07-05,1783.0059814453125,ETH,0.0022332483728719765
2026-07-06,1797.57373046875,ETH,0.008170330988810814
2026-07-07,1768.511474609375,ETH,-0.0161674903047212
2026-07-08,1742.6776123046875,ETH,-0.014607687128744051
2026-07-09,1744.484619140625,ETH,0.0010369140127690635
2026-07-10,1795.6932373046875,ETH,0.0293545827817554
2026-07-11,1788.099609375,ETH,-0.004228800204808647
2026-07-12,1805.7880859375,ETH,0.009892332882217136
2026-07-13,1773.500732421875,ETH,-0.017879923877591963
2026-07-14,1889.4798583984375,ETH,0.06539558955703528
2026-07-15,1916.9437255859375,ETH,0.014535146837066026
2026-07-16,1863.193359375,ETH,-0.028039616131406264
2026-07-17,1840.9881591796875,ETH,-0.01191781845055584
2026-07-18,1861.39208984375,ETH,0.011083140628755705
2026-07-19,1871.508544921875,ETH,0.00543488668149128
2026-07-20,1903.7589111328125,ETH,0.017232283709548213
2026-07-21,1928.3837890625,ETH,0.012934872050072155
2026-07-22,1933.4901123046875,ETH,0.002647980796742777
2026-07-23,1877.1002197265625,ETH,-0.029164820765961497
2026-07-24,1860.1767578125,ETH,-0.009015747660254259
2026-07-25,1873.222412109375,ETH,0.007013126167760619
2026-07-26,1953.4112548828125,ETH,0.04280796677162302
2026-07-27,1890.613525390625,ETH,-0.03214772584893022
2026-07-28,1919.948486328125,ETH,0.015516106567279087
2026-07-29,1908.51904296875,ETH,-0.005952994802081224
2026-07-30,1917.3729248046875,ETH,0.004639137276914562
2026-07-31,1860.345947265625,ETH,-0.029742246175126108
2026-08-01,1843.417724609375,ETH,-0.009099502531306869
2026-08-02,1882.52197265625,ETH,0.021212906616248084
2026-08-03,1849.8499755859375,ETH,-0.017355439960263563
2024-08-03,142.9219970703125,SOL,
2024-08-04,138.05508422851562,SOL,-0.034052930560454775
2024-08-05,129.8643035888672,SOL,-0.0593298007488855
2024-08-06,144.09036254882812,SOL,0.10954556846505503
2024-08-07,144.63209533691406,SOL,0.00375967398862187
2024-08-08,162.9307403564453,SOL,0.12651856406356665
2024-08-09,156.45721435546875,SOL,-0.03973176569881387
2024-08-10,153.95916748046875,SOL,-0.01596632590763425
2024-08-11,141.52685546875,SOL,-0.08075070952365282
2024-08-12,146.45423889160156,SOL,0.034815889935034594
2024-08-13,146.7126922607422,SOL,0.0017647380580900762
2024-08-14,143.9234619140625,SOL,-0.01901151361684905
2024-08-15,142.74581909179688,SOL,-0.008182424231629515
2024-08-16,139.33056640625,SOL,-0.023925413068319634
2024-08-17,141.7985076904297,SOL,0.017712849002449627
2024-08-18,142.58688354492188,SOL,0.005559831815813876
2024-08-19,144.34368896484375,SOL,0.012320946893887408
2024-08-20,143.16773986816406,SOL,-0.008146868803984186
2024-08-21,142.70960998535156,SOL,-0.0031999519111942654
2024-08-22,143.2579345703125,SOL,0.003842240091730398
2024-08-23,153.10708618164062,SOL,0.06875117696530841
2024-08-24,160.73175048828125,SOL,0.04979955204421427
2024-08-25,158.90911865234375,SOL,-0.011339588042814097
2024-08-26,157.23687744140625,SOL,-0.01052325521102393
2024-08-27,146.8970947265625,SOL,-0.06575927278062887
2024-08-28,143.89138793945312,SOL,-0.02046130859636308
2024-08-29,140.0540313720703,SOL,-0.026668424165854243
2024-08-30,138.09999084472656,SOL,-0.013952047707592286
2024-08-31,135.37425231933594,SOL,-0.019737427270761554
2024-09-01,128.6905517578125,SOL,-0.04937202198359836
2024-09-02,135.0023651123047,SOL,0.049046439449343726
2024-09-03,127.57758331298828,SOL,-0.05499742017956455
2024-09-04,133.60391235351562,SOL,0.04723658250950602
2024-09-05,129.32894897460938,SOL,-0.03199729187267142
2024-09-06,124.99007415771484,SOL,-0.03354913846664265
2024-09-07,127.72156524658203,SOL,0.02185366403911826
2024-09-08,129.98951721191406,SOL,0.017757001027614017
2024-09-09,135.02561950683594,SOL,0.03874237248463519
2024-09-10,135.63522338867188,SOL,0.00451472753143034
2024-09-11,132.4973907470703,SOL,-0.023134349346776162
2024-09-12,136.14190673828125,SOL,0.027506322733314104
2024-09-13,139.1005401611328,SOL,0.021731981678053236
2024-09-14,137.17977905273438,SOL,-0.013808437452316524
2024-09-15,131.4993896484375,SOL,-0.041408358021288505
2024-09-16,131.47259521484375,SOL,-0.00020376089703066924
2024-09-17,131.53707885742188,SOL,0.000490472120617591
2024-09-18,133.99185180664062,SOL,0.018662212742914575
2024-09-19,142.83627319335938,SOL,0.06600715840155602
2024-09-20,146.56680297851562,SOL,0.026117523943698595
2024-09-21,149.52703857421875,SOL,0.020197176547113838
2024-09-22,144.80364990234375,SOL,-0.031588859893928234
2024-09-23,144.8149871826172,SOL,7.82941609627219e-05
2024-09-24,152.89215087890625,SOL,0.0557757443026492
2024-09-25,148.02342224121094,SOL,-0.03184420265989618
2024-09-26,155.5760955810547,SOL,0.05102350172350656
2024-09-27,157.74993896484375,SOL,0.013972862448244694
2024-09-28,156.9124298095703,SOL,-0.005309093371250628
2024-09-29,158.62916564941406,SOL,0.01094072561317927
2024-09-30,152.61846923828125,SOL,-0.03789149609736353
2024-10-01,145.28988647460938,SOL,-0.048018976997009855
2024-10-02,140.38555908203125,SOL,-0.03375546303723764
2024-10-03,136.78518676757812,SOL,-0.02564631531900885
2024-10-04,143.17227172851562,SOL,0.04669427378704594
2024-10-05,142.7117462158203,SOL,-0.003216583121406158
2024-10-06,146.44236755371094,SOL,0.026140955014654965
2024-10-07,143.99179077148438,SOL,-0.016734069676439534
2024-10-08,143.39442443847656,SOL,-0.004148613818935276
2024-10-09,139.31553649902344,SOL,-0.028445233874509368
2024-10-10,138.88841247558594,SOL,-0.0030658750213440333
2024-10-11,145.3811492919922,SOL,0.04674786543152076
2024-10-12,146.5002899169922,SOL,0.007697976185015998
2024-10-13,147.5724334716797,SOL,0.007318371556090275
2024-10-14,157.44512939453125,SOL,0.06690067847086234
2024-10-15,154.7206268310547,SOL,-0.017304457584390698
2024-10-16,154.23422241210938,SOL,-0.003143759361034837
2024-10-17,150.31602478027344,SOL,-0.025404203882628762
2024-10-18,154.97593688964844,SOL,0.031000767324619538
2024-10-19,159.6393585205078,SOL,0.030091262711191114
2024-10-20,166.9398193359375,SOL,0.04573095809885652
2024-10-21,166.2168731689453,SOL,-0.004330579545778646
2024-10-22,167.26014709472656,SOL,0.0062765825508031
2024-10-23,170.9324951171875,SOL,0.021955905732769176
2024-10-24,177.1569366455078,SOL,0.03641461808682411
2024-10-25,164.75689697265625,SOL,-0.06999466070958382
2024-10-26,170.70596313476562,SOL,0.03610814643527016
2024-10-27,176.5491943359375,SOL,0.03422980131372966
2024-10-28,178.1049041748047,SOL,0.008811764022592872
2024-10-29,179.36074829101562,SOL,0.007051148434286558
2024-10-30,174.9249725341797,SOL,-0.024731028383304987
2024-10-31,168.42999267578125,SOL,-0.03713008934232842
2024-11-01,166.2621307373047,SOL,-0.01287099704771455
2024-11-02,166.01034545898438,SOL,-0.001514387414643048
2024-11-03,162.55130004882812,SOL,-0.020836324390463123
2024-11-04,157.74710083007812,SOL,-0.029554972598231366
2024-11-05,166.72239685058594,SOL,0.0568967415139745
2024-11-06,186.9547882080078,SOL,0.12135376973709078
2024-11-07,196.3345947265625,SOL,0.05017152333171926
2024-11-08,199.9390106201172,SOL,0.018358536856811103
2024-11-09,200.19491577148438,SOL,0.0012799160632710471
2024-11-10,210.6137237548828,SOL,0.05204331959804187
2024-11-11,222.6416778564453,SOL,0.05710907099083884
2024-11-12,212.2318115234375,SOL,-0.046756143922522364
2024-11-13,215.18455505371094,SOL,0.013912822536254588
2024-11-14,209.2190704345703,SOL,-0.02772264309421102
2024-11-15,218.09490966796875,SOL,0.04242366250343421
2024-11-16,215.8488311767578,SOL,-0.010298628677901767
2024-11-17,237.57553100585938,SOL,0.10065701866742871
2024-11-18,239.79425048828125,SOL,0.009339006727789423
2024-11-19,238.09754943847656,SOL,-0.0070756535919846986
2024-11-20,235.4236602783203,SOL,-0.011230225453652487
2024-11-21,257.0658874511719,SOL,0.09192885348594904
2024-11-22,256.5186767578125,SOL,-0.0021286787554156694
2024-11-23,255.1785125732422,SOL,-0.005224431224692516
2024-11-24,252.91952514648438,SOL,-0.008852576982199545
2024-11-25,234.4466094970703,SOL,-0.07303870920489441
2024-11-26,230.9781951904297,SOL,-0.014794047625943496
2024-11-27,242.30221557617188,SOL,0.049026361022546316
2024-11-28,237.76400756835938,SOL,-0.01872953574535452
2024-11-29,243.54949951171875,SOL,0.024332917343244276
2024-11-30,237.74374389648438,SOL,-0.023838092982634174
2024-12-01,237.06993103027344,SOL,-0.0028341980956786417
2024-12-02,225.75619506835938,SOL,-0.04772320096752092
2024-12-03,234.2003173828125,SOL,0.03740372356956234
2024-12-04,229.11929321289062,SOL,-0.021695206166679415
2024-12-05,233.9987030029297,SOL,0.021296372390190887
2024-12-06,237.0510711669922,SOL,0.013044380694812174
2024-12-07,238.54795837402344,SOL,0.006314619038261027
2024-12-08,236.67233276367188,SOL,-0.007862677271002871
2024-12-09,217.34146118164062,SOL,-0.08167778361036404
2024-12-10,213.82461547851562,SOL,-0.016181200236736415
2024-12-11,227.44683837890625,SOL,0.0637074588905755
2024-12-12,227.02671813964844,SOL,-0.0018471139992630725
2024-12-13,224.83729553222656,SOL,-0.009643898415846897
2024-12-14,219.84075927734375,SOL,-0.02222289786512155
2024-12-15,223.6576690673828,SOL,0.017362157056707517
2024-12-16,216.3349609375,SOL,-0.03274069769401311
2024-12-17,222.8167266845703,SOL,0.02996171177779683
2024-12-18,206.38174438476562,SOL,-0.07376009218136848
2024-12-19,194.28451538085938,SOL,-0.058615790073723306
2024-12-20,194.2081756591797,SOL,-0.0003929274627473278
2024-12-21,181.30145263671875,SOL,-0.06645818580321372
2024-12-22,180.16891479492188,SOL,-0.006246711349115253
2024-12-23,189.75369262695312,SOL,0.053198843113092975
2024-12-24,196.98902893066406,SOL,0.038130147579974905
2024-12-25,197.4790802001953,SOL,0.0024877084383401193
2024-12-26,188.21810913085938,SOL,-0.04689596011864949
2024-12-27,183.82847595214844,SOL,-0.02332205545460575
2024-12-28,195.01353454589844,SOL,0.06084508145876999
2024-12-29,189.7442626953125,SOL,-0.02702003152168786
2024-12-30,191.02804565429688,SOL,0.0067658591661654555
2024-12-31,189.2644805908203,SOL,-0.009231969355264602
2025-01-01,193.8737335205078,SOL,0.024353502121998494
2025-01-02,207.7670440673828,SOL,0.07166164438363887
2025-01-03,217.74732971191406,SOL,0.04803594183731308
2025-01-04,216.6229248046875,SOL,-0.005163805722504966
2025-01-05,213.3936309814453,SOL,-0.014907442627107859
2025-01-06,218.72312927246094,SOL,0.024974964184751203
2025-01-07,202.23025512695312,SOL,-0.07540525869563075
2025-01-08,197.55905151367188,SOL,-0.023098440984257396
2025-01-09,185.02528381347656,SOL,-0.0634431457539566
2025-01-10,187.5791778564453,SOL,0.013802946226221247
2025-01-11,187.99551391601562,SOL,0.0022195217205234208
2025-01-12,188.5603790283203,SOL,0.0030046733591579944
2025-01-13,182.83535766601562,SOL,-0.030361740848244834
2025-01-14,187.49859619140625,SOL,0.025505124309210148
2025-01-15,205.91134643554688,SOL,0.09820206987226787
2025-01-16,211.22784423828125,SOL,0.025819353303090153
2025-01-17,219.62161254882812,SOL,0.03973798218135505
2025-01-18,261.8697509765625,SOL,0.19236785459054673
2025-01-19,250.58636474609375,SOL,-0.043087780044815616
2025-01-20,242.25022888183594,SOL,-0.03326651820303306
2025-01-21,250.41378784179688,SOL,0.0336988699562506
2025-01-22,257.23736572265625,SOL,0.027249209956323517
2025-01-23,253.4552001953125,SOL,-0.014703017645661731
2025-01-24,253.36122131347656,SOL,-0.000370790900180884
2025-01-25,256.0735778808594,SOL,0.010705492155908436
2025-01-26,240.88345336914062,SOL,-0.05931937467904669
2025-01-27,235.07444763183594,SOL,-0.024115420366390694
2025-01-28,227.20396423339844,SOL,-0.03348081204795139
2025-01-29,227.94493103027344,SOL,0.003261240618644523
2025-01-30,239.0231475830078,SOL,0.048600407575034366
2025-01-31,231.63790893554688,SOL,-0.030897587627558898
2025-02-01,213.78501892089844,SOL,-0.07707240190816955
2025-02-02,203.11962890625,SOL,-0.04988838819709196
2025-02-03,216.1495819091797,SOL,0.06414915718925251
2025-02-04,207.09197998046875,SOL,-0.04190432314838666
2025-02-05,195.98814392089844,SOL,-0.05361789510447257
2025-02-06,189.77249145507812,SOL,-0.03171443099297355
2025-02-07,192.20465087890625,SOL,0.012816185344775688
2025-02-08,199.5998992919922,SOL,0.038475907733081405
2025-02-09,200.49755859375,SOL,0.0044972933600764264
2025-02-10,200.35635375976562,SOL,-0.0007042720867762586
2025-02-11,197.98236083984375,SOL,-0.011848852683595812
2025-02-12,196.7738037109375,SOL,-0.006104367701140312
2025-02-13,194.46095275878906,SOL,-0.011753855993687279
2025-02-14,199.9356689453125,SOL,0.028153293033148508
2025-02-15,194.48208618164062,SOL,-0.027276687508738462
2025-02-16,188.4864044189453,SOL,-0.030828966720850115
2025-02-17,177.6897430419922,SOL,-0.05728084956703605
2025-02-18,169.08428955078125,SOL,-0.048429658031399536
2025-02-19,169.01080322265625,SOL,-0.0004346135783533933
2025-02-20,176.04888916015625,SOL,0.04164281692826455
2025-02-21,168.89163208007812,SOL,-0.04065494030789929
2025-02-22,172.16285705566406,SOL,0.01936878065122216
2025-02-23,168.03811645507812,SOL,-0.02395836518472927
2025-02-24,141.98948669433594,SOL,-0.1550161969811522
2025-02-25,144.10775756835938,SOL,0.01491850504807779
2025-02-26,134.83132934570312,SOL,-0.06437147020524459
2025-02-27,137.6208038330078,SOL,0.020688622598628914
2025-02-28,148.03001403808594,SOL,0.07563689438777654
2025-03-01,143.6757049560547,SOL,-0.02941504201243239
2025-03-02,178.49549865722656,SOL,0.2423499067697077
2025-03-03,142.02108764648438,SOL,-0.20434359009123104
2025-03-04,144.9165802001953,SOL,0.020387764955851706
2025-03-05,146.26730346679688,SOL,0.00932069515258771
2025-03-06,143.355224609375,SOL,-0.019909294752828544
2025-03-07,139.20913696289062,SOL,-0.02892177566448617
2025-03-08,136.94207763671875,SOL,-0.01628527678306213
2025-03-09,126.43543243408203,SOL,-0.07672327880484509
2025-03-10,118.291748046875,SOL,-0.06440982745444235
2025-03-11,125.26394653320312,SOL,0.058940700441465044
2025-03-12,126.58324432373047,SOL,0.010532142943282086
2025-03-13,123.28614807128906,SOL,-0.026046861652631037
2025-03-14,133.31448364257812,SOL,0.0813419490200169
2025-03-15,135.91253662109375,SOL,0.019488152431217598
2025-03-16,125.98810577392578,SOL,-0.07302071680728006
2025-03-17,128.16371154785156,SOL,0.01726834259917931
2025-03-18,125.31269836425781,SOL,-0.022245089106437854
2025-03-19,135.572509765625,SOL,0.08187367709171878
2025-03-20,127.49718475341797,SOL,-0.05956461989357198
2025-03-21,128.43031311035156,SOL,0.0073188153819889745
2025-03-22,128.4849853515625,SOL,0.0004256957714021681
2025-03-23,132.5993194580078,SOL,0.03202190586851539
2025-03-24,140.86927795410156,SOL,0.06236803122291068
2025-03-25,143.81707763671875,SOL,0.020925781159875312
2025-03-26,137.28857421875,SOL,-0.045394493652970214
2025-03-27,138.34738159179688,SOL,0.007712275978333238
2025-03-28,129.42315673828125,SOL,-0.0645059180075207
2025-03-29,124.587646484375,SOL,-0.03736201755366386
2025-03-30,124.64263153076172,SOL,0.0004413362635726781
2025-03-31,124.69412994384766,SOL,0.00041316853193396064
2025-04-01,126.68238067626953,SOL,0.015945022699282108
2025-04-02,117.75762939453125,SOL,-0.07044982288851231
2025-04-03,117.06145477294922,SOL,-0.005911927958821228
2025-04-04,122.78688049316406,SOL,0.048909572594324935
2025-04-05,120.25899505615234,SOL,-0.020587585797917973
2025-04-06,105.7120132446289,SOL,-0.1209637732689437
2025-04-07,106.90277862548828,SOL,0.011264238985817299
2025-04-08,105.51219177246094,SOL,-0.013007957986751473
2025-04-09,119.05754089355469,SOL,0.12837709930530639
2025-04-10,112.80392456054688,SOL,-0.052525999496318865
2025-04-11,121.53237915039062,SOL,0.07737722445249506
2025-04-12,132.26055908203125,SOL,0.08827425256247978
2025-04-13,128.58079528808594,SOL,-0.027822079533650235
2025-04-14,129.3103790283203,SOL,0.005674126828969506
2025-04-15,126.26313018798828,SOL,-0.023565384799194233
2025-04-16,131.44969177246094,SOL,0.04107740380545444
2025-04-17,134.69874572753906,SOL,0.02471709070799677
2025-04-18,134.07350158691406,SOL,-0.004641796308109014
2025-04-19,139.75025939941406,SOL,0.04234063961415968
2025-04-20,137.77459716796875,SOL,-0.014137091694397252
2025-04-21,136.7043914794922,SOL,-0.007767801252736128
2025-04-22,148.73941040039062,SOL,0.08803681279473663
2025-04-23,151.15272521972656,SOL,0.016225120247818303
2025-04-24,152.3036346435547,SOL,0.0076142155039220505
2025-04-25,150.91500854492188,SOL,-0.009117484962737121
2025-04-26,149.28936767578125,SOL,-0.010771896611308396
2025-04-27,148.24583435058594,SOL,-0.006990004321416943
2025-04-28,147.8099365234375,SOL,-0.0029403715056005586
2025-04-29,146.42787170410156,SOL,-0.009350283559027117
2025-04-30,147.64320373535156,SOL,0.008299868167898516
2025-05-01,150.84658813476562,SOL,0.021696795506795485
2025-05-02,148.05003356933594,SOL,-0.018539064091600554
2025-05-03,146.79605102539062,SOL,-0.008469991621839368
2025-05-04,143.98306274414062,SOL,-0.01916256099262137
2025-05-05,146.69664001464844,SOL,0.01884650332331006
2025-05-06,146.7664031982422,SOL,0.0004755608825586233
2025-05-07,147.2137451171875,SOL,0.003047985841426293
2025-05-08,163.96078491210938,SOL,0.11376002819295583
2025-05-09,172.82827758789062,SOL,0.05408300942530042
2025-05-10,177.62181091308594,SOL,0.02773581610658349
2025-05-11,173.02645874023438,SOL,-0.025871553438334027
2025-05-12,174.24789428710938,SOL,0.007059241434911101
2025-05-13,184.00625610351562,SOL,0.05600275318292991
2025-05-14,176.709228515625,SOL,-0.039656410289580446
2025-05-15,169.00999450683594,SOL,-0.043570073127834896
2025-05-16,167.33395385742188,SOL,-0.009916813821009063
2025-05-17,165.9308319091797,SOL,-0.008385159830967326
2025-05-18,173.89871215820312,SOL,0.04801928705681746
2025-05-19,166.86422729492188,SOL,-0.04045162138338132
2025-05-20,168.4836883544922,SOL,0.009705262091364908
2025-05-21,173.68173217773438,SOL,0.030851911386848396
2025-05-22,179.69094848632812,SOL,0.03459901184336589
2025-05-23,173.82542419433594,SOL,-0.03264229134189511
2025-05-24,176.0424041748047,SOL,0.012754060522183419
2025-05-25,175.72547912597656,SOL,-0.0018002767589644364
2025-05-26,174.90789794921875,SOL,-0.004652604624123313
2025-05-27,176.815185546875,SOL,0.010904525295993173
2025-05-28,172.18955993652344,SOL,-0.026160793803116422
2025-05-29,166.5881805419922,SOL,-0.03253030785720201
2025-05-30,156.23471069335938,SOL,-0.06215008660847332
2025-05-31,156.63894653320312,SOL,0.0025873625524686084
2025-06-01,157.7845458984375,SOL,0.00731363042582478
2025-06-02,156.99806213378906,SOL,-0.0049845424351930845
2025-06-03,155.34317016601562,SOL,-0.0105408432771813
2025-06-04,153.35964965820312,SOL,-0.012768636726627314
2025-06-05,144.54295349121094,SOL,-0.05749032543202992
2025-06-06,147.9131317138672,SOL,0.023316101831703406
2025-06-07,150.13406372070312,SOL,0.015015110430710354
2025-06-08,152.4300994873047,SOL,0.015293236655959053
2025-06-09,161.08865356445312,SOL,0.05680344043775665
2025-06-10,165.02816772460938,SOL,0.02445556575826746
2025-06-11,161.0558624267578,SOL,-0.024070468409249646
2025-06-12,152.7896728515625,SOL,-0.05132498408093944
2025-06-13,148.62835693359375,SOL,-0.027235583664162566
2025-06-14,144.7637481689453,SOL,-0.026001826598777034
2025-06-15,152.81439208984375,SOL,0.055612292598993696
2025-06-16,150.8699951171875,SOL,-0.012723912624100775
2025-06-17,147.7498016357422,SOL,-0.020681338784572234
2025-06-18,146.35311889648438,SOL,-0.009453026154993771
2025-06-19,147.07147216796875,SOL,0.0049083564252052625
2025-06-20,140.16859436035156,SOL,-0.046935532131843205
2025-06-21,135.1610107421875,SOL,-0.035725432226924814
2025-06-22,131.61569213867188,SOL,-0.026230335094771795
2025-06-23,144.8467254638672,SOL,0.10052777985815653
2025-06-24,145.95452880859375,SOL,0.007648107619822708
2025-06-25,143.505126953125,SOL,-0.016781951717859456
2025-06-26,139.0598602294922,SOL,-0.030976361737130365
2025-06-27,142.1914825439453,SOL,0.022519958737805323
2025-06-28,150.8275604248047,SOL,0.06073554988211294
2025-06-29,153.35308837890625,SOL,0.016744472608245076
2025-06-30,154.7353057861328,SOL,0.009013300102645339
2025-07-01,146.9266357421875,SOL,-0.05046469520497188
2025-07-02,152.22763061523438,SOL,0.036079195894395566
2025-07-03,152.40179443359375,SOL,0.0011441012229875813
2025-07-04,147.76364135742188,SOL,-0.030433716961205892
2025-07-05,147.64144897460938,SOL,-0.0008269448538895663
2025-07-06,151.87294006347656,SOL,0.02866059035762314
2025-07-07,148.87234497070312,SOL,-0.019757272701241613
2025-07-08,151.81039428710938,SOL,0.019735359962150367
2025-07-09,157.28150939941406,SOL,0.036039133802376666
2025-07-10,164.06277465820312,SOL,0.04311546401534172
2025-07-11,162.8833770751953,SOL,-0.00718869704273184
2025-07-12,160.68484497070312,SOL,-0.013497584246900951
2025-07-13,161.1940155029297,SOL,0.003168752674338471
2025-07-14,162.2752227783203,SOL,0.006707490175843267
2025-07-15,163.950439453125,SOL,0.01032330534583914
2025-07-16,173.70848083496094,SOL,0.05951823864812433
2025-07-17,175.7930450439453,SOL,0.012000359446841857
2025-07-18,177.38197326660156,SOL,0.009038629612787341
2025-07-19,177.07012939453125,SOL,-0.0017580358721210887
2025-07-20,181.54603576660156,SOL,0.025277591355329587
2025-07-21,195.9942626953125,SOL,0.07958437025463772
2025-07-22,205.70054626464844,SOL,0.04952330458991572
2025-07-23,189.54293823242188,SOL,-0.07854917415454332
2025-07-24,182.60606384277344,SOL,-0.03659790469820767
2025-07-25,186.7796630859375,SOL,0.02285575383059335
2025-07-26,184.91387939453125,SOL,-0.009989222919562724
2025-07-27,188.73348999023438,SOL,0.020656159549568676
2025-07-28,182.54156494140625,SOL,-0.03280777062485574
2025-07-29,181.33531188964844,SOL,-0.006608100747602319
2025-07-30,177.6940155029297,SOL,-0.020080459502199166
2025-07-31,172.42434692382812,SOL,-0.02965585849465302
2025-08-01,162.87709045410156,SOL,-0.05537069816447815
2025-08-02,158.48301696777344,SOL,-0.026977848597844134
2025-08-03,161.95497131347656,SOL,0.02190742208301799
2025-08-04,169.42568969726562,SOL,0.046128367182560304
2025-08-05,164.096435546875,SOL,-0.03145481750679646
2025-08-06,168.1757354736328,SOL,0.02485916231612806
2025-08-07,175.4854278564453,SOL,0.043464607793902266
2025-08-08,176.76329040527344,SOL,0.00728187271408931
2025-08-09,180.18234252929688,SOL,0.019342546272953065
2025-08-10,182.90301513671875,SOL,0.01509955176090294
2025-08-11,174.97781372070312,SOL,-0.043330075286575176
2025-08-12,191.85682678222656,SOL,0.09646373275908826
2025-08-13,201.59042358398438,SOL,0.05073364844507844
2025-08-14,192.58595275878906,SOL,-0.04466715563720203
2025-08-15,185.7412567138672,SOL,-0.03554099323897597
2025-08-16,189.76699829101562,SOL,0.021673922360448294
2025-08-17,191.16482543945312,SOL,0.007366018122360041
2025-08-18,183.0698699951172,SOL,-0.04234542325308599
2025-08-19,176.11227416992188,SOL,-0.03800513883240797
2025-08-20,187.5863037109375,SOL,0.06515178794378018
2025-08-21,180.28062438964844,SOL,-0.03894569686999538
2025-08-22,200.64744567871094,SOL,0.11297287968696401
2025-08-23,203.93673706054688,SOL,0.016393387768827816
2025-08-24,205.8523712158203,SOL,0.009393276478208534
2025-08-25,187.2784423828125,SOL,-0.09022936545887283
2025-08-26,195.90509033203125,SOL,0.04606321923366474
2025-08-27,202.92337036132812,SOL,0.03582489876808137
2025-08-28,214.4056396484375,SOL,0.05658426265374894
2025-08-29,205.22000122070312,SOL,-0.042842335876967286
2025-08-30,202.86013793945312,SOL,-0.011499187541238243
2025-08-31,200.86354064941406,SOL,-0.009842235691641776
2025-09-01,197.10833740234375,SOL,-0.018695295497277997
2025-09-02,209.48153686523438,SOL,0.06277359763648183
2025-09-03,210.74630737304688,SOL,0.006037622822225863
2025-09-04,202.5601806640625,SOL,-0.03884351195057445
2025-09-05,203.49851989746094,SOL,0.004632397297051449
2025-09-06,200.24630737304688,SOL,-0.015981504563535864
2025-09-07,206.4681854248047,SOL,0.03107112502287901
2025-09-08,214.1864013671875,SOL,0.03738210769132655
2025-09-09,217.2506866455078,SOL,0.014306628519646702
2025-09-10,223.98690795898438,SOL,0.031006674443649462
2025-09-11,228.7561798095703,SOL,0.021292636672582965
2025-09-12,242.30328369140625,SOL,0.05922071217098179
2025-09-13,242.5959014892578,SOL,0.0012076509793579326
2025-09-14,240.5576934814453,SOL,-0.00840165887098776
2025-09-15,234.35755920410156,SOL,-0.02577400118704576
2025-09-16,236.9895782470703,SOL,0.01123078364490282
2025-09-17,244.85745239257812,SOL,0.03319924109618544
2025-09-18,247.6371307373047,SOL,0.01135223093095794
2025-09-19,238.55270385742188,SOL,-0.03668442956367335
2025-09-20,239.5924835205078,SOL,0.004358699969744917
2025-09-21,236.57545471191406,SOL,-0.012592334969204089
2025-09-22,220.49644470214844,SOL,-0.06796567306335977
2025-09-23,213.71730041503906,SOL,-0.0307449142604852
2025-09-24,211.75625610351562,SOL,-0.00917588004207004
2025-09-25,192.38076782226562,SOL,-0.09149901229731994
2025-09-26,205.35255432128906,SOL,0.06742766777502229
2025-09-27,203.5833282470703,SOL,-0.008615554260166025
2025-09-28,210.7377471923828,SOL,0.035142459880751264
2025-09-29,213.05340576171875,SOL,0.010988342621039537
2025-09-30,208.7431182861328,SOL,-0.020231018885502383
2025-10-01,221.67587280273438,SOL,0.06195535748811665
2025-10-02,234.85687255859375,SOL,0.059460687305329385
2025-10-03,233.00196838378906,SOL,-0.007898019566542236
2025-10-04,228.00320434570312,SOL,-0.021453741669049897
2025-10-05,228.6011962890625,SOL,0.002622734821097872
2025-10-06,232.5160369873047,SOL,0.01712519777583288
2025-10-07,220.4827117919922,SOL,-0.05175266769220532
2025-10-08,229.10121154785156,SOL,0.03908923146768184
2025-10-09,220.99107360839844,SOL,-0.03539980380138319
2025-10-10,188.6638641357422,SOL,-0.1462828744383624
2025-10-11,178.05416870117188,SOL,-0.05623597016404114
2025-10-12,197.508544921875,SOL,0.10926099828279434
2025-10-13,208.36729431152344,SOL,0.05497863089388688
2025-10-14,202.46034240722656,SOL,-0.028348747934815455
2025-10-15,194.02186584472656,SOL,-0.04167965173903998
2025-10-16,184.68894958496094,SOL,-0.048102394125178916
2025-10-17,182.0347900390625,SOL,-0.014370971040026714
2025-10-18,187.66029357910156,SOL,0.030903452789611707
2025-10-19,187.79820251464844,SOL,0.0007348860694855741
2025-10-20,189.75067138671875,SOL,0.010396632374146453
2025-10-21,185.66627502441406,SOL,-0.021525069357886673
2025-10-22,180.14813232421875,SOL,-0.029720759461941637
2025-10-23,191.38827514648438,SOL,0.06239389039036136
2025-10-24,193.5602264404297,SOL,0.01134840309461449
2025-10-25,194.04037475585938,SOL,0.0024806145573375016
2025-10-26,200.02862548828125,SOL,0.03086084914006304
2025-10-27,198.74171447753906,SOL,-0.006433634224105478
2025-10-28,194.4427947998047,SOL,-0.021630686285642464
2025-10-29,194.41087341308594,SOL,-0.00016416852448364327
2025-10-30,184.62442016601562,SOL,-0.05033902206835916
2025-10-31,187.20947265625,SOL,0.014001682377173585
2025-11-01,186.3800506591797,SOL,-0.004430448872602133
2025-11-02,187.8259735107422,SOL,0.007757927130337405
2025-11-03,166.0906982421875,SOL,-0.11572028544450275
2025-11-04,155.40318298339844,SOL,-0.06434746419817505
2025-11-05,162.56607055664062,SOL,0.046092283540983825
2025-11-06,155.06591796875,SOL,-0.04613602679950024
2025-11-07,161.7081756591797,SOL,0.04283505864756365
2025-11-08,158.10250854492188,SOL,-0.022297370553837736
2025-11-09,164.45384216308594,SOL,0.04017225075438602
2025-11-10,167.36700439453125,SOL,0.0177141633976321
2025-11-11,154.56832885742188,SOL,-0.07647072123570597
2025-11-12,153.2620391845703,SOL,-0.008451211723046526
2025-11-13,145.1084747314453,SOL,-0.05320015638905751
2025-11-14,138.67660522460938,SOL,-0.04432456146162034
2025-11-15,139.5352020263672,SOL,0.006191360109855326
2025-11-16,137.26573181152344,SOL,-0.016264499437316893
2025-11-17,130.8482666015625,SOL,-0.04675212906577886
2025-11-18,140.71438598632812,SOL,0.07540122342474964
2025-11-19,136.76695251464844,SOL,-0.028052806712053013
2025-11-20,133.51715087890625,SOL,-0.02376160012334938
2025-11-21,128.50050354003906,SOL,-0.03757305563999824
2025-11-22,127.55120086669922,SOL,-0.00738754049352075
2025-11-23,130.70506286621094,SOL,0.024726243093608602
2025-11-24,138.37135314941406,SOL,0.058653353704059
2025-11-25,138.89114379882812,SOL,0.0037564903253695103
2025-11-26,143.01219177246094,SOL,0.02967106369000594
2025-11-27,140.84640502929688,SOL,-0.015144070699999679
2025-11-28,137.39019775390625,SOL,-0.02453883913239896
2025-11-29,136.0817108154297,SOL,-0.00952387404536914
2025-11-30,133.5648193359375,SOL,-0.018495442660225625
2025-12-01,126.70902252197266,SOL,-0.05132936089047058
2025-12-02,138.67420959472656,SOL,0.09443042677311331
2025-12-03,144.89849853515625,SOL,0.044884257560364516
2025-12-04,139.0145263671875,SOL,-0.04060754409088052
2025-12-05,133.322998046875,SOL,-0.0409419682176172
2025-12-06,132.34844970703125,SOL,-0.007309679156038085
2025-12-07,132.09356689453125,SOL,-0.0019258466046577771
2025-12-08,133.27822875976562,SOL,0.00896835397124418
2025-12-09,137.901611328125,SOL,0.03468970597360688
2025-12-10,136.46902465820312,SOL,-0.010388469403110556
2025-12-11,136.37156677246094,SOL,-0.0007141392413866354
2025-12-12,132.3242950439453,SOL,-0.0296782666966684
2025-12-13,133.24746704101562,SOL,0.006976587305934423
2025-12-14,129.48109436035156,SOL,-0.02826599832854393
2025-12-15,127.75711822509766,SOL,-0.013314500806241303
2025-12-16,129.25120544433594,SOL,0.011694747345551537
2025-12-17,123.11980438232422,SOL,-0.04743786366195479
2025-12-18,119.57015228271484,SOL,-0.02883087832552622
2025-12-19,126.1927490234375,SOL,0.05538670491164055
2025-12-20,125.80903625488281,SOL,-0.003040687927984065
2025-12-21,125.99150085449219,SOL,0.001450329841488518
2025-12-22,125.80123138427734,SOL,-0.0015101770272154535
2025-12-23,123.85721588134766,SOL,-0.015453072132429413
2025-12-24,122.45860290527344,SOL,-0.011292139631283615
2025-12-25,119.9471206665039,SOL,-0.020508826486549614
2025-12-26,122.19595336914062,SOL,0.018748534271942008
2025-12-27,124.64771270751953,SOL,0.020064161461815333
2025-12-28,125.19935607910156,SOL,0.004425619689279348
2025-12-29,123.12522888183594,SOL,-0.01656659636456259
2025-12-30,124.93132019042969,SOL,0.014668734628928704
2025-12-31,124.48446655273438,SOL,-0.0035767943299901406
2026-01-01,126.76112365722656,SOL,0.01828868426349195
2026-01-02,132.1336669921875,SOL,0.042383210088045464
2026-01-03,133.29847717285156,SOL,0.008815392830450408
2026-01-04,133.8996124267578,SOL,0.00450969333375606
2026-01-05,137.98997497558594,SOL,0.030547979002295556
2026-01-06,141.09841918945312,SOL,0.02252659451831307
2026-01-07,136.31301879882812,SOL,-0.03391533667148772
2026-01-08,138.29342651367188,SOL,0.014528382778804527
2026-01-09,135.7563934326172,SOL,-0.01834529048135103
2026-01-10,135.7270050048828,SOL,-0.0002164791432012203
2026-01-11,139.49046325683594,SOL,0.02772814630233489
2026-01-12,139.1361846923828,SOL,-0.0025398049169914616
2026-01-13,145.36087036132812,SOL,0.04473807933362206
2026-01-14,146.7528076171875,SOL,0.009575735563493781
2026-01-15,142.3324432373047,SOL,-0.03012115714619623
2026-01-16,144.8604736328125,SOL,0.01776144874638974
2026-01-17,143.72567749023438,SOL,-0.007833718295403136
2026-01-18,137.99542236328125,SOL,-0.039869390264954396
2026-01-19,133.3386993408203,SOL,-0.03374548910906505
2026-01-20,125.70572662353516,SOL,-0.05724499155173923
2026-01-21,129.3790740966797,SOL,0.029221798972973723
2026-01-22,128.28834533691406,SOL,-0.00843048821751935
2026-01-23,127.36157989501953,SOL,-0.0072240813416108995
2026-01-24,127.05381774902344,SOL,-0.00241644416039577
2026-01-25,118.77285766601562,SOL,-0.06517679066807469
2026-01-26,124.13972473144531,SOL,0.045185972375280326
2026-01-27,127.05479431152344,SOL,0.023482165651521836
2026-01-28,125.11844635009766,SOL,-0.015240258912844196
2026-01-29,117.60576629638672,SOL,-0.06004454397307235
2026-01-30,117.363037109375,SOL,-0.002063922498493853
2026-01-31,105.441650390625,SOL,-0.10157701276629383
2026-02-01,100.85052490234375,SOL,-0.04354185913510189
2026-02-02,104.47115325927734,SOL,0.03590093715862697
2026-02-03,97.56390380859375,SOL,-0.0661163319748288
2026-02-04,92.02930450439453,SOL,-0.056727940233483265
2026-02-05,78.18741607666016,SOL,-0.1504074001458242
2026-02-06,87.46477508544922,SOL,0.11865539845558937
2026-02-07,87.63983154296875,SOL,0.002001450953809769
2026-02-08,87.04410552978516,SOL,-0.006797434484929532
2026-02-09,86.7017822265625,SOL,-0.0039327568608941155
2026-02-10,82.91548156738281,SOL,-0.04367039018051111
2026-02-11,79.2542495727539,SOL,-0.0441561928534846
2026-02-12,78.34844207763672,SOL,-0.011429134715176037
2026-02-13,84.32254028320312,SOL,0.07625037648670263
2026-02-14,88.16083526611328,SOL,0.04551920482968108
2026-02-15,86.00509643554688,SOL,-0.024452341269899702
2026-02-16,86.42878723144531,SOL,0.0049263452220642545
2026-02-17,85.1976089477539,SOL,-0.01424500242488036
2026-02-18,81.56694793701172,SOL,-0.04261458808038421
2026-02-19,82.39324951171875,SOL,0.010130348083455587
2026-02-20,84.6351089477539,SOL,0.02720926106593602
2026-02-21,85.21113586425781,SOL,0.006806004312696068
2026-02-22,82.79097747802734,SOL,-0.028401902658424905
2026-02-23,77.7533187866211,SOL,-0.06084791899870057
2026-02-24,79.0365219116211,SOL,0.01650351579874676
2026-02-25,87.91560363769531,SOL,0.1123415037924218
2026-02-26,85.90911865234375,SOL,-0.022822853990975167
2026-02-27,81.95148468017578,SOL,-0.04606768215355217
2026-02-28,84.36618041992188,SOL,0.02946494196132865
2026-03-01,83.5776596069336,SOL,-0.009346408822392127
2026-03-02,86.634521484375,SOL,0.036575107412888164
2026-03-03,87.0197525024414,SOL,0.004446622564145963
2026-03-04,90.83426666259766,SOL,0.04383503802828259
2026-03-05,88.69110870361328,SOL,-0.02359415711413293
2026-03-06,84.68180084228516,SOL,-0.04520529644889626
2026-03-07,83.1799545288086,SOL,-0.01773517212126441
2026-03-08,81.62458801269531,SOL,-0.01869881421460262
2026-03-09,84.93617248535156,SOL,0.04057091806872193
2026-03-10,85.83822631835938,SOL,0.010620373000247652
2026-03-11,86.56493377685547,SOL,0.008466012051563832
2026-03-12,86.86779022216797,SOL,0.0034986042511531146
2026-03-13,88.15328979492188,SOL,0.014798345502587074
2026-03-14,88.07068634033203,SOL,-0.0009370433568844927
2026-03-15,92.25182342529297,SOL,0.04747478711365716
2026-03-16,96.22372436523438,SOL,0.04305498571698063
2026-03-17,94.70597076416016,SOL,-0.015773174558420866
2026-03-18,90.06571960449219,SOL,-0.0489963950765393
2026-03-19,88.9178466796875,SOL,-0.012744837101678286
2026-03-20,89.85356903076172,SOL,0.010523448171715355
2026-03-21,87.46537017822266,SOL,-0.026578786778313157
2026-03-22,86.12834930419922,SOL,-0.015286288405331971
2026-03-23,91.42407989501953,SOL,0.061486498157722336
2026-03-24,90.82242584228516,SOL,-0.006580914496763235
2026-03-25,91.70822143554688,SOL,0.009753049261202573
2026-03-26,86.44393157958984,SOL,-0.05740259459351538
2026-03-27,83.01882934570312,SOL,-0.039622240350477234
2026-03-28,82.0156021118164,SOL,-0.012084333660128177
2026-03-29,81.42240142822266,SOL,-0.007232778499693393
2026-03-30,82.44405364990234,SOL,0.012547556983815156
2026-03-31,83.10646057128906,SOL,0.008034623384721273
2026-04-01,81.19525909423828,SOL,-0.022997026511691554
2026-04-02,78.9513168334961,SOL,-0.027636370470076166
2026-04-03,80.36854553222656,SOL,0.017950665746580663
2026-04-04,80.80838012695312,SOL,0.005472720600003811
2026-04-05,81.8544921875,SOL,0.012945588797886876
2026-04-06,80.15157318115234,SOL,-0.020804221745666207
2026-04-07,85.64801025390625,SOL,0.06857553575812281
2026-04-08,82.58169555664062,SOL,-0.035801353565312666
2026-04-09,83.2977294921875,SOL,0.008670613151261497
2026-04-10,84.82847595214844,SOL,0.018376808939366107
2026-04-11,84.94876861572266,SOL,0.0014180693714462844
2026-04-12,81.53523254394531,SOL,-0.04018346736983247
2026-04-13,86.65656280517578,SOL,0.06281125473543248
2026-04-14,83.77462768554688,SOL,-0.033256974732637
2026-04-15,84.9193344116211,SOL,0.013664121914942262
2026-04-16,88.99420928955078,SOL,0.0479852427737828
2026-04-17,88.87416076660156,SOL,-0.0013489475765623427
2026-04-18,86.20271301269531,SOL,-0.03005876771002003
2026-04-19,83.58094787597656,SOL,-0.030413951546195972
2026-04-20,85.33295440673828,SOL,0.020961793031606613
2026-04-21,86.02946472167969,SOL,0.00816226649813978
2026-04-22,86.91582489013672,SOL,0.010302983650131603
2026-04-23,86.14105987548828,SOL,-0.008913969528883348
2026-04-24,86.23188018798828,SOL,0.0010543208155469053
2026-04-25,86.15117645263672,SOL,-0.0009358920990197861
2026-04-26,86.97038269042969,SOL,0.009508938490739416
2026-04-27,84.81778717041016,SOL,-0.024750903162995996
2026-04-28,84.03897857666016,SOL,-0.009182137612070318
2026-04-29,83.02687072753906,SOL,-0.012043314498377145
2026-04-30,83.02375793457031,SOL,-3.7491392141819624e-05
2026-05-01,83.72350311279297,SOL,0.008428252293447347
2026-05-02,84.276611328125,SOL,0.006606367325395768
2026-05-03,83.89957427978516,SOL,-0.004473804088679811
2026-05-04,84.08985900878906,SOL,0.002268005894396463
2026-05-05,86.3191909790039,SOL,0.02651130583988537
2026-05-06,89.14501953125,SOL,0.03273696752942734
2026-05-07,88.40478515625,SOL,-0.008303709830255968
2026-05-08,91.94982147216797,SOL,0.04010005012344453
2026-05-09,93.14551544189453,SOL,0.01300376608222642
2026-05-10,96.42698669433594,SOL,0.03522951413037623
2026-05-11,97.35015106201172,SOL,0.009573713742628165
2026-05-12,94.28429412841797,SOL,-0.031493088610009545
2026-05-13,91.0854721069336,SOL,-0.033927411251840955
2026-05-14,92.14872741699219,SOL,0.01167316022483078
2026-05-15,89.20035552978516,SOL,-0.031995796033786106
2026-05-16,86.53648376464844,SOL,-0.029863914211050613
2026-05-17,85.1729507446289,SOL,-0.01575674167358021
2026-05-18,85.2968978881836,SOL,0.0014552406893393321
2026-05-19,84.20860290527344,SOL,-0.01275890460092477
2026-05-20,86.04193878173828,SOL,0.021771360801783768
2026-05-21,87.15620422363281,SOL,0.012950259578890622
2026-05-22,84.30709075927734,SOL,-0.032689737807362174
2026-05-23,85.65848541259766,SOL,0.016029430515862142
2026-05-24,85.24969482421875,SOL,-0.0047723303349324064
2026-05-25,85.01050567626953,SOL,-0.0028057478498006994
2026-05-26,83.58651733398438,SOL,-0.01675073369999558
2026-05-27,82.36812591552734,SOL,-0.014576410853304744
2026-05-28,81.98542785644531,SOL,-0.004646191167133162
2026-05-29,81.93248748779297,SOL,-0.000645729003757145
2026-05-30,82.54729461669922,SOL,0.00750382598841326
2026-05-31,82.29830169677734,SOL,-0.00301636681223838
2026-06-01,81.08702087402344,SOL,-0.01471817519657681
2026-06-02,74.14286041259766,SOL,-0.08563837204247782
2026-06-03,71.61238098144531,SOL,-0.034129778876488936
2026-06-04,68.71892547607422,SOL,-0.040404403061543026
2026-06-05,63.486942291259766,SOL,-0.07613598653599529
2026-06-06,62.18980407714844,SOL,-0.020431574860865553
2026-06-07,66.31063079833984,SOL,0.06626209524762916
2026-06-08,66.79495239257812,SOL,0.007303830297002767
2026-06-09,64.9620590209961,SOL,-0.027440597020107926
2026-06-10,63.160953521728516,SOL,-0.027725498951402527
2026-06-11,66.82200622558594,SOL,0.05796386057721481
2026-06-12,66.74927520751953,SOL,-0.0010884291294828152
2026-06-13,68.87278747558594,SOL,0.031813263312066464
2026-06-14,71.16618347167969,SOL,0.033299015186610825
2026-06-15,73.97933197021484,SOL,0.03952928710381998
2026-06-16,73.41378784179688,SOL,-0.007644623347581203
2026-06-17,71.93098449707031,SOL,-0.020197886368728546
2026-06-18,69.62649536132812,SOL,-0.032037503057337546
2026-06-19,69.7206039428711,SOL,0.001351620256837327
2026-06-20,73.17265319824219,SOL,0.04951261263025919
2026-06-21,72.41815948486328,SOL,-0.010311143308345039
2026-06-22,71.90816497802734,SOL,-0.007042356647334214
2026-06-23,69.64368438720703,SOL,-0.03149128602450446
2026-06-24,67.98249816894531,SOL,-0.023852646982686965
2026-06-25,67.57408905029297,SOL,-0.006007562676461187
2026-06-26,71.83538055419922,SOL,0.06306102773704758
2026-06-27,70.41069793701172,SOL,-0.019832603463589726
2026-06-28,71.31294250488281,SOL,0.012814026764487174
2026-06-29,74.94681549072266,SOL,0.05095671077646302
2026-06-30,73.52330780029297,SOL,-0.018993571389379404
2026-07-01,77.38370513916016,SOL,0.05250576251755379
2026-07-02,80.64398193359375,SOL,0.042131309021332
2026-07-03,82.28005981445312,SOL,0.02028766240990687
2026-07-04,81.6496353149414,SOL,-0.007661935357526128
2026-07-05,81.42304229736328,SOL,-0.002775187135914403
2026-07-06,81.91517639160156,SOL,0.006044162442874201
2026-07-07,80.6487045288086,SOL,-0.015460771966582909
2026-07-08,77.78702545166016,SOL,-0.035483261558481916
2026-07-09,78.04546356201172,SOL,0.0033223806778954756
2026-07-10,78.06661224365234,SOL,0.00027097899961625593
2026-07-11,76.82416534423828,SOL,-0.01591521475962454
2026-07-12,76.87384033203125,SOL,0.0006466062803336392
2026-07-13,74.86138916015625,SOL,-0.02617862153344852
2026-07-14,77.76244354248047,SOL,0.03875234503220071
2026-07-15,77.26406860351562,SOL,-0.006408941338019947
2026-07-16,75.27197265625,SOL,-0.025782954266726055
2026-07-17,75.0115966796875,SOL,-0.0034591358160835917
2026-07-18,75.46090698242188,SOL,0.005989877867191851
2026-07-19,76.35526275634766,SOL,0.011851908619838314
2026-07-20,77.79191589355469,SOL,0.018815378080636602
2026-07-21,78.10860443115234,SOL,0.004070969765431531
2026-07-22,77.90626525878906,SOL,-0.0025904850539434365
2026-07-23,75.85980224609375,SOL,-0.02626827259524467
2026-07-24,73.87991333007812,SOL,-0.026099315545178303
2026-07-25,74.4285659790039,SOL,0.007426276293456491
2026-07-26,76.60216522216797,SOL,0.029203830741240333
2026-07-27,74.141845703125,SOL,-0.032118145902369055
2026-07-28,73.69912719726562,SOL,-0.005971236643232292
2026-07-29,73.59720611572266,SOL,-0.0013829347160403405
2026-07-30,74.46800231933594,SOL,0.011831919301991789
2026-07-31,72.78968048095703,SOL,-0.02253748974199521
2026-08-01,71.86627960205078,SOL,-0.012685876250656536
2026-08-02,73.44882202148438,SOL,0.02202065319363533
2026-08-03,73.02999877929688,SOL,-0.0057022458721665
2024-08-03,0.5563910007476807,XRP,
2024-08-04,0.5233960151672363,XRP,-0.05930179592427898
2024-08-05,0.48946601152420044,XRP,-0.06482663730673321
2024-08-06,0.5056970119476318,XRP,0.03316062819742682
2024-08-07,0.6008099913597107,XRP,0.18808293734179404
2024-08-08,0.6175770163536072,XRP,0.02790736711277142
2024-08-09,0.5811529755592346,XRP,-0.058978944860080706
2024-08-10,0.585578978061676,XRP,0.007615899235794643
2024-08-11,0.5529320240020752,XRP,-0.05575158139669811
2024-08-12,0.5687680244445801,XRP,0.028640049328098716
2024-08-13,0.576399028301239,XRP,0.013416724444224704
2024-08-14,0.5691919922828674,XRP,-0.012503553379699661
2024-08-15,0.5609549880027771,XRP,-0.014471398740263486
2024-08-16,0.564516007900238,XRP,0.006348138395452452
2024-08-17,0.5663189888000488,XRP,0.003193852564991273
2024-08-18,0.5638750195503235,XRP,-0.004315534704043333
2024-08-19,0.5986059904098511,XRP,0.0615933844475407
2024-08-20,0.5944280028343201,XRP,-0.006979528508678001
2024-08-21,0.6002749800682068,XRP,0.009836308528547555
2024-08-22,0.5976009964942932,XRP,-0.004454597747202027
2024-08-23,0.6112390160560608,XRP,0.022821279820101292
2024-08-24,0.6131100058555603,XRP,0.0030609790120594838
2024-08-25,0.6001840233802795,XRP,-0.02108264805961413
2024-08-26,0.5874699950218201,XRP,-0.021183550149924235
2024-08-27,0.5675539970397949,XRP,-0.03390130245083478
2024-08-28,0.5698500275611877,XRP,0.004045483836548236
2024-08-29,0.5620549917221069,XRP,-0.013679100573955494
2024-08-30,0.5670310258865356,XRP,0.008853287023005363
2024-08-31,0.5663130283355713,XRP,-0.0012662403258124622
2024-09-01,0.5479900240898132,XRP,-0.032354905024188585
2024-09-02,0.5675870180130005,XRP,0.035761588827710744
2024-09-03,0.5573909878730774,XRP,-0.017963818439007295
2024-09-04,0.5581759810447693,XRP,0.0014083348830007392
2024-09-05,0.5441960096359253,XRP,-0.025045813298302244
2024-09-06,0.5213469862937927,XRP,-0.04198675281985054
2024-09-07,0.5250920057296753,XRP,0.007183352995872472
2024-09-08,0.5292909741401672,XRP,0.007996633665479314
2024-09-09,0.5396379828453064,XRP,0.019548810032039343
2024-09-10,0.5410779714584351,XRP,0.002668434504065287
2024-09-11,0.5353119969367981,XRP,-0.010656457711806677
2024-09-12,0.5625759959220886,XRP,0.050931044215901444
2024-09-13,0.5731490254402161,XRP,0.018793957784845938
2024-09-14,0.5961989760398865,XRP,0.04021633044209838
2024-09-15,0.5709750056266785,XRP,-0.042307973389609566
2024-09-16,0.585407018661499,XRP,0.025276085454880137
2024-09-17,0.5845019817352295,XRP,-0.001545996029119756
2024-09-18,0.585250973701477,XRP,0.0012814190364658362
2024-09-19,0.5873709917068481,XRP,0.0036224083352871528
2024-09-20,0.5851709842681885,XRP,-0.0037455159851640385
2024-09-21,0.5981410145759583,XRP,0.022164513717285672
2024-09-22,0.5876209735870361,XRP,-0.017587894380358016
2024-09-23,0.5850650072097778,XRP,-0.004349685413125748
2024-09-24,0.591543972492218,XRP,0.011073923756505177
2024-09-25,0.5835409760475159,XRP,-0.013528996688082051
2024-09-26,0.5904210209846497,XRP,0.011790165934420394
2024-09-27,0.5889269709587097,XRP,-0.002530482440222581
2024-09-28,0.6148009896278381,XRP,0.04393417171403824
2024-09-29,0.6419469714164734,XRP,0.04415409579133511
2024-09-30,0.6114919781684875,XRP,-0.047441602817731354
2024-10-01,0.5975300073623657,XRP,-0.022832631178482665
2024-10-02,0.5398309826850891,XRP,-0.09656255579861728
2024-10-03,0.5219529867172241,XRP,-0.03311776563646063
2024-10-04,0.5343409776687622,XRP,0.02373392099823257
2024-10-05,0.5294960141181946,XRP,-0.009067175741799494
2024-10-06,0.5335919857025146,XRP,0.0077356041879586
2024-10-07,0.5299339890480042,XRP,-0.006855419032754884
2024-10-08,0.5308679938316345,XRP,0.0017624926933037521
2024-10-09,0.5243319869041443,XRP,-0.012311925004774626
2024-10-10,0.529977023601532,XRP,0.010766149764614097
2024-10-11,0.5382969975471497,XRP,0.015698744615527227
2024-10-12,0.5395600199699402,XRP,0.002346330053011103
2024-10-13,0.5315399765968323,XRP,-0.014864043065226928
2024-10-14,0.5480210185050964,XRP,0.031006213330902144
2024-10-15,0.5414519906044006,XRP,-0.011986817437431352
2024-10-16,0.5480449795722961,XRP,0.012176497791680507
2024-10-17,0.5436580181121826,XRP,-0.008004747098563358
2024-10-18,0.5465409755706787,XRP,0.005302887775861409
2024-10-19,0.5442569851875305,XRP,-0.004178992033970208
2024-10-20,0.547652006149292,XRP,0.006237900576676392
2024-10-21,0.5448629856109619,XRP,-0.005092687522393113
2024-10-22,0.5333790183067322,XRP,-0.02107679840162502
2024-10-23,0.525210976600647,XRP,-0.0153137664320121
2024-10-24,0.5317609906196594,XRP,0.01247120549803915
2024-10-25,0.5019189715385437,XRP,-0.05611923327873469
2024-10-26,0.5127609968185425,XRP,0.02160114658898915
2024-10-27,0.516381025314331,XRP,0.007059874909069341
2024-10-28,0.5192270278930664,XRP,0.005511439110302163
2024-10-29,0.5279160141944885,XRP,0.016734464568765928
2024-10-30,0.5229740142822266,XRP,-0.009361337370685008
2024-10-31,0.5092369914054871,XRP,-0.026267123225220512
2024-11-01,0.5128679871559143,XRP,0.007130267069573426
2024-11-02,0.509850025177002,XRP,-0.005884481103311412
2024-11-03,0.5029309988021851,XRP,-0.01357070909708169
2024-11-04,0.5032259821891785,XRP,0.0005865285450608049
2024-11-05,0.5140290260314941,XRP,0.02146757962559742
2024-11-06,0.5424270033836365,XRP,0.055245863392940686
2024-11-07,0.5547320246696472,XRP,0.022685119304998835
2024-11-08,0.554078996181488,XRP,-0.0011771963022111365
2024-11-09,0.559486985206604,XRP,0.009760321294230323
2024-11-10,0.589381992816925,XRP,0.0534328919184448
2024-11-11,0.6204670071601868,XRP,0.05274171033745412
2024-11-12,0.7076990008354187,XRP,0.1405908657004724
2024-11-13,0.6902880072593689,XRP,-0.024602258241846586
2024-11-14,0.7730069756507874,XRP,0.11983254456329795
2024-11-15,0.8920909762382507,XRP,0.15405294433107497
2024-11-16,1.119089961051941,XRP,0.2544572144097841
2024-11-17,1.0543349981307983,XRP,-0.05786394764927849
2024-11-18,1.1179360151290894,XRP,0.060323347997597976
2024-11-19,1.1019469499588013,XRP,-0.014302307962090088
2024-11-20,1.102301001548767,XRP,0.0003212964017724751
2024-11-21,1.2503520250320435,XRP,0.13431088538907265
2024-11-22,1.4690190553665161,XRP,0.17488437332587892
2024-11-23,1.469007968902588,XRP,-7.546848277972806e-06
2024-11-24,1.4324109554290771,XRP,-0.02491273992260934
2024-11-25,1.415423035621643,XRP,-0.01185966900284241
2024-11-26,1.4013229608535767,XRP,-0.00996173893826291
2024-11-27,1.4728120565414429,XRP,0.05101543162064548
2024-11-28,1.5413429737091064,XRP,0.04653066008204232
2024-11-29,1.7967309951782227,XRP,0.16569188417198766
2024-11-30,1.94412100315094,XRP,0.08203231778616771
2024-12-01,2.320223093032837,XRP,0.1934561116681155
2024-12-02,2.7138049602508545,XRP,0.1696310447042204
2024-12-03,2.525527000427246,XRP,-0.06937785234433524
2024-12-04,2.3544440269470215,XRP,-0.06774149452818456
2024-12-05,2.295206069946289,XRP,-0.025160061705754577
2024-12-06,2.424736976623535,XRP,0.05643541482977921
2024-12-07,2.616624116897583,XRP,0.07913730112750295
2024-12-08,2.6083478927612305,XRP,-0.003162939637721185
2024-12-09,2.218951940536499,XRP,-0.1492883496505184
2024-12-10,2.3691599369049072,XRP,0.06769321751605428
2024-12-11,2.4000699520111084,XRP,0.013046825005230467
2024-12-12,2.3427700996398926,XRP,-0.023874242633304177
2024-12-13,2.421319007873535,XRP,0.03352821868680844
2024-12-14,2.398705005645752,XRP,-0.009339538554914872
2024-12-15,2.4469499588012695,XRP,0.020112916361939126
2024-12-16,2.4886579513549805,XRP,0.017044889865317492
2024-12-17,2.565190076828003,XRP,0.03075236813132709
2024-12-18,2.3033180236816406,XRP,-0.10208680265525638
2024-12-19,2.2488911151885986,XRP,-0.023629784481973393
2024-12-20,2.276885986328125,XRP,0.01244829994233787
2024-12-21,2.238111972808838,XRP,-0.017029404964548522
2024-12-22,2.1993319988250732,XRP,-0.017327092859923177
2024-12-23,2.2572619915008545,XRP,0.026339812591609002
2024-12-24,2.3246240615844727,XRP,0.029842379988345602
2024-12-25,2.2959699630737305,XRP,-0.01232633653942794
2024-12-26,2.154339075088501,XRP,-0.06168673382626533
2024-12-27,2.1416499614715576,XRP,-0.005890026209742327
2024-12-28,2.180824041366577,XRP,0.0182915418484646
2024-12-29,2.093179941177368,XRP,-0.04018852439570886
2024-12-30,2.0575709342956543,XRP,-0.017011918651238633
2024-12-31,2.0801279544830322,XRP,0.01096293683556504
2025-01-01,2.322340965270996,XRP,0.11644139980233104
2025-01-02,2.403369903564453,XRP,0.03489106014370358
2025-01-03,2.4528961181640625,XRP,0.020606987932301424
2025-01-04,2.4195950031280518,XRP,-0.013576243522671394
2025-01-05,2.3997271060943604,XRP,-0.008211248993325815
2025-01-06,2.418807029724121,XRP,0.007950872239308016
2025-01-07,2.2723500728607178,XRP,-0.06054925219896834
2025-01-08,2.375304937362671,XRP,0.04530765999991404
2025-01-09,2.275212049484253,XRP,-0.04213896342486123
2025-01-10,2.343251943588257,XRP,0.029904858371081255
2025-01-11,2.576770067214966,XRP,0.0996555766295959
2025-01-12,2.5063140392303467,XRP,-0.027342768716950294
2025-01-13,2.522934913635254,XRP,0.00663160088669934
2025-01-14,2.669132947921753,XRP,0.05794760439374347
2025-01-15,3.155057907104492,XRP,0.1820534865305572
2025-01-16,3.245539903640747,XRP,0.028678394882233116
2025-01-17,3.2986350059509277,XRP,0.016359405179588116
2025-01-18,3.2740190029144287,XRP,-0.007462481599840642
2025-01-19,2.954716920852661,XRP,-0.09752603200455923
2025-01-20,3.09983491897583,XRP,0.04911401058389431
2025-01-21,3.1693999767303467,XRP,0.022441536266550877
2025-01-22,3.171104907989502,XRP,0.0005379350260847904
2025-01-23,3.1198909282684326,XRP,-0.01615020038978754
2025-01-24,3.103482961654663,XRP,-0.005259147512210016
2025-01-25,3.109705924987793,XRP,0.0020051546633308437
2025-01-26,3.0262279510498047,XRP,-0.02684433060605751
2025-01-27,3.053184986114502,XRP,0.008907800569136093
2025-01-28,3.06112003326416,XRP,0.002598940839073194
2025-01-29,3.068294048309326,XRP,0.002343591550546309
2025-01-30,3.1310689449310303,XRP,0.02045921793456995
2025-01-31,3.0354199409484863,XRP,-0.030548354464500882
2025-02-01,2.8844690322875977,XRP,-0.04972982704123652
2025-02-02,2.5797948837280273,XRP,-0.10562573047211432
2025-02-03,2.7011559009552,XRP,0.04704289398845374
2025-02-04,2.5354249477386475,XRP,-0.061355567502766495
2025-02-05,2.382314920425415,XRP,-0.06038830983728849
2025-02-06,2.3268799781799316,XRP,-0.02326935946637332
2025-02-07,2.393583059310913,XRP,0.028666317883381476
2025-02-08,2.4243760108947754,XRP,0.012864793416747844
2025-02-09,2.396939992904663,XRP,-0.011316733818029445
2025-02-10,2.422696113586426,XRP,0.010745417389673939
2025-02-11,2.4142160415649414,XRP,-0.003500262362220452
2025-02-12,2.472835063934326,XRP,0.02428076914416777
2025-02-13,2.5625150203704834,XRP,0.03626604853033544
2025-02-14,2.7401959896087646,XRP,0.06933850838954014
2025-02-15,2.76157808303833,XRP,0.007803125583224491
2025-02-16,2.7278249263763428,XRP,-0.012222416186346452
2025-02-17,2.658273935317993,XRP,-0.025496867627330277
2025-02-18,2.558877944946289,XRP,-0.03739117667713732
2025-02-19,2.7408010959625244,XRP,0.07109489195275165
2025-02-20,2.6908280849456787,XRP,-0.018232994393668656
2025-02-21,2.5701398849487305,XRP,-0.04485169478948137
2025-02-22,2.5757060050964355,XRP,0.0021656876266935576
2025-02-23,2.5770199298858643,XRP,0.0005101221905097209
2025-02-24,2.2779290676116943,XRP,-0.11606074862114735
2025-02-25,2.3207170963287354,XRP,0.018783740602556387
2025-02-26,2.1924350261688232,XRP,-0.05527691003907731
2025-02-27,2.198647975921631,XRP,0.002833812486413567
2025-02-28,2.145595073699951,XRP,-0.02412978466888993
2025-03-01,2.190603017807007,XRP,0.020976905036159676
2025-03-02,2.9369421005249023,XRP,0.34070028966957633
2025-03-03,2.385741949081421,XRP,-0.1876782492051745
2025-03-04,2.455146074295044,XRP,0.029091212165819336
2025-03-05,2.500509023666382,XRP,0.018476680408664903
2025-03-06,2.601728916168213,XRP,0.04047971494756575
2025-03-07,2.3816239833831787,XRP,-0.08459948744744761
2025-03-08,2.323438882827759,XRP,-0.02443085094934505
2025-03-09,2.1345760822296143,XRP,-0.08128589135440811
2025-03-10,2.018294095993042,XRP,-0.05447544700075202
2025-03-11,2.1669158935546875,XRP,0.07363733454738197
2025-03-12,2.240755081176758,XRP,0.034075705403102674
2025-03-13,2.2510080337524414,XRP,0.004575668560036883
2025-03-14,2.356442928314209,XRP,0.04683896857800507
2025-03-15,2.393238067626953,XRP,0.015614695722364624
2025-03-16,2.2978670597076416,XRP,-0.0398501967728927
2025-03-17,2.3406379222869873,XRP,0.018613288527138394
2025-03-18,2.2869598865509033,XRP,-0.02293307957842383
2025-03-19,2.5458409786224365,XRP,0.11319879005921996
2025-03-20,2.434674024581909,XRP,-0.04366610286109862
2025-03-21,2.3792779445648193,XRP,-0.02275297615113081
2025-03-22,2.369823932647705,XRP,-0.003973479407360037
2025-03-23,2.435492992401123,XRP,0.027710522646316793
2025-03-24,2.448162078857422,XRP,0.005201857076093885
2025-03-25,2.451349973678589,XRP,0.001302158402296083
2025-03-26,2.349087953567505,XRP,-0.04171661378796343
2025-03-27,2.3382740020751953,XRP,-0.0046034681144597744
2025-03-28,2.204137086868286,XRP,-0.057365781378856395
2025-03-29,2.139949083328247,XRP,-0.029121602246273914
2025-03-30,2.1361429691314697,XRP,-0.001778600353826043
2025-03-31,2.0898969173431396,XRP,-0.02164932425245547
2025-04-01,2.139611005783081,XRP,0.023787818445678344
2025-04-02,2.025067090988159,XRP,-0.053534925033253744
2025-04-03,2.062467098236084,XRP,0.018468527494402753
2025-04-04,2.128959894180298,XRP,0.03223944566246972
2025-04-05,2.143731117248535,XRP,0.0069382345381967525
2025-04-06,1.917894959449768,XRP,-0.10534724060386191
2025-04-07,1.8977539539337158,XRP,-0.010501620757077612
2025-04-08,1.7945679426193237,XRP,-0.05437270258375981
2025-04-09,2.0517380237579346,XRP,0.14330473370835395
2025-04-10,1.9664820432662964,XRP,-0.041553053803372264
2025-04-11,2.0238869190216064,XRP,0.02919166028079334
2025-04-12,2.1586201190948486,XRP,0.06657150595072547
2025-04-13,2.120198965072632,XRP,-0.01779894187140607
2025-04-14,2.12675404548645,XRP,0.003091728899883517
2025-04-15,2.0885488986968994,XRP,-0.017964064472162367
2025-04-16,2.0832419395446777,XRP,-0.002540979124564857
2025-04-17,2.0664150714874268,XRP,-0.008077251008554831
2025-04-18,2.0635271072387695,XRP,-0.0013975721956859255
2025-04-19,2.08732008934021,XRP,0.011530249357023514
2025-04-20,2.0770010948181152,XRP,-0.0049436569766146965
2025-04-21,2.085515022277832,XRP,0.00409914442556536
2025-04-22,2.215472936630249,XRP,0.0623145424339715
2025-04-23,2.217355966567993,XRP,0.0008499449063947839
2025-04-24,2.2045440673828125,XRP,-0.005778007400864427
2025-04-25,2.183053970336914,XRP,-0.009748091391709401
2025-04-26,2.1931889057159424,XRP,0.00464254916128537
2025-04-27,2.256237030029297,XRP,0.028747238392934138
2025-04-28,2.295137882232666,XRP,0.01724147404976506
2025-04-29,2.2408010959625244,XRP,-0.023674737230725218
2025-04-30,2.191556930541992,XRP,-0.02197614304511919
2025-05-01,2.2141621112823486,XRP,0.010314667360599161
2025-05-02,2.2098309993743896,XRP,-0.001956095213575204
2025-05-03,2.1883668899536133,XRP,-0.00971300946853082
2025-05-04,2.157794952392578,XRP,-0.013970206596245482
2025-05-05,2.1356089115142822,XRP,-0.01028181146391871
2025-05-06,2.1554300785064697,XRP,0.009281271905787758
2025-05-07,2.126171112060547,XRP,-0.013574537507705542
2025-05-08,2.323184013366699,XRP,0.09266088707000653
2025-05-09,2.3446710109710693,XRP,0.00924894346756111
2025-05-10,2.4720299243927,XRP,0.05431845782444511
2025-05-11,2.3665249347686768,XRP,-0.04267949533416049
2025-05-12,2.54463791847229,XRP,0.07526351448353674
2025-05-13,2.586548089981079,XRP,0.016469994101931285
2025-05-14,2.5527029037475586,XRP,-0.013085079053669624
2025-05-15,2.3803670406341553,XRP,-0.06751113216520477
2025-05-16,2.38098406791687,XRP,0.00025921518496185847
2025-05-17,2.3543639183044434,XRP,-0.011180314043729322
2025-05-18,2.434170961380005,XRP,0.03389749666782049
2025-05-19,2.3813788890838623,XRP,-0.021687906533160328
2025-05-20,2.356755018234253,XRP,-0.010340173486245385
2025-05-21,2.398926019668579,XRP,0.017893672065211863
2025-05-22,2.429795026779175,XRP,0.012867844551063046
2025-05-23,2.294321060180664,XRP,-0.05575530656101835
2025-05-24,2.3328700065612793,XRP,0.016801897105708452
2025-05-25,2.342974901199341,XRP,0.0043315292363659275
2025-05-26,2.3106610774993896,XRP,-0.013791792512762302
2025-05-27,2.318671941757202,XRP,0.0034669144409884556
2025-05-28,2.2742528915405273,XRP,-0.019157108608909956
2025-05-29,2.244246006011963,XRP,-0.013194172750172206
2025-05-30,2.138633966445923,XRP,-0.04705902975124965
2025-05-31,2.1750600337982178,XRP,0.01703239915001875
2025-06-01,2.1791839599609375,XRP,0.0018960056727805874
2025-06-02,2.1977550983428955,XRP,0.00852206088296037
2025-06-03,2.2468440532684326,XRP,0.022335953156268573
2025-06-04,2.202310085296631,XRP,-0.01982067598639936
2025-06-05,2.0976340770721436,XRP,-0.04753009529554442
2025-06-06,2.1624059677124023,XRP,0.030878546143122687
2025-06-07,2.1785459518432617,XRP,0.007463901030542175
2025-06-08,2.2654950618743896,XRP,0.03991153363442268
2025-06-09,2.3203749656677246,XRP,0.02422424339690643
2025-06-10,2.3052849769592285,XRP,-0.006503254401451275
2025-06-11,2.2708730697631836,XRP,-0.014927398365054079
2025-06-12,2.1947689056396484,XRP,-0.03351317391397468
2025-06-13,2.1490299701690674,XRP,-0.020839977891545125
2025-06-14,2.1414060592651367,XRP,-0.003547605668491882
2025-06-15,2.1671769618988037,XRP,0.012034570707486925
2025-06-16,2.241771936416626,XRP,0.03442034306809205
2025-06-17,2.1607139110565186,XRP,-0.03615801591738865
2025-06-18,2.1696650981903076,XRP,0.004142698895946095
2025-06-19,2.165937900543213,XRP,-0.0017178677253939512
2025-06-20,2.120347023010254,XRP,-0.02104902339144854
2025-06-21,2.057558059692383,XRP,-0.02961258823979185
2025-06-22,2.0140280723571777,XRP,-0.021156140469597795
2025-06-23,2.166309118270874,XRP,0.07561019034628935
2025-06-24,2.1908159255981445,XRP,0.011312700999399183
2025-06-25,2.1858720779418945,XRP,-0.0022566239356235362
2025-06-26,2.1058549880981445,XRP,-0.03660648335793282
2025-06-27,2.1426188945770264,XRP,0.01745794781058696
2025-06-28,2.1860439777374268,XRP,0.020267292177021945
2025-06-29,2.2070729732513428,XRP,0.009619658034364598
2025-06-30,2.2387499809265137,XRP,0.014352496749804322
2025-07-01,2.1721949577331543,XRP,-0.029728653829319218
2025-07-02,2.233768939971924,XRP,0.028346434568205847
2025-07-03,2.257658004760742,XRP,0.010694510233953958
2025-07-04,2.2211389541625977,XRP,-0.016175634450008136
2025-07-05,2.218522071838379,XRP,-0.0011781713698345575
2025-07-06,2.272541046142578,XRP,0.024349081305031328
2025-07-07,2.274077892303467,XRP,0.0006762677239635639
2025-07-08,2.3112339973449707,XRP,0.016338976412046957
2025-07-09,2.4056360721588135,XRP,0.04084487980113094
2025-07-10,2.5466830730438232,XRP,0.058631894706514975
2025-07-11,2.7348639965057373,XRP,0.07389255673537676
2025-07-12,2.737636089324951,XRP,0.0010136126779085597
2025-07-13,2.8359410762786865,XRP,0.035908712387692
2025-07-14,2.954977035522461,XRP,0.04197405941874255
2025-07-15,2.918951988220215,XRP,-0.012191312104690044
2025-07-16,3.041404962539673,XRP,0.04195100666733542
2025-07-17,3.495129108428955,XRP,0.14918241782258668
2025-07-18,3.4182119369506836,XRP,-0.02200696142891423
2025-07-19,3.429405927658081,XRP,0.0032748088514906737
2025-07-20,3.459528923034668,XRP,0.008783735729166908
2025-07-21,3.55576491355896,XRP,0.027817657451429723
2025-07-22,3.551676034927368,XRP,-0.001149929405062755
2025-07-23,3.1849300861358643,XRP,-0.10325996661432657
2025-07-24,3.143894910812378,XRP,-0.0128841683219717
2025-07-25,3.1417200565338135,XRP,-0.0006917706667245449
2025-07-26,3.167534112930298,XRP,0.008216536143250242
2025-07-27,3.2412819862365723,XRP,0.02328242433293015
2025-07-28,3.11584210395813,XRP,-0.0387007001584857
2025-07-29,3.1284310817718506,XRP,0.004040313146076446
2025-07-30,3.0983760356903076,XRP,-0.009607066704029998
2025-07-31,3.025170087814331,XRP,-0.023627199227180484
2025-08-01,2.96459698677063,XRP,-0.020023039791281616
2025-08-02,2.766371965408325,XRP,-0.06686407030934527
2025-08-03,2.9495439529418945,XRP,0.06621379547798178
2025-08-04,3.072809934616089,XRP,0.041791539180573434
2025-08-05,2.963747978210449,XRP,-0.035492581294086945
2025-08-06,2.9918880462646484,XRP,0.009494757402142673
2025-08-07,3.3182079792022705,XRP,0.10906822979055986
2025-08-08,3.2871201038360596,XRP,-0.009368874874951305
2025-08-09,3.2278831005096436,XRP,-0.01802094278736166
2025-08-10,3.1878559589385986,XRP,-0.012400430971222343
2025-08-11,3.134514093399048,XRP,-0.016732834301996236
2025-08-12,3.2665059566497803,XRP,0.04210919438157679
2025-08-13,3.2805910110473633,XRP,0.004311963481624659
2025-08-14,3.083522081375122,XRP,-0.06007116675276292
2025-08-15,3.078666925430298,XRP,-0.0015745487843754624
2025-08-16,3.108139991760254,XRP,0.009573320870310376
2025-08-17,3.089040994644165,XRP,-0.006144831689280594
2025-08-18,3.0614829063415527,XRP,-0.008921243955775648
2025-08-19,2.852924108505249,XRP,-0.06812345657860619
2025-08-20,2.950748920440674,XRP,0.0342893144769556
2025-08-21,2.8504741191864014,XRP,-0.03398283078564923
2025-08-22,3.075773000717163,XRP,0.07903909037948664
2025-08-23,3.0462141036987305,XRP,-0.00961023359381219
2025-08-24,3.0258688926696777,XRP,-0.006678851300816135
2025-08-25,2.861272096633911,XRP,-0.054396539266625465
2025-08-26,3.0122179985046387,XRP,0.05275482260086517
2025-08-27,2.966618061065674,XRP,-0.015138325798996655
2025-08-28,2.967094898223877,XRP,0.0001607342598162198
2025-08-29,2.8219571113586426,XRP,-0.04891578862277535
2025-08-30,2.818186044692993,XRP,-0.001336330254797513
2025-08-31,2.7766408920288086,XRP,-0.014741806255984868
2025-09-01,2.753695011138916,XRP,-0.008263899359750027
2025-09-02,2.861859083175659,XRP,0.03927961215719633
2025-09-03,2.8448948860168457,XRP,-0.005927684300929714
2025-09-04,2.795828104019165,XRP,-0.017247309290354562
2025-09-05,2.8162479400634766,XRP,0.0073036808003170695
2025-09-06,2.810854911804199,XRP,-0.0019149692690607623
2025-09-07,2.8785619735717773,XRP,0.024087711351888696
2025-09-08,2.9704010486602783,XRP,0.03190449812499452
2025-09-09,2.9466140270233154,XRP,-0.008008016845971522
2025-09-10,2.98170804977417,XRP,0.011909948988570562
2025-09-11,3.0409340858459473,XRP,0.019863123781103553
2025-09-12,3.1076419353485107,XRP,0.021936631186139754
2025-09-13,3.121467113494873,XRP,0.00444876804792238
2025-09-14,3.032525062561035,XRP,-0.02849366906648465
2025-09-15,2.9971089363098145,XRP,-0.011678757972509834
2025-09-16,3.038494110107422,XRP,0.013808364886650715
2025-09-17,3.084991931915283,XRP,0.015302916551060086
2025-09-18,3.0762689113616943,XRP,-0.0028275667314867636
2025-09-19,2.991852045059204,XRP,-0.02744131567650354
2025-09-20,2.97891902923584,XRP,-0.004322745787086024
2025-09-21,2.9734089374542236,XRP,-0.0018496950496266207
2025-09-22,2.8530099391937256,XRP,-0.0404919070309856
2025-09-23,2.8281569480895996,XRP,-0.008711147747052506
2025-09-24,2.928035020828247,XRP,0.03531560467537509
2025-09-25,2.742319107055664,XRP,-0.06342680755233931
2025-09-26,2.7858119010925293,XRP,0.015859858878189304
2025-09-27,2.807734966278076,XRP,0.007869542511807381
2025-09-28,2.8665859699249268,XRP,0.020960312976001205
2025-09-29,2.8826920986175537,XRP,0.00561857514883779
2025-09-30,2.846930980682373,XRP,-0.012405458755838206
2025-10-01,2.9472780227661133,XRP,0.03524744462181806
2025-10-02,3.0393240451812744,XRP,0.031230858339171164
2025-10-03,3.0408809185028076,XRP,0.00051224328119992
2025-10-04,2.969348907470703,XRP,-0.02352345025971081
2025-10-05,2.9706408977508545,XRP,0.00043510894826170876
2025-10-06,2.9907169342041016,XRP,0.006758149888950626
2025-10-07,2.855971097946167,XRP,-0.04505469398219508
2025-10-08,2.8808040618896484,XRP,0.008695103378791202
2025-10-09,2.8049099445343018,XRP,-0.02634476893425519
2025-10-10,2.3585970401763916,XRP,-0.1591184434379448
2025-10-11,2.385982036590576,XRP,0.011610714313512682
2025-10-12,2.5349578857421875,XRP,0.06243795924150741
2025-10-13,2.6064999103546143,XRP,0.028222174819870993
2025-10-14,2.505660057067871,XRP,-0.038687840688635955
2025-10-15,2.412666082382202,XRP,-0.03711356391835963
2025-10-16,2.3290679454803467,XRP,-0.03464969210298385
2025-10-17,2.294239044189453,XRP,-0.014954008258316609
2025-10-18,2.3605101108551025,XRP,0.028885859489442556
2025-10-19,2.390631914138794,XRP,0.012760717755527784
2025-10-20,2.4934189319610596,XRP,0.04299575238427855
2025-10-21,2.4242711067199707,XRP,-0.027732132917874575
2025-10-22,2.3638620376586914,XRP,-0.02491844616463401
2025-10-23,2.3951499462127686,XRP,0.01323592834760623
2025-10-24,2.507473945617676,XRP,0.04689643735354232
2025-10-25,2.596446990966797,XRP,0.0354831385205896
2025-10-26,2.645145893096924,XRP,0.018755977803341928
2025-10-27,2.634629964828491,XRP,-0.0039755569989073924
2025-10-28,2.6059770584106445,XRP,-0.010875495534611757
2025-10-29,2.552021026611328,XRP,-0.020704722486015847
2025-10-30,2.4397149085998535,XRP,-0.04400673695098778
2025-10-31,2.508733034133911,XRP,0.028289422379136564
2025-11-01,2.505173921585083,XRP,-0.0014186892349256075
2025-11-02,2.529094934463501,XRP,0.009548643578120242
2025-11-03,2.309377908706665,XRP,-0.08687575257171776
2025-11-04,2.210616111755371,XRP,-0.0427655415681204
2025-11-05,2.3452250957489014,XRP,0.06089206682142656
2025-11-06,2.210848093032837,XRP,-0.05729812586418437
2025-11-07,2.3141629695892334,XRP,0.046730879829318894
2025-11-08,2.2848949432373047,XRP,-0.012647348841263284
2025-11-09,2.367656946182251,XRP,0.036221360281749604
2025-11-10,2.526365041732788,XRP,0.06703171074105452
2025-11-11,2.391724109649658,XRP,-0.053294329940055785
2025-11-12,2.3868958950042725,XRP,-0.002018717219894106
2025-11-13,2.3311400413513184,XRP,-0.023359147656858426
2025-11-14,2.2439820766448975,XRP,-0.03738855802755503
2025-11-15,2.235245943069458,XRP,-0.0038931387493528202
2025-11-16,2.216609001159668,XRP,-0.008337758969018672
2025-11-17,2.162097930908203,XRP,-0.024592100015359608
2025-11-18,2.2164790630340576,XRP,0.025152020798156594
2025-11-19,2.1076180934906006,XRP,-0.04911436853116091
2025-11-20,1.9987870454788208,XRP,-0.05163698696073338
2025-11-21,1.9504029750823975,XRP,-0.02420671602103197
2025-11-22,1.9497510194778442,XRP,-0.00033426712986106555
2025-11-23,2.046264886856079,XRP,0.049500611316044774
2025-11-24,2.2258780002593994,XRP,0.08777608146288496
2025-11-25,2.1985440254211426,XRP,-0.012280086705143467
2025-11-26,2.2242848873138428,XRP,0.011708140294242941
2025-11-27,2.200824022293091,XRP,-0.010547598985435891
2025-11-28,2.1806480884552,XRP,-0.009167445299360533
2025-11-29,2.2033770084381104,XRP,0.010423011444735897
2025-11-30,2.1609671115875244,XRP,-0.019247680577664128
2025-12-01,2.0309159755706787,XRP,-0.060181913606869086
2025-12-02,2.155522108078003,XRP,0.06135464687174497
2025-12-03,2.2019059658050537,XRP,0.021518618414176016
2025-12-04,2.097172975540161,XRP,-0.047564697081240004
2025-12-05,2.037606954574585,XRP,-0.02840300807816487
2025-12-06,2.0326199531555176,XRP,-0.0024474795827876816
2025-12-07,2.0434200763702393,XRP,0.005313400174959071
2025-12-08,2.073106050491333,XRP,0.014527592473215556
2025-12-09,2.1084249019622803,XRP,0.017036683416449705
2025-12-10,2.0433449745178223,XRP,-0.030866609184841742
2025-12-11,2.035507917404175,XRP,-0.0038354057740528358
2025-12-12,2.0091450214385986,XRP,-0.012951507454314393
2025-12-13,2.023993968963623,XRP,0.007390679799904154
2025-12-14,1.979287028312683,XRP,-0.022088475230897964
2025-12-15,1.8986730575561523,XRP,-0.04072879254165229
2025-12-16,1.9300730228424072,XRP,0.016537847398893968
2025-12-17,1.8618379831314087,XRP,-0.035353605228111595
2025-12-18,1.8077770471572876,XRP,-0.0290363267179653
2025-12-19,1.9073920249938965,XRP,0.05510357485357642
2025-12-20,1.9323979616165161,XRP,0.013110014247175839
2025-12-21,1.9220119714736938,XRP,-0.0053746641991559985
2025-12-22,1.9027639627456665,XRP,-0.010014510322362336
2025-12-23,1.872817039489746,XRP,-0.015738643280119424
2025-12-24,1.861171007156372,XRP,-0.006218457055766069
2025-12-25,1.8318359851837158,XRP,-0.015761594103852028
2025-12-26,1.8429640531539917,XRP,0.006074816774144676
2025-12-27,1.8728530406951904,XRP,0.016217889594779544
2025-12-28,1.864359974861145,XRP,-0.004534827693096988
2025-12-29,1.8477239608764648,XRP,-0.008923176966357693
2025-12-30,1.8754940032958984,XRP,0.015029324188804205
2025-12-31,1.839972972869873,XRP,-0.01893955958462279
2026-01-01,1.8779360055923462,XRP,0.02063238606340012
2026-01-02,2.00581693649292,XRP,0.06809653285295902
2026-01-03,2.017406940460205,XRP,0.005778196283231063
2026-01-04,2.0900208950042725,XRP,0.03599370711369865
2026-01-05,2.348797082901001,XRP,0.1238151199900801
2026-01-06,2.306900978088379,XRP,-0.017837260237430153
2026-01-07,2.1671249866485596,XRP,-0.060590373304902356
2026-01-08,2.1220970153808594,XRP,-0.020777745420828553
2026-01-09,2.0916409492492676,XRP,-0.014351872657492826
2026-01-10,2.0880179405212402,XRP,-0.0017321370234827382
2026-01-11,2.0710649490356445,XRP,-0.008119179034143609
2026-01-12,2.0525450706481934,XRP,-0.008942200676069878
2026-01-13,2.1637980937957764,XRP,0.054202475131252204
2026-01-14,2.139741897583008,XRP,-0.01111757898379917
2026-01-15,2.0781290531158447,XRP,-0.02879452168355412
2026-01-16,2.0682179927825928,XRP,-0.004769222738304824
2026-01-17,2.062372922897339,XRP,-0.0028261382047981565
2026-01-18,1.992658019065857,XRP,-0.03380324821833991
2026-01-19,1.9863810539245605,XRP,-0.003150046360809511
2026-01-20,1.8895820379257202,XRP,-0.04873134276406399
2026-01-21,1.945557951927185,XRP,0.029623436759015798
2026-01-22,1.9216740131378174,XRP,-0.012276138454631602
2026-01-23,1.9195319414138794,XRP,-0.0011146904778299715
2026-01-24,1.9131300449371338,XRP,-0.0033351341223476494
2026-01-25,1.8330260515213013,XRP,-0.0418706473340994
2026-01-26,1.9034969806671143,XRP,0.038445132346769606
2026-01-27,1.9139349460601807,XRP,0.005483573391016572
2026-01-28,1.9087259769439697,XRP,-0.002721601968203591
2026-01-29,1.8050650358200073,XRP,-0.05430896963530207
2026-01-30,1.7324260473251343,XRP,-0.04024175697463139
2026-01-31,1.6454709768295288,XRP,-0.050192659380678406
2026-02-01,1.5913419723510742,XRP,-0.032895751575484855
2026-02-02,1.6205470561981201,XRP,0.018352487620179936
2026-02-03,1.5741989612579346,XRP,-0.028600277148952635
2026-02-04,1.510475993156433,XRP,-0.04047961513745424
2026-02-05,1.2135210037231445,XRP,-0.1965969606790926
2026-02-06,1.4715230464935303,XRP,0.212606161721818
2026-02-07,1.4242039918899536,XRP,-0.03215651614586157
2026-02-08,1.4321850538253784,XRP,0.005603875554957449
2026-02-09,1.4361159801483154,XRP,0.002744705589851959
2026-02-10,1.399487018585205,XRP,-0.025505573414291716
2026-02-11,1.3680189847946167,XRP,-0.022485405989975282
2026-02-12,1.3620699644088745,XRP,-0.004348638762959323
2026-02-13,1.4074629545211792,XRP,0.03332647462937399
2026-02-14,1.5099799633026123,XRP,0.07283815780168057
2026-02-15,1.474856972694397,XRP,-0.023260567333221238
2026-02-16,1.4866780042648315,XRP,0.008015035891133726
2026-02-17,1.474403977394104,XRP,-0.008256008924270808
2026-02-18,1.4216070175170898,XRP,-0.03580901888933363
2026-02-19,1.4063800573349,XRP,-0.010711089629245496
2026-02-20,1.4294140338897705,XRP,0.016378201919700297
2026-02-21,1.4316649436950684,XRP,0.00157470806353599
2026-02-22,1.3930779695510864,XRP,-0.026952517286894295
2026-02-23,1.3516459465026855,XRP,-0.02974135256891053
2026-02-24,1.3488940000534058,XRP,-0.002035996524385908
2026-02-25,1.4337459802627563,XRP,0.06290485405524171
2026-02-26,1.4020179510116577,XRP,-0.02212946343904232
2026-02-27,1.3559210300445557,XRP,-0.032878980567859206
2026-02-28,1.3772289752960205,XRP,0.015714739117782317
2026-03-01,1.3517290353775024,XRP,-0.01851539604228636
2026-03-02,1.3909779787063599,XRP,0.029036102873899017
2026-03-03,1.360563039779663,XRP,-0.021865866600550565
2026-03-04,1.4302200078964233,XRP,0.051197163292074244
2026-03-05,1.4030519723892212,XRP,-0.018995703707963885
2026-03-06,1.363571047782898,XRP,-0.028139317276388742
2026-03-07,1.356423020362854,XRP,-0.005242137864151841
2026-03-08,1.3414009809494019,XRP,-0.011074745258624175
2026-03-09,1.3618420362472534,XRP,0.015238586811964216
2026-03-10,1.3864250183105469,XRP,0.018051272768048188
2026-03-11,1.3848769664764404,XRP,-0.0011165781154128807
2026-03-12,1.3846490383148193,XRP,-0.00016458369020388997
2026-03-13,1.398908019065857,XRP,0.010297902469488918
2026-03-14,1.40726900100708,XRP,0.005976791774205736
2026-03-15,1.4475510120391846,XRP,0.02862424383915063
2026-03-16,1.543565034866333,XRP,0.06632859362371768
2026-03-17,1.5185439586639404,XRP,-0.01620992678456168
2026-03-18,1.4638539552688599,XRP,-0.036014764724492054
2026-03-19,1.447322964668274,XRP,-0.011292786784559916
2026-03-20,1.4454610347747803,XRP,-0.001286464693055156
2026-03-21,1.4065760374069214,XRP,-0.02690144973289965
2026-03-22,1.3848830461502075,XRP,-0.015422551415496755
2026-03-23,1.4318779706954956,XRP,0.03393421897677773
2026-03-24,1.4154239892959595,XRP,-0.011491189707698357
2026-03-25,1.4142379760742188,XRP,-0.0008379208143354244
2026-03-26,1.3601139783859253,XRP,-0.03827078511817095
2026-03-27,1.3250139951705933,XRP,-0.025806648393530862
2026-03-28,1.332800030708313,XRP,0.005876191169374989
2026-03-29,1.3272759914398193,XRP,-0.0041446872308052995
2026-03-30,1.3225829601287842,XRP,-0.0035358368126165995
2026-03-31,1.3402589559555054,XRP,0.013364753939518526
2026-04-01,1.3477660417556763,XRP,0.005601220396112883
2026-04-02,1.3186910152435303,XRP,-0.02157275492285826
2026-04-03,1.3179069757461548,XRP,-0.0005945589135835094
2026-04-04,1.315574049949646,XRP,-0.0017701748601701706
2026-04-05,1.325495958328247,XRP,0.007541885140544435
2026-04-06,1.3212209939956665,XRP,-0.0032251809639406437
2026-04-07,1.3814899921417236,XRP,0.04561613720940838
2026-04-08,1.342373013496399,XRP,-0.028315064798031364
2026-04-09,1.3441439867019653,XRP,0.0013192854651880026
2026-04-10,1.3566060066223145,XRP,0.009271342983816933
2026-04-11,1.3554489612579346,XRP,-0.0008528971261602125
2026-04-12,1.3249980211257935,XRP,-0.02246557487777401
2026-04-13,1.3766659498214722,XRP,0.03899472140477522
2026-04-14,1.3618279695510864,XRP,-0.010778199513331477
2026-04-15,1.3916670083999634,XRP,0.021911019244753138
2026-04-16,1.4526350498199463,XRP,0.04380936032253824
2026-04-17,1.4770499467849731,XRP,0.01680731644748157
2026-04-18,1.4346829652786255,XRP,-0.02868351310567796
2026-04-19,1.3946529626846313,XRP,-0.027901636502821403
2026-04-20,1.4248709678649902,XRP,0.021667042618395138
2026-04-21,1.431825041770935,XRP,0.004880493787002171
2026-04-22,1.430027961730957,XRP,-0.0012550975067144865
2026-04-23,1.4390619993209839,XRP,0.006317385276223275
2026-04-24,1.43367600440979,XRP,-0.003742712206795229
2026-04-25,1.424219012260437,XRP,-0.006596324497490813
2026-04-26,1.4315749406814575,XRP,0.005164885707673372
2026-04-27,1.400905966758728,XRP,-0.021423240272793853
2026-04-28,1.3806649446487427,XRP,-0.01444852302029731
2026-04-29,1.3692519664764404,XRP,-0.008266290975618151
2026-04-30,1.3674299716949463,XRP,-0.001330649746067336
2026-05-01,1.384695053100586,XRP,0.012625934609462597
2026-05-02,1.3931519985198975,XRP,0.0061074425017804135
2026-05-03,1.387578010559082,XRP,-0.004000990535661053
2026-05-04,1.3919589519500732,XRP,0.0031572577236402832
2026-05-05,1.4131489992141724,XRP,0.015223184013014812
2026-05-06,1.424720048904419,XRP,0.008188131397808052
2026-05-07,1.387125015258789,XRP,-0.026387663790187865
2026-05-08,1.4182850122451782,XRP,0.02246372651608164
2026-05-09,1.4201070070266724,XRP,0.0012846464326727869
2026-05-10,1.4728070497512817,XRP,0.037109909650364425
2026-05-11,1.4768160581588745,XRP,0.0027220187520624606
2026-05-12,1.436100959777832,XRP,-0.027569512232824334
2026-05-13,1.426345944404602,XRP,-0.006792708623173049
2026-05-14,1.484110951423645,XRP,0.04049859520100907
2026-05-15,1.433730959892273,XRP,-0.03394624336074381
2026-05-16,1.4140360355377197,XRP,-0.013736834110099072
2026-05-17,1.4009430408477783,XRP,-0.009259307656160565
2026-05-18,1.3891990184783936,XRP,-0.008382940652803317
2026-05-19,1.3605870008468628,XRP,-0.020596053733805464
2026-05-20,1.3653680086135864,XRP,0.0035139302108191384
2026-05-21,1.372087001800537,XRP,0.004921012609467201
2026-05-22,1.3337039947509766,XRP,-0.027974178750467038
2026-05-23,1.3574939966201782,XRP,0.01783754263527082
2026-05-24,1.3500330448150635,XRP,-0.005496121399940379
2026-05-25,1.3493850231170654,XRP,-0.0004800043232177087
2026-05-26,1.3276610374450684,XRP,-0.01609917503146352
2026-05-27,1.306151032447815,XRP,-0.01620142821894277
2026-05-28,1.31352698802948,XRP,0.0056470924100118225
2026-05-29,1.328326940536499,XRP,0.011267337970133129
2026-05-30,1.338338017463684,XRP,0.007536606103269783
2026-05-31,1.3313210010528564,XRP,-0.005243082329922766
2026-06-01,1.2948789596557617,XRP,-0.027372843490243937
2026-06-02,1.2098939418792725,XRP,-0.0656316307734911
2026-06-03,1.2002509832382202,XRP,-0.00797008589535897
2026-06-04,1.166646957397461,XRP,-0.027997499114807867
2026-06-05,1.0964360237121582,XRP,-0.06018181699280156
2026-06-06,1.0934580564498901,XRP,-0.0027160428861008334
2026-06-07,1.1546510457992554,XRP,0.05596281356053057
2026-06-08,1.168192982673645,XRP,0.011728164040258449
2026-06-09,1.1372519731521606,XRP,-0.026486214161867028
2026-06-10,1.09723699092865,XRP,-0.0351856784320187
2026-06-11,1.1415859460830688,XRP,0.040418756860251426
2026-06-12,1.1320589780807495,XRP,-0.008345379544139941
2026-06-13,1.1500450372695923,XRP,0.015887917093626802
2026-06-14,1.1858290433883667,XRP,0.031115308495858418
2026-06-15,1.2382129430770874,XRP,0.044174917101911904
2026-06-16,1.2159889936447144,XRP,-0.017948406658667482
2026-06-17,1.1850850582122803,XRP,-0.025414650620977253
2026-06-18,1.1454219818115234,XRP,-0.033468548207492566
2026-06-19,1.1363840103149414,XRP,-0.007890516892550048
2026-06-20,1.1490520238876343,XRP,0.01114765207685564
2026-06-21,1.1244189739227295,XRP,-0.021437715136311097
2026-06-22,1.1286309957504272,XRP,0.0037459540663951074
2026-06-23,1.109410047531128,XRP,-0.017030321063014275
2026-06-24,1.0722600221633911,XRP,-0.0334862889068025
2026-06-25,1.0416409969329834,XRP,-0.028555597147631007
2026-06-26,1.0471190214157104,XRP,0.005259033101477906
2026-06-27,1.0464279651641846,XRP,-0.0006599596009549957
2026-06-28,1.0475759506225586,XRP,0.0010970515855757146
2026-06-29,1.0572710037231445,XRP,0.009254749591019351
2026-06-30,1.0384299755096436,XRP,-0.01782043406766376
2026-07-01,1.0521479845046997,XRP,0.013210336102175368
2026-07-02,1.0864959955215454,XRP,0.03264560833903518
2026-07-03,1.1339329481124878,XRP,0.043660494641925895
2026-07-04,1.1567870378494263,XRP,0.02015471000730762
2026-07-05,1.1558929681777954,XRP,-0.0007728904650358137
2026-07-06,1.1437979936599731,XRP,-0.01046374954325513
2026-07-07,1.111780047416687,XRP,-0.027992658162333206
2026-07-08,1.089972972869873,XRP,-0.019614558290989792
2026-07-09,1.093337059020996,XRP,0.003086394098622103
2026-07-10,1.103922963142395,XRP,0.009682196385877306
2026-07-11,1.0975810289382935,XRP,-0.005744906497867186
2026-07-12,1.085737943649292,XRP,-0.010790169451505016
2026-07-13,1.0654799938201904,XRP,-0.018658231433832162
2026-07-14,1.1111199855804443,XRP,0.042835146624025766
2026-07-15,1.112766981124878,XRP,0.0014822841509534168
2026-07-16,1.0862890481948853,XRP,-0.023794678831345784
2026-07-17,1.0886249542236328,XRP,0.0021503540265173093
2026-07-18,1.092157006263733,XRP,0.0032445076942215767
2026-07-19,1.0959210395812988,XRP,0.0034464214357261547
2026-07-20,1.1121129989624023,XRP,0.01477475000141415
2026-07-21,1.1424729824066162,XRP,0.02729936928400223
2026-07-22,1.1416139602661133,XRP,-0.0007518971159330423
2026-07-23,1.1068830490112305,XRP,-0.030422640633079645
2026-07-24,1.0909299850463867,XRP,-0.01441260120397947
2026-07-25,1.0973279476165771,XRP,0.005864686696569699
2026-07-26,1.1116650104522705,XRP,0.013065431229409397
2026-07-27,1.0652650594711304,XRP,-0.041739148524844505
2026-07-28,1.067958950996399,XRP,0.0025288462259391853
2026-07-29,1.0728590488433838,XRP,0.004588282950775513
2026-07-30,1.0838249921798706,XRP,0.010221233952688147
2026-07-31,1.060534954071045,XRP,-0.02148874428701164
2026-08-01,1.059743046760559,XRP,-0.0007467055257782684
2026-08-02,1.0846099853515625,XRP,0.023465064165334226
2026-08-03,1.0720000267028809,XRP,-0.011626260885468698
2024-08-03,529.4813232421875,BNB,
2024-08-04,497.0390930175781,BNB,-0.061271717812358295
2024-08-05,464.6269226074219,BNB,-0.06521050530126005
2024-08-06,484.3238220214844,BNB,0.04239293604323713
2024-08-07,474.2247619628906,BNB,-0.020851875541537446
2024-08-08,517.3375244140625,BNB,0.0909120862283137
2024-08-09,509.1827087402344,BNB,-0.01576304692582331
2024-08-10,523.317626953125,BNB,0.02776001221224056
2024-08-11,503.8045349121094,BNB,-0.037287282208752104
2024-08-12,518.5361328125,BNB,0.029240701263160807
2024-08-13,524.1285400390625,BNB,0.010784990423386098
2024-08-14,524.0153198242188,BNB,-0.00021601612237198697
2024-08-15,519.870361328125,BNB,-0.007909994878554705
2024-08-16,519.9686279296875,BNB,0.0001890213577697697
2024-08-17,542.2342529296875,BNB,0.042821093050657844
2024-08-18,531.6085205078125,BNB,-0.01959620286705288
2024-08-19,559.81884765625,BNB,0.05306598005895369
2024-08-20,569.2669677734375,BNB,0.016877102578348735
2024-08-21,570.0197143554688,BNB,0.0013223085558178305
2024-08-22,583.0518798828125,BNB,0.022862657552255694
2024-08-23,591.8060302734375,BNB,0.01501435925802097
2024-08-24,580.76220703125,BNB,-0.01866122120635505
2024-08-25,574.2499389648438,BNB,-0.011213312415240928
2024-08-26,548.8280029296875,BNB,-0.044269810600210846
2024-08-27,533.9758911132812,BNB,-0.02706150512933836
2024-08-28,536.816162109375,BNB,0.0053190996885124076
2024-08-29,536.6256713867188,BNB,-0.0003548528082830682
2024-08-30,535.3157958984375,BNB,-0.0024409482403187077
2024-08-31,532.89697265625,BNB,-0.004518497792742937
2024-09-01,512.59521484375,BNB,-0.03809696593190415
2024-09-02,526.438720703125,BNB,0.02700670130835059
2024-09-03,518.6689453125,BNB,-0.01475912596293727
2024-09-04,507.82049560546875,BNB,-0.020915942250012698
2024-09-05,502.0693664550781,BNB,-0.011325122164542845
2024-09-06,486.9027404785156,BNB,-0.030208228165060746
2024-09-07,493.22613525390625,BNB,0.01298697717161379
2024-09-08,503.0001525878906,BNB,0.019816503294078025
2024-09-09,518.5453491210938,BNB,0.030904953911493838
2024-09-10,517.4838256835938,BNB,-0.002047117844753976
2024-09-11,530.1940307617188,BNB,0.024561550423986445
2024-09-12,544.3037719726562,BNB,0.026612410537075082
2024-09-13,557.01806640625,BNB,0.023358821100053717
2024-09-14,553.5650634765625,BNB,-0.006199086058313097
2024-09-15,553.9722900390625,BNB,0.0007356435392480432
2024-09-16,533.80908203125,BNB,-0.03639750285414223
2024-09-17,546.0135498046875,BNB,0.02286298263603359
2024-09-18,559.0445556640625,BNB,0.023865718834333416
2024-09-19,566.2235107421875,BNB,0.012841472124878184
2024-09-20,568.5850830078125,BNB,0.004170742155389373
2024-09-21,589.0379638671875,BNB,0.035971539652745355
2024-09-22,588.0869140625,BNB,-0.001614581509218227
2024-09-23,604.3660278320312,BNB,0.02768147595238135
2024-09-24,606.5230712890625,BNB,0.003569101103794603
2024-09-25,587.3525390625,BNB,-0.03160725969717648
2024-09-26,596.7769165039062,BNB,0.016045520900358934
2024-09-27,607.8670043945312,BNB,0.018583305727698063
2024-09-28,601.5671997070312,BNB,-0.010363787871287666
2024-09-29,596.4111938476562,BNB,-0.008570955766680766
2024-09-30,567.2600708007812,BNB,-0.04887755854951503
2024-10-01,547.9971313476562,BNB,-0.03395786244205801
2024-10-02,542.7123413085938,BNB,-0.009643827926737347
2024-10-03,544.4249877929688,BNB,0.0031557168577471817
2024-10-04,555.3842163085938,BNB,0.020129914609636756
2024-10-05,563.2091674804688,BNB,0.014089257386326492
2024-10-06,570.542724609375,BNB,0.013021018748173185
2024-10-07,564.1497192382812,BNB,-0.011205129949682147
2024-10-08,580.4038696289062,BNB,0.02881176722479184
2024-10-09,570.2771606445312,BNB,-0.017447693777179252
2024-10-10,562.7257690429688,BNB,-0.013241616748298046
2024-10-11,572.8572387695312,BNB,0.018004275410726578
2024-10-12,576.4497680664062,BNB,0.006271247099175259
2024-10-13,571.8217163085938,BNB,-0.008028543013099743
2024-10-14,588.9004516601562,BNB,0.029867238099690496
2024-10-15,594.189208984375,BNB,0.008980732328034868
2024-10-16,600.8178100585938,BNB,0.011155707599518339
2024-10-17,592.0396118164062,BNB,-0.014610416161483952
2024-10-18,599.364990234375,BNB,0.012373122121835944
2024-10-19,597.9749145507812,BNB,-0.0023192473805487834
2024-10-20,605.517822265625,BNB,0.012614087198808743
2024-10-21,598.8175659179688,BNB,-0.011065333011316403
2024-10-22,593.3606567382812,BNB,-0.009112807456344796
2024-10-23,582.473388671875,BNB,-0.018348483241632185
2024-10-24,594.15478515625,BNB,0.02005481574190071
2024-10-25,574.2536010742188,BNB,-0.03349494875615222
2024-10-26,582.8060913085938,BNB,0.014893228737924202
2024-10-27,588.7158203125,BNB,0.010140129096174899
2024-10-28,600.5960693359375,BNB,0.020179938458475988
2024-10-29,605.6682739257812,BNB,0.008445284358007843
2024-10-30,595.7278442382812,BNB,-0.01641233347599469
2024-10-31,576.0344848632812,BNB,-0.03305764463667238
2024-11-01,572.7622680664062,BNB,-0.005680591844517191
2024-11-02,568.0368041992188,BNB,-0.008250305808621516
2024-11-03,557.6416015625,BNB,-0.01830022730899139
2024-11-04,552.0711059570312,BNB,-0.009989383126833284
2024-11-05,563.612060546875,BNB,0.02090483357182249
2024-11-06,591.9952392578125,BNB,0.0503594239686731
2024-11-07,598.4359130859375,BNB,0.01087960409310007
2024-11-08,597.9484252929688,BNB,-0.0008146031718834212
2024-11-09,624.3746948242188,BNB,0.04419489777617902
2024-11-10,628.302490234375,BNB,0.006290766494407629
2024-11-11,661.88720703125,BNB,0.053453101521763635
2024-11-12,627.0038452148438,BNB,-0.05270287965357112
2024-11-13,621.0003051757812,BNB,-0.009574965265173763
2024-11-14,621.6801147460938,BNB,0.0010947008635044941
2024-11-15,618.866455078125,BNB,-0.004525896198429802
2024-11-16,622.3731689453125,BNB,0.005666349886010336
2024-11-17,618.4000854492188,BNB,-0.006383764105426737
2024-11-18,619.4354858398438,BNB,0.001674321228259279
2024-11-19,615.9874267578125,BNB,-0.005566453909814806
2024-11-20,606.1174926757812,BNB,-0.016022947309136892
2024-11-21,622.8263549804688,BNB,0.02756703528044402
2024-11-22,633.513427734375,BNB,0.017158992499990422
2024-11-23,651.197265625,BNB,0.027913911712759587
2024-11-24,660.3175659179688,BNB,0.014005433951285617
2024-11-25,636.6397094726562,BNB,-0.03585828647825795
2024-11-26,613.5872802734375,BNB,-0.03620953713099928
2024-11-27,644.948486328125,BNB,0.05111123887821112
2024-11-28,654.3616333007812,BNB,0.014595191976103372
2024-11-29,654.8097534179688,BNB,0.0006848202803808601
2024-11-30,654.3291625976562,BNB,-0.0007339396180400248
2024-12-01,655.9324951171875,BNB,0.0024503455006743557
2024-12-02,647.594482421875,BNB,-0.01271169328761923
2024-12-03,737.6965942382812,BNB,0.1391335384443706
2024-12-04,739.2527465820312,BNB,0.002109474756836649
2024-12-05,714.3219604492188,BNB,-0.033724306400052084
2024-12-06,732.0062866210938,BNB,0.024756800365977494
2024-12-07,750.2726440429688,BNB,0.024953825883369918
2024-12-08,743.295654296875,BNB,-0.009299272473133335
2024-12-09,689.9243774414062,BNB,-0.07180356369223717
2024-12-10,676.98291015625,BNB,-0.01875780550493067
2024-12-11,711.8114013671875,BNB,0.05144663282991724
2024-12-12,705.9442138671875,BNB,-0.008242615233095218
2024-12-13,726.2548217773438,BNB,0.028770839835762674
2024-12-14,715.6956787109375,BNB,-0.01453917103168434
2024-12-15,719.13427734375,BNB,0.004804554135363626
2024-12-16,720.3263549804688,BNB,0.0016576565382502295
2024-12-17,716.6824951171875,BNB,-0.00505862355040454
2024-12-18,687.623779296875,BNB,-0.0405461498198878
2024-12-19,666.5693359375,BNB,-0.03061913213778622
2024-12-20,678.0866088867188,BNB,0.017278432007407307
2024-12-21,663.2794799804688,BNB,-0.02183663371639255
2024-12-22,648.7047119140625,BNB,-0.021973796124124645
2024-12-23,693.000732421875,BNB,0.06828379645511284
2024-12-24,696.7411499023438,BNB,0.005397422117285222
2024-12-25,702.3269653320312,BNB,0.008017059750913935
2024-12-26,688.360107421875,BNB,-0.019886546579559683
2024-12-27,690.4293823242188,BNB,0.003006093583914682
2024-12-28,720.9590454101562,BNB,0.04421837173725773
2024-12-29,693.7545166015625,BNB,-0.0377338060764838
2024-12-30,704.1463012695312,BNB,0.014979051551079037
2024-12-31,700.9868774414062,BNB,-0.0044868854986935824
2025-01-01,706.512939453125,BNB,0.00788326028568287
2025-01-02,705.6785888671875,BNB,-0.0011809416917166748
2025-01-03,713.6435546875,BNB,0.01128695973771654
2025-01-04,713.8411865234375,BNB,0.0002769335400556461
2025-01-05,709.25830078125,BNB,-0.006420035476668362
2025-01-06,729.4000854492188,BNB,0.028398377073320935
2025-01-07,697.368896484375,BNB,-0.04391442995940498
2025-01-08,695.837158203125,BNB,-0.002196453396433262
2025-01-09,685.1207275390625,BNB,-0.015400773784107424
2025-01-10,693.6244506835938,BNB,0.012412006822617228
2025-01-11,696.6578369140625,BNB,0.004373240054440508
2025-01-12,693.0482788085938,BNB,-0.005181249552086764
2025-01-13,688.2675170898438,BNB,-0.006898165488511854
2025-01-14,698.6196899414062,BNB,0.015040914462059574
2025-01-15,714.0284423828125,BNB,0.022055995076088575
2025-01-16,708.2980346679688,BNB,-0.008025461416803714
2025-01-17,721.75048828125,BNB,0.01899264568704817
2025-01-18,709.4249877929688,BNB,-0.01707723193597377
2025-01-19,682.2039794921875,BNB,-0.03837052369055427
2025-01-20,681.8033447265625,BNB,-0.0005872653600220712
2025-01-21,691.8165893554688,BNB,0.014686411714395442
2025-01-22,694.9832153320312,BNB,0.004577262276281413
2025-01-23,690.2037353515625,BNB,-0.006877115698665226
2025-01-24,680.2131958007812,BNB,-0.014474768882107636
2025-01-25,686.2684936523438,BNB,0.008902058779429955
2025-01-26,666.7637939453125,BNB,-0.028421383011810075
2025-01-27,679.7933349609375,BNB,0.019541464509534645
2025-01-28,661.424560546875,BNB,-0.02702111578531141
2025-01-29,667.6857299804688,BNB,0.009466188295785383
2025-01-30,677.5535888671875,BNB,0.014779196923988991
2025-01-31,677.3753662109375,BNB,-0.00026303846541197995
2025-02-01,653.4329223632812,BNB,-0.035345902791806716
2025-02-02,617.6006469726562,BNB,-0.05483696055752718
2025-02-03,617.1207885742188,BNB,-0.0007769719814731957
2025-02-04,573.3278198242188,BNB,-0.07096336659015856
2025-02-05,569.7468872070312,BNB,-0.0062458727683673
2025-02-06,572.2740478515625,BNB,0.00443558482069073
2025-02-07,578.0668334960938,BNB,0.010122397942521788
2025-02-08,613.32421875,BNB,0.06099188400184263
2025-02-09,616.64208984375,BNB,0.005409652826872113
2025-02-10,618.3145141601562,BNB,0.00271214752277138
2025-02-11,642.5872802734375,BNB,0.03925634213236995
2025-02-12,698.037353515625,BNB,0.08629189363753365
2025-02-13,668.2775268554688,BNB,-0.04263357327551687
2025-02-14,658.0436401367188,BNB,-0.01531382742571763
2025-02-15,662.3276977539062,BNB,0.006510294083683199
2025-02-16,674.100830078125,BNB,0.0177753887752905
2025-02-17,667.2290649414062,BNB,-0.010193972222111602
2025-02-18,647.443359375,BNB,-0.029653542697729685
2025-02-19,653.5147094726562,BNB,0.009377422765625587
2025-02-20,657.2009887695312,BNB,0.005640698278772671
2025-02-21,646.8995361328125,BNB,-0.01567473697202737
2025-02-22,668.5747680664062,BNB,0.03350633401775038
2025-02-23,657.9036865234375,BNB,-0.01596093967744361
2025-02-24,613.9630126953125,BNB,-0.06678891565469236
2025-02-25,622.9407958984375,BNB,0.014622677616543012
2025-02-26,610.6930541992188,BNB,-0.019661164880932946
2025-02-27,605.1236572265625,BNB,-0.009119797473313707
2025-02-28,587.4515991210938,BNB,-0.029204044321229028
2025-03-01,607.5115356445312,BNB,0.034147386020311865
2025-03-02,622.9360961914062,BNB,0.02538974100386504
2025-03-03,575.1699829101562,BNB,-0.07667899415893398
2025-03-04,583.5868530273438,BNB,0.014633708933489809
2025-03-05,597.975830078125,BNB,0.024656102131394464
2025-03-06,596.7237548828125,BNB,-0.002093855858938176
2025-03-07,593.96337890625,BNB,-0.004625885854174894
2025-03-08,593.0808715820312,BNB,-0.0014857941677209885
2025-03-09,554.5804443359375,BNB,-0.06491598210442129
2025-03-10,532.1218872070312,BNB,-0.04049648226561331
2025-03-11,551.4745483398438,BNB,0.036368850066268665
2025-03-12,569.8948364257812,BNB,0.03340188253726284
2025-03-13,579.2188110351562,BNB,0.016360868731242206
2025-03-14,587.1362915039062,BNB,0.01366923918544738
2025-03-15,619.486083984375,BNB,0.05509758628206596
2025-03-16,602.2166137695312,BNB,-0.027877091449368785
2025-03-17,631.3626098632812,BNB,0.048397861213613336
2025-03-18,628.1344604492188,BNB,-0.005112987946437886
2025-03-19,619.2575073242188,BNB,-0.014132249834934218
2025-03-20,629.9424438476562,BNB,0.017254431956112315
2025-03-21,634.6077880859375,BNB,0.0074059849179006765
2025-03-22,626.5744018554688,BNB,-0.012658820741388244
2025-03-23,623.3494873046875,BNB,-0.005146898023971835
2025-03-24,636.64453125,BNB,0.0213283947706433
2025-03-25,629.94287109375,BNB,-0.01052653376773982
2025-03-26,617.8167724609375,BNB,-0.019249521169686923
2025-03-27,637.2069702148438,BNB,0.03138502970171819
2025-03-28,619.4749145507812,BNB,-0.027827780443273942
2025-03-29,603.2378540039062,BNB,-0.026211005749360305
2025-03-30,601.8302001953125,BNB,-0.0023334971425460482
2025-03-31,605.0728149414062,BNB,0.005387922947438284
2025-04-01,611.297119140625,BNB,0.01028686803557921
2025-04-02,590.6375732421875,BNB,-0.03379624286056038
2025-04-03,592.1244506835938,BNB,0.002517410860342517
2025-04-04,597.5794067382812,BNB,0.009212516133035642
2025-04-05,593.1148681640625,BNB,-0.00747103819823236
2025-04-06,554.5949096679688,BNB,-0.06494519116563213
2025-04-07,554.4833984375,BNB,-0.0002010678939254884
2025-04-08,553.4674072265625,BNB,-0.0018323203432248913
2025-04-09,582.3693237304688,BNB,0.0522197262684978
2025-04-10,577.4059448242188,BNB,-0.008522734120774422
2025-04-11,586.0889892578125,BNB,0.015038023961178926
2025-04-12,597.123046875,BNB,0.018826590875150817
2025-04-13,584.04248046875,BNB,-0.021905981480209502
2025-04-14,584.335205078125,BNB,0.0005012043116110476
2025-04-15,579.68603515625,BNB,-0.007956340609759138
2025-04-16,582.8062133789062,BNB,0.005382531290089254
2025-04-17,590.1621704101562,BNB,0.012621617378790084
2025-04-18,591.7638549804688,BNB,0.0027139736340595633
2025-04-19,591.7767944335938,BNB,2.1865906503215626e-05
2025-04-20,592.972412109375,BNB,0.0020203862115371063
2025-04-21,597.4141845703125,BNB,0.007490689904336101
2025-04-22,618.8269653320312,BNB,0.03584243781744112
2025-04-23,605.8150024414062,BNB,-0.021026819481991144
2025-04-24,601.7158203125,BNB,-0.006766392566025514
2025-04-25,600.1810302734375,BNB,-0.0025506891912288054
2025-04-26,607.7041015625,BNB,0.012534670223807387
2025-04-27,603.6184692382812,BNB,-0.006723061953529674
2025-04-28,606.364990234375,BNB,0.004550094365998403
2025-04-29,601.0289916992188,BNB,-0.00879997793588605
2025-04-30,599.6817016601562,BNB,-0.002241639018533026
2025-05-01,599.918212890625,BNB,0.00039439460936363524
2025-05-02,601.1641845703125,BNB,0.002076902572575534
2025-05-03,599.3313598632812,BNB,-0.003048792250225696
2025-05-04,585.9950561523438,BNB,-0.022251970452505154
2025-05-05,597.6897583007812,BNB,0.01995699797405326
2025-05-06,602.473876953125,BNB,0.008004351063242154
2025-05-07,603.2796630859375,BNB,0.0013374623591775325
2025-05-08,628.6634521484375,BNB,0.04207632150677032
2025-05-09,666.8784790039062,BNB,0.06078773423979089
2025-05-10,663.6172485351562,BNB,-0.004890291966868077
2025-05-11,650.6254272460938,BNB,-0.01957728090663735
2025-05-12,660.4843139648438,BNB,0.01515293793616368
2025-05-13,665.570556640625,BNB,0.00770077739658781
2025-05-14,652.571044921875,BNB,-0.019531380390928388
2025-05-15,651.2642211914062,BNB,-0.0020025769464306897
2025-05-16,646.3213500976562,BNB,-0.007589655523694616
2025-05-17,639.618896484375,BNB,-0.010370156598213165
2025-05-18,652.164306640625,BNB,0.019613882931234672
2025-05-19,649.8529052734375,BNB,-0.0035442009684549802
2025-05-20,650.330810546875,BNB,0.0007354053041224162
2025-05-21,673.1486206054688,BNB,0.03508646628537537
2025-05-22,686.2356567382812,BNB,0.019441525589165343
2025-05-23,656.231689453125,BNB,-0.043722541943924775
2025-05-24,668.3065185546875,BNB,0.01840025298324921
2025-05-25,669.9168701171875,BNB,0.0024096002624403035
2025-05-26,674.3926391601562,BNB,0.006681081254433563
2025-05-27,687.1594848632812,BNB,0.01893087937469784
2025-05-28,687.405517578125,BNB,0.0003580431039129639
2025-05-29,675.1721801757812,BNB,-0.017796391052321447
2025-05-30,655.482177734375,BNB,-0.029162935054995787
2025-05-31,658.5012817382812,BNB,0.004605928439338491
2025-06-01,660.9917602539062,BNB,0.003782040498160777
2025-06-02,666.5907592773438,BNB,0.00847060335712313
2025-06-03,661.6989135742188,BNB,-0.007338604136109317
2025-06-04,663.706298828125,BNB,0.0030336837687450213
2025-06-05,634.0535888671875,BNB,-0.04467745750385965
2025-06-06,643.4342041015625,BNB,0.014794672562510991
2025-06-07,651.1504516601562,BNB,0.01199228687161269
2025-06-08,652.1478271484375,BNB,0.0015317128103626843
2025-06-09,665.9540405273438,BNB,0.021170373961491018
2025-06-10,673.6104736328125,BNB,0.011496939187283672
2025-06-11,667.6690673828125,BNB,-0.008820240305881466
2025-06-12,656.2438354492188,BNB,-0.017112118101231477
2025-06-13,655.2557373046875,BNB,-0.001505687506923148
2025-06-14,645.9127807617188,BNB,-0.014258488725943597
2025-06-15,648.28076171875,BNB,0.0036661001725941667
2025-06-16,650.9617309570312,BNB,0.00413550639876048
2025-06-17,648.5108032226562,BNB,-0.003765087282122881
2025-06-18,644.8067626953125,BNB,-0.005711609596844358
2025-06-19,644.6807250976562,BNB,-0.0001954656882464656
2025-06-20,641.784423828125,BNB,-0.004492613408121571
2025-06-21,628.7478637695312,BNB,-0.02031298918230684
2025-06-22,615.99462890625,BNB,-0.020283543846688845
2025-06-23,641.2962036132812,BNB,0.04107434305386115
2025-06-24,643.7371826171875,BNB,0.00380632068325526
2025-06-25,645.9231567382812,BNB,0.003395755566280023
2025-06-26,642.4142456054688,BNB,-0.005432397176363013
2025-06-27,646.1536254882812,BNB,0.005820823414786069
2025-06-28,648.7504272460938,BNB,0.004018861235747462
2025-06-29,655.0361938476562,BNB,0.00968903655022646
2025-06-30,657.0253295898438,BNB,0.0030366806611148434
2025-07-01,646.39794921875,BNB,-0.016174993402047422
2025-07-02,660.0572509765625,BNB,0.021131412583102138
2025-07-03,663.3231201171875,BNB,0.0049478573802395065
2025-07-04,653.739501953125,BNB,-0.014447888025325262
2025-07-05,656.1428833007812,BNB,0.0036763593762896285
2025-07-06,663.0889892578125,BNB,0.010586270359419725
2025-07-07,661.0181884765625,BNB,-0.0031229605902034496
2025-07-08,660.7628784179688,BNB,-0.0003862375696229714
2025-07-09,669.1525268554688,BNB,0.01269691248029381
2025-07-10,685.6607055664062,BNB,0.024670277774357263
2025-07-11,689.8733520507812,BNB,0.006143922861811202
2025-07-12,685.7778930664062,BNB,-0.005936537441546985
2025-07-13,692.2304077148438,BNB,0.00940904440588719
2025-07-14,689.416748046875,BNB,-0.004064628823886918
2025-07-15,689.921142578125,BNB,0.00073162500429369
2025-07-16,708.1260986328125,BNB,0.0263870099511061
2025-07-17,721.2119750976562,BNB,0.018479585048635894
2025-07-18,730.2163696289062,BNB,0.012485087383679039
2025-07-19,733.529052734375,BNB,0.004536577435469313
2025-07-20,757.7399291992188,BNB,0.03300602256255969
2025-07-21,766.783935546875,BNB,0.011935501877555765
2025-07-22,786.1411743164062,BNB,0.025244710892026623
2025-07-23,776.6404418945312,BNB,-0.012085275179914645
2025-07-24,771.239990234375,BNB,-0.00695360603033035
2025-07-25,785.6064453125,BNB,0.01862773619111624
2025-07-26,793.2825927734375,BNB,0.009770983304349112
2025-07-27,843.261962890625,BNB,0.06300323563441879
2025-07-28,822.0185546875,BNB,-0.025191944067184724
2025-07-29,804.89892578125,BNB,-0.020826329051365833
2025-07-30,793.1448364257812,BNB,-0.014603186784054922
2025-07-31,783.6668090820312,BNB,-0.01194993260809929
2025-08-01,757.1865844726562,BNB,-0.033790157120975106
2025-08-02,736.6464233398438,BNB,-0.02712694803899318
2025-08-03,751.5609741210938,BNB,0.020246552903399273
2025-08-04,769.05908203125,BNB,0.023282353012833434
2025-08-05,754.8510131835938,BNB,-0.018474612912872335
2025-08-06,769.8478393554688,BNB,0.019867266400856565
2025-08-07,788.1963500976562,BNB,0.023833944585139433
2025-08-08,793.4395751953125,BNB,0.006652181397448276
2025-08-09,799.0867309570312,BNB,0.00711731042698327
2025-08-10,805.8734741210938,BNB,0.008493124589785461
2025-08-11,806.730224609375,BNB,0.0010631327569325943
2025-08-12,832.9265747070312,BNB,0.03247225565441125
2025-08-13,849.0054931640625,BNB,0.019304124691527313
2025-08-14,840.9309692382812,BNB,-0.009510567352973398
2025-08-15,827.2891845703125,BNB,-0.016222240786690878
2025-08-16,839.3980712890625,BNB,0.014636824637130008
2025-08-17,856.4029541015625,BNB,0.020258424928693897
2025-08-18,847.4179077148438,BNB,-0.01049161068827098
2025-08-19,823.56591796875,BNB,-0.028146667103617462
2025-08-20,869.1038818359375,BNB,0.05529364787156643
2025-08-21,839.0408325195312,BNB,-0.03459085840567133
2025-08-22,898.7745361328125,BNB,0.07119284461270925
2025-08-23,880.046142578125,BNB,-0.02083769933588775
2025-08-24,876.0802001953125,BNB,-0.004506516409689798
2025-08-25,840.1719360351562,BNB,-0.04098741662253169
2025-08-26,863.6304931640625,BNB,0.027921138665508494
2025-08-27,855.6463012695312,BNB,-0.00924491661390947
2025-08-28,874.3660278320312,BNB,0.021877879369928133
2025-08-29,863.2765502929688,BNB,-0.012682877863586017
2025-08-30,862.4039916992188,BNB,-0.0010107521088739135
2025-08-31,857.8167724609375,BNB,-0.0053191071498207565
2025-09-01,845.8262939453125,BNB,-0.013977901692486472
2025-09-02,851.7772216796875,BNB,0.00703563814103858
2025-09-03,855.2587890625,BNB,0.004087415458172261
2025-09-04,843.802978515625,BNB,-0.013394554599587827
2025-09-05,849.979248046875,BNB,0.007319563557496522
2025-09-06,861.7720947265625,BNB,0.013874275997662
2025-09-07,880.613037109375,BNB,0.021863022135557353
2025-09-08,878.2759399414062,BNB,-0.002653943411558224
2025-09-09,880.0150146484375,BNB,0.001980100590194045
2025-09-10,893.5665893554688,BNB,0.015399253968916726
2025-09-11,902.9833374023438,BNB,0.010538384222341213
2025-09-12,925.0307006835938,BNB,0.024416135235313163
2025-09-13,933.899658203125,BNB,0.009587743966743112
2025-09-14,927.24169921875,BNB,-0.007129201650191486
2025-09-15,919.97021484375,BNB,-0.007842059283061364
2025-09-16,955.7125854492188,BNB,0.03885166066114354
2025-09-17,990.3097534179688,BNB,0.03620038963124883
2025-09-18,981.835205078125,BNB,-0.008557472357103024
2025-09-19,984.1240844726562,BNB,0.0023312256300171974
2025-09-20,1042.650146484375,BNB,0.059470205978222834
2025-09-21,1048.67236328125,BNB,0.005775874886874366
2025-09-22,993.0140380859375,BNB,-0.05307503768017685
2025-09-23,1017.0198974609375,BNB,0.024174743210349847
2025-09-24,1018.8478393554688,BNB,0.00179735116205193
2025-09-25,945.713623046875,BNB,-0.07178129401035882
2025-09-26,960.9239501953125,BNB,0.016083438768105474
2025-09-27,968.78955078125,BNB,0.00818545586707331
2025-09-28,993.3155517578125,BNB,0.025316128726599274
2025-09-29,1030.7412109375,BNB,0.03767751256230456
2025-09-30,1008.4834594726562,BNB,-0.021593927970144366
2025-10-01,1026.166748046875,BNB,0.017534535056693334
2025-10-02,1090.6556396484375,BNB,0.0628444565411086
2025-10-03,1189.9190673828125,BNB,0.09101262041460823
2025-10-04,1150.547607421875,BNB,-0.03308751077292482
2025-10-05,1165.527587890625,BNB,0.013019870166274039
2025-10-06,1223.5810546875,BNB,0.04980874532703283
2025-10-07,1310.21435546875,BNB,0.07080307467115521
2025-10-08,1306.599365234375,BNB,-0.002759083060940526
2025-10-09,1255.890625,BNB,-0.038809708303569335
2025-10-10,1106.8985595703125,BNB,-0.11863458685320427
2025-10-11,1137.1993408203125,BNB,0.027374487922147583
2025-10-12,1303.1173095703125,BNB,0.14590051435513152
2025-10-13,1293.4732666015625,BNB,-0.007400748112178834
2025-10-14,1211.0511474609375,BNB,-0.06372154822896237
2025-10-15,1162.6917724609375,BNB,-0.039931736245318095
2025-10-16,1145.8253173828125,BNB,-0.014506385507851105
2025-10-17,1071.9630126953125,BNB,-0.06446209868726704
2025-10-18,1093.1524658203125,BNB,0.0197669629213435
2025-10-19,1109.6800537109375,BNB,0.015119197374011906
2025-10-20,1101.0616455078125,BNB,-0.007766570349988511
2025-10-21,1057.4404296875,BNB,-0.03961741469996827
2025-10-22,1072.0479736328125,BNB,0.01381405848992312
2025-10-23,1127.572998046875,BNB,0.05179341389537506
2025-10-24,1109.148681640625,BNB,-0.016339799230882357
2025-10-25,1116.7412109375,BNB,0.006845366561356148
2025-10-26,1137.5869140625,BNB,0.018666547738038775
2025-10-27,1139.7459716796875,BNB,0.001897927613703887
2025-10-28,1103.144775390625,BNB,-0.03211346843816598
2025-10-29,1107.163330078125,BNB,0.0036428171325717518
2025-10-30,1078.6114501953125,BNB,-0.025788317863451815
2025-10-31,1088.9554443359375,BNB,0.009590102291934688
2025-11-01,1094.642333984375,BNB,0.005222334557412056
2025-11-02,1084.35986328125,BNB,-0.009393452440029426
2025-11-03,992.535400390625,BNB,-0.08468080201047479
2025-11-04,937.8932495117188,BNB,-0.055053100229373264
2025-11-05,959.9510498046875,BNB,0.023518455116776193
2025-11-06,949.1804809570312,BNB,-0.011219914650697715
2025-11-07,990.5523681640625,BNB,0.04358695531256318
2025-11-08,990.2227172851562,BNB,-0.0003327950035768579
2025-11-09,996.579833984375,BNB,0.006419885737066977
2025-11-10,991.919677734375,BNB,-0.004676149457458423
2025-11-11,958.2657470703125,BNB,-0.03392808048826168
2025-11-12,953.010498046875,BNB,-0.005484124878202379
2025-11-13,928.046630859375,BNB,-0.02619474521913623
2025-11-14,915.3092651367188,BNB,-0.013724919954573145
2025-11-15,932.201904296875,BNB,0.018455662805547002
2025-11-16,927.2578735351562,BNB,-0.005303605086977248
2025-11-17,906.482421875,BNB,-0.02240525775311042
2025-11-18,932.4823608398438,BNB,0.02868223181985652
2025-11-19,895.6196899414062,BNB,-0.039531762150693095
2025-11-20,866.3438720703125,BNB,-0.032687778305777404
2025-11-21,830.0787353515625,BNB,-0.041859979493000576
2025-11-22,833.35107421875,BNB,0.003942202983674203
2025-11-23,843.2247924804688,BNB,0.011848209676786237
2025-11-24,864.421142578125,BNB,0.025137247252069228
2025-11-25,862.1080322265625,BNB,-0.002675906728361266
2025-11-26,891.7533569335938,BNB,0.034387018330482855
2025-11-27,895.559814453125,BNB,0.004268509324843128
2025-11-28,887.6467895507812,BNB,-0.008835841866325689
2025-11-29,873.6898803710938,BNB,-0.015723494236655533
2025-11-30,877.5767822265625,BNB,0.004448834698437709
2025-12-01,827.4053955078125,BNB,-0.05717036700931921
2025-12-02,877.03466796875,BNB,0.05998180907495532
2025-12-03,921.7537231445312,BNB,0.05098892530594323
2025-12-04,900.0661010742188,BNB,-0.023528651445340443
2025-12-05,884.2180786132812,BNB,-0.017607620642553945
2025-12-06,890.5450439453125,BNB,0.00715543538982355
2025-12-07,894.0222778320312,BNB,0.0039046131471507373
2025-12-08,897.6040649414062,BNB,0.004006373440783584
2025-12-09,898.8104248046875,BNB,0.0013439777184609536
2025-12-10,894.650634765625,BNB,-0.004628106132576804
2025-12-11,886.1666259765625,BNB,-0.009483041155260663
2025-12-12,881.8676147460938,BNB,-0.004851244793529941
2025-12-13,897.4295654296875,BNB,0.017646583708683217
2025-12-14,877.806884765625,BNB,-0.021865427015063
2025-12-15,858.5451049804688,BNB,-0.021943072126050955
2025-12-16,874.8990478515625,BNB,0.019048437614079372
2025-12-17,842.93017578125,BNB,-0.03654006956438749
2025-12-18,829.3011474609375,BNB,-0.016168632600773503
2025-12-19,855.9432983398438,BNB,0.03212602678830989
2025-12-20,853.586181640625,BNB,-0.002753823417731671
2025-12-21,857.8892211914062,BNB,0.005041130753207224
2025-12-22,857.857421875,BNB,-3.706692614935392e-05
2025-12-23,843.7714233398438,BNB,-0.01641997629905534
2025-12-24,846.2596435546875,BNB,0.002948926861015
2025-12-25,829.4244384765625,BNB,-0.019893664085657292
2025-12-26,834.1515502929688,BNB,0.005699267584987844
2025-12-27,844.5545043945312,BNB,0.012471299847022665
2025-12-28,858.8287963867188,BNB,0.016901563981854384
2025-12-29,851.1875610351562,BNB,-0.008897274268993782
2025-12-30,860.5537109375,BNB,0.011003626381655751
2025-12-31,863.2573852539062,BNB,0.0031417845069319217
2026-01-01,863.0546264648438,BNB,-0.0002348764024797667
2026-01-02,880.8441772460938,BNB,0.02061231147571485
2026-01-03,878.6394653320312,BNB,-0.002502953383827111
2026-01-04,894.3836669921875,BNB,0.017918841892910597
2026-01-05,910.7883911132812,BNB,0.01834193168605469
2026-01-06,917.5072631835938,BNB,0.007376984748455051
2026-01-07,899.414306640625,BNB,-0.019719687537065655
2026-01-08,891.7537231445312,BNB,-0.008517302248289282
2026-01-09,895.46923828125,BNB,0.004166526071365251
2026-01-10,906.1124877929688,BNB,0.01188566737607566
2026-01-11,902.7507934570312,BNB,-0.003710018768338208
2026-01-12,905.4176635742188,BNB,0.0029541598152187376
2026-01-13,942.4600830078125,BNB,0.04091196905455252
2026-01-14,949.10888671875,BNB,0.007054732429322863
2026-01-15,930.8783569335938,BNB,-0.019208048771076847
2026-01-16,937.5318603515625,BNB,0.007147554101360809
2026-01-17,947.0445556640625,BNB,0.010146530176513568
2026-01-18,932.5913696289062,BNB,-0.015261358030849714
2026-01-19,922.4950561523438,BNB,-0.010826085041490296
2026-01-20,884.6754760742188,BNB,-0.04099705448381219
2026-01-21,882.5582885742188,BNB,-0.0023931798238548962
2026-01-22,886.9723510742188,BNB,0.005001440196240159
2026-01-23,890.7664184570312,BNB,0.004277548649873397
2026-01-24,886.1796264648438,BNB,-0.00514926460758669
2026-01-25,864.7267456054688,BNB,-0.02420827586045393
2026-01-26,878.7445068359375,BNB,0.016210625265966172
2026-01-27,897.66552734375,BNB,0.021531879130534337
2026-01-28,901.348876953125,BNB,0.004103253937214557
2026-01-29,867.09814453125,BNB,-0.03799941764797499
2026-01-30,857.2587280273438,BNB,-0.011347523421613825
2026-01-31,780.4845581054688,BNB,-0.08955775824941636
2026-02-01,758.4573974609375,BNB,-0.0282224169790104
2026-02-02,774.5792846679688,BNB,0.02125615395274938
2026-02-03,753.5781860351562,BNB,-0.0271129102578761
2026-02-04,697.8617553710938,BNB,-0.07393583266682191
2026-02-05,606.5428466796875,BNB,-0.13085529904536275
2026-02-06,657.4215087890625,BNB,0.08388304698982596
2026-02-07,647.3502807617188,BNB,-0.015319285865615262
2026-02-08,640.253662109375,BNB,-0.010962563643277301
2026-02-09,635.9544677734375,BNB,-0.006714829746968465
2026-02-10,619.5703125,BNB,-0.02576309484985717
2026-02-11,607.1871337890625,BNB,-0.019986720572473415
2026-02-12,613.7109375,BNB,0.010744304923305359
2026-02-13,619.0838623046875,BNB,0.008754813506460346
2026-02-14,633.34521484375,BNB,0.023036220789169448
2026-02-15,614.6380004882812,BNB,-0.02953715275181157
2026-02-16,626.5706787109375,BNB,0.019414156321569287
2026-02-17,617.5620727539062,BNB,-0.01437763729315411
2026-02-18,604.5238037109375,BNB,-0.0211124834542169
2026-02-19,607.1598510742188,BNB,0.004360535262796228
2026-02-20,625.6635131835938,BNB,0.030475766927996473
2026-02-21,625.8980712890625,BNB,0.0003748949723394457
2026-02-22,614.4066772460938,BNB,-0.01835984894361753
2026-02-23,595.8651123046875,BNB,-0.03017800038325369
2026-02-24,584.1098022460938,BNB,-0.019728139499771258
2026-02-25,629.0726318359375,BNB,0.07697667359278504
2026-02-26,625.9132080078125,BNB,-0.005022351423720761
2026-02-27,613.9695434570312,BNB,-0.019081981971264206
2026-02-28,617.2463989257812,BNB,0.0053371628994807185
2026-03-01,618.107177734375,BNB,0.001394546505401717
2026-03-02,637.2395629882812,BNB,0.030953184080525498
2026-03-03,633.8309326171875,BNB,-0.005349056413116116
2026-03-04,657.8167724609375,BNB,0.037842646373708266
2026-03-05,647.6258544921875,BNB,-0.015492031208971913
2026-03-06,627.2734375,BNB,-0.03142619592935514
2026-03-07,620.0662841796875,BNB,-0.011489651704425174
2026-03-08,612.0388793945312,BNB,-0.012946043011798358
2026-03-09,634.5003662109375,BNB,0.03669944438599493
2026-03-10,641.8792114257812,BNB,0.01162937896932692
2026-03-11,651.4783325195312,BNB,0.014954715658149764
2026-03-12,652.135009765625,BNB,0.0010079801787945541
2026-03-13,655.8819580078125,BNB,0.005745663376566901
2026-03-14,657.8316040039062,BNB,0.002972556223402867
2026-03-15,673.701171875,BNB,0.024124058154858075
2026-03-16,679.3547973632812,BNB,0.008391889051560408
2026-03-17,668.7809448242188,BNB,-0.015564551218452904
2026-03-18,652.05908203125,BNB,-0.02500349766598675
2026-03-19,639.2661743164062,BNB,-0.019619246272887025
2026-03-20,642.183349609375,BNB,0.004563318708499242
2026-03-21,630.1337890625,BNB,-0.01876342722713764
2026-03-22,626.601318359375,BNB,-0.005605905863865113
2026-03-23,638.5368041992188,BNB,0.019047974350092867
2026-03-24,638.2528076171875,BNB,-0.000444761492467749
2026-03-25,647.328125,BNB,0.01421900111445451
2026-03-26,628.9946899414062,BNB,-0.028321703245311247
2026-03-27,613.2924194335938,BNB,-0.02496407483070362
2026-03-28,610.7012329101562,BNB,-0.004225042477829066
2026-03-29,605.6762084960938,BNB,-0.008228286014942077
2026-03-30,608.5535278320312,BNB,0.004750589994416243
2026-03-31,617.0491943359375,BNB,0.013960426019009375
2026-04-01,610.6229858398438,BNB,-0.010414418420900073
2026-04-02,583.1368408203125,BNB,-0.045013282593230786
2026-04-03,588.1000366210938,BNB,0.00851120260863536
2026-04-04,593.28369140625,BNB,0.008814239861195672
2026-04-05,601.5355834960938,BNB,0.01390884699743622
2026-04-06,600.3857421875,BNB,-0.0019115100422005815
2026-04-07,620.898681640625,BNB,0.03416626680438184
2026-04-08,601.1722412109375,BNB,-0.031770788073769984
2026-04-09,602.8275146484375,BNB,0.0027534096287709087
2026-04-10,605.9915161132812,BNB,0.005248601611505643
2026-04-11,607.3914184570312,BNB,0.002310102215174137
2026-04-12,592.2140502929688,BNB,-0.024987788274351774
2026-04-13,615.05126953125,BNB,0.038562440771176654
2026-04-14,614.0372314453125,BNB,-0.0016487049717177626
2026-04-15,622.6653442382812,BNB,0.014051448920548326
2026-04-16,635.5833740234375,BNB,0.020746344572876607
2026-04-17,643.4501342773438,BNB,0.012377227875089325
2026-04-18,630.3224487304688,BNB,-0.020402024721960288
2026-04-19,616.5244750976562,BNB,-0.021890341460315987
2026-04-20,629.2551879882812,BNB,0.02064916058459554
2026-04-21,631.7921752929688,BNB,0.004031730453900817
2026-04-22,637.9317626953125,BNB,0.009717732574792803
2026-04-23,638.7262573242188,BNB,0.0012454225912021943
2026-04-24,636.4029541015625,BNB,-0.003637400523330836
2026-04-25,628.6572875976562,BNB,-0.012171009662959809
2026-04-26,636.1114501953125,BNB,0.011857275410170676
2026-04-27,626.9642333984375,BNB,-0.01437989646950455
2026-04-28,624.31103515625,BNB,-0.004231817543731253
2026-04-29,617.3297729492188,BNB,-0.011182346320827152
2026-04-30,615.0667114257812,BNB,-0.0036658875411532676
2026-05-01,615.3310546875,BNB,0.00042977982194147835
2026-05-02,617.82763671875,BNB,0.00405729893238993
2026-05-03,617.4823608398438,BNB,-0.0005588547005439537
2026-05-04,622.6590576171875,BNB,0.00838355409910485
2026-05-05,630.3912353515625,BNB,0.012417996076319548
2026-05-06,647.57373046875,BNB,0.027256875022389826
2026-05-07,637.02197265625,BNB,-0.01629429563929663
2026-05-08,649.0093383789062,BNB,0.0188178214209338
2026-05-09,649.7373657226562,BNB,0.0011217517232779972
2026-05-10,663.6634521484375,BNB,0.021433408574697443
2026-05-11,669.9736328125,BNB,0.00950810330693197
2026-05-12,664.5411376953125,BNB,-0.00810852077026114
2026-05-13,671.3828125,BNB,0.010295336761867002
2026-05-14,677.9397583007812,BNB,0.00976632954955381
2026-05-15,672.111328125,BNB,-0.008597268569098038
2026-05-16,656.216064453125,BNB,-0.023649748199034648
2026-05-17,648.7941284179688,BNB,-0.01131020168081609
2026-05-18,643.0562133789062,BNB,-0.008843968814967407
2026-05-19,639.4500122070312,BNB,-0.005607909692570079
2026-05-20,648.8192749023438,BNB,0.014652064299717438
2026-05-21,657.349853515625,BNB,0.013147850169163311
2026-05-22,649.4689331054688,BNB,-0.011988928525666576
2026-05-23,655.7096557617188,BNB,0.00960896255100252
2026-05-24,656.0982666015625,BNB,0.0005926568816381206
2026-05-25,662.3038330078125,BNB,0.009458288067720977
2026-05-26,655.5963745117188,BNB,-0.010127464408038023
2026-05-27,648.1592407226562,BNB,-0.011344074003767357
2026-05-28,637.4937744140625,BNB,-0.01645500926084531
2026-05-29,642.2872924804688,BNB,0.007519317456569752
2026-05-30,717.9337768554688,BNB,0.11777671029868664
2026-05-31,708.584228515625,BNB,-0.0130228562038055
2026-06-01,692.1307983398438,BNB,-0.02322014732143929
2026-06-02,650.4299926757812,BNB,-0.06024989173157258
2026-06-03,620.0994262695312,BNB,-0.04663156180955641
2026-06-04,603.5347290039062,BNB,-0.02671296983013982
2026-06-05,572.1068725585938,BNB,-0.05207298757634393
2026-06-06,574.5108032226562,BNB,0.0042018909042493835
2026-06-07,603.6289672851562,BNB,0.050683405602061526
2026-06-08,601.6277465820312,BNB,-0.0033153158837382346
2026-06-09,592.8506469726562,BNB,-0.014588920905392877
2026-06-10,586.173828125,BNB,-0.011262227479637343
2026-06-11,605.0415649414062,BNB,0.03218795502480676
2026-06-12,603.506591796875,BNB,-0.0025369713974607855
2026-06-13,609.5437622070312,BNB,0.010003487107209885
2026-06-14,616.0859375,BNB,0.01073290499976709
2026-06-15,617.421875,BNB,0.0021684271928379406
2026-06-16,604.3461303710938,BNB,-0.021177974345185424
2026-06-17,600.9586791992188,BNB,-0.005605150759871558
2026-06-18,578.0147094726562,BNB,-0.038178947273272534
2026-06-19,581.1637573242188,BNB,0.005448041027252604
2026-06-20,587.6138916015625,BNB,0.011098651965224526
2026-06-21,583.7516479492188,BNB,-0.006572757566736698
2026-06-22,589.918701171875,BNB,0.010564515311128897
2026-06-23,577.5996704101562,BNB,-0.020882590664182965
2026-06-24,563.7708129882812,BNB,-0.023941941331190653
2026-06-25,559.7989501953125,BNB,-0.007045172792674026
2026-06-26,566.8584594726562,BNB,0.01261079406254817
2026-06-27,556.390869140625,BNB,-0.018465968280281353
2026-06-28,550.69970703125,BNB,-0.010228712268706475
2026-06-29,558.668212890625,BNB,0.014469784090375137
2026-06-30,545.6861572265625,BNB,-0.023237505489871357
2026-07-01,550.1094970703125,BNB,0.008106014391553451
2026-07-02,558.0145263671875,BNB,0.014369919695941258
2026-07-03,573.4421997070312,BNB,0.02764744036375122
2026-07-04,574.9729614257812,BNB,0.0026694263511337635
2026-07-05,588.9351196289062,BNB,0.024283156147903995
2026-07-06,585.4335327148438,BNB,-0.005945624224734436
2026-07-07,576.7965698242188,BNB,-0.014753105874500627
2026-07-08,568.3060913085938,BNB,-0.014720057226090155
2026-07-09,568.4684448242188,BNB,0.00028567970343429394
2026-07-10,575.031982421875,BNB,0.011546001642511294
2026-07-11,574.8894653320312,BNB,-0.0002478420230532796
2026-07-12,573.9483032226562,BNB,-0.001637118378628566
2026-07-13,566.6336669921875,BNB,-0.012744416508242762
2026-07-14,581.7556762695312,BNB,0.026687452861060335
2026-07-15,580.1040649414062,BNB,-0.0028390119692786042
2026-07-16,572.1932373046875,BNB,-0.013636911228191106
2026-07-17,567.7648315429688,BNB,-0.007739353548774419
2026-07-18,570.2855224609375,BNB,0.004439674276968564
2026-07-19,570.4041748046875,BNB,0.00020805778698007593
2026-07-20,570.7332763671875,BNB,0.000576962050834684
2026-07-21,573.5968627929688,BNB,0.005017381225795203
2026-07-22,570.7539672851562,BNB,-0.004956260558974801
2026-07-23,566.9454956054688,BNB,-0.006672702947301157
2026-07-24,564.3374633789062,BNB,-0.004600146304676533
2026-07-25,568.46875,BNB,0.007320596078024266
2026-07-26,574.5038452148438,BNB,0.010616406292947023
2026-07-27,565.73046875,BNB,-0.015271223226648423
2026-07-28,570.4871826171875,BNB,0.008408092068467932
2026-07-29,571.4020385742188,BNB,0.0016036398098100424
2026-07-30,592.0128173828125,BNB,0.03607053776010738
2026-07-31,586.427001953125,BNB,-0.00943529475321403
2026-08-01,574.9596557617188,BNB,-0.019554601260197257
2026-08-02,587.5682983398438,BNB,0.021929612715905877
2026-08-03,586.2100219726562,BNB,-0.002311691034089569
2024-08-03,0.364095002412796,ADA,
2024-08-04,0.3439379930496216,ADA,-0.05536195012180156
2024-08-05,0.31315499544143677,ADA,-0.08950159107238731
2024-08-06,0.3307819962501526,ADA,0.05628842287464719
2024-08-07,0.3236980140209198,ADA,-0.02141586395130024
2024-08-08,0.35181400179862976,ADA,0.08685869718030736
2024-08-09,0.3485470116138458,ADA,-0.009286128943366778
2024-08-10,0.3462890088558197,ADA,-0.006478330563131518
2024-08-11,0.32832199335098267,ADA,-0.05188445213494419
2024-08-12,0.33897700905799866,ADA,0.032452945348761864
2024-08-13,0.3401539921760559,ADA,0.003472162083582031
2024-08-14,0.3354550004005432,ADA,-0.013814307294916617
2024-08-15,0.3253529965877533,ADA,-0.03011433366838423
2024-08-16,0.3304719924926758,ADA,0.015733667612130908
2024-08-17,0.3368859887123108,ADA,0.0194085924536469
2024-08-18,0.33483099937438965,ADA,-0.0060999549009918
2024-08-19,0.3367530107498169,ADA,0.005740243224248598
2024-08-20,0.34368500113487244,ADA,0.020584791119226287
2024-08-21,0.3690589964389801,ADA,0.07382921925693853
2024-08-22,0.3765360116958618,ADA,0.020259674819004037
2024-08-23,0.39153599739074707,ADA,0.03983678912231414
2024-08-24,0.39400699734687805,ADA,0.0063110415711404855
2024-08-25,0.3849790096282959,ADA,-0.022913267478430144
2024-08-26,0.36695700883865356,ADA,-0.04681294392398927
2024-08-27,0.35051101446151733,ADA,-0.04481722376467079
2024-08-28,0.35019201040267944,ADA,-0.0009101113679065298
2024-08-29,0.35704100131988525,ADA,0.019557816037351294
2024-08-30,0.34715399146080017,ADA,-0.02769152512606521
2024-08-31,0.3453519940376282,ADA,-0.005190772589389825
2024-09-01,0.33173999190330505,ADA,-0.039414864744750866
2024-09-02,0.3359679877758026,ADA,0.012744908590128334
2024-09-03,0.3185510039329529,ADA,-0.05184120058031361
2024-09-04,0.32352399826049805,ADA,0.015611296985872603
2024-09-05,0.32506200671195984,ADA,0.00475392385025919
2024-09-06,0.31471800804138184,ADA,-0.031821616974585076
2024-09-07,0.3250730037689209,ADA,0.03290245700264305
2024-09-08,0.33865898847579956,ADA,0.04179364188770429
2024-09-09,0.34340599179267883,ADA,0.014017059869705806
2024-09-10,0.3434770107269287,ADA,0.00020680749884172123
2024-09-11,0.3530539870262146,ADA,0.027882437543687022
2024-09-12,0.3562929928302765,ADA,0.009174250746590173
2024-09-13,0.36090001463890076,ADA,0.0129304305763287
2024-09-14,0.35447999835014343,ADA,-0.017788905592538984
2024-09-15,0.3385230004787445,ADA,-0.04501522778624345
2024-09-16,0.3303059935569763,ADA,-0.0242731126397544
2024-09-17,0.33391299843788147,ADA,0.01092019203788075
2024-09-18,0.3429360091686249,ADA,0.027022040989584273
2024-09-19,0.35094499588012695,ADA,0.02335417249100824
2024-09-20,0.3521139919757843,ADA,0.0033309951969129337
2024-09-21,0.3585759997367859,ADA,0.018352033455818928
2024-09-22,0.3517720103263855,ADA,-0.018975027373262288
2024-09-23,0.3637309968471527,ADA,0.03399641293140765
2024-09-24,0.38773301243782043,ADA,0.06598836997319157
2024-09-25,0.38108301162719727,ADA,-0.017150979146222656
2024-09-26,0.40188199281692505,ADA,0.05457861031620803
2024-09-27,0.4023280143737793,ADA,0.001109832151791501
2024-09-28,0.40105199813842773,ADA,-0.0031715818679384222
2024-09-29,0.39759698510169983,ADA,-0.008614875509323272
2024-09-30,0.3732140064239502,ADA,-0.06132586410712548
2024-10-01,0.3524410128593445,ADA,-0.05565973732778062
2024-10-02,0.3440049886703491,ADA,-0.02393598894905602
2024-10-03,0.34523698687553406,ADA,0.003581338194968753
2024-10-04,0.3513979911804199,ADA,0.017845724934179907
2024-10-05,0.35071998834609985,ADA,-0.0019294442522067579
2024-10-06,0.357230007648468,ADA,0.018561871346619352
2024-10-07,0.3514670133590698,ADA,-0.016132447347674272
2024-10-08,0.3445169925689697,ADA,-0.019774318857627038
2024-10-09,0.3397020101547241,ADA,-0.013976037519489504
2024-10-10,0.3388899862766266,ADA,-0.0023904005682147123
2024-10-11,0.35118499398231506,ADA,0.03628023312454087
2024-10-12,0.3532150089740753,ADA,0.005780471906674078
2024-10-13,0.34803399443626404,ADA,-0.014668160769440997
2024-10-14,0.36388900876045227,ADA,0.04555593585008766
2024-10-15,0.3585270047187805,ADA,-0.01473527342839187
2024-10-16,0.352524995803833,ADA,-0.016740744312008893
2024-10-17,0.34303200244903564,ADA,-0.026928568095295757
2024-10-18,0.3507100045681,ADA,0.0223827574810751
2024-10-19,0.35166099667549133,ADA,0.0027116195574816704
2024-10-20,0.3648410141468048,ADA,0.03747932695383849
2024-10-21,0.36095601320266724,ADA,-0.010648476441780574
2024-10-22,0.36381998658180237,ADA,0.007934411048381884
2024-10-23,0.34861400723457336,ADA,-0.04179533810138836
2024-10-24,0.34630998969078064,ADA,-0.006609079084543001
2024-10-25,0.3244119882583618,ADA,-0.06323237008545868
2024-10-26,0.3333500027656555,ADA,0.027551430991432646
2024-10-27,0.33987200260162354,ADA,0.019565021094519075
2024-10-28,0.3437960147857666,ADA,0.011545558781264287
2024-10-29,0.35565099120140076,ADA,0.03448258823774175
2024-10-30,0.35526400804519653,ADA,-0.0010880980674254914
2024-10-31,0.34184500575065613,ADA,-0.03777191606990271
2024-11-01,0.3570899963378906,ADA,0.044596206850405995
2024-11-02,0.3477709889411926,ADA,-0.0260970833466867
2024-11-03,0.3342849910259247,ADA,-0.03877838676632228
2024-11-04,0.3260189890861511,ADA,-0.024727409730257666
2024-11-05,0.33392399549484253,ADA,0.024247073554977794
2024-11-06,0.36332300305366516,ADA,0.08804101518747154
2024-11-07,0.40501299500465393,ADA,0.11474635957699286
2024-11-08,0.4438149929046631,ADA,0.09580432820325502
2024-11-09,0.4936800003051758,ADA,0.11235539176844411
2024-11-10,0.5903090238571167,ADA,0.1957321007377415
2024-11-11,0.6138079762458801,ADA,0.03980788271746172
2024-11-12,0.5739179849624634,ADA,-0.06498773692611248
2024-11-13,0.5787749886512756,ADA,0.008462888106093969
2024-11-14,0.5801159739494324,ADA,0.002316937193989066
2024-11-15,0.6740599870681763,ADA,0.16194005567399317
2024-11-16,0.7387340068817139,ADA,0.09594697957794107
2024-11-17,0.7023249864578247,ADA,-0.04928569699610297
2024-11-18,0.7345799803733826,ADA,0.04592602361797771
2024-11-19,0.7396420240402222,ADA,0.006891072180141178
2024-11-20,0.8003450036048889,ADA,0.0820707553000879
2024-11-21,0.8204740285873413,ADA,0.025150434989645643
2024-11-22,1.010422945022583,ADA,0.23151118721245578
2024-11-23,1.066236972808838,ADA,0.05523828220766247
2024-11-24,1.0231059789657593,ADA,-0.04045160217006605
2024-11-25,0.9456890225410461,ADA,-0.07566856026290902
2024-11-26,0.9612320065498352,ADA,0.016435618515508787
2024-11-27,1.0133459568023682,ADA,0.054215787549133365
2024-11-28,1.0335079431533813,ADA,0.019896449199476418
2024-11-29,1.0768580436706543,ADA,0.04194462249124631
2024-11-30,1.0789419412612915,ADA,0.001935164623494634
2024-12-01,1.1552519798278809,ADA,0.07072673296709775
2024-12-02,1.2017760276794434,ADA,0.04027177504469126
2024-12-03,1.198125958442688,ADA,-0.0030372291946972885
2024-12-04,1.1873199939727783,ADA,-0.009019055462211267
2024-12-05,1.1847120523452759,ADA,-0.002196494323974285
2024-12-06,1.2311069965362549,ADA,0.039161367607542186
2024-12-07,1.214195966720581,ADA,-0.01373644196910051
2024-12-08,1.1962909698486328,ADA,-0.01474638144311069
2024-12-09,1.0075490474700928,ADA,-0.15777258805390937
2024-12-10,1.0201610326766968,ADA,0.01251749007978531
2024-12-11,1.0888899564743042,ADA,0.06737066168590711
2024-12-12,1.1250159740447998,ADA,0.03317692238384429
2024-12-13,1.1196019649505615,ADA,-0.004812384196442254
2024-12-14,1.0605119466781616,ADA,-0.052777701470905436
2024-12-15,1.1017080545425415,ADA,0.038845491550961064
2024-12-16,1.0788559913635254,ADA,-0.020742394579755463
2024-12-17,1.0515249967575073,ADA,-0.025333311234129963
2024-12-18,0.9684200286865234,ADA,-0.07903280314519123
2024-12-19,0.8855019807815552,ADA,-0.08562198782426123
2024-12-20,0.9510110020637512,ADA,0.07397953105014743
2024-12-21,0.9046940207481384,ADA,-0.04870288694358127
2024-12-22,0.8829759955406189,ADA,-0.024005934282134156
2024-12-23,0.9242460131645203,ADA,0.04673968242888993
2024-12-24,0.936460018157959,ADA,0.013215101628211823
2024-12-25,0.916858971118927,ADA,-0.02093100256174074
2024-12-26,0.8597850203514099,ADA,-0.062249432644875036
2024-12-27,0.8747680187225342,ADA,0.01742644732865939
2024-12-28,0.8878170251846313,ADA,0.014917105087075777
2024-12-29,0.8586400151252747,ADA,-0.03286376497824994
2024-12-30,0.8600170016288757,ADA,0.001603683126042199
2024-12-31,0.8437650203704834,ADA,-0.018897279039380654
2025-01-01,0.9175919890403748,ADA,0.08749707191876133
2025-01-02,0.9613450169563293,ADA,0.047682443219356996
2025-01-03,1.0903760194778442,ADA,0.13421924516760275
2025-01-04,1.0714000463485718,ADA,-0.017403146061814145
2025-01-05,1.0934669971466064,ADA,0.02059636909036988
2025-01-06,1.0941239595413208,ADA,0.0006008067883427337
2025-01-07,0.9920099973678589,ADA,-0.09332942696572533
2025-01-08,0.9480310082435608,ADA,-0.044333211601686795
2025-01-09,0.9059900045394897,ADA,-0.04434559981530706
2025-01-10,0.9314529895782471,ADA,0.028105150069177576
2025-01-11,0.9945240020751953,ADA,0.06771250208290835
2025-01-12,0.9685549736022949,ADA,-0.026112017828340828
2025-01-13,0.9447420239448547,ADA,-0.024586058929493615
2025-01-14,0.9949089884757996,ADA,0.05310123108684017
2025-01-15,1.0791540145874023,ADA,0.08467611317962476
2025-01-16,1.0900989770889282,ADA,0.010142169100589848
2025-01-17,1.1351219415664673,ADA,0.041301721608593134
2025-01-18,1.10207200050354,ADA,-0.029115762679486568
2025-01-19,0.991191029548645,ADA,-0.10061136740996335
2025-01-20,1.0086439847946167,ADA,0.017608064162888182
2025-01-21,1.004654049873352,ADA,-0.003955741551442515
2025-01-22,0.9816439747810364,ADA,-0.02290348114877594
2025-01-23,0.9874939918518066,ADA,0.005959408116445797
2025-01-24,0.9714940190315247,ADA,-0.01620260270169127
2025-01-25,0.9772719740867615,ADA,0.0059474942120558705
2025-01-26,0.9548559784889221,ADA,-0.022937315498878008
2025-01-27,0.9329429864883423,ADA,-0.02294900225189722
2025-01-28,0.9161149859428406,ADA,-0.01803754440434069
2025-01-29,0.9411270022392273,ADA,0.027302267379290868
2025-01-30,0.9610139727592468,ADA,0.021131016826318127
2025-01-31,0.9422289729118347,ADA,-0.01954706214466051
2025-02-01,0.8979439735412598,ADA,-0.04700025221440385
2025-02-02,0.8017399907112122,ADA,-0.10713806837039497
2025-02-03,0.8115590214729309,ADA,0.01224715104083618
2025-02-04,0.7463430166244507,ADA,-0.08035891798740291
2025-02-05,0.7332090139389038,ADA,-0.017597810112767065
2025-02-06,0.7050619721412659,ADA,-0.03838883764730061
2025-02-07,0.7070930004119873,ADA,0.0028806379452761544
2025-02-08,0.7018489837646484,ADA,-0.007416304000016138
2025-02-09,0.6827009916305542,ADA,-0.027282211098157205
2025-02-10,0.7106930017471313,ADA,0.041001859466647916
2025-02-11,0.7793989777565002,ADA,0.0966746201812394
2025-02-12,0.7992240190505981,ADA,0.025436319343353775
2025-02-13,0.8107420206069946,ADA,0.014411480738627969
2025-02-14,0.8005070090293884,ADA,-0.01262425200305195
2025-02-15,0.7811099886894226,ADA,-0.024230918806675605
2025-02-16,0.772005021572113,ADA,-0.01165644691419998
2025-02-17,0.8080250024795532,ADA,0.04665770286582971
2025-02-18,0.7523630261421204,ADA,-0.06888645297685747
2025-02-19,0.7729430198669434,ADA,0.027353807948738096
2025-02-20,0.8044739961624146,ADA,0.04079340324581637
2025-02-21,0.7613710165023804,ADA,-0.05357908380587628
2025-02-22,0.7744519710540771,ADA,0.01718078869325579
2025-02-23,0.7700409889221191,ADA,-0.005695617413116527
2025-02-24,0.6822019815444946,ADA,-0.114070560712072
2025-02-25,0.6825820207595825,ADA,0.0005570772665119961
2025-02-26,0.6450380086898804,ADA,-0.05500293141023971
2025-02-27,0.6455850005149841,ADA,0.0008479993701684396
2025-02-28,0.6330509781837463,ADA,-0.019414983807305553
2025-03-01,0.6592649817466736,ADA,0.04140899306109036
2025-03-02,1.1295030117034912,ADA,0.7132762136265101
2025-03-03,0.8552640080451965,ADA,-0.24279616859515363
2025-03-04,0.941277027130127,ADA,0.10056896850075914
2025-03-05,0.9753559827804565,ADA,0.0362050221859056
2025-03-06,0.9075520038604736,ADA,-0.06951716103354744
2025-03-07,0.8167999982833862,ADA,-0.09999647975108161
2025-03-08,0.8046919703483582,ADA,-0.014823736484420591
2025-03-09,0.7201489806175232,ADA,-0.10506254920654368
2025-03-10,0.6725969910621643,ADA,-0.06603076701515753
2025-03-11,0.722586989402771,ADA,0.07432385069350755
2025-03-12,0.7354440093040466,ADA,0.017793040962309714
2025-03-13,0.7022889852523804,ADA,-0.045081642697777924
2025-03-14,0.738315999507904,ADA,0.05129941521520043
2025-03-15,0.7482889890670776,ADA,0.013507752189876321
2025-03-16,0.7057639956474304,ADA,-0.056829639405311605
2025-03-17,0.7180920243263245,ADA,0.017467636143134513
2025-03-18,0.702081024646759,ADA,-0.022296584751217763
2025-03-19,0.7441999912261963,ADA,0.059991603676553984
2025-03-20,0.7175170183181763,ADA,-0.035854572994626466
2025-03-21,0.7051169872283936,ADA,-0.017281863388896035
2025-03-22,0.7009410262107849,ADA,-0.00592236620766029
2025-03-23,0.7095080018043518,ADA,0.012222106101962726
2025-03-24,0.7309949994087219,ADA,0.030284362614271476
2025-03-25,0.745199978351593,ADA,0.019432388667995015
2025-03-26,0.7280619740486145,ADA,-0.022997859367747675
2025-03-27,0.737671971321106,ADA,0.01319942204789526
2025-03-28,0.705551028251648,ADA,-0.0435436675354931
2025-03-29,0.6739220023155212,ADA,-0.04482882834782809
2025-03-30,0.6607080101966858,ADA,-0.019607598614429622
2025-03-31,0.6614469885826111,ADA,0.0011184643965573837
2025-04-01,0.6776549816131592,ADA,0.02450384280270068
2025-04-02,0.641638994216919,ADA,-0.05314797112610914
2025-04-03,0.6500589847564697,ADA,0.013122629103654804
2025-04-04,0.6604490280151367,ADA,0.015983231525612096
2025-04-05,0.6546710133552551,ADA,-0.00874861558543949
2025-04-06,0.5727930068969727,ADA,-0.12506740758025836
2025-04-07,0.5854309797286987,ADA,0.02206376942377597
2025-04-08,0.5578879714012146,ADA,-0.047047404871276455
2025-04-09,0.631676971912384,ADA,0.13226490674433777
2025-04-10,0.609387993812561,ADA,-0.035285405501396916
2025-04-11,0.6241670250892639,ADA,0.024252252139461472
2025-04-12,0.6588519811630249,ADA,0.05556999117151462
2025-04-13,0.6380749940872192,ADA,-0.0315351363733164
2025-04-14,0.6348739862442017,ADA,-0.005016663985706993
2025-04-15,0.6091629862785339,ADA,-0.040497800386765426
2025-04-16,0.610418975353241,ADA,0.0020618276274138037
2025-04-17,0.6163049936294556,ADA,0.009642587327512997
2025-04-18,0.6274449825286865,ADA,0.018075448056370513
2025-04-19,0.6279540061950684,ADA,0.0008112642232478429
2025-04-20,0.6197819709777832,ADA,-0.01301374803992661
2025-04-21,0.6239399909973145,ADA,0.0067088431323218956
2025-04-22,0.680404007434845,ADA,0.09049590866467394
2025-04-23,0.6975659728050232,ADA,0.025223198544758185
2025-04-24,0.72182697057724,ADA,0.03477950289728082
2025-04-25,0.7141410112380981,ADA,-0.010647924852399737
2025-04-26,0.7075210213661194,ADA,-0.009269863749319929
2025-04-27,0.7039750218391418,ADA,-0.0050118645522796434
2025-04-28,0.7054799795150757,ADA,0.002137799821366082
2025-04-29,0.6963300108909607,ADA,-0.012969848741000933
2025-04-30,0.6819300055503845,ADA,-0.020679857417248537
2025-05-01,0.7054340243339539,ADA,0.0344669080290716
2025-05-02,0.6980419754981995,ADA,-0.010478724559300545
2025-05-03,0.701026976108551,ADA,0.004276248012479611
2025-05-04,0.676692008972168,ADA,-0.034713310565405275
2025-05-05,0.6629760265350342,ADA,-0.02026916566957404
2025-05-06,0.6783819794654846,ADA,0.02323757166751239
2025-05-07,0.6711859703063965,ADA,-0.010607606594677077
2025-05-08,0.7666040062904358,ADA,0.1421633350597018
2025-05-09,0.7777109742164612,ADA,0.014488533629991807
2025-05-10,0.8412730097770691,ADA,0.08172963693182589
2025-05-11,0.8049889802932739,ADA,-0.043129910340770516
2025-05-12,0.8176379799842834,ADA,0.015713258194418156
2025-05-13,0.8315600156784058,ADA,0.017027139192323126
2025-05-14,0.7995200157165527,ADA,-0.038529991050271994
2025-05-15,0.7612429857254028,ADA,-0.047875011555332914
2025-05-16,0.7592679858207703,ADA,-0.0025944408574753997
2025-05-17,0.7423850297927856,ADA,-0.022235832859111127
2025-05-18,0.7606260180473328,ADA,0.024570792139543274
2025-05-19,0.7430629730224609,ADA,-0.02309025014679278
2025-05-20,0.7457290291786194,ADA,0.0035879276090342582
2025-05-21,0.7707189917564392,ADA,0.03351078153058484
2025-05-22,0.8081380128860474,ADA,0.04855079676229557
2025-05-23,0.7463799715042114,ADA,-0.0764201663541153
2025-05-24,0.7471920251846313,ADA,0.0010879896452518079
2025-05-25,0.7599830031394958,ADA,0.017118729220515716
2025-05-26,0.7595549821853638,ADA,-0.0005631980614880794
2025-05-27,0.7586830258369446,ADA,-0.0011479831860367051
2025-05-28,0.7468940019607544,ADA,-0.01553880009795272
2025-05-29,0.7223420143127441,ADA,-0.0328721178420982
2025-05-30,0.6893270015716553,ADA,-0.04570551357517294
2025-05-31,0.6860740184783936,ADA,-0.0047190710444317
2025-06-01,0.6849740147590637,ADA,-0.0016033309667803364
2025-06-02,0.6896770000457764,ADA,0.006865932408205211
2025-06-03,0.6846140027046204,ADA,-0.0073411137979372265
2025-06-04,0.6658899784088135,ADA,-0.02734975361566694
2025-06-05,0.6275740265846252,ADA,-0.05754096482386872
2025-06-06,0.6564059853553772,ADA,0.04594192485571913
2025-06-07,0.6650099754333496,ADA,0.013107726422260102
2025-06-08,0.6698989868164062,ADA,0.007351786535037652
2025-06-09,0.7050520181655884,ADA,0.052475122430385435
2025-06-10,0.7159140110015869,ADA,0.015405945314871161
2025-06-11,0.6981580257415771,ADA,-0.02480184070593694
2025-06-12,0.6638389825820923,ADA,-0.04915655466830948
2025-06-13,0.6421359777450562,ADA,-0.032693176216647246
2025-06-14,0.6249489784240723,ADA,-0.026765357987475258
2025-06-15,0.633849024772644,ADA,0.014241236734261031
2025-06-16,0.6316310167312622,ADA,-0.0034992686818086094
2025-06-17,0.6104490160942078,ADA,-0.03353540291082102
2025-06-18,0.6034489870071411,ADA,-0.011467016740979386
2025-06-19,0.6021249890327454,ADA,-0.0021940512005202972
2025-06-20,0.5772640109062195,ADA,-0.04128873336823735
2025-06-21,0.5543149709701538,ADA,-0.03975484267595175
2025-06-22,0.5409830212593079,ADA,-0.024051217104081757
2025-06-23,0.5832750201225281,ADA,0.07817620369077805
2025-06-24,0.5873690247535706,ADA,0.007018995310621223
2025-06-25,0.5670809745788574,ADA,-0.03454055171401815
2025-06-26,0.5540210008621216,ADA,-0.02303017435285115
2025-06-27,0.5587639808654785,ADA,0.008561011217943504
2025-06-28,0.5656970143318176,ADA,0.012407803122170602
2025-06-29,0.5780860185623169,ADA,0.02190042357768629
2025-06-30,0.5721210241317749,ADA,-0.010318523954924164
2025-07-01,0.5421580076217651,ADA,-0.05237181513383515
2025-07-02,0.5841010212898254,ADA,0.07736308064884612
2025-07-03,0.5990880131721497,ADA,0.025658218931426724
2025-07-04,0.5728909969329834,ADA,-0.043728159574507264
2025-07-05,0.5759080052375793,ADA,0.0052662868167727694
2025-07-06,0.5860130190849304,ADA,0.017546229181486073
2025-07-07,0.5802379846572876,ADA,-0.009854788613161913
2025-07-08,0.5884739756584167,ADA,0.014194160359897179
2025-07-09,0.6234890222549438,ADA,0.059501435993580376
2025-07-10,0.6766480207443237,ADA,0.0852605203811323
2025-07-11,0.7105259895324707,ADA,0.05006734335952201
2025-07-12,0.7082970142364502,ADA,-0.0031370777830198593
2025-07-13,0.7372530102729797,ADA,0.040881149368876546
2025-07-14,0.7343360185623169,ADA,-0.003956568057392862
2025-07-15,0.7468230128288269,ADA,0.017004469276826528
2025-07-16,0.7645490169525146,ADA,0.023735214125961246
2025-07-17,0.8237850069999695,ADA,0.07747834178581381
2025-07-18,0.8158569931983948,ADA,-0.009623886978043728
2025-07-19,0.8303400278091431,ADA,0.017751928011269014
2025-07-20,0.8587449789047241,ADA,0.034208818248263606
2025-07-21,0.8904250264167786,ADA,0.03689110072289492
2025-07-22,0.902944028377533,ADA,0.014059580076194678
2025-07-23,0.8162310123443604,ADA,-0.09603365580586876
2025-07-24,0.8055779933929443,ADA,-0.01305147536702711
2025-07-25,0.816074013710022,ADA,0.013029179549543413
2025-07-26,0.81980299949646,ADA,0.004569421062049717
2025-07-27,0.8320080041885376,ADA,0.014887728758706809
2025-07-28,0.7908909916877747,ADA,-0.049419010747215886
2025-07-29,0.7824680209159851,ADA,-0.010649976874581357
2025-07-30,0.7634389996528625,ADA,-0.024319231910393646
2025-07-31,0.7400599718093872,ADA,-0.030623308285410933
2025-08-01,0.7156670093536377,ADA,-0.03296079153708409
2025-08-02,0.6976699829101562,ADA,-0.025147207022628626
2025-08-03,0.7269759774208069,ADA,0.04200552586254025
2025-08-04,0.7548080086708069,ADA,0.03828466430038513
2025-08-05,0.726036012172699,ADA,-0.03811829785533738
2025-08-06,0.7417939901351929,ADA,0.021704127203466594
2025-08-07,0.7863950133323669,ADA,0.06012588911517813
2025-08-08,0.7911810278892517,ADA,0.006086018445874863
2025-08-09,0.804036021232605,ADA,0.016247853386535782
2025-08-10,0.8022879958152771,ADA,-0.0021740635632817584
2025-08-11,0.7739769816398621,ADA,-0.035287844668105306
2025-08-12,0.8412039875984192,ADA,0.08685917999282111
2025-08-13,0.9059240221977234,ADA,0.07693738445543463
2025-08-14,0.9253829717636108,ADA,0.021479670578423482
2025-08-15,0.943835973739624,ADA,0.01994093530902674
2025-08-16,0.9212819933891296,ADA,-0.023896080439837486
2025-08-17,0.9618890285491943,ADA,0.04407666214193884
2025-08-18,0.9232550263404846,ADA,-0.04016471865468818
2025-08-19,0.8450390100479126,ADA,-0.0847176717819752
2025-08-20,0.8808220028877258,ADA,0.04234478221045013
2025-08-21,0.8510209918022156,ADA,-0.03383318194573848
2025-08-22,0.9299209713935852,ADA,0.09271214265147831
2025-08-23,0.9131330251693726,ADA,-0.018053089177087922
2025-08-24,0.9096069931983948,ADA,-0.0038614658256651557
2025-08-25,0.8376330137252808,ADA,-0.07912645792226858
2025-08-26,0.8666830062866211,ADA,0.03468105015601486
2025-08-27,0.8501560091972351,ADA,-0.019069252505823697
2025-08-28,0.8577499985694885,ADA,0.008932465677004453
2025-08-29,0.8271369934082031,ADA,-0.03568989240727505
2025-08-30,0.8224049806594849,ADA,-0.005720954069796891
2025-08-31,0.8113610148429871,ADA,-0.013428865432747794
2025-09-01,0.8001859784126282,ADA,-0.013773198645145035
2025-09-02,0.8345810174942017,ADA,0.04298380627689169
2025-09-03,0.8365300297737122,ADA,0.0023353182479064483
2025-09-04,0.8098869919776917,ADA,-0.03184946965170832
2025-09-05,0.8310689926147461,ADA,0.026154267011165855
2025-09-06,0.8184509873390198,ADA,-0.015182861336249576
2025-09-07,0.8350589871406555,ADA,0.02029199067329901
2025-09-08,0.8650529980659485,ADA,0.03591843377196158
2025-09-09,0.8650320172309875,ADA,-2.425381451520714e-05
2025-09-10,0.8846880197525024,ADA,0.02272286126984624
2025-09-11,0.8942080140113831,ADA,0.010760849074845424
2025-09-12,0.9170870184898376,ADA,0.02558577436118048
2025-09-13,0.929843008518219,ADA,0.01390924718287545
2025-09-14,0.8889909982681274,ADA,-0.043934309206876354
2025-09-15,0.8635079860687256,ADA,-0.02866509587728805
2025-09-16,0.8806899785995483,ADA,0.019897896496646084
2025-09-17,0.9130920171737671,ADA,0.03679165127522355
2025-09-18,0.9253559708595276,ADA,0.01343123524803147
2025-09-19,0.8909350037574768,ADA,-0.037197541471611695
2025-09-20,0.8939329981803894,ADA,0.003364997906995182
2025-09-21,0.8852750062942505,ADA,-0.009685280556554376
2025-09-22,0.8257520198822021,ADA,-0.06723671852118673
2025-09-23,0.8076189756393433,ADA,-0.021959430684100112
2025-09-24,0.81318598985672,ADA,0.006893119633512468
2025-09-25,0.7627890110015869,ADA,-0.06197472593448494
2025-09-26,0.7921929955482483,ADA,0.03854799180713453
2025-09-27,0.7817010283470154,ADA,-0.01324420597025322
2025-09-28,0.8081660270690918,ADA,0.033855652944501324
2025-09-29,0.8067970275878906,ADA,-0.0016939582156973998
2025-09-30,0.8072029948234558,ADA,0.0005031838513076536
2025-10-01,0.8500400185585022,ADA,0.053068464822055406
2025-10-02,0.8703200221061707,ADA,0.023857704466737184
2025-10-03,0.8663150072097778,ADA,-0.004601772675183025
2025-10-04,0.8399220108985901,ADA,-0.03046581912068469
2025-10-05,0.8373519778251648,ADA,-0.0030598472716243386
2025-10-06,0.8718159794807434,ADA,0.041158321193784264
2025-10-07,0.8209019899368286,ADA,-0.058399926982571904
2025-10-08,0.838916003704071,ADA,0.021944171153280623
2025-10-09,0.8156459927558899,ADA,-0.027738189336521057
2025-10-10,0.6348350048065186,ADA,-0.221678264290186
2025-10-11,0.6321799755096436,ADA,-0.0041822351898886945
2025-10-12,0.7015050053596497,ADA,0.10966027481986984
2025-10-13,0.7292580008506775,ADA,0.039562077645902693
2025-10-14,0.6996920108795166,ADA,-0.040542565095853966
2025-10-15,0.66880202293396,ADA,-0.04414797863238107
2025-10-16,0.6449440121650696,ADA,-0.03567275509160084
2025-10-17,0.6248430013656616,ADA,-0.031167063218292546
2025-10-18,0.634460985660553,ADA,0.015392641469729629
2025-10-19,0.652550995349884,ADA,0.028512406748694152
2025-10-20,0.6632509827613831,ADA,0.016397166639462224
2025-10-21,0.6429139971733093,ADA,-0.030662578897964976
2025-10-22,0.6239719986915588,ADA,-0.029462725286791835
2025-10-23,0.6428449749946594,ADA,0.03024651161057923
2025-10-24,0.6558910012245178,ADA,0.02029420270410731
2025-10-25,0.6546630263328552,ADA,-0.0018722240271173973
2025-10-26,0.6810629963874817,ADA,0.040326044075694734
2025-10-27,0.6673650145530701,ADA,-0.02011265023510156
2025-10-28,0.6462730169296265,ADA,-0.03160488962336272
2025-10-29,0.6401649713516235,ADA,-0.009451184589171935
2025-10-30,0.6011229753494263,ADA,-0.0609873981698269
2025-10-31,0.6091650128364563,ADA,0.013378356537371294
2025-11-01,0.612201988697052,ADA,0.004985473224167425
2025-11-02,0.61080402135849,ADA,-0.0022835066928438286
2025-11-03,0.5523139834403992,ADA,-0.09575909108784686
2025-11-04,0.5214959979057312,ADA,-0.055797945477861655
2025-11-05,0.5461450219154358,ADA,0.047265988825786254
2025-11-06,0.5309820175170898,ADA,-0.02776369606952811
2025-11-07,0.5760110020637512,ADA,0.0848032194333439
2025-11-08,0.5684229731559753,ADA,-0.013173409675490966
2025-11-09,0.5786349773406982,ADA,0.017965502217519802
2025-11-10,0.5929700136184692,ADA,0.02477388481362164
2025-11-11,0.5565279722213745,ADA,-0.06145680314374613
2025-11-12,0.545261025428772,ADA,-0.02024506827146655
2025-11-13,0.5311149954795837,ADA,-0.02594359268217339
2025-11-14,0.49842000007629395,ADA,-0.06155916455299293
2025-11-15,0.5034000277519226,ADA,0.009991628897047411
2025-11-16,0.48484501242637634,ADA,-0.036859384788691885
2025-11-17,0.46553200483322144,ADA,-0.039833363442276504
2025-11-18,0.4749799966812134,ADA,0.020295042553254206
2025-11-19,0.46323901414871216,ADA,-0.024718898931613942
2025-11-20,0.4323990046977997,ADA,-0.06657472386600838
2025-11-21,0.4091469943523407,ADA,-0.05377443077536603
2025-11-22,0.40460801124572754,ADA,-0.011093771112257955
2025-11-23,0.4085490107536316,ADA,0.009740290351074155
2025-11-24,0.42784199118614197,ADA,0.047223172556265736
2025-11-25,0.4216170012950897,ADA,-0.014549740369789732
2025-11-26,0.4356220066547394,ADA,0.03321736390285546
2025-11-27,0.4336850047111511,ADA,-0.0044465199507780495
2025-11-28,0.42023101449012756,ADA,-0.031022493456937417
2025-11-29,0.4153830111026764,ADA,-0.01153651972435521
2025-11-30,0.41588500142097473,ADA,0.0012084998781383138
2025-12-01,0.38571399450302124,ADA,-0.07254651361522235
2025-12-02,0.4339640140533447,ADA,0.1250927377226536
2025-12-03,0.4508090019226074,ADA,0.03881655465375067
2025-12-04,0.43945398926734924,ADA,-0.025188078780218226
2025-12-05,0.41627100110054016,ADA,-0.052754073766537846
2025-12-06,0.4139310121536255,ADA,-0.005621311455105471
2025-12-07,0.4168109893798828,ADA,0.006957626130193129
2025-12-08,0.43219199776649475,ADA,0.03690163834090665
2025-12-09,0.47000500559806824,ADA,0.0874912261841625
2025-12-10,0.453900009393692,ADA,-0.034265584435389296
2025-12-11,0.42534399032592773,ADA,-0.0629125765075631
2025-12-12,0.40913501381874084,ADA,-0.038107924117527725
2025-12-13,0.4110569953918457,ADA,0.004697670715507085
2025-12-14,0.39658400416374207,ADA,-0.03520920794525606
2025-12-15,0.38809099793434143,ADA,-0.021415402891272528
2025-12-16,0.3857269883155823,ADA,-0.006091379679873721
2025-12-17,0.36650198698043823,ADA,-0.04984095465836347
2025-12-18,0.3514249920845032,ADA,-0.04113755295067412
2025-12-19,0.3766300082206726,ADA,0.07172232113221089
2025-12-20,0.37309500575065613,ADA,-0.009385875774256647
2025-12-21,0.3658910095691681,ADA,-0.01930874461048815
2025-12-22,0.3708069920539856,ADA,0.013435647108700488
2025-12-23,0.36285200715065,ADA,-0.021453168558853375
2025-12-24,0.35641199350357056,ADA,-0.017748320307363397
2025-12-25,0.3432160019874573,ADA,-0.037024543945323396
2025-12-26,0.3495819866657257,ADA,0.018548041587236552
2025-12-27,0.3695420026779175,ADA,0.05709680925658733
2025-12-28,0.3685019910335541,ADA,-0.0028143259408318633
2025-12-29,0.3529149889945984,ADA,-0.04229828445495809
2025-12-30,0.35111701488494873,ADA,-0.005094637988519057
2025-12-31,0.332830011844635,ADA,-0.05208236076598527
2026-01-01,0.35621199011802673,ADA,0.07025201286327043
2026-01-02,0.39375799894332886,ADA,0.10540355144379521
2026-01-03,0.3893750011920929,ADA,-0.011131196732505733
2026-01-04,0.4000909924507141,ADA,0.027521004753293443
2026-01-05,0.4218739867210388,ADA,0.05444510044301509
2026-01-06,0.41962599754333496,ADA,-0.00532857973817269
2026-01-07,0.40189000964164734,ADA,-0.04226617989714998
2026-01-08,0.39564499258995056,ADA,-0.015539119913095756
2026-01-09,0.3907029926776886,ADA,-0.012490995728041243
2026-01-10,0.38791799545288086,ADA,-0.0071281696762052205
2026-01-11,0.3902849853038788,ADA,0.006101778929421764
2026-01-12,0.385904997587204,ADA,-0.011222537073171113
2026-01-13,0.4214189946651459,ADA,0.09202782368714124
2026-01-14,0.41454699635505676,ADA,-0.016306807232430276
2026-01-15,0.3934819996356964,ADA,-0.05081449607541799
2026-01-16,0.3955340087413788,ADA,0.005215001213733306
2026-01-17,0.39667001366615295,ADA,0.0028720790113321293
2026-01-18,0.3756929934024811,ADA,-0.05288279814699237
2026-01-19,0.3701249957084656,ADA,-0.014820605632244188
2026-01-20,0.3504279851913452,ADA,-0.05321718539818643
2026-01-21,0.3656969964504242,ADA,0.04357246539753845
2026-01-22,0.35889700055122375,ADA,-0.018594617853587625
2026-01-23,0.3600989878177643,ADA,0.0033491148287514427
2026-01-24,0.3581629991531372,ADA,-0.005376267998861484
2026-01-25,0.33870500326156616,ADA,-0.0543272083871833
2026-01-26,0.3519980013370514,ADA,0.03924653591615135
2026-01-27,0.36030399799346924,ADA,0.023596715392893763
2026-01-28,0.35787901282310486,ADA,-0.006730386517688092
2026-01-29,0.3340100049972534,ADA,-0.06669574624553243
2026-01-30,0.32035499811172485,ADA,-0.040882029523758856
2026-01-31,0.2934960126876831,ADA,-0.08384131848217513
2026-02-01,0.2860319912433624,ADA,-0.02543142367069684
2026-02-02,0.2989000082015991,ADA,0.04498803403878093
2026-02-03,0.2907879948616028,ADA,-0.027139555427931006
2026-02-04,0.28630098700523376,ADA,-0.01543051272974516
2026-02-05,0.24488499760627747,ADA,-0.14465891239906614
2026-02-06,0.2762340009212494,ADA,0.12801520559203228
2026-02-07,0.272365003824234,ADA,-0.014006230529595043
2026-02-08,0.2702629864215851,ADA,-0.0077176486447775305
2026-02-09,0.2697080075740814,ADA,-0.00205347707746395
2026-02-10,0.26166999340057373,ADA,-0.029802653046183125
2026-02-11,0.2555519938468933,ADA,-0.02338059276179505
2026-02-12,0.26422399282455444,ADA,0.03393438199060461
2026-02-13,0.2726919949054718,ADA,0.03204857359997626
2026-02-14,0.2952660024166107,ADA,0.08278206890145112
2026-02-15,0.2817800045013428,ADA,-0.04567406272612329
2026-02-16,0.2854909896850586,ADA,0.013169796026808234
2026-02-17,0.28096699714660645,ADA,-0.01584635838575088
2026-02-18,0.2735860049724579,ADA,-0.026269961415778753
2026-02-19,0.27254700660705566,ADA,-0.0037977029033587906
2026-02-20,0.2849070131778717,ADA,0.04534999934391526
2026-02-21,0.280021995306015,ADA,-0.01714600780573594
2026-02-22,0.2713859975337982,ADA,-0.03084042652713459
2026-02-23,0.2622550129890442,ADA,-0.03364574675086862
2026-02-24,0.258758008480072,ADA,-0.013334366688038335
2026-02-25,0.296671986579895,ADA,0.14652291661435823
2026-02-26,0.2869729995727539,ADA,-0.03269262837706155
2026-02-27,0.27761998772621155,ADA,-0.0325919576422421
2026-02-28,0.2816149890422821,ADA,0.014390178995362657
2026-03-01,0.27358001470565796,ADA,-0.028531770854774208
2026-03-02,0.27684101462364197,ADA,0.011919730033981057
2026-03-03,0.26288801431655884,ADA,-0.05040077000892318
2026-03-04,0.2761020064353943,ADA,0.050264718812641274
2026-03-05,0.26899099349975586,ADA,-0.025755020861474076
2026-03-06,0.25903698801994324,ADA,-0.03700497682210191
2026-03-07,0.2546730041503906,ADA,-0.01684695264143754
2026-03-08,0.24924999475479126,ADA,-0.021294009601414032
2026-03-09,0.2549940049648285,ADA,0.023045176854218585
2026-03-10,0.2620120048522949,ADA,0.027522215231822633
2026-03-11,0.26253700256347656,ADA,0.0020037162475727843
2026-03-12,0.26319798827171326,ADA,0.002517685894874555
2026-03-13,0.2656939923763275,ADA,0.009483370754481246
2026-03-14,0.2634440064430237,ADA,-0.008468335746624533
2026-03-15,0.26984700560569763,ADA,0.024304971857686875
2026-03-16,0.29038000106811523,ADA,0.07609124813643686
2026-03-17,0.2890630066394806,ADA,-0.004535417121669161
2026-03-18,0.2741909921169281,ADA,-0.05144904114659288
2026-03-19,0.2673560082912445,ADA,-0.024927820468911843
2026-03-20,0.26611900329589844,ADA,-0.004626808289262541
2026-03-21,0.25776898860931396,ADA,-0.031376995190757095
2026-03-22,0.25059500336647034,ADA,-0.02783106409171987
2026-03-23,0.2616010010242462,ADA,0.04391946172079386
2026-03-24,0.26618900895118713,ADA,0.017538189490779788
2026-03-25,0.2703070044517517,ADA,0.015470193592101777
2026-03-26,0.2547740042209625,ADA,-0.05746429051031765
2026-03-27,0.2460239976644516,ADA,-0.034344189012793236
2026-03-28,0.2456589937210083,ADA,-0.0014836111391910434
2026-03-29,0.2395620048046112,ADA,-0.024818911874732175
2026-03-30,0.24319399893283844,ADA,0.015160977347762339
2026-03-31,0.24156300723552704,ADA,-0.006706545821312915
2026-04-01,0.2480580061674118,ADA,0.02688739060758616
2026-04-02,0.23935799300670624,ADA,-0.035072494918120145
2026-04-03,0.24616800248622894,ADA,0.028451147145656108
2026-04-04,0.2479490041732788,ADA,0.007234903273627191
2026-04-05,0.2504270076751709,ADA,0.00999400465492628
2026-04-06,0.24608999490737915,ADA,-0.017318470591707436
2026-04-07,0.2637920081615448,ADA,0.0719330879779494
2026-04-08,0.25071099400520325,ADA,-0.04958836413395362
2026-04-09,0.25381800532341003,ADA,0.012392800445529373
2026-04-10,0.25425899028778076,ADA,0.0017374061537078767
2026-04-11,0.24966299533843994,ADA,-0.018076037131032785
2026-04-12,0.23627200722694397,ADA,-0.05363625511799741
2026-04-13,0.24857300519943237,ADA,0.05206286651077141
2026-04-14,0.23966699838638306,ADA,-0.03582853578933054
2026-04-15,0.24590599536895752,ADA,0.02603194025285105
2026-04-16,0.25924399495124817,ADA,0.054240237462605645
2026-04-17,0.25886300206184387,ADA,-0.0014696305288611766
2026-04-18,0.24950799345970154,ADA,-0.036138839956385005
2026-04-19,0.24252399802207947,ADA,-0.027991068906375816
2026-04-20,0.24828800559043884,ADA,0.023766751395194463
2026-04-21,0.2496500015258789,ADA,0.0054855486562921385
2026-04-22,0.24855999648571014,ADA,-0.004366132719834104
2026-04-23,0.2500090003013611,ADA,0.005829593804867361
2026-04-24,0.25044798851013184,ADA,0.0017558896209399766
2026-04-25,0.2502700090408325,ADA,-0.0007106444350305496
2026-04-26,0.2523280084133148,ADA,0.00822311622702876
2026-04-27,0.2481510043144226,ADA,-0.0165538662360869
2026-04-28,0.24680499732494354,ADA,-0.005424144839541345
2026-04-29,0.2445169985294342,ADA,-0.009270471912272371
2026-04-30,0.24617999792099,ADA,0.006801160661865424
2026-05-01,0.24811899662017822,ADA,0.007876345420274822
2026-05-02,0.25008198618888855,ADA,0.007911484390352053
2026-05-03,0.24943499267101288,ADA,-0.0025871256372179685
2026-05-04,0.24989399313926697,ADA,0.0018401606901221612
2026-05-05,0.2621380090713501,ADA,0.04899683973299629
2026-05-06,0.2667129933834076,ADA,0.017452578999378243
2026-05-07,0.26262301206588745,ADA,-0.015334765905614
2026-05-08,0.2732599973678589,ADA,0.040502868420772
2026-05-09,0.2707889974117279,ADA,-0.009042669911192847
2026-05-10,0.2825010120868683,ADA,0.0432514422191701
2026-05-11,0.2805339992046356,ADA,-0.0069628525140569275
2026-05-12,0.2709139883518219,ADA,-0.034291782386763
2026-05-13,0.26465898752212524,ADA,-0.0230885118474341
2026-05-14,0.2701590061187744,ADA,0.020781529651205943
2026-05-15,0.2614879906177521,ADA,-0.032095970538217666
2026-05-16,0.2550410032272339,ADA,-0.024655003754809224
2026-05-17,0.25187599658966064,ADA,-0.012409795278107927
2026-05-18,0.25135400891304016,ADA,-0.002072399449284834
2026-05-19,0.24822400510311127,ADA,-0.012452571667602719
2026-05-20,0.24900099635124207,ADA,0.0031302018828036626
2026-05-21,0.2502569854259491,ADA,0.005044112646582777
2026-05-22,0.24242299795150757,ADA,-0.03130377144561103
2026-05-23,0.2458759993314743,ADA,0.014243703811704478
2026-05-24,0.24212899804115295,ADA,-0.015239394249578098
2026-05-25,0.2434609979391098,ADA,0.005501199396738432
2026-05-26,0.23980100452899933,ADA,-0.015033181663971718
2026-05-27,0.237062007188797,ADA,-0.011421959409978588
2026-05-28,0.23441599309444427,ADA,-0.011161696155915113
2026-05-29,0.23259900510311127,ADA,-0.0077511263943538244
2026-05-30,0.23544199764728546,ADA,0.012222720139812626
2026-05-31,0.23528699576854706,ADA,-0.0006583442218776048
2026-06-01,0.23055200278759003,ADA,-0.02012432929193786
2026-06-02,0.2125519961118698,ADA,-0.07807352119297706
2026-06-03,0.2004529982805252,ADA,-0.05692253214585996
2026-06-04,0.1796489953994751,ADA,-0.10378494240298575
2026-06-05,0.15662899613380432,ADA,-0.12813875866370716
2026-06-06,0.15725600719451904,ADA,0.004003160820740259
2026-06-07,0.16497400403022766,ADA,0.049079186057177315
2026-06-08,0.17033499479293823,ADA,0.032495972891148917
2026-06-09,0.1652670055627823,ADA,-0.02975307121309201
2026-06-10,0.16076700389385223,ADA,-0.027228675521809298
2026-06-11,0.17033599317073822,ADA,0.059520853440821586
2026-06-12,0.1698399931192398,ADA,-0.0029118922094242272
2026-06-13,0.171751007437706,ADA,0.011251851129813195
2026-06-14,0.1827850043773651,ADA,0.06424414682784985
2026-06-15,0.17855800688266754,ADA,-0.02312551573416166
2026-06-16,0.17214800417423248,ADA,-0.035898713366839585
2026-06-17,0.16659100353717804,ADA,-0.03228036632611875
2026-06-18,0.16342799365520477,ADA,-0.018986678841077853
2026-06-19,0.16209399700164795,ADA,-0.008162595793541061
2026-06-20,0.1630759984254837,ADA,0.006058222031663396
2026-06-21,0.15663400292396545,ADA,-0.039503026587090706
2026-06-22,0.15842199325561523,ADA,0.011415084198018732
2026-06-23,0.15136200189590454,ADA,-0.044564464911884705
2026-06-24,0.1475130021572113,ADA,-0.02542910169317325
2026-06-25,0.1434289962053299,ADA,-0.02768573544133346
2026-06-26,0.14820599555969238,ADA,0.0333056737531916
2026-06-27,0.14509999752044678,ADA,-0.02095730356599923
2026-06-28,0.143668994307518,ADA,-0.00986218633619973
2026-06-29,0.1455869972705841,ADA,0.013350152357582967
2026-06-30,0.14416199922561646,ADA,-0.009787948592134166
2026-07-01,0.15403999388217926,ADA,0.06852010037058065
2026-07-02,0.16129299998283386,ADA,0.047085214156800115
2026-07-03,0.17991900444030762,ADA,0.11547931069207018
2026-07-04,0.19203099608421326,ADA,0.06731913441597603
2026-07-05,0.18936599791049957,ADA,-0.013877958392430445
2026-07-06,0.18403199315071106,ADA,-0.02816770074165864
2026-07-07,0.1744929999113083,ADA,-0.05183334199717604
2026-07-08,0.16689999401569366,ADA,-0.04351467336497172
2026-07-09,0.16651000082492828,ADA,-0.002336687865481357
2026-07-10,0.16651800274848938,ADA,4.805671444030324e-05
2026-07-11,0.16596700251102448,ADA,-0.0033089529562586595
2026-07-12,0.16195900738239288,ADA,-0.024149349376635043
2026-07-13,0.15723100304603577,ADA,-0.029192598872837427
2026-07-14,0.16522599756717682,ADA,0.05084871536945035
2026-07-15,0.16509899497032166,ADA,-0.0007686598884266704
2026-07-16,0.16067099571228027,ADA,-0.026820267796526354
2026-07-17,0.16664299368858337,ADA,0.03716911039125814
2026-07-18,0.16662199795246124,ADA,-0.00012599231241228193
2026-07-19,0.16598300635814667,ADA,-0.003834977386940719
2026-07-20,0.16978399455547333,ADA,0.022899863550640553
2026-07-21,0.17334799468517303,ADA,0.0209913787164151
2026-07-22,0.17420800030231476,ADA,0.004961151230526983
2026-07-23,0.16832099854946136,ADA,-0.03379294718174419
2026-07-24,0.16382400691509247,ADA,-0.026716759484096353
2026-07-25,0.16463600099086761,ADA,0.004956502353137937
2026-07-26,0.16571199893951416,ADA,0.006535617618082412
2026-07-27,0.15542800724506378,ADA,-0.06205942695920341
2026-07-28,0.16158899664878845,ADA,0.039638862473547753
2026-07-29,0.16201399266719818,ADA,0.0026301049404586774
2026-07-30,0.1696850061416626,ADA,0.04734784538161385
2026-07-31,0.16796399652957916,ADA,-0.010142378818353781
2026-08-01,0.17421600222587585,ADA,0.03722229659613796
2026-08-02,0.18935400247573853,ADA,0.08689213422677344
2026-08-03,0.19089999794960022,ADA,0.008164577741417212
2024-08-03,22.68356704711914,AVAX,
2024-08-04,21.22766876220703,AVAX,-0.06418295155642251
2024-08-05,19.549341201782227,AVAX,-0.07906320657371657
2024-08-06,20.877193450927734,AVAX,0.0679231200396897
2024-08-07,19.829347610473633,AVAX,-0.050190934088774175
2024-08-08,22.737106323242188,AVAX,0.146639151720388
2024-08-09,21.774154663085938,AVAX,-0.04235154845416311
2024-08-10,21.588260650634766,AVAX,-0.008537369892311908
2024-08-11,20.428546905517578,AVAX,-0.053719647167734585
2024-08-12,21.289514541625977,AVAX,0.04214531949288358
2024-08-13,21.40406036376953,AVAX,0.005380386758917943
2024-08-14,20.972698211669922,AVAX,-0.02015328609471556
2024-08-15,20.141338348388672,AVAX,-0.039640100424400915
2024-08-16,20.394376754760742,AVAX,0.012563137662215729
2024-08-17,20.670944213867188,AVAX,0.013560966458162849
2024-08-18,20.819700241088867,AVAX,0.007196382791352374
2024-08-19,21.2274112701416,AVAX,0.01958294424662732
2024-08-20,22.425113677978516,AVAX,0.05642244325484924
2024-08-21,23.527414321899414,AVAX,0.049154740517697304
2024-08-22,25.26703453063965,AVAX,0.07394013574713099
2024-08-23,26.519519805908203,AVAX,0.049569935630940254
2024-08-24,27.165842056274414,AVAX,0.024371566872120276
2024-08-25,26.964920043945312,AVAX,-0.007396126794556479
2024-08-26,25.95624542236328,AVAX,-0.03740692054484762
2024-08-27,24.101638793945312,AVAX,-0.0714512672476153
2024-08-28,23.46433448791504,AVAX,-0.026442364001835972
2024-08-29,22.90632438659668,AVAX,-0.023781202983010452
2024-08-30,23.286901473999023,AVAX,0.016614498292228497
2024-08-31,22.797574996948242,AVAX,-0.021012949172183326
2024-09-01,21.44817352294922,AVAX,-0.05919057067164635
2024-09-02,22.36886215209961,AVAX,0.04292620199875152
2024-09-03,21.383655548095703,AVAX,-0.04404366200233534
2024-09-04,21.89966583251953,AVAX,0.02413106043834401
2024-09-05,21.366561889648438,AVAX,-0.024343017238165787
2024-09-06,21.147371292114258,AVAX,-0.010258580611435253
2024-09-07,21.797344207763672,AVAX,0.030735400001785873
2024-09-08,23.215967178344727,AVAX,0.06508237687395768
2024-09-09,23.859668731689453,AVAX,0.027726673991215645
2024-09-10,24.359909057617188,AVAX,0.020965937605970764
2024-09-11,23.29693603515625,AVAX,-0.043636165469532084
2024-09-12,24.028888702392578,AVAX,0.03141840910460392
2024-09-13,24.952272415161133,AVAX,0.0384280656590088
2024-09-14,25.330501556396484,AVAX,0.01515810403727147
2024-09-15,23.837696075439453,AVAX,-0.05893311972656401
2024-09-16,23.51923179626465,AVAX,-0.013359692067847373
2024-09-17,23.75840187072754,AVAX,0.010169127824186663
2024-09-18,24.63865089416504,AVAX,0.03705000985449458
2024-09-19,26.65570831298828,AVAX,0.08186557890233037
2024-09-20,27.599931716918945,AVAX,0.0354229342864838
2024-09-21,27.84765625,AVAX,0.008975548766636976
2024-09-22,27.337196350097656,AVAX,-0.01833044387361482
2024-09-23,27.407100677490234,AVAX,0.00255711399579317
2024-09-24,28.481760025024414,AVAX,0.03921098259097544
2024-09-25,27.290143966674805,AVAX,-0.0418378659641343
2024-09-26,29.154499053955078,AVAX,0.06831605907088356
2024-09-27,30.449289321899414,AVAX,0.044411336498977994
2024-09-28,29.330692291259766,AVAX,-0.036736392065319645
2024-09-29,29.069881439208984,AVAX,-0.00889207965024752
2024-09-30,27.738948822021484,AVAX,-0.045783902489274
2024-10-01,25.86651611328125,AVAX,-0.0675019345813761
2024-10-02,25.381216049194336,AVAX,-0.018761709615688682
2024-10-03,24.65347671508789,AVAX,-0.028672358830086342
2024-10-04,26.24127960205078,AVAX,0.06440482635827016
2024-10-05,25.690710067749023,AVAX,-0.020981047519448293
2024-10-06,26.928571701049805,AVAX,0.048183239390285904
2024-10-07,26.556774139404297,AVAX,-0.013806805863045946
2024-10-08,26.33306884765625,AVAX,-0.00842366209742762
2024-10-09,25.766281127929688,AVAX,-0.021523800473297605
2024-10-10,25.854782104492188,AVAX,0.003434759409908228
2024-10-11,27.41640853881836,AVAX,0.060399906988767293
2024-10-12,28.627531051635742,AVAX,0.04417509722699742
2024-10-13,29.171485900878906,AVAX,0.019001109395778037
2024-10-14,29.062816619873047,AVAX,-0.003725188404015589
2024-10-15,28.191293716430664,AVAX,-0.02998755815176013
2024-10-16,28.043020248413086,AVAX,-0.005259548196298591
2024-10-17,27.261091232299805,AVAX,-0.027883195504147973
2024-10-18,28.100568771362305,AVAX,0.03079398149945889
2024-10-19,28.108549118041992,AVAX,0.0002839923541981815
2024-10-20,28.93516731262207,AVAX,0.029408070516506957
2024-10-21,27.74962615966797,AVAX,-0.040972327553708165
2024-10-22,27.603822708129883,AVAX,-0.005254249217598539
2024-10-23,26.662872314453125,AVAX,-0.03408768429017728
2024-10-24,26.833412170410156,AVAX,0.006396154695778478
2024-10-25,24.892988204956055,AVAX,-0.07231372414104875
2024-10-26,25.386613845825195,AVAX,0.01982990699247833
2024-10-27,25.732751846313477,AVAX,0.013634665993283113
2024-10-28,26.255901336669922,AVAX,0.02033010279976688
2024-10-29,26.848377227783203,AVAX,0.02256543713796666
2024-10-30,26.1982421875,AVAX,-0.024215059061760802
2024-10-31,25.01712417602539,AVAX,-0.04508386490289629
2024-11-01,24.79058074951172,AVAX,-0.009055534318000213
2024-11-02,24.088130950927734,AVAX,-0.028335350659254743
2024-11-03,23.538249969482422,AVAX,-0.022827880775205367
2024-11-04,22.70597267150879,AVAX,-0.0353585036717976
2024-11-05,23.99547576904297,AVAX,0.05679136129465334
2024-11-06,27.033344268798828,AVAX,0.12660171979899104
2024-11-07,27.383121490478516,AVAX,0.012938732929295371
2024-11-08,28.776140213012695,AVAX,0.05087143637070568
2024-11-09,30.41794776916504,AVAX,0.057054474436078584
2024-11-10,31.9826717376709,AVAX,0.05144081317977789
2024-11-11,35.75919723510742,AVAX,0.11808036327960458
2024-11-12,34.04673385620117,AVAX,-0.047888753420476604
2024-11-13,33.13338851928711,AVAX,-0.026826224822963707
2024-11-14,31.160669326782227,AVAX,-0.05953870946089779
2024-11-15,33.146217346191406,AVAX,0.06371968453522991
2024-11-16,35.11469268798828,AVAX,0.05938763151274218
2024-11-17,34.73808670043945,AVAX,-0.010725025871510918
2024-11-18,35.448455810546875,AVAX,0.020449287153700313
2024-11-19,34.27410888671875,AVAX,-0.03312829563308439
2024-11-20,33.58571243286133,AVAX,-0.020085028501621416
2024-11-21,35.82438659667969,AVAX,0.06665555087728214
2024-11-22,43.08974075317383,AVAX,0.20280470502647807
2024-11-23,41.489986419677734,AVAX,-0.03712610717849962
2024-11-24,42.04306411743164,AVAX,0.013330389944200993
2024-11-25,41.39607620239258,AVAX,-0.015388695582033263
2024-11-26,42.77906036376953,AVAX,0.03340858091514054
2024-11-27,43.91240692138672,AVAX,0.026493021304812014
2024-11-28,42.84018325805664,AVAX,-0.024417328461398213
2024-11-29,44.924110412597656,AVAX,0.04864421662223184
2024-11-30,44.89286804199219,AVAX,-0.0006954477299278006
2024-12-01,45.09182357788086,AVAX,0.004431784926339999
2024-12-02,52.31305694580078,AVAX,0.16014507276352852
2024-12-03,50.999488830566406,AVAX,-0.025109756376793357
2024-12-04,52.81734085083008,AVAX,0.035644514522548354
2024-12-05,50.81978225708008,AVAX,-0.03782012804074375
2024-12-06,52.589290618896484,AVAX,0.03481928263417311
2024-12-07,51.6760368347168,AVAX,-0.017365774921701216
2024-12-08,53.933502197265625,AVAX,0.04368495536469297
2024-12-09,45.23026657104492,AVAX,-0.1613697474046465
2024-12-10,44.63996505737305,AVAX,-0.013051028844693335
2024-12-11,48.37092590332031,AVAX,0.08357893741968847
2024-12-12,53.11970138549805,AVAX,0.09817416957593861
2024-12-13,52.70176315307617,AVAX,-0.00786785733957407
2024-12-14,49.83277130126953,AVAX,-0.05443825178056072
2024-12-15,50.754615783691406,AVAX,0.018498760120097657
2024-12-16,48.99325942993164,AVAX,-0.03470337281768432
2024-12-17,47.83877182006836,AVAX,-0.023564213185578886
2024-12-18,42.80390930175781,AVAX,-0.10524648369418266
2024-12-19,38.91089630126953,AVAX,-0.09094994041416704
2024-12-20,39.81724548339844,AVAX,0.023292940237394033
2024-12-21,37.401676177978516,AVAX,-0.06066640914241739
2024-12-22,36.51603317260742,AVAX,-0.023679233015031165
2024-12-23,39.02850341796875,AVAX,0.06880457779970639
2024-12-24,41.21257781982422,AVAX,0.05596100825249484
2024-12-25,40.24849319458008,AVAX,-0.02339297069596058
2024-12-26,37.28079605102539,AVAX,-0.07373436638254871
2024-12-27,36.48052215576172,AVAX,-0.02146611607135096
2024-12-28,37.66184616088867,AVAX,0.03238232172453648
2024-12-29,35.826663970947266,AVAX,-0.04872788715937193
2024-12-30,35.90605545043945,AVAX,0.0022159886155341812
2024-12-31,35.6909294128418,AVAX,-0.005991358139982528
2025-01-01,37.69343948364258,AVAX,0.05610697462196845
2025-01-02,39.22916030883789,AVAX,0.04074239035314764
2025-01-03,41.88275146484375,AVAX,0.06764333304906445
2025-01-04,42.681068420410156,AVAX,0.01906075717677025
2025-01-05,43.0792350769043,AVAX,0.009328882130414051
2025-01-06,44.097415924072266,AVAX,0.023635072566871917
2025-01-07,39.26634216308594,AVAX,-0.10955457728644602
2025-01-08,37.422332763671875,AVAX,-0.04696157823296321
2025-01-09,36.18815612792969,AVAX,-0.03297968204003243
2025-01-10,36.68634796142578,AVAX,0.013766709520510512
2025-01-11,37.095218658447266,AVAX,0.011145036770937145
2025-01-12,36.55796432495117,AVAX,-0.014483115423657211
2025-01-13,35.28932571411133,AVAX,-0.03470211304883808
2025-01-14,36.50234603881836,AVAX,0.03437357614974146
2025-01-15,39.852821350097656,AVAX,0.09178794447119198
2025-01-16,40.04843521118164,AVAX,0.00490840684441296
2025-01-17,41.39154052734375,AVAX,0.03353702358356081
2025-01-18,39.24570846557617,AVAX,-0.05184228551121495
2025-01-19,35.575374603271484,AVAX,-0.09352191630134721
2025-01-20,35.95790481567383,AVAX,0.010752668571117896
2025-01-21,36.922481536865234,AVAX,0.02682516476240715
2025-01-22,36.75145721435547,AVAX,-0.004631983425572472
2025-01-23,35.59188461303711,AVAX,-0.03155174486157297
2025-01-24,35.338050842285156,AVAX,-0.007131787864331773
2025-01-25,36.62107849121094,AVAX,0.03630725572986404
2025-01-26,35.85732650756836,AVAX,-0.020855529523137295
2025-01-27,34.199623107910156,AVAX,-0.04623053532193244
2025-01-28,32.12329864501953,AVAX,-0.060711910664605684
2025-01-29,32.775238037109375,AVAX,0.020294908044598436
2025-01-30,34.310176849365234,AVAX,0.046832270463389
2025-01-31,34.39764404296875,AVAX,0.0025493075709732693
2025-02-01,32.1812629699707,AVAX,-0.064434095260402
2025-02-02,27.576316833496094,AVAX,-0.1430940153210153
2025-02-03,28.41798210144043,AVAX,0.030521308303289807
2025-02-04,26.524229049682617,AVAX,-0.06663925133733628
2025-02-05,25.872116088867188,AVAX,-0.02458555758940084
2025-02-06,24.507278442382812,AVAX,-0.052753228293980436
2025-02-07,24.450775146484375,AVAX,-0.0023055720377632705
2025-02-08,24.599567413330078,AVAX,0.006085380359284631
2025-02-09,24.912887573242188,AVAX,0.012736815841010607
2025-02-10,25.63951873779297,AVAX,0.029166878484661263
2025-02-11,25.39145851135254,AVAX,-0.009674917418585727
2025-02-12,26.493667602539062,AVAX,0.04340865613110512
2025-02-13,25.416154861450195,AVAX,-0.04067057673002594
2025-02-14,26.39476776123047,AVAX,0.0385035779454026
2025-02-15,25.489839553833008,AVAX,-0.034284378464077614
2025-02-16,24.837257385253906,AVAX,-0.025601658543235928
2025-02-17,25.0288143157959,AVAX,0.007712483209024512
2025-02-18,23.48827362060547,AVAX,-0.06155068617126547
2025-02-19,23.72795867919922,AVAX,0.010204456166735154
2025-02-20,25.14973258972168,AVAX,0.05991977353571665
2025-02-21,24.5191650390625,AVAX,-0.025072535002494734
2025-02-22,25.816495895385742,AVAX,0.05291089049143438
2025-02-23,24.88555335998535,AVAX,-0.03605998812436739
2025-02-24,21.88091278076172,AVAX,-0.12073834709478215
2025-02-25,21.931367874145508,AVAX,0.0023058952745405037
2025-02-26,21.797014236450195,AVAX,-0.006126094754614009
2025-02-27,22.493072509765625,AVAX,0.031933652277541746
2025-02-28,22.368793487548828,AVAX,-0.005525213247894012
2025-03-01,21.871139526367188,AVAX,-0.022247689016336558
2025-03-02,24.94097328186035,AVAX,0.14036002796252411
2025-03-03,20.9365177154541,AVAX,-0.16055730949837077
2025-03-04,20.008602142333984,AVAX,-0.04432043502798866
2025-03-05,21.728666305541992,AVAX,0.0859662334715885
2025-03-06,21.02910804748535,AVAX,-0.03219517701729424
2025-03-07,20.0969295501709,AVAX,-0.0443280093102153
2025-03-08,20.471092224121094,AVAX,0.018617902452019663
2025-03-09,17.957881927490234,AVAX,-0.12276874477999489
2025-03-10,16.28597068786621,AVAX,-0.09310180601336027
2025-03-11,17.47471809387207,AVAX,0.07299211258506877
2025-03-12,18.89916229248047,AVAX,0.08151457385214789
2025-03-13,18.499713897705078,AVAX,-0.02113577250639953
2025-03-14,18.569934844970703,AVAX,0.003795785581004907
2025-03-15,19.41447639465332,AVAX,0.045478972152201314
2025-03-16,18.291139602661133,AVAX,-0.057860782292410984
2025-03-17,18.832107543945312,AVAX,0.029575409353142623
2025-03-18,19.001611709594727,AVAX,0.009000807012909728
2025-03-19,19.74834632873535,AVAX,0.03929848849419271
2025-03-20,18.730924606323242,AVAX,-0.05151933764356176
2025-03-21,19.154340744018555,AVAX,0.022605191499856625
2025-03-22,19.420124053955078,AVAX,0.013875878762338534
2025-03-23,19.811660766601562,AVAX,0.02016139091381053
2025-03-24,21.46042823791504,AVAX,0.08322207263375736
2025-03-25,22.924375534057617,AVAX,0.06821612690636636
2025-03-26,22.047786712646484,AVAX,-0.038238285710719966
2025-03-27,22.000259399414062,AVAX,-0.002155650081881455
2025-03-28,20.373674392700195,AVAX,-0.07393481036669902
2025-03-29,19.654756546020508,AVAX,-0.03528660725712163
2025-03-30,18.862831115722656,AVAX,-0.04029179544623729
2025-03-31,18.768949508666992,AVAX,-0.004977068737969659
2025-04-01,19.79265785217285,AVAX,0.05454265530594227
2025-04-02,18.013551712036133,AVAX,-0.08988717702415128
2025-04-03,18.1337947845459,AVAX,0.006675145159153795
2025-04-04,18.181718826293945,AVAX,0.0026428026961509143
2025-04-05,17.891618728637695,AVAX,-0.0159555925612882
2025-04-06,15.994715690612793,AVAX,-0.10602187911531336
2025-04-07,16.694761276245117,AVAX,0.04376730410051466
2025-04-08,16.121753692626953,AVAX,-0.03432259821729189
2025-04-09,18.44510269165039,AVAX,0.14411267181720966
2025-04-10,18.330242156982422,AVAX,-0.0062271561502318384
2025-04-11,19.161819458007812,AVAX,0.045366411087407466
2025-04-12,20.469505310058594,AVAX,0.06824434678118707
2025-04-13,19.586620330810547,AVAX,-0.043131720375001126
2025-04-14,20.091869354248047,AVAX,0.025795620423740173
2025-04-15,19.03645896911621,AVAX,-0.05252922794407322
2025-04-16,18.75917625427246,AVAX,-0.014565876736508554
2025-04-17,19.038515090942383,AVAX,0.01489078373610897
2025-04-18,19.073871612548828,AVAX,0.0018571050020212976
2025-04-19,19.89363670349121,AVAX,0.042978431835676956
2025-04-20,19.500951766967773,AVAX,-0.01973922326904276
2025-04-21,19.92521095275879,AVAX,0.021755819452343728
2025-04-22,22.08037757873535,AVAX,0.10816280094029129
2025-04-23,22.338470458984375,AVAX,0.011688789257733534
2025-04-24,22.357967376708984,AVAX,0.0008727955551122157
2025-04-25,22.188095092773438,AVAX,-0.007597841121841364
2025-04-26,22.42249870300293,AVAX,0.010564386408540072
2025-04-27,21.759990692138672,AVAX,-0.029546573717742275
2025-04-28,21.84221649169922,AVAX,0.003778760787349622
2025-04-29,21.550371170043945,AVAX,-0.01336152499752874
2025-04-30,20.909435272216797,AVAX,-0.029741292749429826
2025-05-01,21.64530372619629,AVAX,0.03519312905390937
2025-05-02,21.248334884643555,AVAX,-0.018339721473730197
2025-05-03,20.548114776611328,AVAX,-0.032954116726496285
2025-05-04,19.901275634765625,AVAX,-0.031479245121891264
2025-05-05,19.68511199951172,AVAX,-0.010861797968180986
2025-05-06,20.028181076049805,AVAX,0.017427844786790825
2025-05-07,19.529470443725586,AVAX,-0.024900445548726835
2025-05-08,22.110124588012695,AVAX,0.13214153203607326
2025-05-09,23.25318145751953,AVAX,0.05169834593001621
2025-05-10,25.888412475585938,AVAX,0.11332776217657026
2025-05-11,24.7523250579834,AVAX,-0.04388401253548957
2025-05-12,24.832002639770508,AVAX,0.003218993835951256
2025-05-13,25.768766403198242,AVAX,0.0377240521844755
2025-05-14,24.986888885498047,AVAX,-0.030342062381502055
2025-05-15,23.43390464782715,AVAX,-0.06215196476789964
2025-05-16,23.091123580932617,AVAX,-0.014627569414741748
2025-05-17,22.1935977935791,AVAX,-0.03886886596088568
2025-05-18,23.08956527709961,AVAX,0.04037053801974033
2025-05-19,22.272796630859375,AVAX,-0.035373929151031325
2025-05-20,22.583253860473633,AVAX,0.013938852617372488
2025-05-21,23.188013076782227,AVAX,0.026779100126358424
2025-05-22,25.24054718017578,AVAX,0.08851703233895125
2025-05-23,23.029863357543945,AVAX,-0.08758462353653462
2025-05-24,22.977720260620117,AVAX,-0.002264151380939383
2025-05-25,23.441709518432617,AVAX,0.020193006640771838
2025-05-26,23.072145462036133,AVAX,-0.01576523487358672
2025-05-27,23.373483657836914,AVAX,0.01306069243957464
2025-05-28,23.554271697998047,AVAX,0.0077347494625823465
2025-05-29,22.247188568115234,AVAX,-0.05549240267929434
2025-05-30,20.55556297302246,AVAX,-0.07603772449329704
2025-05-31,20.80081558227539,AVAX,0.011931203712338245
2025-06-01,20.873411178588867,AVAX,0.0034900360529774854
2025-06-02,21.182096481323242,AVAX,0.01478844545787572
2025-06-03,21.149673461914062,AVAX,-0.0015306803761264698
2025-06-04,20.1472110748291,AVAX,-0.047398480590737035
2025-06-05,18.796627044677734,AVAX,-0.06703578103863306
2025-06-06,19.6684627532959,AVAX,0.04638256143221309
2025-06-07,20.675182342529297,AVAX,0.05118445716174236
2025-06-08,21.055870056152344,AVAX,0.018412786272746118
2025-06-09,21.9520263671875,AVAX,0.042560877733632596
2025-06-10,22.543359756469727,AVAX,0.026937530931819387
2025-06-11,21.593502044677734,AVAX,-0.04213470050840107
2025-06-12,20.35604476928711,AVAX,-0.05730692839124851
2025-06-13,19.417818069458008,AVAX,-0.04609081530635484
2025-06-14,18.96038246154785,AVAX,-0.023557518474727646
2025-06-15,19.114946365356445,AVAX,0.008151940190133544
2025-06-16,19.078920364379883,AVAX,-0.0018847032206094072
2025-06-17,18.622413635253906,AVAX,-0.023927283117039955
2025-06-18,18.160785675048828,AVAX,-0.024788836143730286
2025-06-19,18.06515884399414,AVAX,-0.005265566851882952
2025-06-20,17.368581771850586,AVAX,-0.038559144603100726
2025-06-21,16.790212631225586,AVAX,-0.033299733289816946
2025-06-22,16.499881744384766,AVAX,-0.017291674216256103
2025-06-23,18.099651336669922,AVAX,0.09695642775316182
2025-06-24,18.226329803466797,AVAX,0.006998945142121293
2025-06-25,17.569374084472656,AVAX,-0.036044323024879255
2025-06-26,17.227298736572266,AVAX,-0.019469979195371967
2025-06-27,17.57777214050293,AVAX,0.020344071887871573
2025-06-28,17.98171615600586,AVAX,0.02298038751862963
2025-06-29,18.741649627685547,AVAX,0.042261454084062455
2025-06-30,17.974863052368164,AVAX,-0.04091350497688684
2025-07-01,17.105613708496094,AVAX,-0.04835916364645387
2025-07-02,18.5111026763916,AVAX,0.08216536347932513
2025-07-03,18.539133071899414,AVAX,0.0015142477462222192
2025-07-04,17.795116424560547,AVAX,-0.04013222433073782
2025-07-05,17.9272518157959,AVAX,0.007425373798228163
2025-07-06,18.2985897064209,AVAX,0.020713598182283022
2025-07-07,18.004047393798828,AVAX,-0.016096448816419806
2025-07-08,18.362350463867188,AVAX,0.019901251214866855
2025-07-09,19.5084285736084,AVAX,0.06241456462757444
2025-07-10,20.68787384033203,AVAX,0.06045824051247384
2025-07-11,20.691051483154297,AVAX,0.0001535992942913733
2025-07-12,20.672183990478516,AVAX,-0.0009118672722429055
2025-07-13,21.19805335998535,AVAX,0.025438500825507804
2025-07-14,21.281078338623047,AVAX,0.003916632212768167
2025-07-15,22.51393699645996,AVAX,0.05793215166166643
2025-07-16,22.66943359375,AVAX,0.0069066817284995086
2025-07-17,23.859947204589844,AVAX,0.05251624862687665
2025-07-18,23.524816513061523,AVAX,-0.014045743213708883
2025-07-19,24.51840591430664,AVAX,0.04223579812805145
2025-07-20,25.073537826538086,AVAX,0.022641435751233896
2025-07-21,25.453935623168945,AVAX,0.015171285331272433
2025-07-22,25.86503791809082,AVAX,0.01615083423671737
2025-07-23,23.95308494567871,AVAX,-0.07392036224601195
2025-07-24,23.654624938964844,AVAX,-0.01246019071826121
2025-07-25,24.0047664642334,AVAX,0.014802243796805614
2025-07-26,24.94505500793457,AVAX,0.039170909873344595
2025-07-27,25.98979949951172,AVAX,0.041881827530339644
2025-07-28,25.087413787841797,AVAX,-0.03472076464794871
2025-07-29,24.355276107788086,AVAX,-0.029183465710942658
2025-07-30,23.30423355102539,AVAX,-0.043154614717203055
2025-07-31,22.499839782714844,AVAX,-0.03451706603219973
2025-08-01,21.558088302612305,AVAX,-0.04185591938419153
2025-08-02,20.869081497192383,AVAX,-0.0319604779305237
2025-08-03,21.37859535217285,AVAX,0.024414771443056482
2025-08-04,23.090251922607422,AVAX,0.08006403331173972
2025-08-05,21.903446197509766,AVAX,-0.051398561136341114
2025-08-06,22.230154037475586,AVAX,0.01491581904599859
2025-08-07,23.346223831176758,AVAX,0.050205220882397095
2025-08-08,23.797428131103516,AVAX,0.019326650133638212
2025-08-09,24.247360229492188,AVAX,0.018906753112560404
2025-08-10,23.863525390625,AVAX,-0.015829963972751493
2025-08-11,22.852481842041016,AVAX,-0.04236773620134027
2025-08-12,24.666894912719727,AVAX,0.07939676238319082
2025-08-13,25.53123664855957,AVAX,0.03504055694477115
2025-08-14,23.670026779174805,AVAX,-0.07289932309212177
2025-08-15,23.756633758544922,AVAX,0.003658930350104894
2025-08-16,24.313249588012695,AVAX,0.023429911624897937
2025-08-17,25.075254440307617,AVAX,0.03134113560330576
2025-08-18,23.700531005859375,AVAX,-0.05482390767841705
2025-08-19,22.331470489501953,AVAX,-0.05776497227083033
2025-08-20,23.42913055419922,AVAX,0.04915305802245662
2025-08-21,22.77045440673828,AVAX,-0.028113554872947755
2025-08-22,25.23882293701172,AVAX,0.10840225171540685
2025-08-23,26.21869468688965,AVAX,0.03882398764488282
2025-08-24,25.72537612915039,AVAX,-0.018815526998219978
2025-08-25,23.379615783691406,AVAX,-0.09118468603461605
2025-08-26,24.180391311645508,AVAX,0.03425101316304291
2025-08-27,24.42285919189453,AVAX,0.010027458907674758
2025-08-28,24.89027976989746,AVAX,0.019138650979818816
2025-08-29,23.575597763061523,AVAX,-0.052819093195807576
2025-08-30,23.78620147705078,AVAX,0.008933122973417529
2025-08-31,23.406009674072266,AVAX,-0.01598371237817564
2025-09-01,23.183116912841797,AVAX,-0.009522885973911932
2025-09-02,24.452800750732422,AVAX,0.05476760707648043
2025-09-03,25.17866325378418,AVAX,0.02968422760448064
2025-09-04,24.23689079284668,AVAX,-0.03740359253567438
2025-09-05,24.47858238220215,AVAX,0.00997205423010783
2025-09-06,24.382219314575195,AVAX,-0.003936627788421965
2025-09-07,24.692548751831055,AVAX,0.012727694442086879
2025-09-08,25.272720336914062,AVAX,0.023495816123071833
2025-09-09,25.93682289123535,AVAX,0.026277446411310246
2025-09-10,29.427661895751953,AVAX,0.13459007755711805
2025-09-11,29.175559997558594,AVAX,-0.008566834126558676
2025-09-12,28.978519439697266,AVAX,-0.006753616995794354
2025-09-13,30.040700912475586,AVAX,0.0366540973561007
2025-09-14,29.49125862121582,AVAX,-0.018289929148476936
2025-09-15,29.844894409179688,AVAX,0.011991207038870355
2025-09-16,30.081283569335938,AVAX,0.007920589596173588
2025-09-17,31.76580047607422,AVAX,0.05599883737858291
2025-09-18,35.23206329345703,AVAX,0.10911932850530803
2025-09-19,33.7672233581543,AVAX,-0.04157689894859973
2025-09-20,33.18632888793945,AVAX,-0.017202908988208754
2025-09-21,33.04840087890625,AVAX,-0.004156169532910536
2025-09-22,33.729732513427734,AVAX,0.02061617556074724
2025-09-23,33.65406036376953,AVAX,-0.0022434850210590884
2025-09-24,32.34635925292969,AVAX,-0.03885715710689275
2025-09-25,28.660615921020508,AVAX,-0.11394615706481259
2025-09-26,29.106338500976562,AVAX,0.015551744637460896
2025-09-27,28.790525436401367,AVAX,-0.010850319237667105
2025-09-28,30.007946014404297,AVAX,0.04228545882888546
2025-09-29,30.452417373657227,AVAX,0.014811788818854144
2025-09-30,30.00381088256836,AVAX,-0.01473139178359395
2025-10-01,30.704654693603516,AVAX,0.023358493152026094
2025-10-02,31.023582458496094,AVAX,0.010386951687784807
2025-10-03,31.361156463623047,AVAX,0.010881206436379909
2025-10-04,30.14284324645996,AVAX,-0.03884784091352789
2025-10-05,30.085981369018555,AVAX,-0.0018864138653570395
2025-10-06,30.712078094482422,AVAX,0.020810247729150078
2025-10-07,27.952503204345703,AVAX,-0.08985308260962288
2025-10-08,28.81521987915039,AVAX,0.030863664284297876
2025-10-09,28.384201049804688,AVAX,-0.01495802673564095
2025-10-10,20.73358154296875,AVAX,-0.2695379550550563
2025-10-11,21.472492218017578,AVAX,0.035638351893882536
2025-10-12,22.583330154418945,AVAX,0.051733069693198575
2025-10-13,23.838850021362305,AVAX,0.055594983483766125
2025-10-14,22.770381927490234,AVAX,-0.044820454548545885
2025-10-15,21.916133880615234,AVAX,-0.03751575399987839
2025-10-16,20.959125518798828,AVAX,-0.04366684229205575
2025-10-17,19.956615447998047,AVAX,-0.047831674556345516
2025-10-18,20.20686149597168,AVAX,0.01253950343562571
2025-10-19,20.594934463500977,AVAX,0.019205009526425565
2025-10-20,20.35658073425293,AVAX,-0.011573415281824095
2025-10-21,19.557653427124023,AVAX,-0.03924663564861819
2025-10-22,19.01815414428711,AVAX,-0.027585072250472353
2025-10-23,19.136430740356445,AVAX,0.006219141730159139
2025-10-24,19.494314193725586,AVAX,0.018701682577326517
2025-10-25,19.72544288635254,AVAX,0.01185621049964114
2025-10-26,20.835847854614258,AVAX,0.05629303101883587
2025-10-27,20.326379776000977,AVAX,-0.02445151654821931
2025-10-28,19.493608474731445,AVAX,-0.0409699764762228
2025-10-29,19.655668258666992,AVAX,0.008313483065262917
2025-10-30,18.13192367553711,AVAX,-0.07752189155197009
2025-10-31,18.192686080932617,AVAX,0.0033511284562424137
2025-11-01,18.695375442504883,AVAX,0.027631398647565586
2025-11-02,18.859472274780273,AVAX,0.008777402346374252
2025-11-03,16.651477813720703,AVAX,-0.11707615297444984
2025-11-04,16.02454948425293,AVAX,-0.03765001139725799
2025-11-05,16.648000717163086,AVAX,0.038906006906641144
2025-11-06,16.100040435791016,AVAX,-0.03291447968326644
2025-11-07,17.701526641845703,AVAX,0.09947094309741744
2025-11-08,17.475784301757812,AVAX,-0.01275270459183131
2025-11-09,17.776567459106445,AVAX,0.01721142537324516
2025-11-10,18.167652130126953,AVAX,0.022000010514975132
2025-11-11,17.014080047607422,AVAX,-0.06349593630794992
2025-11-12,16.82052993774414,AVAX,-0.011375878644140913
2025-11-13,16.161346435546875,AVAX,-0.03918922320741525
2025-11-14,15.110730171203613,AVAX,-0.06500796629372607
2025-11-15,15.524422645568848,AVAX,0.02737739802631145
2025-11-16,15.158035278320312,AVAX,-0.023600708098031165
2025-11-17,14.500166893005371,AVAX,-0.0434006369054869
2025-11-18,14.572903633117676,AVAX,0.005016269167728904
2025-11-19,14.265960693359375,AVAX,-0.021062579392946534
2025-11-20,13.808121681213379,AVAX,-0.03209310764182283
2025-11-21,13.302087783813477,AVAX,-0.03664755490157545
2025-11-22,13.22754955291748,AVAX,-0.005603498646783667
2025-11-23,13.277552604675293,AVAX,0.003780220331647488
2025-11-24,13.890860557556152,AVAX,0.046191340463219266
2025-11-25,14.169899940490723,AVAX,0.020087983878204207
2025-11-26,14.936302185058594,AVAX,0.05408663771702882
2025-11-27,15.023675918579102,AVAX,0.0058497566826085645
2025-11-28,14.852889060974121,AVAX,-0.011367847558118371
2025-11-29,14.244832038879395,AVAX,-0.04093863622077354
2025-11-30,13.774581909179688,AVAX,-0.03301198135690342
2025-12-01,12.777645111083984,AVAX,-0.07237510399000369
2025-12-02,13.643978118896484,AVAX,0.06780067847251425
2025-12-03,14.813850402832031,AVAX,0.08574275579607615
2025-12-04,14.399070739746094,AVAX,-0.027999449961141898
2025-12-05,13.234511375427246,AVAX,-0.08087739725483023
2025-12-06,13.412447929382324,AVAX,0.013444890325566172
2025-12-07,13.455828666687012,AVAX,0.0032343638933840513
2025-12-08,13.641190528869629,AVAX,0.013775581331644249
2025-12-09,14.605245590209961,AVAX,0.07067235512179426
2025-12-10,14.141596794128418,AVAX,-0.03174536115930371
2025-12-11,13.430405616760254,AVAX,-0.050290726551010856
2025-12-12,13.111257553100586,AVAX,-0.02376309940046728
2025-12-13,13.386377334594727,AVAX,0.02098347777700993
2025-12-14,12.890225410461426,AVAX,-0.03706394282275938
2025-12-15,12.341089248657227,AVAX,-0.042600974328853236
2025-12-16,12.34477710723877,AVAX,0.0002988276405135881
2025-12-17,11.83875560760498,AVAX,-0.040990736020423246
2025-12-18,11.4349365234375,AVAX,-0.03410992654566458
2025-12-19,12.24866008758545,AVAX,0.07116117894315455
2025-12-20,12.209091186523438,AVAX,-0.003230467722923902
2025-12-21,12.138314247131348,AVAX,-0.005797068619670442
2025-12-22,12.404099464416504,AVAX,0.02189638625874002
2025-12-23,12.179388999938965,AVAX,-0.01811582252481636
2025-12-24,12.104111671447754,AVAX,-0.006180714688691524
2025-12-25,12.07955265045166,AVAX,-0.0020289816933881655
2025-12-26,12.342768669128418,AVAX,0.02179021246013746
2025-12-27,12.686422348022461,AVAX,0.027842511522847113
2025-12-28,12.636359214782715,AVAX,-0.003946197900903892
2025-12-29,12.357568740844727,AVAX,-0.022062563211391106
2025-12-30,12.56164264678955,AVAX,0.016514082197278013
2025-12-31,12.304884910583496,AVAX,-0.020439821719627993
2026-01-01,13.549633026123047,AVAX,0.1011588588259722
2026-01-02,13.79994010925293,AVAX,0.018473347776083893
2026-01-03,13.98840045928955,AVAX,0.01365660637253474
2026-01-04,14.22736930847168,AVAX,0.01708335773468872
2026-01-05,14.457419395446777,AVAX,0.016169544909339972
2026-01-06,14.592727661132812,AVAX,0.009359088367364432
2026-01-07,14.109505653381348,AVAX,-0.03311389199967796
2026-01-08,13.878828048706055,AVAX,-0.016349091905995428
2026-01-09,13.772605895996094,AVAX,-0.007653539069522819
2026-01-10,13.719738960266113,AVAX,-0.0038385572148949
2026-01-11,13.677188873291016,AVAX,-0.0031013773001313805
2026-01-12,13.501553535461426,AVAX,-0.012841479302268977
2026-01-13,14.737810134887695,AVAX,0.09156402603443214
2026-01-14,14.619799613952637,AVAX,-0.00800733079439675
2026-01-15,13.81952953338623,AVAX,-0.05473878587245862
2026-01-16,13.585149765014648,AVAX,-0.016960039616786493
2026-01-17,13.733805656433105,AVAX,0.010942528716266775
2026-01-18,12.995943069458008,AVAX,-0.053726010505287136
2026-01-19,12.721200942993164,AVAX,-0.021140607110731402
2026-01-20,12.084134101867676,AVAX,-0.05007914299761018
2026-01-21,12.402188301086426,AVAX,0.026319982593506097
2026-01-22,12.174766540527344,AVAX,-0.01833722848242514
2026-01-23,12.118390083312988,AVAX,-0.004630598625993354
2026-01-24,12.03725814819336,AVAX,-0.006694943351538751
2026-01-25,11.484868049621582,AVAX,-0.04589002676283749
2026-01-26,11.71573257446289,AVAX,0.020101626230604852
2026-01-27,12.118824005126953,AVAX,0.034405994512258786
2026-01-28,12.058091163635254,AVAX,-0.0050114467761893655
2026-01-29,11.025457382202148,AVAX,-0.08563824633763917
2026-01-30,10.864349365234375,AVAX,-0.014612365853215459
2026-01-31,10.105733871459961,AVAX,-0.06982613208315658
2026-02-01,9.915943145751953,AVAX,-0.01878049908319912
2026-02-02,10.14255428314209,AVAX,0.02285321063858836
2026-02-03,9.895763397216797,AVAX,-0.02433222234121868
2026-02-04,9.711347579956055,AVAX,-0.01863583534268909
2026-02-05,8.29923152923584,AVAX,-0.1454088672137307
2026-02-06,9.274421691894531,AVAX,0.11750366997515038
2026-02-07,9.22749137878418,AVAX,-0.005060187542622385
2026-02-08,9.08948802947998,AVAX,-0.014955673610435039
2026-02-09,9.0480318069458,AVAX,-0.0045608974234548905
2026-02-10,8.74378490447998,AVAX,-0.033625755187140505
2026-02-11,8.630200386047363,AVAX,-0.012990314797705182
2026-02-12,8.888179779052734,AVAX,0.029892630699798417
2026-02-13,9.146926879882812,AVAX,0.029111371198845548
2026-02-14,9.587681770324707,AVAX,0.048186117176826304
2026-02-15,9.28593635559082,AVAX,-0.03147219755121966
2026-02-16,9.25940990447998,AVAX,-0.002856626418171526
2026-02-17,9.138813018798828,AVAX,-0.013024251753106175
2026-02-18,8.853689193725586,AVAX,-0.03119921859509911
2026-02-19,8.896183013916016,AVAX,0.004799560867863262
2026-02-20,9.16845417022705,AVAX,0.03060539063608858
2026-02-21,9.120891571044922,AVAX,-0.005187635592549533
2026-02-22,8.871542930603027,AVAX,-0.02733818711686853
2026-02-23,8.35697078704834,AVAX,-0.05800255351069017
2026-02-24,8.295060157775879,AVAX,-0.0074082620186264325
2026-02-25,9.497387886047363,AVAX,0.1449450281737148
2026-02-26,9.304420471191406,AVAX,-0.02031794606803894
2026-02-27,8.959959983825684,AVAX,-0.03702116520123422
2026-02-28,9.16455078125,AVAX,0.02283389633364874
2026-03-01,9.030876159667969,AVAX,-0.014586052799829496
2026-03-02,9.175148010253906,AVAX,0.015975399068172136
2026-03-03,9.17881965637207,AVAX,0.0004001729578706481
2026-03-04,9.496273040771484,AVAX,0.03458542560851319
2026-03-05,9.383824348449707,AVAX,-0.011841349952659064
2026-03-06,9.02619743347168,AVAX,-0.03811099842646892
2026-03-07,8.906248092651367,AVAX,-0.01328902250415076
2026-03-08,8.820452690124512,AVAX,-0.009633170066040031
2026-03-09,9.250893592834473,AVAX,0.048800318740090054
2026-03-10,9.532014846801758,AVAX,0.03038855124061035
2026-03-11,9.549243927001953,AVAX,0.0018074961565943681
2026-03-12,9.677624702453613,AVAX,0.013444077503208751
2026-03-13,9.720892906188965,AVAX,0.004470952849037646
2026-03-14,9.720721244812012,AVAX,-1.7659013282989022e-05
2026-03-15,9.93514347076416,AVAX,0.022058263018969626
2026-03-16,10.489087104797363,AVAX,0.055755977320637085
2026-03-17,10.196188926696777,AVAX,-0.0279240867364543
2026-03-18,9.675531387329102,AVAX,-0.0510639360559938
2026-03-19,9.470717430114746,AVAX,-0.02116823862331485
2026-03-20,9.56622314453125,AVAX,0.010084316750156308
2026-03-21,9.204108238220215,AVAX,-0.03785348730005811
2026-03-22,9.018503189086914,AVAX,-0.02016545702521977
2026-03-23,9.548535346984863,AVAX,0.05877163280701936
2026-03-24,9.61177921295166,AVAX,0.006623410153345333
2026-03-25,9.671002388000488,AVAX,0.006161520540237442
2026-03-26,9.100454330444336,AVAX,-0.058995751905104754
2026-03-27,8.787351608276367,AVAX,-0.03440517481863803
2026-03-28,8.749664306640625,AVAX,-0.004288812297011835
2026-03-29,8.595704078674316,AVAX,-0.017596129699451346
2026-03-30,8.78921890258789,AVAX,0.022512969518538872
2026-03-31,8.909309387207031,AVAX,0.013663385330382471
2026-04-01,9.12394905090332,AVAX,0.02409161634957835
2026-04-02,8.751992225646973,AVAX,-0.04076708705640153
2026-04-03,8.911928176879883,AVAX,0.018274233695527276
2026-04-04,8.98441219329834,AVAX,0.00813337080145038
2026-04-05,9.055030822753906,AVAX,0.00786012795675628
2026-04-06,8.906012535095215,AVAX,-0.016456960840401713
2026-04-07,9.474905967712402,AVAX,0.06387745698486214
2026-04-08,9.055965423583984,AVAX,-0.04421579966661837
2026-04-09,9.351433753967285,AVAX,0.03262692783850829
2026-04-10,9.404664039611816,AVAX,0.005692205820519103
2026-04-11,9.376839637756348,AVAX,-0.0029585747814354635
2026-04-12,9.03339672088623,AVAX,-0.03662672394302513
2026-04-13,9.668937683105469,AVAX,0.07035459438527658
2026-04-14,9.307276725769043,AVAX,-0.037404414961568766
2026-04-15,9.432990074157715,AVAX,0.013506995879966732
2026-04-16,9.72756290435791,AVAX,0.031227938107047937
2026-04-17,9.741255760192871,AVAX,0.0014076347765201724
2026-04-18,9.341824531555176,AVAX,-0.041004079809704774
2026-04-19,9.01020622253418,AVAX,-0.035498237833609836
2026-04-20,9.2794771194458,AVAX,0.029885098105544516
2026-04-21,9.386750221252441,AVAX,0.011560252848928476
2026-04-22,9.348435401916504,AVAX,-0.004081798112534174
2026-04-23,9.392234802246094,AVAX,0.004685211850596005
2026-04-24,9.396146774291992,AVAX,0.0004165113126177733
2026-04-25,9.365880012512207,AVAX,-0.0032211886964766956
2026-04-26,9.465227127075195,AVAX,0.01060734436382571
2026-04-27,9.267021179199219,AVAX,-0.020940432301831402
2026-04-28,9.17384147644043,AVAX,-0.010054978936267056
2026-04-29,9.12057876586914,AVAX,-0.0058059331751125764
2026-04-30,9.088105201721191,AVAX,-0.0035604718715298578
2026-05-01,9.084211349487305,AVAX,-0.00042845589344076007
2026-05-02,9.180719375610352,AVAX,0.010623709908344825
2026-05-03,9.08486557006836,AVAX,-0.010440772843644308
2026-05-04,9.170581817626953,AVAX,0.009435059539130819
2026-05-05,9.40404224395752,AVAX,0.025457537043268808
2026-05-06,9.612005233764648,AVAX,0.022114212634545938
2026-05-07,9.502643585205078,AVAX,-0.011377610176012909
2026-05-08,9.896980285644531,AVAX,0.04149757874255178
2026-05-09,9.951960563659668,AVAX,0.005555257909817701
2026-05-10,10.231649398803711,AVAX,0.028103893032428884
2026-05-11,10.136425971984863,AVAX,-0.009306752323821943
2026-05-12,9.835984230041504,AVAX,-0.0296398102027009
2026-05-13,9.751030921936035,AVAX,-0.008636991084837287
2026-05-14,9.896735191345215,AVAX,0.014942447683290672
2026-05-15,9.536874771118164,AVAX,-0.03636152865257547
2026-05-16,9.290908813476562,AVAX,-0.025791044083591674
2026-05-17,9.180000305175781,AVAX,-0.01193731533990594
2026-05-18,9.233905792236328,AVAX,0.005872057218794913
2026-05-19,9.09896183013916,AVAX,-0.014613963487761117
2026-05-20,9.283246040344238,AVAX,0.02025332270266933
2026-05-21,9.441242218017578,AVAX,0.017019496950387847
2026-05-22,9.146641731262207,AVAX,-0.031203572575773775
2026-05-23,9.384602546691895,AVAX,0.026016195060572178
2026-05-24,9.207113265991211,AVAX,-0.018912818078081428
2026-05-25,9.302559852600098,AVAX,0.010366613709580585
2026-05-26,9.130167007446289,AVAX,-0.018531764147222796
2026-05-27,9.037548065185547,AVAX,-0.010144276899338722
2026-05-28,8.912849426269531,AVAX,-0.01379783963710024
2026-05-29,8.815866470336914,AVAX,-0.010881251471249076
2026-05-30,8.923661231994629,AVAX,0.01222735870834879
2026-05-31,8.959918975830078,AVAX,0.004063101779956835
2026-06-01,8.915918350219727,AVAX,-0.004910828516311971
2026-06-02,8.167613983154297,AVAX,-0.08392902869584806
2026-06-03,8.050355911254883,AVAX,-0.014356465932554907
2026-06-04,7.688270092010498,AVAX,-0.0449776162986989
2026-06-05,6.707765102386475,AVAX,-0.12753258898161568
2026-06-06,6.670938968658447,AVAX,-0.005490075034816799
2026-06-07,6.796093940734863,AVAX,0.0187612227700511
2026-06-08,6.7578911781311035,AVAX,-0.005621282303762354
2026-06-09,6.63955020904541,AVAX,-0.017511523338619495
2026-06-10,6.387330055236816,AVAX,-0.037987536183547665
2026-06-11,6.640157222747803,AVAX,0.03958260577182782
2026-06-12,6.564854145050049,AVAX,-0.011340556431371995
2026-06-13,6.715459823608398,AVAX,0.02294120710540204
2026-06-14,6.77577018737793,AVAX,0.00898082415108914
2026-06-15,6.837200164794922,AVAX,0.009066124694049549
2026-06-16,6.869505882263184,AVAX,0.004724992202891132
2026-06-17,6.751519203186035,AVAX,-0.017175424419067165
2026-06-18,6.306979179382324,AVAX,-0.06584296221714558
2026-06-19,5.9057440757751465,AVAX,-0.06361763566920053
2026-06-20,6.2334418296813965,AVAX,0.05548797064377342
2026-06-21,6.105950832366943,AVAX,-0.020452745176410714
2026-06-22,6.232519149780273,AVAX,0.02072868270448658
2026-06-23,6.4857401847839355,AVAX,0.04062900232125077
2026-06-24,6.444726943969727,AVAX,-0.006323602186598443
2026-06-25,6.221860885620117,AVAX,-0.03458114832283832
2026-06-26,6.580324172973633,AVAX,0.05761351691131367
2026-06-27,6.425015926361084,AVAX,-0.023601914211221153
2026-06-28,6.4427618980407715,AVAX,0.0027620120919666924
2026-06-29,6.663013935089111,AVAX,0.034185965667195894
2026-06-30,6.526597023010254,AVAX,-0.020473754581309178
2026-07-01,6.662940979003906,AVAX,0.020890512393052063
2026-07-02,6.792920112609863,AVAX,0.01950777202072529
2026-07-03,6.946293830871582,AVAX,0.022578466361912186
2026-07-04,6.964107990264893,AVAX,0.0025645559815132835
2026-07-05,6.917265892028809,AVAX,-0.006726216523575523
2026-07-06,6.922482967376709,AVAX,0.000754210612882833
2026-07-07,6.689054012298584,AVAX,-0.033720408728803775
2026-07-08,6.466151237487793,AVAX,-0.033323512472908545
2026-07-09,6.6829071044921875,AVAX,0.03352162036479189
2026-07-10,6.7373881340026855,AVAX,0.008152294900803936
2026-07-11,6.552605152130127,AVAX,-0.027426500922513863
2026-07-12,6.401956081390381,AVAX,-0.022990713959130105
2026-07-13,6.4441938400268555,AVAX,0.006597633301367756
2026-07-14,6.697113037109375,AVAX,0.03924760852343723
2026-07-15,6.696101188659668,AVAX,-0.00015108725865908834
2026-07-16,6.506521224975586,AVAX,-0.028311992059670388
2026-07-17,6.579824924468994,AVAX,0.011266189252104208
2026-07-18,6.5716471672058105,AVAX,-0.0012428533216396476
2026-07-19,6.455794811248779,AVAX,-0.01762911991610927
2026-07-20,6.576214790344238,AVAX,0.01865300596072772
2026-07-21,6.561357021331787,AVAX,-0.0022593193023845437
2026-07-22,6.617033958435059,AVAX,0.008485582619915277
2026-07-23,6.261688232421875,AVAX,-0.053701662745769485
2026-07-24,6.29683780670166,AVAX,0.005613434105164572
2026-07-25,6.765277862548828,AVAX,0.0743929048559282
2026-07-26,6.734386920928955,AVAX,-0.004566100941822193
2026-07-27,6.396115779876709,AVAX,-0.05023042854888182
2026-07-28,6.564201831817627,AVAX,0.026279394827364744
2026-07-29,6.420719146728516,AVAX,-0.02185835974659256
2026-07-30,6.434084892272949,AVAX,0.002081658648976026
2026-07-31,6.378219127655029,AVAX,-0.008682783263399663
2026-08-01,6.184267044067383,AVAX,-0.030408501135794852
2026-08-02,6.5414509773254395,AVAX,0.05775687413122088
2026-08-03,6.510000228881836,AVAX,-0.004807916248645849
2024-08-03,11.70133113861084,LINK,
2024-08-04,10.871526718139648,LINK,-0.07091538651812779
2024-08-05,9.501569747924805,LINK,-0.1260133011427923
2024-08-06,10.0545654296875,LINK,0.05820045491782788
2024-08-07,9.485442161560059,LINK,-0.056603467559823706
2024-08-08,10.736471176147461,LINK,0.13188937250149735
2024-08-09,10.548673629760742,LINK,-0.017491552234027985
2024-08-10,10.554250717163086,LINK,0.0005287003464216067
2024-08-11,10.008923530578613,LINK,-0.051668962695539666
2024-08-12,10.557686805725098,LINK,0.05482740211471682
2024-08-13,10.576763153076172,LINK,0.0018068680859835151
2024-08-14,10.401407241821289,LINK,-0.016579355017880104
2024-08-15,10.173847198486328,LINK,-0.021877813073216013
2024-08-16,10.143065452575684,LINK,-0.003025575803342506
2024-08-17,10.150433540344238,LINK,0.0007264162696183352
2024-08-18,10.095947265625,LINK,-0.005367876603760369
2024-08-19,10.183764457702637,LINK,0.008698261764563675
2024-08-20,10.245038986206055,LINK,0.006016883909473414
2024-08-21,11.214466094970703,LINK,0.09462405268246288
2024-08-22,11.467951774597168,LINK,0.02260345499106231
2024-08-23,12.062475204467773,LINK,0.05184216340947145
2024-08-24,12.347853660583496,LINK,0.023658366237306216
2024-08-25,12.108485221862793,LINK,-0.01938542886079131
2024-08-26,11.854799270629883,LINK,-0.02095108897476794
2024-08-27,11.170317649841309,LINK,-0.057738777786340845
2024-08-28,11.181870460510254,LINK,0.0010342419106683653
2024-08-29,10.937602996826172,LINK,-0.0218449555954644
2024-08-30,11.119160652160645,LINK,0.016599400745040516
2024-08-31,11.024574279785156,LINK,-0.008506610825620986
2024-09-01,10.372398376464844,LINK,-0.05915656122124857
2024-09-02,10.761754989624023,LINK,0.03753776118381991
2024-09-03,10.314515113830566,LINK,-0.0415582659356829
2024-09-04,10.335187911987305,LINK,0.0020042433336511234
2024-09-05,10.016019821166992,LINK,-0.0308816920929057
2024-09-06,9.575072288513184,LINK,-0.04402422724063981
2024-09-07,10.018677711486816,LINK,0.046329198319035925
2024-09-08,10.335866928100586,LINK,0.03165978842198891
2024-09-09,10.545119285583496,LINK,0.020245264276188335
2024-09-10,10.597155570983887,LINK,0.00493463222094892
2024-09-11,10.406829833984375,LINK,-0.017960077657125595
2024-09-12,10.786038398742676,LINK,0.03643843233795985
2024-09-13,11.458701133728027,LINK,0.06236420733155956
2024-09-14,11.297834396362305,LINK,-0.014038828265816372
2024-09-15,10.823186874389648,LINK,-0.04201225697957511
2024-09-16,10.554821014404297,LINK,-0.024795456560061102
2024-09-17,10.627530097961426,LINK,0.006888708340757388
2024-09-18,10.853248596191406,LINK,0.02123903636586988
2024-09-19,11.205124855041504,LINK,0.03242128434923863
2024-09-20,11.426664352416992,LINK,0.019771265402349414
2024-09-21,11.51356315612793,LINK,0.007604914350403336
2024-09-22,11.132943153381348,LINK,-0.03305840230215806
2024-09-23,11.398932456970215,LINK,0.023892092138104504
2024-09-24,12.162094116210938,LINK,0.06695027469647519
2024-09-25,12.111525535583496,LINK,-0.00415788433671449
2024-09-26,12.551836967468262,LINK,0.03635474578253062
2024-09-27,12.680974960327148,LINK,0.010288373980126275
2024-09-28,12.943387985229492,LINK,0.020693442398814987
2024-09-29,12.48232364654541,LINK,-0.035621611529394914
2024-09-30,11.85057258605957,LINK,-0.05061165519936528
2024-10-01,11.025396347045898,LINK,-0.06963176108337321
2024-10-02,10.662163734436035,LINK,-0.032945084346757914
2024-10-03,10.650412559509277,LINK,-0.001102137916791146
2024-10-04,11.068582534790039,LINK,0.03926326543166603
2024-10-05,11.261728286743164,LINK,0.017449908454496565
2024-10-06,11.276307106018066,LINK,0.0012945454643995546
2024-10-07,11.160425186157227,LINK,-0.010276584237316033
2024-10-08,10.825778007507324,LINK,-0.029985163922336966
2024-10-09,10.529767990112305,LINK,-0.02734307106516931
2024-10-10,10.538860321044922,LINK,0.0008634882498033125
2024-10-11,10.898591995239258,LINK,0.03413383072133436
2024-10-12,11.0164155960083,LINK,0.010810901153149866
2024-10-13,10.731656074523926,LINK,-0.025848654583034758
2024-10-14,11.26422119140625,LINK,0.04962562284739924
2024-10-15,11.436711311340332,LINK,0.015313097728024028
2024-10-16,11.238662719726562,LINK,-0.017316917969013468
2024-10-17,11.021685600280762,LINK,-0.019306311156126577
2024-10-18,11.477060317993164,LINK,0.041316250002704
2024-10-19,11.42170238494873,LINK,-0.004823354718947126
2024-10-20,11.962789535522461,LINK,0.04737359916563433
2024-10-21,11.709382057189941,LINK,-0.02118297555766968
2024-10-22,11.966221809387207,LINK,0.021934526599510562
2024-10-23,11.24693775177002,LINK,-0.06010953741914815
2024-10-24,11.59044075012207,LINK,0.030541913357526207
2024-10-25,11.09341812133789,LINK,-0.04288211634910821
2024-10-26,11.00280475616455,LINK,-0.00816820967011489
2024-10-27,10.980671882629395,LINK,-0.002011566507417628
2024-10-28,11.178171157836914,LINK,0.017986082939054793
2024-10-29,11.788102149963379,LINK,0.05456447065572512
2024-10-30,12.394707679748535,LINK,0.0514591341395052
2024-10-31,11.422245979309082,LINK,-0.07845781647826511
2024-11-01,11.265908241271973,LINK,-0.013687127585967684
2024-11-02,11.174641609191895,LINK,-0.00810113398098955
2024-11-03,10.764084815979004,LINK,-0.036740041208586094
2024-11-04,10.2481689453125,LINK,-0.047929376206757524
2024-11-05,10.842791557312012,LINK,0.05802232722475664
2024-11-06,12.168525695800781,LINK,0.12226871018236429
2024-11-07,12.606694221496582,LINK,0.03600834946233533
2024-11-08,13.718581199645996,LINK,0.08819813970370238
2024-11-09,13.762722969055176,LINK,0.003217662873936211
2024-11-10,14.289252281188965,LINK,0.03825764082570471
2024-11-11,14.895793914794922,LINK,0.042447401842322874
2024-11-12,14.004612922668457,LINK,-0.05982769345656147
2024-11-13,13.475764274597168,LINK,-0.037762460911381024
2024-11-14,12.971002578735352,LINK,-0.03745699951232673
2024-11-15,13.84998893737793,LINK,0.06776549101020057
2024-11-16,14.526206016540527,LINK,0.04882437684391516
2024-11-17,13.778284072875977,LINK,-0.0514877692642467
2024-11-18,15.22088623046875,LINK,0.10470114783252948
2024-11-19,14.646309852600098,LINK,-0.03774920652901803
2024-11-20,14.247101783752441,LINK,-0.02725656311147795
2024-11-21,14.908040046691895,LINK,0.04639106766915879
2024-11-22,16.531856536865234,LINK,0.10892219802788006
2024-11-23,17.38550567626953,LINK,0.051636616704282545
2024-11-24,17.94485855102539,LINK,0.032173517709027655
2024-11-25,17.387096405029297,LINK,-0.03108200292636032
2024-11-26,17.338844299316406,LINK,-0.002775167548903279
2024-11-27,18.696128845214844,LINK,0.0782799892811743
2024-11-28,17.960947036743164,LINK,-0.03932267554199298
2024-11-29,18.2906436920166,LINK,0.01835630685837275
2024-11-30,19.022661209106445,LINK,0.04002141911546553
2024-12-01,18.889429092407227,LINK,-0.007003863194253723
2024-12-02,25.091211318969727,LINK,0.3283202576543387
2024-12-03,24.2171630859375,LINK,-0.03483483606753646
2024-12-04,24.105140686035156,LINK,-0.004625744126379283
2024-12-05,23.40096664428711,LINK,-0.029212608667992357
2024-12-06,25.811050415039062,LINK,0.10299077843181004
2024-12-07,24.800466537475586,LINK,-0.03915314802433034
2024-12-08,26.144575119018555,LINK,0.05419690712317471
2024-12-09,22.34653663635254,LINK,-0.14527061409015507
2024-12-10,22.216991424560547,LINK,-0.0057971046654832215
2024-12-11,24.093059539794922,LINK,0.08444294186297485
2024-12-12,29.28685188293457,LINK,0.21557213746809412
2024-12-13,29.024141311645508,LINK,-0.00897025642561955
2024-12-14,29.112491607666016,LINK,0.0030440279032495354
2024-12-15,29.2235107421875,LINK,0.0038134535517477808
2024-12-16,28.744182586669922,LINK,-0.016402141404099457
2024-12-17,27.823747634887695,LINK,-0.032021608163909865
2024-12-18,24.89114761352539,LINK,-0.10539917411000277
2024-12-19,22.892488479614258,LINK,-0.0802959817258525
2024-12-20,23.364501953125,LINK,0.02061870529851184
2024-12-21,22.126737594604492,LINK,-0.05297627833042495
2024-12-22,22.04706573486328,LINK,-0.003600705228259171
2024-12-23,24.479013442993164,LINK,0.11030709199021516
2024-12-24,25.439577102661133,LINK,0.03924029299240073
2024-12-25,24.431169509887695,LINK,-0.03963932217520838
2024-12-26,22.65229034423828,LINK,-0.0728118711193696
2024-12-27,21.529094696044922,LINK,-0.049584197938688734
2024-12-28,21.966081619262695,LINK,0.020297505742220112
2024-12-29,20.938785552978516,LINK,-0.0467673790933798
2024-12-30,20.583473205566406,LINK,-0.016969100070924004
2024-12-31,20.001365661621094,LINK,-0.0282803362742442
2025-01-01,21.67484474182129,LINK,0.08366824088473579
2025-01-02,22.040437698364258,LINK,0.016867154570088472
2025-01-03,23.39835548400879,LINK,0.06161029123960238
2025-01-04,23.613359451293945,LINK,0.009188849508338093
2025-01-05,23.63523292541504,LINK,0.0009263177552609747
2025-01-06,23.81981086730957,LINK,0.007809440358679698
2025-01-07,21.39488410949707,LINK,-0.1018029392139499
2025-01-08,20.45516014099121,LINK,-0.043922835183235254
2025-01-09,19.645790100097656,LINK,-0.039568012927535756
2025-01-10,20.266521453857422,LINK,0.03159615116506198
2025-01-11,20.192392349243164,LINK,-0.0036577122908355575
2025-01-12,19.837339401245117,LINK,-0.01758350084809812
2025-01-13,19.361106872558594,LINK,-0.024006875067965616
2025-01-14,20.310087203979492,LINK,0.04901477677218624
2025-01-15,22.114240646362305,LINK,0.08883041339326758
2025-01-16,23.005603790283203,LINK,0.040307201055421515
2025-01-17,25.112716674804688,LINK,0.09159128809353212
2025-01-18,24.112377166748047,LINK,-0.03983398216172562
2025-01-19,24.2492733001709,LINK,0.005677421702395824
2025-01-20,25.068965911865234,LINK,0.033802770150994865
2025-01-21,26.594463348388672,LINK,0.06085202883464036
2025-01-22,25.2911434173584,LINK,-0.04900719048009061
2025-01-23,25.655147552490234,LINK,0.014392553516659357
2025-01-24,25.189668655395508,LINK,-0.018143684270081062
2025-01-25,24.92470932006836,LINK,-0.010518571679202893
2025-01-26,24.911712646484375,LINK,-0.0005214373181684495
2025-01-27,24.14933967590332,LINK,-0.0306029931141103
2025-01-28,22.615997314453125,LINK,-0.06349417342372277
2025-01-29,23.62223243713379,LINK,0.0444921843901005
2025-01-30,24.47380828857422,LINK,0.03604976175332886
2025-01-31,25.148338317871094,LINK,0.027561302325465498
2025-02-01,23.048158645629883,LINK,-0.08351166767741336
2025-02-02,20.42749786376953,LINK,-0.11370369417156234
2025-02-03,21.643274307250977,LINK,0.05951665992523547
2025-02-04,20.0632381439209,LINK,-0.07300356410493447
2025-02-05,19.204370498657227,LINK,-0.04280802725376143
2025-02-06,18.59428596496582,LINK,-0.03176800477443731
2025-02-07,18.386972427368164,LINK,-0.011149314256447607
2025-02-08,18.464569091796875,LINK,0.004220198008956233
2025-02-09,18.30515480041504,LINK,-0.008633523511396679
2025-02-10,18.766145706176758,LINK,0.025183666064996446
2025-02-11,18.642301559448242,LINK,-0.006599338439952196
2025-02-12,19.180673599243164,LINK,0.028879054341982124
2025-02-13,18.558940887451172,LINK,-0.03241454000950861
2025-02-14,19.41437530517578,LINK,0.04609284672613079
2025-02-15,18.98305892944336,LINK,-0.022216340672956636
2025-02-16,18.70529556274414,LINK,-0.014632171123295512
2025-02-17,19.099895477294922,LINK,0.021095625740162882
2025-02-18,17.83260726928711,LINK,-0.06635053105470168
2025-02-19,17.978578567504883,LINK,0.008185639711203452
2025-02-20,18.298744201660156,LINK,0.017808172818175594
2025-02-21,17.39421272277832,LINK,-0.04943134178572606
2025-02-22,17.76429557800293,LINK,0.02127620612227954
2025-02-23,17.6387882232666,LINK,-0.007065146725645621
2025-02-24,15.247294425964355,LINK,-0.13558152448067406
2025-02-25,15.29446029663086,LINK,0.00309339279145715
2025-02-26,15.207539558410645,LINK,-0.0056831517120851105
2025-02-27,15.106882095336914,LINK,-0.006618918378421101
2025-02-28,14.81668758392334,LINK,-0.019209424524677332
2025-03-01,14.788805961608887,LINK,-0.001881771627870843
2025-03-02,17.41300392150879,LINK,0.17744488410438342
2025-03-03,14.450200080871582,LINK,-0.17014892169050222
2025-03-04,14.875398635864258,LINK,0.02942509810334948
2025-03-05,16.462270736694336,LINK,0.1066776185079279
2025-03-06,17.070051193237305,LINK,0.03691960035551034
2025-03-07,15.938858985900879,LINK,-0.06626765172119542
2025-03-08,15.251073837280273,LINK,-0.04315146706731032
2025-03-09,13.77341079711914,LINK,-0.09688911455854865
2025-03-10,12.69313907623291,LINK,-0.07843167802068174
2025-03-11,13.099883079528809,LINK,0.032044398225928195
2025-03-12,13.482376098632812,LINK,0.029198200990184775
2025-03-13,13.027454376220703,LINK,-0.03374195461423457
2025-03-14,13.679569244384766,LINK,0.05005696810225513
2025-03-15,14.037820816040039,LINK,0.026188805016819527
2025-03-16,13.371051788330078,LINK,-0.047498043780989874
2025-03-17,14.035404205322266,LINK,0.0496858756894516
2025-03-18,13.92329216003418,LINK,-0.007987803104777869
2025-03-19,15.012786865234375,LINK,0.0782497912618334
2025-03-20,14.215102195739746,LINK,-0.05313368374940797
2025-03-21,13.95905876159668,LINK,-0.018012071289913223
2025-03-22,14.22672176361084,LINK,0.019174860324432386
2025-03-23,14.435689926147461,LINK,0.014688426891929618
2025-03-24,15.089212417602539,LINK,0.04527130291648529
2025-03-25,15.455079078674316,LINK,0.02424690241917271
2025-03-26,15.259174346923828,LINK,-0.01267575084884598
2025-03-27,15.507801055908203,LINK,0.01629358858688823
2025-03-28,14.244855880737305,LINK,-0.08143934595354752
2025-03-29,13.545989036560059,LINK,-0.04906099788080642
2025-03-30,13.387308120727539,LINK,-0.01171423625135426
2025-03-31,13.512476921081543,LINK,0.009349810972095751
2025-04-01,14.042898178100586,LINK,0.0392541841230829
2025-04-02,12.934548377990723,LINK,-0.07892600131775485
2025-04-03,12.879012107849121,LINK,-0.0042936381324377715
2025-04-04,12.934565544128418,LINK,0.004313485833703057
2025-04-05,12.846267700195312,LINK,-0.006826502493018638
2025-04-06,11.25341510772705,LINK,-0.12399341424622845
2025-04-07,11.451340675354004,LINK,0.017588044671972503
2025-04-08,10.9085111618042,LINK,-0.04740314072727769
2025-04-09,12.657184600830078,LINK,0.1603035843377787
2025-04-10,12.07532024383545,LINK,-0.04597107297909442
2025-04-11,12.661982536315918,LINK,0.04858358044623823
2025-04-12,13.146659851074219,LINK,0.03827815378580679
2025-04-13,12.6239013671875,LINK,-0.039763596975090465
2025-04-14,12.622772216796875,LINK,-8.944543828259821e-05
2025-04-15,12.235984802246094,LINK,-0.030642033929447865
2025-04-16,12.357337951660156,LINK,0.009917726392712378
2025-04-17,12.517427444458008,LINK,0.012955014536633502
2025-04-18,12.562503814697266,LINK,0.0036010889968620674
2025-04-19,12.937108039855957,LINK,0.02981923274884335
2025-04-20,13.27574634552002,LINK,0.026175734532076556
2025-04-21,13.106670379638672,LINK,-0.0127357032501908
2025-04-22,14.139148712158203,LINK,0.07877502848652518
2025-04-23,15.005440711975098,LINK,0.06126903517691784
2025-04-24,15.044060707092285,LINK,0.0025737328118837777
2025-04-25,14.929082870483398,LINK,-0.007642739473570637
2025-04-26,14.875073432922363,LINK,-0.0036177331206204144
2025-04-27,14.588580131530762,LINK,-0.019259958795061705
2025-04-28,15.01733112335205,LINK,0.029389494245201764
2025-04-29,14.613898277282715,LINK,-0.026864483625988367
2025-04-30,14.29294204711914,LINK,-0.021962396622296154
2025-05-01,14.75207805633545,LINK,0.032123268092929314
2025-05-02,14.6611967086792,LINK,-0.006160579364425156
2025-05-03,14.260993003845215,LINK,-0.027296796624866948
2025-05-04,13.859743118286133,LINK,-0.028136181362047652
2025-05-05,13.646458625793457,LINK,-0.015388776737952248
2025-05-06,13.830133438110352,LINK,0.01345952216274826
2025-05-07,13.819287300109863,LINK,-0.0007842395772263977
2025-05-08,15.849824905395508,LINK,0.14693504528771917
2025-05-09,16.011110305786133,LINK,0.010175847452782882
2025-05-10,17.34076690673828,LINK,0.08304587099569449
2025-05-11,17.063989639282227,LINK,-0.01596107420995918
2025-05-12,16.732389450073242,LINK,-0.019432746750245533
2025-05-13,17.432764053344727,LINK,0.041857417039047995
2025-05-14,17.01301383972168,LINK,-0.024078236379417528
2025-05-15,16.003477096557617,LINK,-0.05933908904529395
2025-05-16,15.755204200744629,LINK,-0.015513684577109332
2025-05-17,15.320246696472168,LINK,-0.027607227347259844
2025-05-18,15.922525405883789,LINK,0.03931259863787373
2025-05-19,15.799415588378906,LINK,-0.007731802234047014
2025-05-20,15.6917085647583,LINK,-0.00681715238251146
2025-05-21,16.12407684326172,LINK,0.027553932493652455
2025-05-22,16.736061096191406,LINK,0.037954684716442255
2025-05-23,15.521185874938965,LINK,-0.07259027164575227
2025-05-24,15.355583190917969,LINK,-0.010669460784461293
2025-05-25,15.526289939880371,LINK,0.011116917334886178
2025-05-26,15.527997970581055,LINK,0.00011000894014578932
2025-05-27,15.918099403381348,LINK,0.025122455163851143
2025-05-28,15.665416717529297,LINK,-0.015873923101546672
2025-05-29,15.040348052978516,LINK,-0.039901183340456
2025-05-30,13.899076461791992,LINK,-0.07588066361007595
2025-05-31,13.976826667785645,LINK,0.0055939116679719625
2025-06-01,14.062182426452637,LINK,0.006106948357864628
2025-06-02,14.092877388000488,LINK,0.00218280211541777
2025-06-03,14.115714073181152,LINK,0.001620441628202185
2025-06-04,13.850793838500977,LINK,-0.018767752967135065
2025-06-05,12.922351837158203,LINK,-0.06703168151719852
2025-06-06,13.581302642822266,LINK,0.05099310202723717
2025-06-07,13.836443901062012,LINK,0.018786214028930992
2025-06-08,13.717120170593262,LINK,-0.008623872674364819
2025-06-09,14.361599922180176,LINK,0.046983604690476355
2025-06-10,15.427643775939941,LINK,0.07422876695745839
2025-06-11,14.90967082977295,LINK,-0.03357433926331599
2025-06-12,14.025967597961426,LINK,-0.059270472292846765
2025-06-13,13.436464309692383,LINK,-0.042029420369880444
2025-06-14,13.166606903076172,LINK,-0.02008395961886711
2025-06-15,13.296910285949707,LINK,0.009896504379050874
2025-06-16,13.574793815612793,LINK,0.02089835335331358
2025-06-17,13.007805824279785,LINK,-0.04176770557508558
2025-06-18,13.103866577148438,LINK,0.007384854460953827
2025-06-19,13.074892044067383,LINK,-0.0022111437803848943
2025-06-20,12.51447582244873,LINK,-0.04286201520669042
2025-06-21,11.985239028930664,LINK,-0.042289968914935305
2025-06-22,11.652458190917969,LINK,-0.02776589079361791
2025-06-23,12.874313354492188,LINK,0.10485814611431454
2025-06-24,13.408498764038086,LINK,0.041492341753473605
2025-06-25,13.136893272399902,LINK,-0.020256219314173762
2025-06-26,12.929868698120117,LINK,-0.015759020796396017
2025-06-27,13.060314178466797,LINK,0.010088693349658229
2025-06-28,13.39917278289795,LINK,0.02594567020369576
2025-06-29,13.725419998168945,LINK,0.024348310194745926
2025-06-30,13.38076400756836,LINK,-0.025110779170806063
2025-07-01,12.896029472351074,LINK,-0.036226222579152534
2025-07-02,13.559239387512207,LINK,0.05142745033136342
2025-07-03,13.668498992919922,LINK,0.008057945013371537
2025-07-04,13.169758796691895,LINK,-0.036488293007620465
2025-07-05,13.229538917541504,LINK,0.004539196334000017
2025-07-06,13.494132041931152,LINK,0.020000177333377556
2025-07-07,13.428613662719727,LINK,-0.00485532370721109
2025-07-08,13.96792984008789,LINK,0.04016171668304103
2025-07-09,14.253814697265625,LINK,0.02046723175522014
2025-07-10,15.239021301269531,LINK,0.0691188025752083
2025-07-11,15.298432350158691,LINK,0.003898613153340058
2025-07-12,15.09860897064209,LINK,-0.013061689913249741
2025-07-13,15.646004676818848,LINK,0.03625471109564593
2025-07-14,15.777632713317871,LINK,0.008412884900516726
2025-07-15,16.092302322387695,LINK,0.019944031832114684
2025-07-16,16.674169540405273,LINK,0.036158108787707866
2025-07-17,17.997987747192383,LINK,0.07939335170961281
2025-07-18,17.843006134033203,LINK,-0.008611052265181995
2025-07-19,18.41661834716797,LINK,0.03214773389785908
2025-07-20,19.30514907836914,LINK,0.04824613913649389
2025-07-21,19.532302856445312,LINK,0.011766486606969107
2025-07-22,19.663110733032227,LINK,0.006697002270971364
2025-07-23,18.185083389282227,LINK,-0.07516752378691782
2025-07-24,17.907915115356445,LINK,-0.015241517896428025
2025-07-25,18.29102325439453,LINK,0.021393229561913696
2025-07-26,18.406492233276367,LINK,0.006312876938368905
2025-07-27,19.234554290771484,LINK,0.0449874993562378
2025-07-28,18.037017822265625,LINK,-0.06225964222526448
2025-07-29,17.822280883789062,LINK,-0.011905346027406116
2025-07-30,17.715185165405273,LINK,-0.006009091601805183
2025-07-31,16.955446243286133,LINK,-0.04288630996659182
2025-08-01,16.101533889770508,LINK,-0.05036212797134432
2025-08-02,15.651691436767578,LINK,-0.027937863316781275
2025-08-03,16.299955368041992,LINK,0.041418138984747
2025-08-04,17.103120803833008,LINK,0.04927408803619904
2025-08-05,16.38486671447754,LINK,-0.04199549880946285
2025-08-06,16.68630599975586,LINK,0.018397420652312757
2025-08-07,18.46993637084961,LINK,0.10689186516895033
2025-08-08,19.895051956176758,LINK,0.07715866241836933
2025-08-09,21.93036460876465,LINK,0.10230245475463517
2025-08-10,22.102489471435547,LINK,0.007848700454442303
2025-08-11,21.119766235351562,LINK,-0.04446210628689673
2025-08-12,23.522558212280273,LINK,0.11376981876374992
2025-08-13,24.000789642333984,LINK,0.02033075763859915
2025-08-14,22.479764938354492,LINK,-0.06337394421792775
2025-08-15,21.75300407409668,LINK,-0.032329557993634905
2025-08-16,22.652238845825195,LINK,0.041338417841759956
2025-08-17,25.688791275024414,LINK,0.13405087461184229
2025-08-18,25.75943946838379,LINK,0.0027501563854450684
2025-08-19,23.518341064453125,LINK,-0.08700105476601339
2025-08-20,26.36775016784668,LINK,0.12115689178860944
2025-08-21,24.78521728515625,LINK,-0.060017744123660566
2025-08-22,26.746482849121094,LINK,0.07913045673153873
2025-08-23,26.278017044067383,LINK,-0.017515043293593435
2025-08-24,25.82159423828125,LINK,-0.017368997250467033
2025-08-25,23.395715713500977,LINK,-0.09394766653035846
2025-08-26,24.399843215942383,LINK,0.04291928978526416
2025-08-27,23.757827758789062,LINK,-0.026312277971271558
2025-08-28,25.18048667907715,LINK,0.059881691825204086
2025-08-29,23.433656692504883,LINK,-0.0693723679305902
2025-08-30,23.497806549072266,LINK,0.00273750944673945
2025-08-31,23.22403335571289,LINK,-0.011651010607634071
2025-09-01,22.481395721435547,LINK,-0.03197711710548601
2025-09-02,23.480976104736328,LINK,0.04446255898372464
2025-09-03,23.69241714477539,LINK,0.009004780682708269
2025-09-04,22.3513240814209,LINK,-0.056604315851758846
2025-09-05,22.29143714904785,LINK,-0.0026793460716193485
2025-09-06,22.205257415771484,LINK,-0.003866046531685763
2025-09-07,22.465261459350586,LINK,0.011709120894695557
2025-09-08,23.050865173339844,LINK,0.026067077609974287
2025-09-09,23.055517196655273,LINK,0.00020181556225540298
2025-09-10,23.55696678161621,LINK,0.0217496567387212
2025-09-11,24.46678924560547,LINK,0.038622224687232753
2025-09-12,25.13623046875,LINK,0.027361220813424403
2025-09-13,24.877197265625,LINK,-0.01030517298315814
2025-09-14,24.1313533782959,LINK,-0.029981025569938313
2025-09-15,23.584924697875977,LINK,-0.022643930154012337
2025-09-16,23.494625091552734,LINK,-0.0038287002176171647
2025-09-17,23.98741340637207,LINK,0.02097451280448448
2025-09-18,24.6402530670166,LINK,0.02721592568505571
2025-09-19,23.496610641479492,LINK,-0.046413582783692564
2025-09-20,23.34481430053711,LINK,-0.006460350527084602
2025-09-21,22.997249603271484,LINK,-0.014888304219992321
2025-09-22,21.66023063659668,LINK,-0.05813821173139788
2025-09-23,21.544639587402344,LINK,-0.0053365567123295765
2025-09-24,21.620655059814453,LINK,0.0035282777464775705
2025-09-25,20.108457565307617,LINK,-0.06994226078364774
2025-09-26,21.08590316772461,LINK,0.04860868116027661
2025-09-27,20.928056716918945,LINK,-0.007485875731767289
2025-09-28,21.680927276611328,LINK,0.03597422206351997
2025-09-29,21.749244689941406,LINK,0.00315103742835654
2025-09-30,21.329387664794922,LINK,-0.01930444165450307
2025-10-01,22.582313537597656,LINK,0.058741764765743554
2025-10-02,22.774349212646484,LINK,0.008503808731957552
2025-10-03,22.5244083404541,LINK,-0.010974665833857977
2025-10-04,22.032007217407227,LINK,-0.02186077945330611
2025-10-05,22.002395629882812,LINK,-0.0013440258634728197
2025-10-06,23.37454605102539,LINK,0.06236368276547921
2025-10-07,21.855979919433594,LINK,-0.06496665767441423
2025-10-08,22.620698928833008,LINK,0.034989005856445266
2025-10-09,22.012300491333008,LINK,-0.026895651607144577
2025-10-10,17.354766845703125,LINK,-0.21158777327538814
2025-10-11,17.21348762512207,LINK,-0.008140657943557117
2025-10-12,19.047706604003906,LINK,0.10655708005418396
2025-10-13,19.86493492126465,LINK,0.04290428943760394
2025-10-14,19.113391876220703,LINK,-0.037832645715815905
2025-10-15,18.063411712646484,LINK,-0.05493426652757105
2025-10-16,17.40520477294922,LINK,-0.036438683354398926
2025-10-17,16.611236572265625,LINK,-0.04561671126774458
2025-10-18,16.820730209350586,LINK,0.012611561828860696
2025-10-19,17.27528953552246,LINK,0.027023757025672168
2025-10-20,18.6574764251709,LINK,0.08000947751447551
2025-10-21,17.62841796875,LINK,-0.05515528643694767
2025-10-22,17.207212448120117,LINK,-0.023893551955516124
2025-10-23,17.41607666015625,LINK,0.012138178259021304
2025-10-24,17.87808609008789,LINK,0.02652775587446765
2025-10-25,18.01698112487793,LINK,0.007769010289476519
2025-10-26,18.540292739868164,LINK,0.029045466127932018
2025-10-27,18.216867446899414,LINK,-0.01744445449198717
2025-10-28,17.840238571166992,LINK,-0.02067473328387892
2025-10-29,18.110286712646484,LINK,0.015137025236643398
2025-10-30,16.80474281311035,LINK,-0.07208852737955085
2025-10-31,17.24004554748535,LINK,0.025903564203041185
2025-11-01,17.1216983795166,LINK,-0.006864666780768025
2025-11-02,17.598976135253906,LINK,0.027875608199493307
2025-11-03,15.24285888671875,LINK,-0.13387808645387222
2025-11-04,14.724411964416504,LINK,-0.034012446494139925
2025-11-05,15.150303840637207,LINK,0.02892420269481244
2025-11-06,14.716654777526855,LINK,-0.02862312648457832
2025-11-07,15.769024848937988,LINK,0.07150878289393314
2025-11-08,15.515359878540039,LINK,-0.016086281353981935
2025-11-09,15.927966117858887,LINK,0.026593404377912133
2025-11-10,16.34421157836914,LINK,0.026132995099954925
2025-11-11,15.298300743103027,LINK,-0.06399273713822518
2025-11-12,15.141704559326172,LINK,-0.010236181547643719
2025-11-13,14.584552764892578,LINK,-0.03679584370773037
2025-11-14,13.800078392028809,LINK,-0.053788030768562756
2025-11-15,14.120943069458008,LINK,0.023250931503007832
2025-11-16,13.741969108581543,LINK,-0.026837723161432625
2025-11-17,13.306071281433105,LINK,-0.031720186801775685
2025-11-18,13.79493236541748,LINK,0.036739701272043845
2025-11-19,13.521196365356445,LINK,-0.01984322886187273
2025-11-20,12.925078392028809,LINK,-0.04408766482047333
2025-11-21,12.119377136230469,LINK,-0.06233627614167769
2025-11-22,12.172947883605957,LINK,0.004420255824479691
2025-11-23,12.509099006652832,LINK,0.02761460299190066
2025-11-24,12.964276313781738,LINK,0.03638769721838675
2025-11-25,13.065637588500977,LINK,0.007818506198566944
2025-11-26,13.45560073852539,LINK,0.02984646921231149
2025-11-27,13.348663330078125,LINK,-0.007947427285136976
2025-11-28,13.13994026184082,LINK,-0.015636252340486823
2025-11-29,13.0029296875,LINK,-0.010427031752854088
2025-11-30,12.981496810913086,LINK,-0.001648311349981224
2025-12-01,12.08540153503418,LINK,-0.06902865585774287
2025-12-02,13.510494232177734,LINK,0.11791852285688442
2025-12-03,14.687666893005371,LINK,0.08713024413451742
2025-12-04,14.254020690917969,LINK,-0.02952451231678699
2025-12-05,13.607115745544434,LINK,-0.04538403299678906
2025-12-06,13.926069259643555,LINK,0.023440199970633735
2025-12-07,13.642915725708008,LINK,-0.020332624278704303
2025-12-08,13.748384475708008,LINK,0.007730660521581889
2025-12-09,14.41729736328125,LINK,0.04865392648533673
2025-12-10,14.118707656860352,LINK,-0.020710518684407764
2025-12-11,14.062646865844727,LINK,-0.00397067439726928
2025-12-12,13.645241737365723,LINK,-0.029681832478691828
2025-12-13,13.742837905883789,LINK,0.007152395713944104
2025-12-14,13.29239273071289,LINK,-0.03277672182817837
2025-12-15,12.864611625671387,LINK,-0.032182400393052535
2025-12-16,12.934125900268555,LINK,0.005403526870445985
2025-12-17,12.24010181427002,LINK,-0.0536583678982222
2025-12-18,11.933768272399902,LINK,-0.025027041973865072
2025-12-19,12.531227111816406,LINK,0.05006455846794777
2025-12-20,12.551011085510254,LINK,0.0015787738516999106
2025-12-21,12.432073593139648,LINK,-0.00947632756917205
2025-12-22,12.5781831741333,LINK,0.011752631602364394
2025-12-23,12.38786506652832,LINK,-0.015130810624253366
2025-12-24,12.26815128326416,LINK,-0.009663794578100737
2025-12-25,12.055989265441895,LINK,-0.017293723636395808
2025-12-26,12.177103042602539,LINK,0.01004594268409087
2025-12-27,12.497620582580566,LINK,0.026321329371745694
2025-12-28,12.47721004486084,LINK,-0.0016331538939640122
2025-12-29,12.290201187133789,LINK,-0.014988034749328971
2025-12-30,12.414362907409668,LINK,0.010102496971803765
2025-12-31,12.188008308410645,LINK,-0.018233283551258306
2026-01-01,12.586158752441406,LINK,0.03266739191144197
2026-01-02,13.2632417678833,LINK,0.05379584262041481
2026-01-03,13.231463432312012,LINK,-0.0023959704669065385
2026-01-04,13.398759841918945,LINK,0.012643832669210653
2026-01-05,13.917906761169434,LINK,0.038745893304714674
2026-01-06,14.041692733764648,LINK,0.008894007893527123
2026-01-07,13.428935050964355,LINK,-0.04363844832801789
2026-01-08,13.215398788452148,LINK,-0.015901205993015255
2026-01-09,13.117958068847656,LINK,-0.007373271224296096
2026-01-10,13.12912654876709,LINK,0.0008513885972813995
2026-01-11,13.174175262451172,LINK,0.0034312041640205404
2026-01-12,13.068760871887207,LINK,-0.008001593152052178
2026-01-13,14.042167663574219,LINK,0.07448348020361673
2026-01-14,14.114400863647461,LINK,0.005144020624437973
2026-01-15,13.784297943115234,LINK,-0.023387667937250334
2026-01-16,13.727490425109863,LINK,-0.004121176010544958
2026-01-17,13.735365867614746,LINK,0.0005736986339817118
2026-01-18,13.329924583435059,LINK,-0.02951805493114945
2026-01-19,12.877442359924316,LINK,-0.033944844974819754
2026-01-20,12.113679885864258,LINK,-0.05931010620843091
2026-01-21,12.386194229125977,LINK,0.02249641280183745
2026-01-22,12.242456436157227,LINK,-0.01160467778155394
2026-01-23,12.208968162536621,LINK,-0.0027354210974931403
2026-01-24,12.193202018737793,LINK,-0.001291357597868692
2026-01-25,11.505537986755371,LINK,-0.056397329505872285
2026-01-26,11.942946434020996,LINK,0.0380172094315927
2026-01-27,12.035913467407227,LINK,0.0077842627780195794
2026-01-28,11.832648277282715,LINK,-0.01688822295664938
2026-01-29,11.09844970703125,LINK,-0.06204854171665353
2026-01-30,10.769638061523438,LINK,-0.02962680862530731
2026-01-31,9.968608856201172,LINK,-0.07437847035770806
2026-02-01,9.410691261291504,LINK,-0.05596744771088136
2026-02-02,9.806777000427246,LINK,0.04208891017017424
2026-02-03,9.45098876953125,LINK,-0.03627983290335812
2026-02-04,9.251476287841797,LINK,-0.021110223126352134
2026-02-05,7.9071807861328125,LINK,-0.14530605277296604
2026-02-06,8.879450798034668,LINK,0.12296038729846304
2026-02-07,8.91329288482666,LINK,0.0038112815264974564
2026-02-08,8.832435607910156,LINK,-0.009071538202693796
2026-02-09,8.829837799072266,LINK,-0.00029412145790952415
2026-02-10,8.561299324035645,LINK,-0.030412616986558505
2026-02-11,8.311589241027832,LINK,-0.029167311357372716
2026-02-12,8.402665138244629,LINK,0.010957699493524764
2026-02-13,8.768281936645508,LINK,0.04351200391608834
2026-02-14,9.088452339172363,LINK,0.03651461082572616
2026-02-15,8.78187084197998,LINK,-0.03373308080969717
2026-02-16,8.925537109375,LINK,0.016359414751154322
2026-02-17,8.830567359924316,LINK,-0.010640227953445103
2026-02-18,8.598905563354492,LINK,-0.026234078415071416
2026-02-19,8.56949520111084,LINK,-0.003420244823828411
2026-02-20,8.94140625,LINK,0.04339941153604365
2026-02-21,8.876015663146973,LINK,-0.00731323295516606
2026-02-22,8.672669410705566,LINK,-0.02290963199689877
2026-02-23,8.265229225158691,LINK,-0.04697978975699568
2026-02-24,8.203102111816406,LINK,-0.0075166836454063635
2026-02-25,9.256296157836914,LINK,0.12838972764990975
2026-02-26,9.09846019744873,LINK,-0.01705174053387981
2026-02-27,8.708776473999023,LINK,-0.04282963435494025
2026-02-28,8.843730926513672,LINK,0.015496373447816625
2026-03-01,8.67234992980957,LINK,-0.019378811739997448
2026-03-02,8.94849681854248,LINK,0.031842221654791336
2026-03-03,8.81236743927002,LINK,-0.015212541506455346
2026-03-04,9.348464965820312,LINK,0.0608346769746928
2026-03-05,9.196874618530273,LINK,-0.016215533549548633
2026-03-06,8.793665885925293,LINK,-0.04384192993047631
2026-03-07,8.694977760314941,LINK,-0.011222637622417153
2026-03-08,8.523436546325684,LINK,-0.019728769724080886
2026-03-09,8.86002254486084,LINK,0.03948947079101006
2026-03-10,8.983073234558105,LINK,0.013888304355234471
2026-03-11,8.99553108215332,LINK,0.0013868135403025672
2026-03-12,9.058503150939941,LINK,0.007000372541823063
2026-03-13,9.088024139404297,LINK,0.0032589256715434
2026-03-14,9.161493301391602,LINK,0.008084173287871588
2026-03-15,9.48212718963623,LINK,0.03499799407111137
2026-03-16,9.927087783813477,LINK,0.04692624189470673
2026-03-17,9.795186042785645,LINK,-0.013287052950504141
2026-03-18,9.225830078125,LINK,-0.05812610012445729
2026-03-19,9.047332763671875,LINK,-0.01934756145968408
2026-03-20,9.113235473632812,LINK,0.007284214218975071
2026-03-21,8.807412147521973,LINK,-0.03355815034031262
2026-03-22,8.685224533081055,LINK,-0.013873270876201271
2026-03-23,9.10270881652832,LINK,0.048068335119848093
2026-03-24,9.246526718139648,LINK,0.01579946195248927
2026-03-25,9.374693870544434,LINK,0.013861113076475418
2026-03-26,8.914505958557129,LINK,-0.04908831353237342
2026-03-27,8.563819885253906,LINK,-0.03933881192446742
2026-03-28,8.428156852722168,LINK,-0.015841415904290224
2026-03-29,8.405261993408203,LINK,-0.0027164728556956508
2026-03-30,8.610695838928223,LINK,0.02444109959702989
2026-03-31,8.777544975280762,LINK,0.01937696319480109
2026-04-01,8.9378023147583,LINK,0.018257649482726013
2026-04-02,8.628460884094238,LINK,-0.034610457892234936
2026-04-03,8.658191680908203,LINK,0.003445666291281624
2026-04-04,8.692899703979492,LINK,0.0040086919244144426
2026-04-05,8.811627388000488,LINK,0.013658006886544838
2026-04-06,8.805131912231445,LINK,-0.0007371482568462318
2026-04-07,9.295583724975586,LINK,0.05570067747228635
2026-04-08,8.860471725463867,LINK,-0.04680846436170005
2026-04-09,8.942770004272461,LINK,0.009288250260093722
2026-04-10,9.087806701660156,LINK,0.016218319079927435
2026-04-11,9.069445610046387,LINK,-0.0020204095681761736
2026-04-12,8.737156867980957,LINK,-0.03663826394166225
2026-04-13,9.3628511428833,LINK,0.07161302977119766
2026-04-14,9.022783279418945,LINK,-0.0363209729893913
2026-04-15,9.261512756347656,LINK,0.02645851834580304
2026-04-16,9.580833435058594,LINK,0.034478242066025455
2026-04-17,9.625117301940918,LINK,0.0046221309641265584
2026-04-18,9.292866706848145,LINK,-0.03451912165535631
2026-04-19,9.070685386657715,LINK,-0.02390880308513399
2026-04-20,9.29110336303711,LINK,0.024300035442041956
2026-04-21,9.398224830627441,LINK,0.011529466781792008
2026-04-22,9.298733711242676,LINK,-0.010586160809915812
2026-04-23,9.355892181396484,LINK,0.00614690902318249
2026-04-24,9.377434730529785,LINK,0.0023025649201191545
2026-04-25,9.346175193786621,LINK,-0.0033334848646179305
2026-04-26,9.494078636169434,LINK,0.015825023532743066
2026-04-27,9.320954322814941,LINK,-0.01823497782027461
2026-04-28,9.239624977111816,LINK,-0.008725431204405165
2026-04-29,9.118186950683594,LINK,-0.01314317699355183
2026-04-30,9.104363441467285,LINK,-0.0015160370467368622
2026-05-01,9.092687606811523,LINK,-0.0012824438227698742
2026-05-02,9.17435073852539,LINK,0.008981187438210414
2026-05-03,9.13150405883789,LINK,-0.004670268328370808
2026-05-04,9.353217124938965,LINK,0.024280016158618523
2026-05-05,9.76598834991455,LINK,0.0441314704301039
2026-05-06,9.994213104248047,LINK,0.02336934533978763
2026-05-07,9.851703643798828,LINK,-0.014259197693977987
2026-05-08,10.330209732055664,LINK,0.04857089753791288
2026-05-09,10.371932029724121,LINK,0.0040388625933691635
2026-05-10,10.712529182434082,LINK,0.03283835178767758
2026-05-11,10.593591690063477,LINK,-0.01110265282316647
2026-05-12,10.283821105957031,LINK,-0.029241318069394895
2026-05-13,10.211600303649902,LINK,-0.007022759494065278
2026-05-14,10.473087310791016,LINK,0.025606858804261057
2026-05-15,10.066180229187012,LINK,-0.03885263910525638
2026-05-16,9.719930648803711,LINK,-0.034397315813931684
2026-05-17,9.554132461547852,LINK,-0.017057548376259724
2026-05-18,9.592828750610352,LINK,0.004050214838263955
2026-05-19,9.449771881103516,LINK,-0.014912897251265322
2026-05-20,9.621927261352539,LINK,0.018217940328620896
2026-05-21,9.740579605102539,LINK,0.01233145299555316
2026-05-22,9.415352821350098,LINK,-0.033388853326764445
2026-05-23,9.558396339416504,LINK,0.015192581816163342
2026-05-24,9.428999900817871,LINK,-0.013537463189827514
2026-05-25,9.49777889251709,LINK,0.007294410056495337
2026-05-26,9.374849319458008,LINK,-0.012942981138035714
2026-05-27,9.128114700317383,LINK,-0.026318782386028694
2026-05-28,8.988363265991211,LINK,-0.015309999809852592
2026-05-29,9.015236854553223,LINK,0.0029898200336084813
2026-05-30,9.165183067321777,LINK,0.016632531700242925
2026-05-31,9.126693725585938,LINK,-0.004199516960340155
2026-06-01,9.03795337677002,LINK,-0.009723164980012577
2026-06-02,8.362441062927246,LINK,-0.07474173473598822
2026-06-03,8.334985733032227,LINK,-0.003283171706493171
2026-06-04,8.000823020935059,LINK,-0.04009157577473155
2026-06-05,7.350718975067139,LINK,-0.08125464644910274
2026-06-06,7.397984027862549,LINK,0.0064299904479723224
2026-06-07,7.898484230041504,LINK,0.06765359323485343
2026-06-08,7.9875359535217285,LINK,0.01127453330115169
2026-06-09,7.837040901184082,LINK,-0.018841236297821307
2026-06-10,7.562987804412842,LINK,-0.0349689506826274
2026-06-11,7.882298946380615,LINK,0.042220237586719556
2026-06-12,7.8556928634643555,LINK,-0.0033754217008575838
2026-06-13,7.977419853210449,LINK,0.015495385558188968
2026-06-14,8.166221618652344,LINK,0.023667021282064438
2026-06-15,8.295220375061035,LINK,0.015796626938711533
2026-06-16,8.264543533325195,LINK,-0.003698134630403249
2026-06-17,8.077258110046387,LINK,-0.022661314871609717
2026-06-18,8.00166130065918,LINK,-0.009359216748710875
2026-06-19,7.941854953765869,LINK,-0.007474241241426149
2026-06-20,7.976892948150635,LINK,0.004411814946097881
2026-06-21,7.775335788726807,LINK,-0.02526762747525113
2026-06-22,7.8651041984558105,LINK,0.011545277550476518
2026-06-23,7.623377799987793,LINK,-0.030734036367309203
2026-06-24,7.415133953094482,LINK,-0.027316479959007656
2026-06-25,7.232656955718994,LINK,-0.024608725685843713
2026-06-26,7.341349124908447,LINK,0.015027972411094215
2026-06-27,7.288496971130371,LINK,-0.007199242656741989
2026-06-28,7.259969234466553,LINK,-0.003914076767379648
2026-06-29,7.369505882263184,LINK,0.015087756471006575
2026-06-30,7.189455986022949,LINK,-0.024431746051465364
2026-07-01,7.350115776062012,LINK,0.022346585103435013
2026-07-02,7.741505146026611,LINK,0.053249415640401754
2026-07-03,7.962461948394775,LINK,0.028541840146107944
2026-07-04,8.000990867614746,LINK,0.004838819886321399
2026-07-05,8.054323196411133,LINK,0.006665715494346802
2026-07-06,8.015685081481934,LINK,-0.004797189532500523
2026-07-07,7.857583999633789,LINK,-0.01972396373372931
2026-07-08,7.628395080566406,LINK,-0.02916786114893133
2026-07-09,7.731356143951416,LINK,0.013497080617560941
2026-07-10,7.962952136993408,LINK,0.02995541645344857
2026-07-11,7.923886775970459,LINK,-0.0049058892168224455
2026-07-12,7.991987228393555,LINK,0.00859432426894502
2026-07-13,7.873745918273926,LINK,-0.014794982366781895
2026-07-14,8.339827537536621,LINK,0.05919439414230787
2026-07-15,8.534940719604492,LINK,0.023395349746704985
2026-07-16,8.331952095031738,LINK,-0.02378324949656596
2026-07-17,8.257075309753418,LINK,-0.008986703766932225
2026-07-18,8.344861030578613,LINK,0.010631575652640723
2026-07-19,8.37110710144043,LINK,0.0031451777046545004
2026-07-20,8.58347225189209,LINK,0.025368824921033317
2026-07-21,8.647924423217773,LINK,0.007508869305364874
2026-07-22,8.623254776000977,LINK,-0.0028526668376708253
2026-07-23,8.464208602905273,LINK,-0.018443868032095967
2026-07-24,8.332545280456543,LINK,-0.015555302170073837
2026-07-25,8.37291145324707,LINK,0.004844398851957532
2026-07-26,8.812352180480957,LINK,0.05248362289361941
2026-07-27,8.362133979797363,LINK,-0.05108944711501784
2026-07-28,8.425875663757324,LINK,0.007622657579268388
2026-07-29,8.324050903320312,LINK,-0.012084768930901268
2026-07-30,8.456818580627441,LINK,0.015949887722835898
2026-07-31,8.161294937133789,LINK,-0.03494501397613359
2026-08-01,8.056001663208008,LINK,-0.012901540103237519
2026-08-02,8.369572639465332,LINK,0.03892389666320595
2026-08-03,8.244999885559082,LINK,-0.014884004150803043
2024-08-03,5.043665885925293,DOT,
2024-08-04,4.683842182159424,DOT,-0.07134170103733128
2024-08-05,4.208274841308594,DOT,-0.10153359621343516
2024-08-06,4.506931781768799,DOT,0.07096897225641641
2024-08-07,4.570662975311279,DOT,0.014140705168931733
2024-08-08,4.88088321685791,DOT,0.06787204465135699
2024-08-09,4.787671089172363,DOT,-0.01909738945681072
2024-08-10,4.756072044372559,DOT,-0.0066000868086506514
2024-08-11,4.496322154998779,DOT,-0.05461437231194144
2024-08-12,4.587265968322754,DOT,0.020226267199930925
2024-08-13,4.549482822418213,DOT,-0.008236528286227895
2024-08-14,4.386328220367432,DOT,-0.035862230591752975
2024-08-15,4.282610893249512,DOT,-0.023645591918160624
2024-08-16,4.295183181762695,DOT,0.0029356597707721477
2024-08-17,4.364744186401367,DOT,0.016195119438450867
2024-08-18,4.391077041625977,DOT,0.006033081000863971
2024-08-19,4.483818054199219,DOT,0.021120333734545582
2024-08-20,4.53368616104126,DOT,0.011121795362623699
2024-08-21,4.6698150634765625,DOT,0.03002609744033058
2024-08-22,4.693690776824951,DOT,0.005112774922314323
2024-08-23,4.898672103881836,DOT,0.043671672635312575
2024-08-24,4.986936092376709,DOT,0.018017941724437936
2024-08-25,4.824508190155029,DOT,-0.032570680516635364
2024-08-26,4.562509059906006,DOT,-0.05430587324603642
2024-08-27,4.380867004394531,DOT,-0.03981187831662447
2024-08-28,4.258794784545898,DOT,-0.027864854086229962
2024-08-29,4.250732898712158,DOT,-0.0018929970194841994
2024-08-30,4.2784857749938965,DOT,0.006528962638453928
2024-08-31,4.25848388671875,DOT,-0.0046749923517450664
2024-09-01,4.073627948760986,DOT,-0.04340886166888824
2024-09-02,4.208609104156494,DOT,0.03313536658068217
2024-09-03,4.062910079956055,DOT,-0.03461928171389084
2024-09-04,4.109951972961426,DOT,0.01157837414060614
2024-09-05,4.016057968139648,DOT,-0.02284552360696368
2024-09-06,3.9594709873199463,DOT,-0.014090180288387377
2024-09-07,4.076632976531982,DOT,0.029590313854361616
2024-09-08,4.1641058921813965,DOT,0.021457147639478702
2024-09-09,4.285942077636719,DOT,0.029258666472455452
2024-09-10,4.256246089935303,DOT,-0.006928695526793094
2024-09-11,4.191651821136475,DOT,-0.015176347286773084
2024-09-12,4.292720794677734,DOT,0.02411196775257385
2024-09-13,4.425520896911621,DOT,0.030936114549666716
2024-09-14,4.439149856567383,DOT,0.0030796283586125295
2024-09-15,4.40186882019043,DOT,-0.008398237856692026
2024-09-16,4.198472023010254,DOT,-0.04620691926284537
2024-09-17,4.1564249992370605,DOT,-0.01001483957562399
2024-09-18,4.169034957885742,DOT,0.0030338472728357324
2024-09-19,4.255255222320557,DOT,0.02068110853129901
2024-09-20,4.337357997894287,DOT,0.019294442115497024
2024-09-21,4.4660258293151855,DOT,0.029665024534143658
2024-09-22,4.314034938812256,DOT,-0.03403269401293085
2024-09-23,4.455470085144043,DOT,0.03278488661724355
2024-09-24,4.640799045562744,DOT,0.041595826450871565
2024-09-25,4.635497093200684,DOT,-0.0011424654052042404
2024-09-26,4.8162841796875,DOT,0.039000582429874475
2024-09-27,4.892055034637451,DOT,0.015732222627043546
2024-09-28,4.805895805358887,DOT,-0.017612072772797305
2024-09-29,4.768427848815918,DOT,-0.007796248204380407
2024-09-30,4.43708610534668,DOT,-0.06948658005835529
2024-10-01,4.1590070724487305,DOT,-0.06267154305679679
2024-10-02,4.1038079261779785,DOT,-0.01327219341280228
2024-10-03,4.1271071434021,DOT,0.005677462893791008
2024-10-04,4.19361686706543,DOT,0.016115337293740373
2024-10-05,4.137217044830322,DOT,-0.013448968759650737
2024-10-06,4.188560962677002,DOT,0.012410254838052692
2024-10-07,4.135059833526611,DOT,-0.012773152790928166
2024-10-08,4.09792423248291,DOT,-0.008980668367265188
2024-10-09,4.0237321853637695,DOT,-0.018104787426532765
2024-10-10,4.066133975982666,DOT,0.010537925653484548
2024-10-11,4.167765140533447,DOT,0.02499454399463552
2024-10-12,4.207736015319824,DOT,0.00959048157431952
2024-10-13,4.157303810119629,DOT,-0.011985591542952867
2024-10-14,4.373050212860107,DOT,0.05189575085066256
2024-10-15,4.403149127960205,DOT,0.006882819458963407
2024-10-16,4.316714763641357,DOT,-0.019630124214959133
2024-10-17,4.188973903656006,DOT,-0.029592147496351084
2024-10-18,4.306358814239502,DOT,0.028022354228811608
2024-10-19,4.43390417098999,DOT,0.029617912081256303
2024-10-20,4.571722984313965,DOT,0.03108294812181356
2024-10-21,4.377028942108154,DOT,-0.04258657903679319
2024-10-22,4.321435928344727,DOT,-0.01270108434253392
2024-10-23,4.194595813751221,DOT,-0.029351381507602414
2024-10-24,4.2046799659729,DOT,0.002404081982969819
2024-10-25,3.9875540733337402,DOT,-0.051639100810594196
2024-10-26,4.029809951782227,DOT,0.010596941802260895
2024-10-27,4.124960899353027,DOT,0.02361177045798879
2024-10-28,4.130046844482422,DOT,0.0012329680822409372
2024-10-29,4.189741134643555,DOT,0.014453659343085068
2024-10-30,4.191606044769287,DOT,0.00044511344873132686
2024-10-31,3.956449031829834,DOT,-0.056101888018055934
2024-11-01,3.906809091567993,DOT,-0.012546589090996707
2024-11-02,3.901505947113037,DOT,-0.00135741069774864
2024-11-03,3.7885890007019043,DOT,-0.028941887553621926
2024-11-04,3.7471671104431152,DOT,-0.010933329070826892
2024-11-05,3.857814073562622,DOT,0.029528163505476046
2024-11-06,4.11768913269043,DOT,0.06736329283174025
2024-11-07,4.163136959075928,DOT,0.01103721648744349
2024-11-08,4.3314127922058105,DOT,0.040420441312416955
2024-11-09,4.632638931274414,DOT,0.06954454666861754
2024-11-10,5.252132892608643,DOT,0.13372377397083457
2024-11-11,5.710699081420898,DOT,0.08731046951565125
2024-11-12,5.334292888641357,DOT,-0.06591245439706939
2024-11-13,5.0765581130981445,DOT,-0.04831657745903373
2024-11-14,4.768950939178467,DOT,-0.06059364771694686
2024-11-15,5.140809059143066,DOT,0.07797482605863393
2024-11-16,5.7608561515808105,DOT,0.12061274505711772
2024-11-17,5.41603422164917,DOT,-0.059856021545863336
2024-11-18,6.00641393661499,DOT,0.10900590557680245
2024-11-19,5.805377006530762,DOT,-0.0334703755361766
2024-11-20,5.716891765594482,DOT,-0.015241945671527923
2024-11-21,5.937807083129883,DOT,0.03864255728347299
2024-11-22,6.662622928619385,DOT,0.12206793439766717
2024-11-23,8.50830078125,DOT,0.2770197071640481
2024-11-24,8.8135347366333,DOT,0.035874843077474905
2024-11-25,8.24442195892334,DOT,-0.0645725914421661
2024-11-26,8.07812786102295,DOT,-0.020170498153651906
2024-11-27,8.464702606201172,DOT,0.047854496961288406
2024-11-28,8.621152877807617,DOT,0.018482666064585818
2024-11-29,9.038749694824219,DOT,0.04843862798113352
2024-11-30,8.967267990112305,DOT,-0.00790836201082612
2024-12-01,9.307755470275879,DOT,0.03797003508080832
2024-12-02,9.986504554748535,DOT,0.07292296049678426
2024-12-03,9.829697608947754,DOT,-0.015701884972977864
2024-12-04,10.528636932373047,DOT,0.07110486519840276
2024-12-05,10.524624824523926,DOT,-0.00038106621729783186
2024-12-06,10.705370903015137,DOT,0.017173636258277503
2024-12-07,10.629205703735352,DOT,-0.007114671688613239
2024-12-08,10.412901878356934,DOT,-0.0203499519538326
2024-12-09,8.513443946838379,DOT,-0.18241388939490066
2024-12-10,8.396628379821777,DOT,-0.013721305707308118
2024-12-11,9.006820678710938,DOT,0.07267110931758447
2024-12-12,9.064152717590332,DOT,0.006365402501562922
2024-12-13,9.09039306640625,DOT,0.0028949588156204076
2024-12-14,8.551411628723145,DOT,-0.0592913236804824
2024-12-15,9.029330253601074,DOT,0.055887687978047884
2024-12-16,8.751370429992676,DOT,-0.03078410200995174
2024-12-17,8.476944923400879,DOT,-0.03135800373062558
2024-12-18,7.6892218589782715,DOT,-0.0929253488775269
2024-12-19,6.9653239250183105,DOT,-0.09414449826476345
2024-12-20,7.293115139007568,DOT,0.04706044076599003
2024-12-21,6.970913887023926,DOT,-0.04417882425307318
2024-12-22,6.830101013183594,DOT,-0.020200059292433625
2024-12-23,7.3676838874816895,DOT,0.07870789513367993
2024-12-24,7.5558271408081055,DOT,0.025536281984910758
2024-12-25,7.492839813232422,DOT,-0.008336258413787268
2024-12-26,6.928015232086182,DOT,-0.07538191062736388
2024-12-27,6.8976030349731445,DOT,-0.004389741663988755
2024-12-28,7.104069232940674,DOT,0.02993303571119954
2024-12-29,6.862186908721924,DOT,-0.03404841877063536
2024-12-30,6.6966681480407715,DOT,-0.02412040984642605
2024-12-31,6.634932041168213,DOT,-0.009218928802768978
2025-01-01,7.028347015380859,DOT,0.059294499441983506
2025-01-02,7.168960094451904,DOT,0.0200065646678127
2025-01-03,7.74745512008667,DOT,0.08069441285946977
2025-01-04,7.68438196182251,DOT,-0.008141145355025192
2025-01-05,7.679114818572998,DOT,-0.0006854348567887358
2025-01-06,7.76667594909668,DOT,0.011402503099954053
2025-01-07,7.015230178833008,DOT,-0.09675255864783061
2025-01-08,6.761236190795898,DOT,-0.036206080422490405
2025-01-09,6.557372093200684,DOT,-0.030151897055857302
2025-01-10,6.736066818237305,DOT,0.027250966164007906
2025-01-11,6.73646879196167,DOT,5.967484219082664e-05
2025-01-12,6.628734111785889,DOT,-0.015992752806089805
2025-01-13,6.396489143371582,DOT,-0.03503609656048434
2025-01-14,6.664538860321045,DOT,0.04190575657073259
2025-01-15,7.164988040924072,DOT,0.07509134406621487
2025-01-16,7.1502227783203125,DOT,-0.002060751883942502
2025-01-17,7.512493133544922,DOT,0.05066560391978614
2025-01-18,7.043352127075195,DOT,-0.06244811118361093
2025-01-19,6.232108116149902,DOT,-0.11517868144158339
2025-01-20,6.374917984008789,DOT,0.02291517817041866
2025-01-21,6.627902030944824,DOT,0.039684282616754496
2025-01-22,6.440516948699951,DOT,-0.028272156312811547
2025-01-23,6.354040145874023,DOT,-0.013426997167266697
2025-01-24,6.315302848815918,DOT,-0.006096482894156652
2025-01-25,6.322443008422852,DOT,0.001130612383580587
2025-01-26,6.184237957000732,DOT,-0.0218594380744912
2025-01-27,5.943115234375,DOT,-0.03898988433211481
2025-01-28,5.655594825744629,DOT,-0.04837873695723616
2025-01-29,5.7635297775268555,DOT,0.01908463302408081
2025-01-30,6.126862049102783,DOT,0.06303988798542037
2025-01-31,6.318368911743164,DOT,0.03125692419799542
2025-02-01,5.921681880950928,DOT,-0.06278313854940687
2025-02-02,5.148262023925781,DOT,-0.13060814014901923
2025-02-03,5.185870170593262,DOT,0.00730501798329275
2025-02-04,4.750216007232666,DOT,-0.08400791940974428
2025-02-05,4.692637920379639,DOT,-0.012121151283511988
2025-02-06,4.492766857147217,DOT,-0.04259247498393226
2025-02-07,4.590202808380127,DOT,0.021687293004734043
2025-02-08,4.7452287673950195,DOT,0.033773226475281026
2025-02-09,4.77225923538208,DOT,0.005696346648825346
2025-02-10,4.841084003448486,DOT,0.014421841872321428
2025-02-11,4.808444023132324,DOT,-0.0067422875316585085
2025-02-12,5.228726863861084,DOT,0.08740516447875346
2025-02-13,5.1322340965271,DOT,-0.018454352244119843
2025-02-14,5.187249183654785,DOT,0.010719520211463829
2025-02-15,5.023991107940674,DOT,-0.031472958004127416
2025-02-16,4.880805969238281,DOT,-0.028500277095650395
2025-02-17,4.888372898101807,DOT,0.0015503441257891382
2025-02-18,4.758245944976807,DOT,-0.026619686312296165
2025-02-19,4.882347106933594,DOT,0.026081283605736694
2025-02-20,5.047636032104492,DOT,0.03385439862236872
2025-02-21,5.05633020401001,DOT,0.0017224244874669559
2025-02-22,5.044673919677734,DOT,-0.002305285426776771
2025-02-23,4.959229946136475,DOT,-0.016937462143582493
2025-02-24,4.413650989532471,DOT,-0.11001283718030486
2025-02-25,4.633916854858398,DOT,0.04990559195738764
2025-02-26,4.740311145782471,DOT,0.022959905034231287
2025-02-27,4.926065921783447,DOT,0.039186199025404767
2025-02-28,4.712969779968262,DOT,-0.04325888958831381
2025-03-01,4.662499904632568,DOT,-0.010708720338120536
2025-03-02,5.196681976318359,DOT,0.11456988367013965
2025-03-03,4.473834991455078,DOT,-0.1390977912747683
2025-03-04,4.328348159790039,DOT,-0.03251948986561093
2025-03-05,4.529809951782227,DOT,0.04654472897160833
2025-03-06,4.434199810028076,DOT,-0.02110687705927561
2025-03-07,4.403337001800537,DOT,-0.006960175352888176
2025-03-08,4.289371013641357,DOT,-0.02588173199384436
2025-03-09,4.016472816467285,DOT,-0.06362196142655474
2025-03-10,3.880053997039795,DOT,-0.033964830751046504
2025-03-11,4.037774085998535,DOT,0.04064894176191092
2025-03-12,3.973094940185547,DOT,-0.01601851525999709
2025-03-13,3.980884075164795,DOT,0.0019604703880760077
2025-03-14,4.180880069732666,DOT,0.050239090310508994
2025-03-15,4.352015018463135,DOT,0.04093275718894551
2025-03-16,4.305270195007324,DOT,-0.0107409609703778
2025-03-17,4.375901222229004,DOT,0.016405713003469158
2025-03-18,4.454755783081055,DOT,0.018020187579070646
2025-03-19,4.5421528816223145,DOT,0.019618830480716776
2025-03-20,4.396971225738525,DOT,-0.03196318126393283
2025-03-21,4.493344783782959,DOT,0.02191816891597842
2025-03-22,4.444769859313965,DOT,-0.01081041558268736
2025-03-23,4.495940208435059,DOT,0.011512485627094282
2025-03-24,4.616262912750244,DOT,0.026762523240287273
2025-03-25,4.639867782592773,DOT,0.005113415394372822
2025-03-26,4.693815231323242,DOT,0.011626936640923624
2025-03-27,4.628855228424072,DOT,-0.01383948870966889
2025-03-28,4.279852867126465,DOT,-0.07539712176663338
2025-03-29,4.052915096282959,DOT,-0.05302466647547954
2025-03-30,4.0395050048828125,DOT,-0.003308752115840141
2025-03-31,4.022634983062744,DOT,-0.004176259665398696
2025-04-01,4.1754021644592285,DOT,0.03797689376234947
2025-04-02,3.9694559574127197,DOT,-0.049323681632277405
2025-04-03,4.051623821258545,DOT,0.020700031623321458
2025-04-04,4.032867908477783,DOT,-0.004629233514313658
2025-04-05,3.956533908843994,DOT,-0.018927969218461627
2025-04-06,3.677018880844116,DOT,-0.07064643812986948
2025-04-07,3.5914759635925293,DOT,-0.02326420397165574
2025-04-08,3.371997117996216,DOT,-0.061111043988937186
2025-04-09,3.639357089996338,DOT,0.07928831569079131
2025-04-10,3.4621849060058594,DOT,-0.048682275360524385
2025-04-11,3.5592501163482666,DOT,0.02803582505776281
2025-04-12,3.7127699851989746,DOT,0.04313264418973084
2025-04-13,3.665757894515991,DOT,-0.01266226856778041
2025-04-14,3.6716148853302,DOT,0.0015977571303797955
2025-04-15,3.523082971572876,DOT,-0.04045411035639335
2025-04-16,3.5573348999023438,DOT,0.009722146371754725
2025-04-17,3.6304900646209717,DOT,0.02056459871704419
2025-04-18,3.67856502532959,DOT,0.013242003105064848
2025-04-19,3.8793280124664307,DOT,0.05457644101828896
2025-04-20,3.8790690898895264,DOT,-6.674418251617631e-05
2025-04-21,3.785083055496216,DOT,-0.02422901789459675
2025-04-22,4.017457962036133,DOT,0.061392287337656004
2025-04-23,4.093155860900879,DOT,0.018842237947495732
2025-04-24,4.26455020904541,DOT,0.0418733989051685
2025-04-25,4.255543231964111,DOT,-0.0021120579286871832
2025-04-26,4.267284870147705,DOT,0.0027591396781967426
2025-04-27,4.095620155334473,DOT,-0.04022808882859763
2025-04-28,4.238255977630615,DOT,0.03482642844951389
2025-04-29,4.146282196044922,DOT,-0.02170085574612013
2025-04-30,4.068164825439453,DOT,-0.018840341036117536
2025-05-01,4.176702976226807,DOT,0.026679880350135354
2025-05-02,4.163290977478027,DOT,-0.003211144968918944
2025-05-03,4.033395767211914,DOT,-0.03120012772799252
2025-05-04,3.920790910720825,DOT,-0.027918127302674067
2025-05-05,3.9187569618225098,DOT,-0.0005187598483648026
2025-05-06,3.9675021171569824,DOT,0.01243893301099308
2025-05-07,3.9670701026916504,DOT,-0.0001088882759416876
2025-05-08,4.441946029663086,DOT,0.11970444551741921
2025-05-09,4.792686939239502,DOT,0.07896109210561919
2025-05-10,5.311709880828857,DOT,0.10829477246676023
2025-05-11,5.0924458503723145,DOT,-0.04127936867333726
2025-05-12,5.072290897369385,DOT,-0.003957813906152019
2025-05-13,5.201260089874268,DOT,0.025426221625374223
2025-05-14,4.985311985015869,DOT,-0.041518420753232976
2025-05-15,4.768424987792969,DOT,-0.04350520045180484
2025-05-16,4.754538059234619,DOT,-0.0029122673826053047
2025-05-17,4.610406875610352,DOT,-0.03031444523707727
2025-05-18,4.804838180541992,DOT,0.042172265957741706
2025-05-19,4.596532821655273,DOT,-0.04335325167250936
2025-05-20,4.675634860992432,DOT,0.017209066573938392
2025-05-21,4.744808197021484,DOT,0.01479442644380713
2025-05-22,4.946420192718506,DOT,0.04249107389073847
2025-05-23,4.554623126983643,DOT,-0.07920820522114502
2025-05-24,4.547797203063965,DOT,-0.0014986802923907527
2025-05-25,4.525113105773926,DOT,-0.004987930700770082
2025-05-26,4.46865177154541,DOT,-0.012477331043167172
2025-05-27,4.5374369621276855,DOT,0.015392828552958981
2025-05-28,4.5749831199646,DOT,0.008274750294119393
2025-05-29,4.34134578704834,DOT,-0.05106845791336334
2025-05-30,4.048573970794678,DOT,-0.0674380320330844
2025-05-31,4.081821918487549,DOT,0.0082122613870248
2025-06-01,4.064271926879883,DOT,-0.004299548573684198
2025-06-02,4.145421981811523,DOT,0.01996668933368806
2025-06-03,4.141016006469727,DOT,-0.0010628532779360933
2025-06-04,4.0176100730896,DOT,-0.029800882968653908
2025-06-05,3.8261899948120117,DOT,-0.04764526043971784
2025-06-06,3.8906478881835938,DOT,0.016846495720019616
2025-06-07,4.028441905975342,DOT,0.03541672794658357
2025-06-08,4.024810791015625,DOT,-0.0009013695727697613
2025-06-09,4.157787799835205,DOT,0.03303931929332382
2025-06-10,4.286640167236328,DOT,0.030990606929538478
2025-06-11,4.192241191864014,DOT,-0.022021670046817876
2025-06-12,3.9283010959625244,DOT,-0.06295918670274137
2025-06-13,3.8416519165039062,DOT,-0.022057672602457945
2025-06-14,3.785244941711426,DOT,-0.01468299992254729
2025-06-15,3.8218910694122314,DOT,0.00968130947009116
2025-06-16,3.8513100147247314,DOT,0.007697483988476028
2025-06-17,3.7247750759124756,DOT,-0.03285503850078919
2025-06-18,3.6224279403686523,DOT,-0.02747740023436196
2025-06-19,3.54790997505188,DOT,-0.020571276100854297
2025-06-20,3.4376869201660156,DOT,-0.031067038245312983
2025-06-21,3.319669008255005,DOT,-0.034330616676783166
2025-06-22,3.1523730754852295,DOT,-0.050395365427625904
2025-06-23,3.4198780059814453,DOT,0.08485827155944725
2025-06-24,3.437391996383667,DOT,0.005121232503495499
2025-06-25,3.356421947479248,DOT,-0.023555663418546424
2025-06-26,3.2972519397735596,DOT,-0.01762889429028036
2025-06-27,3.3604369163513184,DOT,0.019162920435524367
2025-06-28,3.4042139053344727,DOT,0.013027171785354064
2025-06-29,3.547437906265259,DOT,0.04207256209909471
2025-06-30,3.399553060531616,DOT,-0.04168778979117793
2025-07-01,3.283790111541748,DOT,-0.03405240245662333
2025-07-02,3.542109966278076,DOT,0.07866515397205043
2025-07-03,3.5397400856018066,DOT,-0.0006690590351038361
2025-07-04,3.3577089309692383,DOT,-0.051425005856502115
2025-07-05,3.355695962905884,DOT,-0.0005995064208181855
2025-07-06,3.3957769870758057,DOT,0.011944176293973152
2025-07-07,3.369813919067383,DOT,-0.007645692902460088
2025-07-08,3.4486050605773926,DOT,0.023381451736603776
2025-07-09,3.6188080310821533,DOT,0.04935414972576302
2025-07-10,3.8834149837493896,DOT,0.0731199197068515
2025-07-11,3.917196035385132,DOT,0.008698800354096425
2025-07-12,3.8889429569244385,DOT,-0.007212577110125573
2025-07-13,3.98730206489563,DOT,0.02529199040990271
2025-07-14,3.950788974761963,DOT,-0.009157342368196764
2025-07-15,4.078707218170166,DOT,0.032377898243960423
2025-07-16,4.1577677726745605,DOT,0.019383728783519683
2025-07-17,4.266907215118408,DOT,0.02624952821105775
2025-07-18,4.229214191436768,DOT,-0.008833804388360678
2025-07-19,4.415104866027832,DOT,0.04395395129607116
2025-07-20,4.4912872314453125,DOT,0.017254939062414598
2025-07-21,4.503505229949951,DOT,0.002720377895026438
2025-07-22,4.547214984893799,DOT,0.009705718703991284
2025-07-23,4.115471839904785,DOT,-0.09494671934872179
2025-07-24,4.000131130218506,DOT,-0.02802612049678066
2025-07-25,4.088868141174316,DOT,0.02218352550631586
2025-07-26,4.124812126159668,DOT,0.008790693107317615
2025-07-27,4.239684104919434,DOT,0.02784902081509233
2025-07-28,3.948425054550171,DOT,-0.06869829052388743
2025-07-29,3.9029300212860107,DOT,-0.011522324125598282
2025-07-30,3.8067150115966797,DOT,-0.02465199456935907
2025-07-31,3.6885859966278076,DOT,-0.03103174642940354
2025-08-01,3.5524909496307373,DOT,-0.036896265160007546
2025-08-02,3.506546974182129,DOT,-0.012932890217041693
2025-08-03,3.6039528846740723,DOT,0.027778299052920064
2025-08-04,3.7199230194091797,DOT,0.03217859346282648
2025-08-05,3.618730068206787,DOT,-0.02720296916748144
2025-08-06,3.673978090286255,DOT,0.015267240451246167
2025-08-07,3.863389015197754,DOT,0.05155472358757085
2025-08-08,3.9782629013061523,DOT,0.02973396819644858
2025-08-09,4.139029026031494,DOT,0.040411136396380165
2025-08-10,4.063408851623535,DOT,-0.01827002756742291
2025-08-11,3.8637399673461914,DOT,-0.04913827073974253
2025-08-12,4.148653984069824,DOT,0.07374047403074235
2025-08-13,4.281787872314453,DOT,0.03209086338746059
2025-08-14,3.988956928253174,DOT,-0.06838987656410778
2025-08-15,3.891083002090454,DOT,-0.024536220351113247
2025-08-16,3.9670538902282715,DOT,0.01952435558352339
2025-08-17,4.056697845458984,DOT,0.022597110528678632
2025-08-18,3.9148130416870117,DOT,-0.03497544287918719
2025-08-19,3.715419054031372,DOT,-0.05093320818449987
2025-08-20,3.880340099334717,DOT,0.04438827569783799
2025-08-21,3.7936270236968994,DOT,-0.022346772040080842
2025-08-22,4.175912857055664,DOT,0.10077053726442142
2025-08-23,4.226393222808838,DOT,0.012088462446691484
2025-08-24,4.109203815460205,DOT,-0.027727994337154782
2025-08-25,3.7359769344329834,DOT,-0.09082705501805888
2025-08-26,3.8882479667663574,DOT,0.04075802260178696
2025-08-27,3.8341710567474365,DOT,-0.013907783269258345
2025-08-28,3.9804909229278564,DOT,0.03816206006847911
2025-08-29,3.7769110202789307,DOT,-0.051144420773903465
2025-08-30,3.8101580142974854,DOT,0.00880269454060345
2025-08-31,3.74202299118042,DOT,-0.017882466517501694
2025-09-01,3.689126968383789,DOT,-0.014135675521316005
2025-09-02,3.8170011043548584,DOT,0.03466243831317395
2025-09-03,3.8643898963928223,DOT,0.012415189501490342
2025-09-04,3.7666831016540527,DOT,-0.025283886294696356
2025-09-05,3.82886004447937,DOT,0.016507080937606222
2025-09-06,3.8251469135284424,DOT,-0.0009697745302238436
2025-09-07,3.9948670864105225,DOT,0.04436958284708714
2025-09-08,4.045086860656738,DOT,0.012571075122136177
2025-09-09,4.139011859893799,DOT,0.023219525926771123
2025-09-10,4.21365213394165,DOT,0.018033355925142658
2025-09-11,4.241763114929199,DOT,0.006671405254627061
2025-09-12,4.320271968841553,DOT,0.018508542741586753
2025-09-13,4.500833034515381,DOT,0.041793911812974205
2025-09-14,4.322048187255859,DOT,-0.03972261265603061
2025-09-15,4.152833938598633,DOT,-0.039151402604944985
2025-09-16,4.255425930023193,DOT,0.024704091938523298
2025-09-17,4.400455951690674,DOT,0.03408119987337899
2025-09-18,4.53749418258667,DOT,0.031141825392740463
2025-09-19,4.358479976654053,DOT,-0.0394522171774041
2025-09-20,4.3580708503723145,DOT,-9.386902863606217e-05
2025-09-21,4.271018981933594,DOT,-0.019974863059255665
2025-09-22,4.036866188049316,DOT,-0.05482363690602721
2025-09-23,3.9731099605560303,DOT,-0.015793495380656664
2025-09-24,3.9947450160980225,DOT,0.005445370441991004
2025-09-25,3.8005480766296387,DOT,-0.04861310013175035
2025-09-26,3.9277079105377197,DOT,0.03345828847423693
2025-09-27,3.8925979137420654,DOT,-0.008939054938748692
2025-09-28,3.996964931488037,DOT,0.026811661532655018
2025-09-29,3.983712911605835,DOT,-0.003315520678653705
2025-09-30,3.907707929611206,DOT,-0.01907893055576415
2025-10-01,4.121088027954102,DOT,0.054604924980697245
2025-10-02,4.3088788986206055,DOT,0.045568274541258
2025-10-03,4.320178031921387,DOT,0.0026222907551192165
2025-10-04,4.201498985290527,DOT,-0.027470869430368694
2025-10-05,4.135800838470459,DOT,-0.015636835103394753
2025-10-06,4.387514114379883,DOT,0.060862039962861214
2025-10-07,4.146091938018799,DOT,-0.05502482044897217
2025-10-08,4.197646141052246,DOT,0.01243440903003279
2025-10-09,4.075096130371094,DOT,-0.029194936057766907
2025-10-10,2.962415933609009,DOT,-0.2730439138525942
2025-10-11,3.000314950942993,DOT,0.01279328027641724
2025-10-12,3.2469899654388428,DOT,0.08221637345716659
2025-10-13,3.3771069049835205,DOT,0.04007309567619566
2025-10-14,3.2507400512695312,DOT,-0.03741867144552413
2025-10-15,3.138685941696167,DOT,-0.03447033838636315
2025-10-16,3.015078067779541,DOT,-0.03938204593028749
2025-10-17,2.8918559551239014,DOT,-0.04086863088967607
2025-10-18,2.9324910640716553,DOT,0.014051567428783995
2025-10-19,3.0078349113464355,DOT,0.025692779834141533
2025-10-20,3.087536096572876,DOT,0.0264978589502316
2025-10-21,3.0065131187438965,DOT,-0.02624195322571743
2025-10-22,2.9219770431518555,DOT,-0.028117647338708363
2025-10-23,3.003082036972046,DOT,0.027756889469845003
2025-10-24,3.078372001647949,DOT,0.025070898413356968
2025-10-25,3.092258930206299,DOT,0.004511127489112976
2025-10-26,3.196014881134033,DOT,0.03355344855316256
2025-10-27,3.1401870250701904,DOT,-0.017467958736172573
2025-10-28,3.053065061569214,DOT,-0.027744195745484035
2025-10-29,3.0796608924865723,DOT,0.008711190354943943
2025-10-30,2.873090982437134,DOT,-0.06707553761954954
2025-10-31,2.882333993911743,DOT,0.003217096684758891
2025-11-01,2.9667699337005615,DOT,0.02929429412662432
2025-11-02,2.987847089767456,DOT,0.007104412050112696
2025-11-03,2.5833070278167725,DOT,-0.1353951690955406
2025-11-04,2.5136098861694336,DOT,-0.026979813431716626
2025-11-05,2.6720540523529053,DOT,0.0630345094739142
2025-11-06,2.6639440059661865,DOT,-0.003035135602731276
2025-11-07,3.2420198917388916,DOT,0.21700001369324684
2025-11-08,3.2495250701904297,DOT,0.002314969895978125
2025-11-09,3.2328670024871826,DOT,-0.005126308412284675
2025-11-10,3.260983943939209,DOT,0.008697215638748812
2025-11-11,3.0523529052734375,DOT,-0.0639779410915311
2025-11-12,2.9233651161193848,DOT,-0.04225847834672236
2025-11-13,2.861380100250244,DOT,-0.021203309681488758
2025-11-14,2.8097660541534424,DOT,-0.01803816490241472
2025-11-15,2.831317901611328,DOT,0.007670335196066302
2025-11-16,2.7873780727386475,DOT,-0.015519214160894523
2025-11-17,2.6619250774383545,DOT,-0.045007527513852175
2025-11-18,2.7538230419158936,DOT,0.03452312210303643
2025-11-19,2.68806791305542,DOT,-0.023877761155897015
2025-11-20,2.539591073989868,DOT,-0.05523552375460039
2025-11-21,2.3453900814056396,DOT,-0.07646939484596849
2025-11-22,2.309506893157959,DOT,-0.015299454249493194
2025-11-23,2.2557220458984375,DOT,-0.023288454959308424
2025-11-24,2.3393540382385254,DOT,0.03707548653530046
2025-11-25,2.294471025466919,DOT,-0.019186071042672226
2025-11-26,2.3444418907165527,DOT,0.021778817293831354
2025-11-27,2.337851047515869,DOT,-0.002811263195211522
2025-11-28,2.2849929332733154,DOT,-0.022609701460116205
2025-11-29,2.2603209018707275,DOT,-0.010797421315104305
2025-11-30,2.2185781002044678,DOT,-0.018467643966709302
2025-12-01,2.042915105819702,DOT,-0.07917818821369249
2025-12-02,2.247905969619751,DOT,0.1003423310230005
2025-12-03,2.366935968399048,DOT,0.05295150259306958
2025-12-04,2.2741360664367676,DOT,-0.039206764864470944
2025-12-05,2.1272780895233154,DOT,-0.06457748024882115
2025-12-06,2.1290860176086426,DOT,0.0008498785815691523
2025-12-07,2.0915310382843018,DOT,-0.017639014588298307
2025-12-08,2.1314139366149902,DOT,0.019068757575505302
2025-12-09,2.291780948638916,DOT,0.07523973136753193
2025-12-10,2.1941299438476562,DOT,-0.042609222687383985
2025-12-11,2.067172050476074,DOT,-0.0578625225582341
2025-12-12,2.0130269527435303,DOT,-0.026192835627820266
2025-12-13,2.0396690368652344,DOT,0.013234837261068
2025-12-14,1.9549089670181274,DOT,-0.0415557957272199
2025-12-15,1.9018629789352417,DOT,-0.027134761248651995
2025-12-16,1.898476004600525,DOT,-0.0017808718988856498
2025-12-17,1.811722993850708,DOT,-0.04569613233961911
2025-12-18,1.7585159540176392,DOT,-0.029368198126127676
2025-12-19,1.8489179611206055,DOT,0.05140812450204213
2025-12-20,1.8327770233154297,DOT,-0.008729937263086018
2025-12-21,1.799973964691162,DOT,-0.017898008435815016
2025-12-22,1.78267502784729,DOT,-0.009610659477977568
2025-12-23,1.7635560035705566,DOT,-0.010724907219809454
2025-12-24,1.736646056175232,DOT,-0.01525891286743486
2025-12-25,1.6823999881744385,DOT,-0.031236110437071085
2025-12-26,1.7221879959106445,DOT,0.023649553028932013
2025-12-27,1.9138540029525757,DOT,0.11129215131974224
2025-12-28,1.848762035369873,DOT,-0.034010936822914783
2025-12-29,1.8222349882125854,DOT,-0.014348546026898723
2025-12-30,1.810837984085083,DOT,-0.006254409667921901
2025-12-31,1.7891989946365356,DOT,-0.01194971037648096
2026-01-01,1.996027946472168,DOT,0.11559862958544098
2026-01-02,2.1611979007720947,DOT,0.08274931951321252
2026-01-03,2.1250391006469727,DOT,-0.016730906555204483
2026-01-04,2.139849901199341,DOT,0.006969660251361587
2026-01-05,2.2084009647369385,DOT,0.032035454215352255
2026-01-06,2.2341198921203613,DOT,0.011645950076138556
2026-01-07,2.143120050430298,DOT,-0.0407318524001401
2026-01-08,2.1099050045013428,DOT,-0.015498453258503186
2026-01-09,2.0802130699157715,DOT,-0.014072640484868004
2026-01-10,2.090096950531006,DOT,0.00475137896121125
2026-01-11,2.0661659240722656,DOT,-0.01144972076661821
2026-01-12,2.0523300170898438,DOT,-0.0066964162080227485
2026-01-13,2.2817161083221436,DOT,0.11176861875146371
2026-01-14,2.2260570526123047,DOT,-0.024393506057494463
2026-01-15,2.1170480251312256,DOT,-0.048969556891255595
2026-01-16,2.119088888168335,DOT,0.0009640135759239055
2026-01-17,2.177090883255005,DOT,0.027371194955774003
2026-01-18,2.067770004272461,DOT,-0.05021420089688511
2026-01-19,2.028562068939209,DOT,-0.018961458601411074
2026-01-20,1.8968919515609741,DOT,-0.0649081038210918
2026-01-21,1.949450969696045,DOT,0.027707966229610248
2026-01-22,1.924347996711731,DOT,-0.01287694503454373
2026-01-23,1.9242219924926758,DOT,-6.547891507691084e-05
2026-01-24,1.9266730546951294,DOT,0.0012737938824192163
2026-01-25,1.821653962135315,DOT,-0.05450799880337365
2026-01-26,1.8743879795074463,DOT,0.02894842734583758
2026-01-27,1.8749890327453613,DOT,0.0003206663959043343
2026-01-28,1.867864966392517,DOT,-0.00379952427903707
2026-01-29,1.7326500415802002,DOT,-0.07239009631058235
2026-01-30,1.6865910291671753,DOT,-0.026582986354831584
2026-01-31,1.5440330505371094,DOT,-0.08452433112991231
2026-02-01,1.496878981590271,DOT,-0.030539546372038706
2026-02-02,1.542801022529602,DOT,0.03067852612276245
2026-02-03,1.492959976196289,DOT,-0.03230555697428361
2026-02-04,1.4607069492340088,DOT,-0.02160341032346591
2026-02-05,1.2440760135650635,DOT,-0.1483055419039021
2026-02-06,1.3667919635772705,DOT,0.09864023473979566
2026-02-07,1.3722529411315918,DOT,0.003995470927432354
2026-02-08,1.3371039628982544,DOT,-0.025614066605208152
2026-02-09,1.3186039924621582,DOT,-0.013835850427065033
2026-02-10,1.2822790145874023,DOT,-0.02754805694689899
2026-02-11,1.2546149492263794,DOT,-0.021574138737601056
2026-02-12,1.2815330028533936,DOT,0.02145523106002556
2026-02-13,1.3293770551681519,DOT,0.037333453144188455
2026-02-14,1.4210809469223022,DOT,0.06898260459486472
2026-02-15,1.3567869663238525,DOT,-0.04524301077830506
2026-02-16,1.3755500316619873,DOT,0.013829043028746435
2026-02-17,1.3464939594268799,DOT,-0.021123239116210724
2026-02-18,1.3108880519866943,DOT,-0.02644342159198454
2026-02-19,1.2860859632492065,DOT,-0.018920066210001196
2026-02-20,1.3413519859313965,DOT,0.04297226177833724
2026-02-21,1.358886957168579,DOT,0.013072609889943854
2026-02-22,1.3123029470443726,DOT,-0.03428100466963824
2026-02-23,1.2642070055007935,DOT,-0.03665002936395356
2026-02-24,1.2396880388259888,DOT,-0.019394740393082976
2026-02-25,1.6564899682998657,DOT,0.33621517383405375
2026-02-26,1.6055690050125122,DOT,-0.03074027869882978
2026-02-27,1.5994930267333984,DOT,-0.0037843146324728627
2026-02-28,1.6706390380859375,DOT,0.04448035106338577
2026-03-01,1.537121057510376,DOT,-0.07992030446537035
2026-03-02,1.509255051612854,DOT,-0.018128699598101705
2026-03-03,1.5302129983901978,DOT,0.013886285657912723
2026-03-04,1.5421899557113647,DOT,0.007826987049363021
2026-03-05,1.5302679538726807,DOT,-0.007730566390042992
2026-03-06,1.487705945968628,DOT,-0.02781343476241538
2026-03-07,1.4464149475097656,DOT,-0.02775481174270511
2026-03-08,1.451653003692627,DOT,0.003621406285851503
2026-03-09,1.4922740459442139,DOT,0.02798261164910465
2026-03-10,1.4861780405044556,DOT,-0.004085044202387866
2026-03-11,1.5219180583953857,DOT,0.02404827478059013
2026-03-12,1.5165899991989136,DOT,-0.0035008844050972154
2026-03-13,1.464547038078308,DOT,-0.03431577496099503
2026-03-14,1.414059042930603,DOT,-0.034473454136339954
2026-03-15,1.439507007598877,DOT,0.017996394701832008
2026-03-16,1.6413739919662476,DOT,0.14023341553862134
2026-03-17,1.6210410594940186,DOT,-0.012387751098621669
2026-03-18,1.5756490230560303,DOT,-0.028001780813717736
2026-03-19,1.5245039463043213,DOT,-0.032459688676423126
2026-03-20,1.4998860359191895,DOT,-0.016148144742301418
2026-03-21,1.4641669988632202,DOT,-0.023814500702434516
2026-03-22,1.4115079641342163,DOT,-0.035965183459187644
2026-03-23,1.4198030233383179,DOT,0.00587673567197311
2026-03-24,1.4003620147705078,DOT,-0.013692750507108609
2026-03-25,1.3612769842147827,DOT,-0.02791066177422008
2026-03-26,1.3228590488433838,DOT,-0.028221982606691398
2026-03-27,1.290624976158142,DOT,-0.024366974481086934
2026-03-28,1.2572089433670044,DOT,-0.025891357604599152
2026-03-29,1.2580100297927856,DOT,0.0006371943422831539
2026-03-30,1.2423030138015747,DOT,-0.012485604740208767
2026-03-31,1.2516200542449951,DOT,0.007499813121204069
2026-04-01,1.255020022392273,DOT,0.0027164538757160628
2026-04-02,1.2363569736480713,DOT,-0.014870717925780097
2026-04-03,1.2373789548873901,DOT,0.000826606927531115
2026-04-04,1.2517399787902832,DOT,0.011606003032595735
2026-04-05,1.2430139780044556,DOT,-0.00697109697995002
2026-04-06,1.2425119876861572,DOT,-0.0004038492946830674
2026-04-07,1.3175729513168335,DOT,0.06041065549029989
2026-04-08,1.2689659595489502,DOT,-0.03689130967610077
2026-04-09,1.2997419834136963,DOT,0.024252836439903724
2026-04-10,1.305346965789795,DOT,0.004312380801439808
2026-04-11,1.2874699831008911,DOT,-0.013695196110627528
2026-04-12,1.2232530117034912,DOT,-0.04987842220812977
2026-04-13,1.2305430173873901,DOT,0.0059595240021088625
2026-04-14,1.1652259826660156,DOT,-0.05307984670056598
2026-04-15,1.1805880069732666,DOT,0.01318372962479164
2026-04-16,1.3309979438781738,DOT,0.12740256212708845
2026-04-17,1.3362669944763184,DOT,0.003958721816498034
2026-04-18,1.273911952972412,DOT,-0.046663609713972765
2026-04-19,1.2403279542922974,DOT,-0.026362888425493947
2026-04-20,1.2806999683380127,DOT,0.032549467184064707
2026-04-21,1.2798010110855103,DOT,-0.0007019265048230361
2026-04-22,1.2712949514389038,DOT,-0.006646392347660179
2026-04-23,1.2413779497146606,DOT,-0.023532699229539045
2026-04-24,1.253991961479187,DOT,0.010161298392182383
2026-04-25,1.2465640306472778,DOT,-0.005923427789080393
2026-04-26,1.2622979879379272,DOT,0.012621860493182702
2026-04-27,1.2341959476470947,DOT,-0.022262604043867373
2026-04-28,1.2291350364685059,DOT,-0.004100573485302017
2026-04-29,1.2112770080566406,DOT,-0.01452893936143429
2026-04-30,1.203423023223877,DOT,-0.006484053425041547
2026-05-01,1.2027250528335571,DOT,-0.0005799875661760545
2026-05-02,1.2268630266189575,DOT,0.02006940300156934
2026-05-03,1.2101110219955444,DOT,-0.01365433977546704
2026-05-04,1.2281349897384644,DOT,0.014894474486479181
2026-05-05,1.2793099880218506,DOT,0.041668870857823226
2026-05-06,1.3183350563049316,DOT,0.030504778863974957
2026-05-07,1.3083850145339966,DOT,-0.00754743016454662
2026-05-08,1.3714369535446167,DOT,0.0481906612428431
2026-05-09,1.3460769653320312,DOT,-0.018491545052100267
2026-05-10,1.3823779821395874,DOT,0.02696800981108982
2026-05-11,1.3629000186920166,DOT,-0.01409018640287052
2026-05-12,1.3346500396728516,DOT,-0.020727844032372045
2026-05-13,1.3278729915618896,DOT,-0.005077771632646888
2026-05-14,1.3629909753799438,DOT,0.02644679426512564
2026-05-15,1.317389965057373,DOT,-0.03345657538917979
2026-05-16,1.2681479454040527,DOT,-0.037378468759761474
2026-05-17,1.2485430240631104,DOT,-0.015459490678507493
2026-05-18,1.2497470378875732,DOT,0.0009643350699639619
2026-05-19,1.2242820262908936,DOT,-0.02037613278901851
2026-05-20,1.2474230527877808,DOT,0.018901712187179287
2026-05-21,1.2877559661865234,DOT,0.03233298703964582
2026-05-22,1.2573399543762207,DOT,-0.02361939110278377
2026-05-23,1.29169499874115,DOT,0.027323592354919768
2026-05-24,1.2446399927139282,DOT,-0.03642888303591807
2026-05-25,1.2612190246582031,DOT,0.01332034326498266
2026-05-26,1.2484179735183716,DOT,-0.010149744722809495
2026-05-27,1.2288579940795898,DOT,-0.015667813067170577
2026-05-28,1.2127519845962524,DOT,-0.013106485501932053
2026-05-29,1.1921030282974243,DOT,-0.017026528557446574
2026-05-30,1.18709397315979,DOT,-0.004201864284153589
2026-05-31,1.1863269805908203,DOT,-0.0006461093951375396
2026-06-01,1.155519962310791,DOT,-0.025968403976352805
2026-06-02,1.076833963394165,DOT,-0.06809575038346449
2026-06-03,1.103538990020752,DOT,0.024799576846938454
2026-06-04,1.0360089540481567,DOT,-0.061194064354106126
2026-06-05,0.9437029957771301,DOT,-0.08909764525716246
2026-06-06,0.9428079724311829,DOT,-0.0009484163449223759
2026-06-07,0.9706199765205383,DOT,0.02949911848712694
2026-06-08,0.973468005657196,DOT,0.002934237091294145
2026-06-09,0.9577919840812683,DOT,-0.01610327353834784
2026-06-10,0.9159449934959412,DOT,-0.043691105460093804
2026-06-11,0.9504430294036865,DOT,0.037663872997520054
2026-06-12,0.9563630223274231,DOT,0.006228666780218051
2026-06-13,0.9799330234527588,DOT,0.024645454262729016
2026-06-14,0.994521975517273,DOT,0.014887703256606821
2026-06-15,1.0103050470352173,DOT,0.01587000780926462
2026-06-16,1.0117789506912231,DOT,0.0014588699327306998
2026-06-17,1.0021779537200928,DOT,-0.009489223871055219
2026-06-18,0.972536027431488,DOT,-0.02957750784536184
2026-06-19,0.960578978061676,DOT,-0.012294710974760648
2026-06-20,0.9680969715118408,DOT,0.00782652298443498
2026-06-21,0.9410660266876221,DOT,-0.027921732656601028
2026-06-22,0.9349480271339417,DOT,-0.006501137412445623
2026-06-23,0.9090719819068909,DOT,-0.0276764531033592
2026-06-24,0.8864690065383911,DOT,-0.02486379056704313
2026-06-25,0.8417559862136841,DOT,-0.0504394626263458
2026-06-26,0.8506249785423279,DOT,0.010536298492556773
2026-06-27,0.8149200081825256,DOT,-0.041974984582498376
2026-06-28,0.8095660209655762,DOT,-0.006569954306178127
2026-06-29,0.8237379789352417,DOT,0.01750562351018936
2026-06-30,0.8206490278244019,DOT,-0.0037499195008983133
2026-07-01,0.8276680111885071,DOT,0.008552966159861342
2026-07-02,0.8403499722480774,DOT,0.015322521697267666
2026-07-03,0.8806480169296265,DOT,0.04795388351563212
2026-07-04,0.8835780024528503,DOT,0.003327078999665778
2026-07-05,0.8794050216674805,DOT,-0.0047228210455505515
2026-07-06,0.8845120072364807,DOT,0.005807319088668272
2026-07-07,0.8506320118904114,DOT,-0.03830360138572009
2026-07-08,0.8251339793205261,DOT,-0.029975397367446144
2026-07-09,0.825098991394043,DOT,-4.240272169131476e-05
2026-07-10,0.8763960003852844,DOT,0.06217073287724273
2026-07-11,0.8541359901428223,DOT,-0.02539948862463559
2026-07-12,0.8442080020904541,DOT,-0.011623427846317647
2026-07-13,0.8355630040168762,DOT,-0.010240364995559026
2026-07-14,0.85173499584198,DOT,0.01935460491591745
2026-07-15,0.8464229702949524,DOT,-0.006236711621525393
2026-07-16,0.8567669987678528,DOT,0.012220874002622839
2026-07-17,0.8488960266113281,DOT,-0.00918682928712733
2026-07-18,0.8359609842300415,DOT,-0.015237487249082138
2026-07-19,0.8182129859924316,DOT,-0.021230653789371057
2026-07-20,0.8261420130729675,DOT,0.00969066394237017
2026-07-21,0.8458160161972046,DOT,0.023814311356780582
2026-07-22,0.8341910243034363,DOT,-0.013744114170401223
2026-07-23,0.815330982208252,DOT,-0.022608780897556136
2026-07-24,0.8082870244979858,DOT,-0.00863938432854372
2026-07-25,0.8138870000839233,DOT,0.0069282017602787516
2026-07-26,0.826026976108551,DOT,0.014916046113742976
2026-07-27,0.7573689818382263,DOT,-0.0831183438993427
2026-07-28,0.7609040141105652,DOT,0.004667516570006525
2026-07-29,0.7626540064811707,DOT,0.0022998858438814107
2026-07-30,0.7680379748344421,DOT,0.007059516251822551
2026-07-31,0.7580519914627075,DOT,-0.013001939616185232
2026-08-01,0.780547022819519,DOT,0.02967478696732395
2026-08-02,0.7977579832077026,DOT,0.022049870007848638
2026-08-03,0.8209999799728394,DOT,0.02913414500934608
2024-08-03,4.365372180938721,NEAR,
2024-08-04,4.132936000823975,NEAR,-0.05324544402643894
2024-08-05,3.5290229320526123,NEAR,-0.14612204705104592
2024-08-06,3.6711440086364746,NEAR,0.04027207510980935
2024-08-07,3.564707040786743,NEAR,-0.028992860971766676
2024-08-08,4.063648223876953,NEAR,0.1399669530711538
2024-08-09,4.055445194244385,NEAR,-0.002018636747238456
2024-08-10,4.1648688316345215,NEAR,0.02698190510512477
2024-08-11,3.86714506149292,NEAR,-0.07148454901633927
2024-08-12,4.11207389831543,NEAR,0.06333582860942766
2024-08-13,4.3059401512146,NEAR,0.04714561500915382
2024-08-14,4.168641090393066,NEAR,-0.03188596589824977
2024-08-15,4.0274858474731445,NEAR,-0.03386121276912624
2024-08-16,3.9729199409484863,NEAR,-0.013548379458339532
2024-08-17,3.9888179302215576,NEAR,0.004001588128975886
2024-08-18,3.903520107269287,NEAR,-0.021384235742124447
2024-08-19,4.0,NEAR,0.024716125466100358
2024-08-20,4.034473896026611,NEAR,0.008618474006652832
2024-08-21,4.246969223022461,NEAR,0.052669897605516214
2024-08-22,4.301692008972168,NEAR,0.012885138336548252
2024-08-23,4.829037189483643,NEAR,0.12259017600785338
2024-08-24,5.044546127319336,NEAR,0.04462772378415614
2024-08-25,4.910554885864258,NEAR,-0.026561604963711738
2024-08-26,4.7829179763793945,NEAR,-0.025992359815035226
2024-08-27,4.530325889587402,NEAR,-0.05281129386692951
2024-08-28,4.345395088195801,NEAR,-0.040820639816806614
2024-08-29,4.216790199279785,NEAR,-0.02959567227048443
2024-08-30,4.116755962371826,NEAR,-0.0237228394538207
2024-08-31,4.035016059875488,NEAR,-0.019855416071164034
2024-09-01,3.851619005203247,NEAR,-0.04545138159323714
2024-09-02,3.9907989501953125,NEAR,0.03613543935785035
2024-09-03,3.7241249084472656,NEAR,-0.06682221907846186
2024-09-04,3.886152982711792,NEAR,0.04350769059786508
2024-09-05,3.7074050903320312,NEAR,-0.04599610287473266
2024-09-06,3.5458950996398926,NEAR,-0.04356416058048673
2024-09-07,3.6636900901794434,NEAR,0.033220100208692926
2024-09-08,3.750783920288086,NEAR,0.023772160844635515
2024-09-09,4.016489028930664,NEAR,0.07083988688481146
2024-09-10,4.040198802947998,NEAR,0.005903109369041815
2024-09-11,3.9720630645751953,NEAR,-0.016864451898526922
2024-09-12,4.2465081214904785,NEAR,0.06909383170748695
2024-09-13,4.289943218231201,NEAR,0.010228426626787579
2024-09-14,4.19431209564209,NEAR,-0.02229193201968327
2024-09-15,4.022871971130371,NEAR,-0.04087443199323337
2024-09-16,3.880192995071411,NEAR,-0.03546694428330743
2024-09-17,4.131886959075928,NEAR,0.06486635183461642
2024-09-18,4.243157863616943,NEAR,0.026929803657044005
2024-09-19,4.363872051239014,NEAR,0.02844913894369494
2024-09-20,4.380475044250488,NEAR,0.0038046470695125567
2024-09-21,4.6737961769104,NEAR,0.06696103269550768
2024-09-22,4.528008937835693,NEAR,-0.03119246829695499
2024-09-23,5.171483039855957,NEAR,0.1421097243522298
2024-09-24,5.365303039550781,NEAR,0.03747861071980285
2024-09-25,5.143550872802734,NEAR,-0.04133078133954082
2024-09-26,5.555717945098877,NEAR,0.08013278812416047
2024-09-27,5.459536075592041,NEAR,-0.017312230472694368
2024-09-28,5.56279993057251,NEAR,0.0189144010682758
2024-09-29,5.500738143920898,NEAR,-0.011156573564784722
2024-09-30,5.292970180511475,NEAR,-0.03777092418751782
2024-10-01,4.8425188064575195,NEAR,-0.08510370523387811
2024-10-02,4.633016109466553,NEAR,-0.043263166414881815
2024-10-03,4.635335922241211,NEAR,0.00050071329774104
2024-10-04,4.824685096740723,NEAR,0.04084907279124672
2024-10-05,4.778327941894531,NEAR,-0.009608327573028097
2024-10-06,4.951803207397461,NEAR,0.03630459600354463
2024-10-07,5.043309211730957,NEAR,0.01847932975139166
2024-10-08,4.892703056335449,NEAR,-0.029862566238292754
2024-10-09,4.605521202087402,NEAR,-0.058695950058972324
2024-10-10,4.590939044952393,NEAR,-0.003166233851751743
2024-10-11,4.731009006500244,NEAR,0.030510089586542
2024-10-12,4.8468499183654785,NEAR,0.024485455788833432
2024-10-13,4.694034099578857,NEAR,-0.03152889430464467
2024-10-14,5.022414207458496,NEAR,0.06995690719611525
2024-10-15,5.061192989349365,NEAR,0.0077211437147659545
2024-10-16,4.9463372230529785,NEAR,-0.022693417646409864
2024-10-17,4.764453887939453,NEAR,-0.03677131722152649
2024-10-18,4.893058776855469,NEAR,0.026992577101346393
2024-10-19,4.819650173187256,NEAR,-0.015002600012785638
2024-10-20,4.971157073974609,NEAR,0.03143524848135626
2024-10-21,4.7832231521606445,NEAR,-0.037804864947408534
2024-10-22,4.6773200035095215,NEAR,-0.022140541070780895
2024-10-23,4.629580974578857,NEAR,-0.010206491943002383
2024-10-24,4.71491813659668,NEAR,0.018433020717514292
2024-10-25,4.169299125671387,NEAR,-0.1157218418471061
2024-10-26,4.233325958251953,NEAR,0.015356737583623437
2024-10-27,4.3042731285095215,NEAR,0.016759203273556622
2024-10-28,4.300681114196777,NEAR,-0.0008345228579832442
2024-10-29,4.430874824523926,NEAR,0.030272811880279082
2024-10-30,4.314311981201172,NEAR,-0.02630695922114612
2024-10-31,4.049982070922852,NEAR,-0.06126814922752222
2024-11-01,3.927180051803589,NEAR,-0.03032162043405795
2024-11-02,3.8033740520477295,NEAR,-0.03152541979810686
2024-11-03,3.6908669471740723,NEAR,-0.029580867759531504
2024-11-04,3.616046905517578,NEAR,-0.020271671324749385
2024-11-05,3.813896894454956,NEAR,0.054714442070838976
2024-11-06,4.234270095825195,NEAR,0.11022143833553066
2024-11-07,4.230734825134277,NEAR,-0.0008349185599670905
2024-11-08,4.3414812088012695,NEAR,0.0261766308323228
2024-11-09,4.636455059051514,NEAR,0.06794313646970496
2024-11-10,4.727680206298828,NEAR,0.01967562417524582
2024-11-11,5.566177845001221,NEAR,0.17735921257644227
2024-11-12,5.363576889038086,NEAR,-0.036398577552652744
2024-11-13,5.169864177703857,NEAR,-0.03611632970716472
2024-11-14,5.4167962074279785,NEAR,0.047763736383843236
2024-11-15,5.603342056274414,NEAR,0.0344384100311228
2024-11-16,5.961000919342041,NEAR,0.06382956090769687
2024-11-17,5.705327987670898,NEAR,-0.042890939815416584
2024-11-18,6.0235490798950195,NEAR,0.05577612591454706
2024-11-19,5.7893218994140625,NEAR,-0.0388852447907736
2024-11-20,5.477182865142822,NEAR,-0.05391633764618131
2024-11-21,5.7984418869018555,NEAR,0.05865406170817278
2024-11-22,6.1390299797058105,NEAR,0.058737864317190525
2024-11-23,6.194852828979492,NEAR,0.009093105825874526
2024-11-24,6.881175994873047,NEAR,0.11078926083327412
2024-11-25,6.459236145019531,NEAR,-0.06131798549664913
2024-11-26,6.537659168243408,NEAR,0.012141222501107274
2024-11-27,6.828429222106934,NEAR,0.044476172033552475
2024-11-28,7.037653923034668,NEAR,0.030640238643811823
2024-11-29,6.968207836151123,NEAR,-0.009867789414344963
2024-11-30,7.005805015563965,NEAR,0.00539553071562926
2024-12-01,6.91849422454834,NEAR,-0.012462635032185032
2024-12-02,7.426878929138184,NEAR,0.07348198727780719
2024-12-03,7.392641067504883,NEAR,-0.00460999323672473
2024-12-04,7.467103958129883,NEAR,0.01007256945725521
2024-12-05,7.644489765167236,NEAR,0.023755636459865226
2024-12-06,8.028539657592773,NEAR,0.05023878692015438
2024-12-07,7.7453179359436035,NEAR,-0.03527686649480777
2024-12-08,7.800045013427734,NEAR,0.007065827114747458
2024-12-09,6.531264781951904,NEAR,-0.16266319351896452
2024-12-10,6.435824871063232,NEAR,-0.014612776250077064
2024-12-11,6.8547282218933105,NEAR,0.06508930233846977
2024-12-12,6.912145137786865,NEAR,0.008376249799396884
2024-12-13,6.929051876068115,NEAR,0.002445946655377007
2024-12-14,6.681772232055664,NEAR,-0.03568737086043727
2024-12-15,6.8587799072265625,NEAR,0.02649112675851284
2024-12-16,6.619996070861816,NEAR,-0.034814331352600814
2024-12-17,6.375511169433594,NEAR,-0.03693127591182921
2024-12-18,5.693435192108154,NEAR,-0.10698373184499266
2024-12-19,5.212406158447266,NEAR,-0.08448836553503902
2024-12-20,5.350356101989746,NEAR,0.02646569345309313
2024-12-21,5.019481182098389,NEAR,-0.061841663168608174
2024-12-22,5.032057762145996,NEAR,0.0025055537796339067
2024-12-23,5.428913116455078,NEAR,0.07886542107971306
2024-12-24,5.551753044128418,NEAR,0.022626983530278144
2024-12-25,5.441877841949463,NEAR,-0.019791082439295504
2024-12-26,5.082489967346191,NEAR,-0.0660411506911972
2024-12-27,5.104263782501221,NEAR,0.00428408423723825
2024-12-28,5.3288960456848145,NEAR,0.04400874891178108
2024-12-29,5.126215934753418,NEAR,-0.03803416489903588
2024-12-30,5.036080837249756,NEAR,-0.01758316439473162
2024-12-31,4.902723789215088,NEAR,-0.026480323160875896
2025-01-01,5.276052951812744,NEAR,0.07614729661477115
2025-01-02,5.435338973999023,NEAR,0.03019037595738161
2025-01-03,5.810998916625977,NEAR,0.06911435412289713
2025-01-04,5.7923431396484375,NEAR,-0.0032104251343366697
2025-01-05,5.903985977172852,NEAR,0.019274209906561257
2025-01-06,6.016962051391602,NEAR,0.01913555937557443
2025-01-07,5.368399143218994,NEAR,-0.10778909732738096
2025-01-08,5.157043933868408,NEAR,-0.03937024869277017
2025-01-09,4.975574970245361,NEAR,-0.03518856266305315
2025-01-10,5.085244178771973,NEAR,0.022041514635483983
2025-01-11,5.083042144775391,NEAR,-0.0004330242401681117
2025-01-12,4.969961166381836,NEAR,-0.022246712730836782
2025-01-13,4.754609107971191,NEAR,-0.04333073261564779
2025-01-14,5.0469841957092285,NEAR,0.061492981041883166
2025-01-15,5.312411785125732,NEAR,0.052591325655856336
2025-01-16,5.159666061401367,NEAR,-0.028752613672012317
2025-01-17,5.754319190979004,NEAR,0.11525031319878254
2025-01-18,5.445093154907227,NEAR,-0.05373807496750416
2025-01-19,4.969673156738281,NEAR,-0.08731163721973922
2025-01-20,5.0975661277771,NEAR,0.025734684556752097
2025-01-21,5.248363018035889,NEAR,0.029582135175664215
2025-01-22,5.090702056884766,NEAR,-0.030040025929861325
2025-01-23,4.984886169433594,NEAR,-0.02078610892343702
2025-01-24,4.993552207946777,NEAR,0.001738462668680718
2025-01-25,4.926699161529541,NEAR,-0.013387873728614608
2025-01-26,4.763298034667969,NEAR,-0.03316645110736638
2025-01-27,4.633190155029297,NEAR,-0.027314662801220524
2025-01-28,4.28914213180542,NEAR,-0.07425726372366026
2025-01-29,4.413279056549072,NEAR,0.02894213363160336
2025-01-30,4.606001853942871,NEAR,0.04366884462196152
2025-01-31,4.617603778839111,NEAR,0.0025188710869294972
2025-02-01,4.271040916442871,NEAR,-0.0750525335206148
2025-02-02,3.752584934234619,NEAR,-0.12138867136867593
2025-02-03,3.7779200077056885,NEAR,0.006751365769216644
2025-02-04,3.403398036956787,NEAR,-0.09913443640548303
2025-02-05,3.279758930206299,NEAR,-0.036328136000525646
2025-02-06,3.147468090057373,NEAR,-0.04033553775264953
2025-02-07,3.2034449577331543,NEAR,0.01778472920904517
2025-02-08,3.2874319553375244,NEAR,0.026217712091985312
2025-02-09,3.1885058879852295,NEAR,-0.03009220227103926
2025-02-10,3.2043230533599854,NEAR,0.0049606825047296965
2025-02-11,3.202306032180786,NEAR,-0.0006294687350840711
2025-02-12,3.426985025405884,NEAR,0.07016162445663898
2025-02-13,3.374660015106201,NEAR,-0.015268526098530355
2025-02-14,3.550295114517212,NEAR,0.05204527230144795
2025-02-15,3.4057860374450684,NEAR,-0.04070339856572591
2025-02-16,3.4191460609436035,NEAR,0.003922743047169552
2025-02-17,3.257340908050537,NEAR,-0.04732326434993306
2025-02-18,3.131432056427002,NEAR,-0.03865387602272474
2025-02-19,3.1584019660949707,NEAR,0.0086126440497456
2025-02-20,3.4690370559692383,NEAR,0.0983519809096165
2025-02-21,3.3065459728240967,NEAR,-0.046840399950626055
2025-02-22,3.4700510501861572,NEAR,0.0494489049013318
2025-02-23,3.4276840686798096,NEAR,-0.012209325134878046
2025-02-24,3.058819055557251,NEAR,-0.10761348062764398
2025-02-25,3.005431890487671,NEAR,-0.017453521800377958
2025-02-26,3.0103440284729004,NEAR,0.0016344199982627483
2025-02-27,3.0554189682006836,NEAR,0.014973351650658051
2025-02-28,3.065737009048462,NEAR,0.0033769643231136293
2025-03-01,3.268012046813965,NEAR,0.06597925300457685
2025-03-02,3.5499188899993896,NEAR,0.08626248592328789
2025-03-03,2.971076011657715,NEAR,-0.1630580574593845
2025-03-04,2.8135690689086914,NEAR,-0.05301343423426663
2025-03-05,2.993669033050537,NEAR,0.06401121128748466
2025-03-06,3.0574231147766113,NEAR,0.021296302638073916
2025-03-07,2.9380838871002197,NEAR,-0.03903261772949307
2025-03-08,2.8810880184173584,NEAR,-0.019398992973993723
2025-03-09,2.549098014831543,NEAR,-0.11523077443784047
2025-03-10,2.288585901260376,NEAR,-0.1021977625243975
2025-03-11,2.4453349113464355,NEAR,0.06849164368256155
2025-03-12,2.5494799613952637,NEAR,0.04258927869781415
2025-03-13,2.570362091064453,NEAR,0.008190740851228728
2025-03-14,2.6060240268707275,NEAR,0.013874284845021956
2025-03-15,2.644037961959839,NEAR,0.014586947279514373
2025-03-16,2.5182039737701416,NEAR,-0.047591596641231804
2025-03-17,2.6393120288848877,NEAR,0.04809302835521634
2025-03-18,2.5862200260162354,NEAR,-0.020115849239350392
2025-03-19,2.7910380363464355,NEAR,0.07919589527179483
2025-03-20,2.7366089820861816,NEAR,-0.019501365997685705
2025-03-21,2.7120161056518555,NEAR,-0.008986624174411095
2025-03-22,2.7276859283447266,NEAR,0.005777923906946869
2025-03-23,2.7741498947143555,NEAR,0.017034206866266777
2025-03-24,2.9168639183044434,NEAR,0.051444236615333594
2025-03-25,3.0277159214019775,NEAR,0.03800383089587944
2025-03-26,2.985595941543579,NEAR,-0.013911470214449606
2025-03-27,3.0104730129241943,NEAR,0.008332363745026328
2025-03-28,2.7331271171569824,NEAR,-0.09212701611226692
2025-03-29,2.565509080886841,NEAR,-0.061328298716123775
2025-03-30,2.589138984680176,NEAR,0.009210610077110548
2025-03-31,2.5131170749664307,NEAR,-0.029361849697356335
2025-04-01,2.648482084274292,NEAR,0.05386339166458032
2025-04-02,2.4536728858947754,NEAR,-0.07355503725557433
2025-04-03,2.5051369667053223,NEAR,0.020974303912471015
2025-04-04,2.5060460567474365,NEAR,0.0003628903545780382
2025-04-05,2.4426050186157227,NEAR,-0.025315192416716092
2025-04-06,2.157602071762085,NEAR,-0.11667991536967981
2025-04-07,2.1203839778900146,NEAR,-0.017249748857385394
2025-04-08,1.9073100090026855,NEAR,-0.10048838847544872
2025-04-09,2.100461959838867,NEAR,0.10126930070333917
2025-04-10,2.004837989807129,NEAR,-0.04552520914926439
2025-04-11,2.0890049934387207,NEAR,0.041981947698272126
2025-04-12,2.212127923965454,NEAR,0.058938552523065235
2025-04-13,2.097104072570801,NEAR,-0.051996925742188504
2025-04-14,2.1113600730895996,NEAR,0.0067979461321261425
2025-04-15,2.0378589630126953,NEAR,-0.03481220991801204
2025-04-16,1.9657540321350098,NEAR,-0.03538268947282219
2025-04-17,2.0483438968658447,NEAR,0.042014343290515344
2025-04-18,2.0558390617370605,NEAR,0.0036591340363716363
2025-04-19,2.1804139614105225,NEAR,0.06059564777809201
2025-04-20,2.243911027908325,NEAR,0.02912156481364958
2025-04-21,2.21710205078125,NEAR,-0.011947433206416114
2025-04-22,2.4019739627838135,NEAR,0.08338448468685478
2025-04-23,2.470196008682251,NEAR,0.028402491848567024
2025-04-24,2.5395619869232178,NEAR,0.0280811635988234
2025-04-25,2.61578106880188,NEAR,0.030012688121467956
2025-04-26,2.625602960586548,NEAR,0.0037548600308383584
2025-04-27,2.491748094558716,NEAR,-0.05098061970418
2025-04-28,2.5875699520111084,NEAR,0.03845567602184219
2025-04-29,2.5301289558410645,NEAR,-0.022198818673636156
2025-04-30,2.463299036026001,NEAR,-0.026413641747698113
2025-05-01,2.540623903274536,NEAR,0.03139077558901748
2025-05-02,2.5107080936431885,NEAR,-0.01177498550367495
2025-05-03,2.4244680404663086,NEAR,-0.034348896789407446
2025-05-04,2.322834014892578,NEAR,-0.041920134180932656
2025-05-05,2.315998077392578,NEAR,-0.0029429298245902125
2025-05-06,2.32607102394104,NEAR,0.00434928968499082
2025-05-07,2.28358793258667,NEAR,-0.018263883998860586
2025-05-08,2.7316410541534424,NEAR,0.1962057668868713
2025-05-09,2.900110960006714,NEAR,0.06167351511909458
2025-05-10,3.356081962585449,NEAR,0.15722536443146296
2025-05-11,3.134932041168213,NEAR,-0.0658952683166496
2025-05-12,3.1808409690856934,NEAR,0.01464431359742413
2025-05-13,3.2162959575653076,NEAR,0.011146419712333433
2025-05-14,3.0544850826263428,NEAR,-0.05030969695383802
2025-05-15,2.8772809505462646,NEAR,-0.05801440415865855
2025-05-16,2.7976460456848145,NEAR,-0.027677139017769914
2025-05-17,2.6907799243927,NEAR,-0.03819858536320142
2025-05-18,2.8673269748687744,NEAR,0.06561185062948627
2025-05-19,2.771480083465576,NEAR,-0.033427262479398534
2025-05-20,2.807360887527466,NEAR,0.012946441244860996
2025-05-21,2.871274948120117,NEAR,0.022766599362628703
2025-05-22,3.0743439197540283,NEAR,0.07072432118242955
2025-05-23,2.7938270568847656,NEAR,-0.09124446392181984
2025-05-24,2.7781949043273926,NEAR,-0.005595247035370732
2025-05-25,2.798966884613037,NEAR,0.007476790146468737
2025-05-26,2.7689731121063232,NEAR,-0.010716015495431885
2025-05-27,2.8184258937835693,NEAR,0.017859610648089053
2025-05-28,2.8557090759277344,NEAR,0.013228370568975523
2025-05-29,2.752574920654297,NEAR,-0.03611507773771816
2025-05-30,2.444891929626465,NEAR,-0.11178006045143163
2025-05-31,2.420644998550415,NEAR,-0.009917383579303718
2025-06-01,2.4612479209899902,NEAR,0.016773596485188946
2025-06-02,2.5068271160125732,NEAR,0.01851873378292157
2025-06-03,2.5073559284210205,NEAR,0.00021094889434913888
2025-06-04,2.437052011489868,NEAR,-0.02803906542914525
2025-06-05,2.257765054702759,NEAR,-0.07356714421433463
2025-06-06,2.3176140785217285,NEAR,0.026508083156973505
2025-06-07,2.4224979877471924,NEAR,0.04525512258380959
2025-06-08,2.421236991882324,NEAR,-0.0005205353611215102
2025-06-09,2.5434799194335938,NEAR,0.05048779940217041
2025-06-10,2.658143997192383,NEAR,0.045081573824386156
2025-06-11,2.573251962661743,NEAR,-0.031936582299644134
2025-06-12,2.3780739307403564,NEAR,-0.07584878385538929
2025-06-13,2.2385849952697754,NEAR,-0.058656265336189284
2025-06-14,2.2373499870300293,NEAR,-0.0005516914668666217
2025-06-15,2.2282450199127197,NEAR,-0.004069531888212019
2025-06-16,2.2752389907836914,NEAR,0.02109012718574932
2025-06-17,2.1457738876342773,NEAR,-0.05690176006733283
2025-06-18,2.1861400604248047,NEAR,0.018811941473959815
2025-06-19,2.1802709102630615,NEAR,-0.0026847091217946373
2025-06-20,2.07731294631958,NEAR,-0.04722255544429521
2025-06-21,1.968574047088623,NEAR,-0.052345940183741724
2025-06-22,1.8943309783935547,NEAR,-0.03771413567341719
2025-06-23,2.1326398849487305,NEAR,0.12580109245601223
2025-06-24,2.187052011489868,NEAR,0.025513977734898274
2025-06-25,2.13871693611145,NEAR,-0.022100560537419933
2025-06-26,2.0509140491485596,NEAR,-0.0410540008733139
2025-06-27,2.114022970199585,NEAR,0.030771119383196543
2025-06-28,2.1686980724334717,NEAR,0.0258630596756122
2025-06-29,2.262371063232422,NEAR,0.04319319133891275
2025-06-30,2.147710084915161,NEAR,-0.05068177372876925
2025-07-01,2.040018081665039,NEAR,-0.05014270967320811
2025-07-02,2.218118906021118,NEAR,0.08730355184436167
2025-07-03,2.2722620964050293,NEAR,0.024409507640432926
2025-07-04,2.1326019763946533,NEAR,-0.061463032909510606
2025-07-05,2.149513006210327,NEAR,0.007929763735970763
2025-07-06,2.1808791160583496,NEAR,0.014592193560774014
2025-07-07,2.159240961074829,NEAR,-0.009921758076453457
2025-07-08,2.243480920791626,NEAR,0.03901369103097396
2025-07-09,2.3391079902648926,NEAR,0.04262441841472131
2025-07-10,2.516211986541748,NEAR,0.07571433085344603
2025-07-11,2.5072739124298096,NEAR,-0.0035521943936936973
2025-07-12,2.4822440147399902,NEAR,-0.009982913141533323
2025-07-13,2.53157901763916,NEAR,0.019875162395884605
2025-07-14,2.5791540145874023,NEAR,0.01879261781550423
2025-07-15,2.667607069015503,NEAR,0.03429537512216019
2025-07-16,2.7328219413757324,NEAR,0.024446955894556588
2025-07-17,2.821985960006714,NEAR,0.03262708677832671
2025-07-18,2.803960084915161,NEAR,-0.006387655837773898
2025-07-19,2.9204189777374268,NEAR,0.041533719915912926
2025-07-20,2.9798669815063477,NEAR,0.020355984611145628
2025-07-21,3.0256989002227783,NEAR,0.015380525037148596
2025-07-22,3.0303540229797363,NEAR,0.0015385280923410072
2025-07-23,2.7553670406341553,NEAR,-0.09074417716884031
2025-07-24,2.7169620990753174,NEAR,-0.013938230730232926
2025-07-25,2.8557610511779785,NEAR,0.051086083294978435
2025-07-26,2.8824338912963867,NEAR,0.009340011170544393
2025-07-27,2.9592270851135254,NEAR,0.026641788402855804
2025-07-28,2.737520933151245,NEAR,-0.07492029019252333
2025-07-29,2.7223598957061768,NEAR,-0.0055382361688888215
2025-07-30,2.655457019805908,NEAR,-0.024575323786465764
2025-07-31,2.5397748947143555,NEAR,-0.04356392298151679
2025-08-01,2.4200809001922607,NEAR,-0.047127796550472056
2025-08-02,2.3466379642486572,NEAR,-0.03034730613252179
2025-08-03,2.4449949264526367,NEAR,0.04191399086798264
2025-08-04,2.5530550479888916,NEAR,0.04419646043725578
2025-08-05,2.46510910987854,NEAR,-0.03444733327611904
2025-08-06,2.488231897354126,NEAR,0.0093800259724508
2025-08-07,2.649390935897827,NEAR,0.06476849634275261
2025-08-08,2.7129950523376465,NEAR,0.024007071050941464
2025-08-09,2.8324649333953857,NEAR,0.04403615884031864
2025-08-10,2.7534639835357666,NEAR,-0.02789123668511495
2025-08-11,2.6084940433502197,NEAR,-0.052650022318210477
2025-08-12,2.7843739986419678,NEAR,0.06742586042705945
2025-08-13,2.9951980113983154,NEAR,0.07571684438195936
2025-08-14,2.7610180377960205,NEAR,-0.07818513924993142
2025-08-15,2.708395004272461,NEAR,-0.019059286394798702
2025-08-16,2.7420010566711426,NEAR,0.012408106035370903
2025-08-17,2.7014570236206055,NEAR,-0.014786293736793299
2025-08-18,2.575464963912964,NEAR,-0.046638557861928054
2025-08-19,2.4199960231781006,NEAR,-0.06036538757594112
2025-08-20,2.5420420169830322,NEAR,0.050432311721179124
2025-08-21,2.444291114807129,NEAR,-0.03845369255222497
2025-08-22,2.6872010231018066,NEAR,0.0993784688015138
2025-08-23,2.6972548961639404,NEAR,0.0037413922425977297
2025-08-24,2.6538150310516357,NEAR,-0.016105213183257305
2025-08-25,2.3976120948791504,NEAR,-0.09654136900074717
2025-08-26,2.526470899581909,NEAR,0.05374464242067223
2025-08-27,2.5159659385681152,NEAR,-0.0041579584453287355
2025-08-28,2.542125940322876,NEAR,0.010397597739200348
2025-08-29,2.4314210414886475,NEAR,-0.04354815671334045
2025-08-30,2.434943914413452,NEAR,0.0014488946441986172
2025-08-31,2.3673110008239746,NEAR,-0.0277759636224596
2025-09-01,2.3341870307922363,NEAR,-0.013992234235471801
2025-09-02,2.4386301040649414,NEAR,0.044744946268190144
2025-09-03,2.469644069671631,NEAR,0.012717781821438345
2025-09-04,2.3773789405822754,NEAR,-0.037359686856261565
2025-09-05,2.3991520404815674,NEAR,0.00915844736723348
2025-09-06,2.402820110321045,NEAR,0.0015289026195861588
2025-09-07,2.4650330543518066,NEAR,0.025891636150177533
2025-09-08,2.5777618885040283,NEAR,0.045731165329896184
2025-09-09,2.6325631141662598,NEAR,0.02125922720272455
2025-09-10,2.7251698970794678,NEAR,0.03517742173582672
2025-09-11,2.7447900772094727,NEAR,0.007199617224244115
2025-09-12,2.791198968887329,NEAR,0.016907993096885177
2025-09-13,2.811950922012329,NEAR,0.007434781022892301
2025-09-14,2.7084200382232666,NEAR,-0.036818168830262565
2025-09-15,2.6282169818878174,NEAR,-0.029612488167848117
2025-09-16,2.7107880115509033,NEAR,0.031417128126071336
2025-09-17,2.822927951812744,NEAR,0.04136802279779994
2025-09-18,3.184356927871704,NEAR,0.12803336898019957
2025-09-19,3.125201940536499,NEAR,-0.01857674521892927
2025-09-20,3.15885591506958,NEAR,0.0107685759747429
2025-09-21,3.135974884033203,NEAR,-0.007243455115259034
2025-09-22,2.9755470752716064,NEAR,-0.05115723648757964
2025-09-23,2.921520948410034,NEAR,-0.018156703790895623
2025-09-24,3.0246639251708984,NEAR,0.035304548070071995
2025-09-25,2.728200912475586,NEAR,-0.09801519111865031
2025-09-26,2.779561996459961,NEAR,0.018825990325532782
2025-09-27,2.7300949096679688,NEAR,-0.017796720078556705
2025-09-28,2.8010671138763428,NEAR,0.025996240627768286
2025-09-29,2.778351068496704,NEAR,-0.008109782613599181
2025-09-30,2.6305289268493652,NEAR,-0.05320499029927195
2025-10-01,2.828953981399536,NEAR,0.07543161853301816
2025-10-02,2.9709410667419434,NEAR,0.050190666329666955
2025-10-03,3.0339109897613525,NEAR,0.02119527839993962
2025-10-04,2.965019941329956,NEAR,-0.022707010411276207
2025-10-05,2.958893060684204,NEAR,-0.002066387669218739
2025-10-06,3.048953056335449,NEAR,0.03043705663036711
2025-10-07,2.9520299434661865,NEAR,-0.031788981685980766
2025-10-08,2.966567039489746,NEAR,0.004924440572066313
2025-10-09,2.8836519718170166,NEAR,-0.027949837832416224
2025-10-10,2.374398946762085,NEAR,-0.176600030111833
2025-10-11,2.29954195022583,NEAR,-0.031526714008332846
2025-10-12,2.463960886001587,NEAR,0.07150073333500595
2025-10-13,2.6181650161743164,NEAR,0.06258383850523108
2025-10-14,2.464219093322754,NEAR,-0.0587991673177688
2025-10-15,2.327960968017578,NEAR,-0.055294647166070465
2025-10-16,2.1972570419311523,NEAR,-0.05614523949588779
2025-10-17,2.150538921356201,NEAR,-0.021262018818649864
2025-10-18,2.16640305519104,NEAR,0.007376817818686376
2025-10-19,2.257960081100464,NEAR,0.042262230793129074
2025-10-20,2.260129928588867,NEAR,0.0009609769041381
2025-10-21,2.221687078475952,NEAR,-0.01700913280543881
2025-10-22,2.165165901184082,NEAR,-0.02544065626498715
2025-10-23,2.2023069858551025,NEAR,0.017153920930820465
2025-10-24,2.272702932357788,NEAR,0.0319646384245349
2025-10-25,2.28016996383667,NEAR,0.0032855290379438795
2025-10-26,2.368695020675659,NEAR,0.038823885167768246
2025-10-27,2.3303980827331543,NEAR,-0.016167948008596222
2025-10-28,2.2366600036621094,NEAR,-0.040224062903925106
2025-10-29,2.2754600048065186,NEAR,0.017347295110066607
2025-10-30,2.09919810295105,NEAR,-0.07746209622807954
2025-10-31,2.0986669063568115,NEAR,-0.00025304738675757665
2025-11-01,2.173275947570801,NEAR,0.03555068266812622
2025-11-02,2.1962709426879883,NEAR,0.010580798606311559
2025-11-03,1.9108779430389404,NEAR,-0.12994434980766034
2025-11-04,1.8356349468231201,NEAR,-0.03937613937610196
2025-11-05,1.95136296749115,NEAR,0.06304522632254139
2025-11-06,2.094022035598755,NEAR,0.07310739748793149
2025-11-07,2.7595410346984863,NEAR,0.3178185271147045
2025-11-08,2.9473140239715576,NEAR,0.0680450070906764
2025-11-09,3.0662178993225098,NEAR,0.040343130858763177
2025-11-10,2.786461114883423,NEAR,-0.0912383899725131
2025-11-11,2.5461809635162354,NEAR,-0.08623129534583152
2025-11-12,2.5332651138305664,NEAR,-0.005072636183656165
2025-11-13,2.4533300399780273,NEAR,-0.03155416834034741
2025-11-14,2.3492228984832764,NEAR,-0.04243503311755126
2025-11-15,2.4072320461273193,NEAR,0.02469290916647182
2025-11-16,2.2887489795684814,NEAR,-0.04921962830689708
2025-11-17,2.262824058532715,NEAR,-0.011327114186482135
2025-11-18,2.279149055480957,NEAR,0.007214434938802805
2025-11-19,2.368911027908325,NEAR,0.039383985093693674
2025-11-20,2.071223020553589,NEAR,-0.12566449471831176
2025-11-21,1.8615139722824097,NEAR,-0.10124889796518821
2025-11-22,1.8410990238189697,NEAR,-0.010966852125428361
2025-11-23,1.8207110166549683,NEAR,-0.011073824330051996
2025-11-24,1.906162977218628,NEAR,0.04693329132519497
2025-11-25,1.910830020904541,NEAR,0.0024483969847757248
2025-11-26,1.9376100301742554,NEAR,0.014014856882475168
2025-11-27,1.9074150323867798,NEAR,-0.015583629996362092
2025-11-28,1.880107045173645,NEAR,-0.014316751598084987
2025-11-29,1.8536709547042847,NEAR,-0.014060949634343123
2025-11-30,1.8075339794158936,NEAR,-0.02488951729610034
2025-12-01,1.6279449462890625,NEAR,-0.09935582687350941
2025-12-02,1.8028990030288696,NEAR,0.10746927108230464
2025-12-03,1.8509739637374878,NEAR,0.02666536540751996
2025-12-04,1.796578049659729,NEAR,-0.029387725134675913
2025-12-05,1.6841360330581665,NEAR,-0.06258676967742038
2025-12-06,1.7082329988479614,NEAR,0.014308206294973758
2025-12-07,1.7030539512634277,NEAR,-0.0030318156762142445
2025-12-08,1.745223045349121,NEAR,0.02476086800092836
2025-12-09,1.8102929592132568,NEAR,0.03728458321561923
2025-12-10,1.762349009513855,NEAR,-0.026484083394014868
2025-12-11,1.6743570566177368,NEAR,-0.04992878959905378
2025-12-12,1.6366859674453735,NEAR,-0.02249883859805879
2025-12-13,1.666031002998352,NEAR,0.017929545518607926
2025-12-14,1.5941599607467651,NEAR,-0.04313907851789123
2025-12-15,1.5443480014801025,NEAR,-0.03124652512494963
2025-12-16,1.5685089826583862,NEAR,0.015644777702388257
2025-12-17,1.47843599319458,NEAR,-0.05742586778887682
2025-12-18,1.4265400171279907,NEAR,-0.035101943070564356
2025-12-19,1.5379530191421509,NEAR,0.07810015889947808
2025-12-20,1.5224839448928833,NEAR,-0.010058222882449286
2025-12-21,1.5084190368652344,NEAR,-0.00923813224752168
2025-12-22,1.5038260221481323,NEAR,-0.0030449196177257942
2025-12-23,1.486477017402649,NEAR,-0.011536577030833217
2025-12-24,1.4534870386123657,NEAR,-0.022193399833337013
2025-12-25,1.4367660284042358,NEAR,-0.011504065577422229
2025-12-26,1.5177420377731323,NEAR,0.05635991370065563
2025-12-27,1.5924370288848877,NEAR,0.04921454980673112
2025-12-28,1.5809600353240967,NEAR,-0.007207188323690161
2025-12-29,1.5221259593963623,NEAR,-0.03721414495823949
2025-12-30,1.514543056488037,NEAR,-0.004981784103683773
2025-12-31,1.5120949745178223,NEAR,-0.001616383211905159
2026-01-01,1.6262710094451904,NEAR,0.07550850763443395
2026-01-02,1.6900980472564697,NEAR,0.0392474793196087
2026-01-03,1.71048104763031,NEAR,0.012060247277918545
2026-01-04,1.7254739999771118,NEAR,0.008765342572823576
2026-01-05,1.778324007987976,NEAR,0.030629269413254168
2026-01-06,1.8081899881362915,NEAR,0.016794453662078324
2026-01-07,1.719251036643982,NEAR,-0.04918672931265333
2026-01-08,1.6857329607009888,NEAR,-0.019495742755764822
2026-01-09,1.699944019317627,NEAR,0.008430195616943248
2026-01-10,1.687119960784912,NEAR,-0.007543812259101612
2026-01-11,1.7001090049743652,NEAR,0.007698945238849619
2026-01-12,1.6732020378112793,NEAR,-0.01582661293149945
2026-01-13,1.8555530309677124,NEAR,0.10898324830811634
2026-01-14,1.8012340068817139,NEAR,-0.029273765383935113
2026-01-15,1.720255970954895,NEAR,-0.044956977059858905
2026-01-16,1.7314519882202148,NEAR,0.006508343789735527
2026-01-17,1.7498530149459839,NEAR,0.010627511967388648
2026-01-18,1.6320329904556274,NEAR,-0.06733138354137325
2026-01-19,1.5952179431915283,NEAR,-0.022557783745426163
2026-01-20,1.5046770572662354,NEAR,-0.056757690265286986
2026-01-21,1.5264270305633545,NEAR,0.014454911233002798
2026-01-22,1.5111470222473145,NEAR,-0.010010310358825825
2026-01-23,1.5073280334472656,NEAR,-0.002527211941541818
2026-01-24,1.5038959980010986,NEAR,-0.002276900163740714
2026-01-25,1.4335479736328125,NEAR,-0.046777187027420175
2026-01-26,1.463528037071228,NEAR,0.020913191598633363
2026-01-27,1.4886740446090698,NEAR,0.017181773700873704
2026-01-28,1.4863250255584717,NEAR,-0.001577927054686401
2026-01-29,1.3730579614639282,NEAR,-0.07620612056369336
2026-01-30,1.3170709609985352,NEAR,-0.04077540936851698
2026-01-31,1.2045689821243286,NEAR,-0.08541831245669051
2026-02-01,1.1725549697875977,NEAR,-0.026577151505489005
2026-02-02,1.1984490156173706,NEAR,0.022083438727366067
2026-02-03,1.1711180210113525,NEAR,-0.022805304397483073
2026-02-04,1.158262014389038,NEAR,-0.010977549992111202
2026-02-05,0.9752349853515625,NEAR,-0.15801867519070711
2026-02-06,1.0868209600448608,NEAR,0.114419577198692
2026-02-07,1.0745350122451782,NEAR,-0.011304481834041424
2026-02-08,1.0388870239257812,NEAR,-0.033175269221719095
2026-02-09,1.028913974761963,NEAR,-0.009599743700842378
2026-02-10,0.9917770028114319,NEAR,-0.03609336918484618
2026-02-11,0.9607380032539368,NEAR,-0.031296349350214414
2026-02-12,0.962244987487793,NEAR,0.0015685694005569406
2026-02-13,1.0229649543762207,NEAR,0.06310239874250123
2026-02-14,1.0853029489517212,NEAR,0.06093854369968388
2026-02-15,1.0558760166168213,NEAR,-0.027114025962357347
2026-02-16,1.0571730136871338,NEAR,0.0012283611426919805
2026-02-17,1.0436300039291382,NEAR,-0.012810589735696376
2026-02-18,1.0144920349121094,NEAR,-0.027919826861366515
2026-02-19,1.0054670572280884,NEAR,-0.00889605573374741
2026-02-20,1.0534299612045288,NEAR,0.0477021137904472
2026-02-21,1.0590269565582275,NEAR,0.00531311578351068
2026-02-22,1.0208879709243774,NEAR,-0.03601323403305945
2026-02-23,0.9789209961891174,NEAR,-0.041108305642254206
2026-02-24,0.9676390290260315,NEAR,-0.011524900586468156
2026-02-25,1.1720800399780273,NEAR,0.21127817793560277
2026-02-26,1.1267050504684448,NEAR,-0.038713217495311314
2026-02-27,1.093446969985962,NEAR,-0.029518000712480452
2026-02-28,1.1672539710998535,NEAR,0.06749938784396581
2026-03-01,1.1502679586410522,NEAR,-0.014552113661087884
2026-03-02,1.3644789457321167,NEAR,0.18622703125986173
2026-03-03,1.3567039966583252,NEAR,-0.005698108496368093
2026-03-04,1.311722993850708,NEAR,-0.033154618043736206
2026-03-05,1.2751049995422363,NEAR,-0.027915950608577433
2026-03-06,1.226004958152771,NEAR,-0.03850666526058033
2026-03-07,1.2142490148544312,NEAR,-0.009588821986537988
2026-03-08,1.2118109464645386,NEAR,-0.002007881711301951
2026-03-09,1.232617974281311,NEAR,0.017170192988829713
2026-03-10,1.2839620113372803,NEAR,0.04165446077151835
2026-03-11,1.298462986946106,NEAR,0.011293928855202306
2026-03-12,1.3684890270233154,NEAR,0.05392994700750453
2026-03-13,1.3380470275878906,NEAR,-0.02224497152281968
2026-03-14,1.3258750438690186,NEAR,-0.00909682803960532
2026-03-15,1.3483840227127075,NEAR,0.0169766969728955
2026-03-16,1.490339994430542,NEAR,0.10527859224573466
2026-03-17,1.4530129432678223,NEAR,-0.025045997089397254
2026-03-18,1.3846410512924194,NEAR,-0.04705525321862214
2026-03-19,1.336238980293274,NEAR,-0.03495640328875649
2026-03-20,1.3153539896011353,NEAR,-0.01562968226503536
2026-03-21,1.2782479524612427,NEAR,-0.02820992480597906
2026-03-22,1.2738560438156128,NEAR,-0.0034358816199731024
2026-03-23,1.312114953994751,NEAR,0.030033935439471193
2026-03-24,1.2913269996643066,NEAR,-0.01584308925613198
2026-03-25,1.2785630226135254,NEAR,-0.00988438796222757
2026-03-26,1.2218209505081177,NEAR,-0.04437956604549742
2026-03-27,1.1791590452194214,NEAR,-0.03491665883692252
2026-03-28,1.173151969909668,NEAR,-0.005094372412362436
2026-03-29,1.1624749898910522,NEAR,-0.009101105647410623
2026-03-30,1.1605950593948364,NEAR,-0.0016171793049861716
2026-03-31,1.1867010593414307,NEAR,0.022493633533307023
2026-04-01,1.1898599863052368,NEAR,0.0026619399544138833
2026-04-02,1.16156005859375,NEAR,-0.02378425027919795
2026-04-03,1.2084590196609497,NEAR,0.040375838270453546
2026-04-04,1.2562379837036133,NEAR,0.03953709911989289
2026-04-05,1.2468429803848267,NEAR,-0.007478681142157884
2026-04-06,1.248932957649231,NEAR,0.0016762152871561131
2026-04-07,1.3103820085525513,NEAR,0.04920124056857378
2026-04-08,1.3305720090866089,NEAR,0.015407721109021777
2026-04-09,1.3656009435653687,NEAR,0.026326222286012113
2026-04-10,1.3620840311050415,NEAR,-0.0025753588388310877
2026-04-11,1.4025859832763672,NEAR,0.0297352815585592
2026-04-12,1.3465449810028076,NEAR,-0.03995548432806284
2026-04-13,1.4170609712600708,NEAR,0.05236809111623453
2026-04-14,1.3586820363998413,NEAR,-0.041197193377161545
2026-04-15,1.4092910289764404,NEAR,0.03724859181232709
2026-04-16,1.4334379434585571,NEAR,0.017134086562414552
2026-04-17,1.4098180532455444,NEAR,-0.016477790559961902
2026-04-18,1.3447550535202026,NEAR,-0.04614992663454698
2026-04-19,1.3274420499801636,NEAR,-0.01287446624180244
2026-04-20,1.3633309602737427,NEAR,0.02703614089527706
2026-04-21,1.3853590488433838,NEAR,0.01615755030254573
2026-04-22,1.4020999670028687,NEAR,0.012084172816759331
2026-04-23,1.406633973121643,NEAR,0.003233725287410394
2026-04-24,1.408154010772705,NEAR,0.0010806206021660714
2026-04-25,1.4018950462341309,NEAR,-0.004444801130197185
2026-04-26,1.3951480388641357,NEAR,-0.004812776383024797
2026-04-27,1.363953948020935,NEAR,-0.022358982684445028
2026-04-28,1.3471770286560059,NEAR,-0.012300209540998197
2026-04-29,1.3264219760894775,NEAR,-0.015406329031036337
2026-04-30,1.295889973640442,NEAR,-0.02301831769935636
2026-05-01,1.2879270315170288,NEAR,-0.006144767137169382
2026-05-02,1.2962709665298462,NEAR,0.006478577441603406
2026-05-03,1.2754640579223633,NEAR,-0.016051357428133683
2026-05-04,1.262125015258789,NEAR,-0.010458187810719277
2026-05-05,1.2968920469284058,NEAR,0.027546424680036985
2026-05-06,1.4917019605636597,NEAR,0.15021289867313703
2026-05-07,1.4679679870605469,NEAR,-0.015910667231505582
2026-05-08,1.5931559801101685,NEAR,0.08527978413228032
2026-05-09,1.5650609731674194,NEAR,-0.017634812468774186
2026-05-10,1.566472053527832,NEAR,0.0009016136652852946
2026-05-11,1.5477499961853027,NEAR,-0.011951734025746341
2026-05-12,1.6025060415267944,NEAR,0.035377835875591845
2026-05-13,1.577739953994751,NEAR,-0.01545459854144915
2026-05-14,1.5704489946365356,NEAR,-0.004621141360941605
2026-05-15,1.5426239967346191,NEAR,-0.01771786157776889
2026-05-16,1.4978530406951904,NEAR,-0.029022597946225748
2026-05-17,1.5051250457763672,NEAR,0.004854952310809901
2026-05-18,1.621351957321167,NEAR,0.07722076771690967
2026-05-19,1.599215030670166,NEAR,-0.013653375228643183
2026-05-20,1.6981979608535767,NEAR,0.06189469726402641
2026-05-21,1.9225889444351196,NEAR,0.13213476211498687
2026-05-22,2.1047370433807373,NEAR,0.09474105188882964
2026-05-23,2.4544970989227295,NEAR,0.16617755488362085
2026-05-24,2.392643928527832,NEAR,-0.02519993624031769
2026-05-25,2.7780990600585938,NEAR,0.16110008135139786
2026-05-26,2.543389081954956,NEAR,-0.08448582035036845
2026-05-27,2.494873046875,NEAR,-0.019075349274781273
2026-05-28,2.417902946472168,NEAR,-0.030851309448086894
2026-05-29,2.3785250186920166,NEAR,-0.016285983619650946
2026-05-30,2.246882915496826,NEAR,-0.0553461082648532
2026-05-31,2.322521924972534,NEAR,0.03366397463527049
2026-06-01,2.6326730251312256,NEAR,0.13354065545037175
2026-06-02,2.625498056411743,NEAR,-0.0027253550482687627
2026-06-03,2.817310094833374,NEAR,0.0730573911312582
2026-06-04,2.1955509185791016,NEAR,-0.22069248869498181
2026-06-05,1.959686040878296,NEAR,-0.10742856187250294
2026-06-06,1.8638399839401245,NEAR,-0.04890888384101311
2026-06-07,2.0533390045166016,NEAR,0.10167129271252118
2026-06-08,2.1275670528411865,NEAR,0.036149923690783625
2026-06-09,2.158155918121338,NEAR,0.014377391884924373
2026-06-10,1.9681110382080078,NEAR,-0.08805892026502105
2026-06-11,2.0644729137420654,NEAR,0.04896160514489889
2026-06-12,2.0082149505615234,NEAR,-0.02725052133455641
2026-06-13,2.128371000289917,NEAR,0.05983226531342978
2026-06-14,2.213848114013672,NEAR,0.040160814873023254
2026-06-15,2.388273000717163,NEAR,0.07878810005048709
2026-06-16,2.307573080062866,NEAR,-0.033790073676696064
2026-06-17,2.176945924758911,NEAR,-0.0566080253026684
2026-06-18,2.235280990600586,NEAR,0.02679674546722377
2026-06-19,2.186795949935913,NEAR,-0.02169080346880492
2026-06-20,2.1902589797973633,NEAR,0.0015836090521164081
2026-06-21,2.099848985671997,NEAR,-0.04127822095893463
2026-06-22,2.067909002304077,NEAR,-0.01521060970853505
2026-06-23,1.9792619943618774,NEAR,-0.04286794430675078
2026-06-24,1.9618279933929443,NEAR,-0.008808334125848694
2026-06-25,1.8301570415496826,NEAR,-0.06711646091640244
2026-06-26,1.79852294921875,NEAR,-0.017284905946730378
2026-06-27,1.8686790466308594,NEAR,0.039007618692096235
2026-06-28,1.8322839736938477,NEAR,-0.019476363799674656
2026-06-29,1.8609119653701782,NEAR,0.015624211141582522
2026-06-30,1.7794469594955444,NEAR,-0.043776926254772364
2026-07-01,1.8034780025482178,NEAR,0.013504781878683092
2026-07-02,1.9404970407485962,NEAR,0.07597488741574776
2026-07-03,2.0398550033569336,NEAR,0.05120232627100907
2026-07-04,1.9985040426254272,NEAR,-0.02027151962441265
2026-07-05,2.01304292678833,NEAR,0.007274883539291288
2026-07-06,2.050405979156494,NEAR,0.018560484662775822
2026-07-07,1.9751750230789185,NEAR,-0.03669076116746628
2026-07-08,1.891005039215088,NEAR,-0.042613936932346275
2026-07-09,1.919450044631958,NEAR,0.015042268437675421
2026-07-10,1.8917039632797241,NEAR,-0.01445522452112269
2026-07-11,1.8692890405654907,NEAR,-0.011849064731762615
2026-07-12,1.8896440267562866,NEAR,0.010889159326926912
2026-07-13,1.9176980257034302,NEAR,0.014846181899826005
2026-07-14,2.0081229209899902,NEAR,0.04715283327957298
2026-07-15,2.065049886703491,NEAR,0.02834834716464285
2026-07-16,1.9666060209274292,NEAR,-0.04767142256946211
2026-07-17,1.9275089502334595,NEAR,-0.019880479505260507
2026-07-18,1.9325649738311768,NEAR,0.0026230869626338027
2026-07-19,1.9135080575942993,NEAR,-0.00986094464865439
2026-07-20,1.9775710105895996,NEAR,0.033479322305985715
2026-07-21,1.936121940612793,NEAR,-0.020959586156377163
2026-07-22,1.8679699897766113,NEAR,-0.03520023682734119
2026-07-23,1.8825639486312866,NEAR,0.007812737321556629
2026-07-24,1.8058559894561768,NEAR,-0.040746535718417576
2026-07-25,1.7914589643478394,NEAR,-0.00797241042054131
2026-07-26,1.8368749618530273,NEAR,0.025351402632725728
2026-07-27,1.684448003768921,NEAR,-0.08298167335807072
2026-07-28,1.649330973625183,NEAR,-0.020847797061805506
2026-07-29,1.6208850145339966,NEAR,-0.01724696834417838
2026-07-30,1.6763110160827637,NEAR,0.03419490034874695
2026-07-31,1.6611850261688232,NEAR,-0.009023379175355672
2026-08-01,1.672603964805603,NEAR,0.006873971566620174
2026-08-02,1.715582013130188,NEAR,0.025695292626895183
2026-08-03,1.7400000095367432,NEAR,0.014233068556135597
