date,asset,ret
2017-01-02,BTC,0.02346429019261209
2017-01-03,BTC,0.02161973655034255
2017-01-04,BTC,0.10623277348965399
2017-01-05,BTC,-0.12240954853233998
2017-01-06,BTC,-0.10971108130965934
2017-01-07,BTC,0.00707606540293404
2017-01-08,BTC,0.002876948852891692
2017-01-09,BTC,-0.009186765912764683
2017-01-10,BTC,0.005373131059129843
2017-01-11,BTC,-0.14313649953773722
2017-01-12,BTC,0.03481417032449219
2017-01-13,BTC,0.023793757204392474
2017-01-14,BTC,-0.00676229323013644
2017-01-15,BTC,0.004137263848341455
2017-01-16,BTC,0.011847221898321436
2017-01-17,BTC,0.09188318458808964
2017-01-18,BTC,-0.02348178796282996
2017-01-19,BTC,0.0140477831009016
2017-01-20,BTC,-0.004501299759979593
2017-01-21,BTC,0.029901925149750097
2017-01-22,BTC,0.0031286684516584895
2017-01-23,BTC,-0.0039591832046829145
2017-01-24,BTC,-0.030754226298042142
2017-01-25,BTC,0.00991946824867651
2017-01-26,BTC,0.01779618308042097
2017-01-27,BTC,0.0023583636501629535
2017-01-28,BTC,0.002000572824646607
2017-01-29,BTC,-0.002272219875171899
2017-01-30,BTC,0.0009636228875071762
2017-01-31,BTC,0.05434808053482265
2017-02-01,BTC,0.019187899075688852
2017-02-02,BTC,0.02302977514468041
2017-02-03,BTC,0.01789884028979083
2017-02-04,BTC,0.012612742670015331
2017-02-05,BTC,-0.014919990631405144
2017-02-06,BTC,0.010522377161797936
2017-02-07,BTC,0.022347397414905545
2017-02-08,BTC,0.0016205500001782447
2017-02-09,BTC,-0.06461188271135343
2017-02-10,BTC,-0.005741232905460025
2017-02-11,BTC,0.015956726683781453
2017-02-12,BTC,-0.005245638777002459
2017-02-13,BTC,-0.008546000380438512
2017-02-14,BTC,0.01403933871158447
2017-02-15,BTC,0.0029167216279784025
2017-02-16,BTC,0.019811769290158265
2017-02-17,BTC,0.01826872673993929
2017-02-18,BTC,0.007847452532812271
2017-02-19,BTC,-0.0062119919530519985
2017-02-20,BTC,0.030643100290290715
2017-02-21,BTC,0.03270437322740438
2017-02-22,BTC,0.0019186698506590272
2017-02-23,BTC,0.04410083036306922
2017-02-24,BTC,0.005965512875911516
2017-02-25,BTC,-0.025424380176076733
2017-02-26,BTC,0.01867392816288249
2017-02-27,BTC,0.012675952755057507
2017-02-28,BTC,0.0
2017-03-01,BTC,0.03604331495955959
2017-03-02,BTC,0.023321071382924385
2017-03-03,BTC,0.019168496080413044
2017-03-04,BTC,-0.015560879671428163
2017-03-05,BTC,0.00953668523307627
2017-03-06,BTC,0.004506251151827012
2017-03-07,BTC,-0.03872466762564919
2017-03-08,BTC,-0.06010431756597667
2017-03-09,BTC,0.033469556725543415
2017-03-10,BTC,-0.06038756751926588
2017-03-11,BTC,0.052931788543501
2017-03-12,BTC,0.03873863613830775
2017-03-13,BTC,0.008629614878549852
2017-03-14,BTC,0.006558831552744948
2017-03-15,BTC,0.007749988186743995
2017-03-16,BTC,-0.049455372061888436
2017-03-17,BTC,-0.07373239306348878
2017-03-18,BTC,-0.11489596679671465
2017-03-19,BTC,0.0646137137658247
2017-03-20,BTC,0.016870179986421707
2017-03-21,BTC,0.06289904463186113
2017-03-22,BTC,-0.06371929777163454
2017-03-23,BTC,-0.01005590167262882
2017-03-24,BTC,-0.09731457997404602
2017-03-25,BTC,0.037608767208616944
2017-03-26,BTC,-0.006223423989354715
2017-03-27,BTC,0.08176580303762493
2017-03-28,BTC,0.0013196064689549036
2017-03-29,BTC,-0.006856757430679705
2017-03-30,BTC,-0.013019526884062937
2017-03-31,BTC,0.044191988716200115
2017-04-01,BTC,0.008126555220758114
2017-04-02,BTC,0.020055570518567878
2017-04-03,BTC,0.03778002757122989
2017-04-04,BTC,-0.009232353321610876
2017-04-05,BTC,-0.007474053124310598
2017-04-06,BTC,0.05147675359266213
2017-04-07,BTC,-0.004887229879914523
2017-04-08,BTC,-0.0008072675864378986
2017-04-09,BTC,0.010136523185730661
2017-04-10,BTC,-0.0006229555737722325
2017-04-11,BTC,0.015061539013646152
2017-04-12,BTC,-0.0038506025766043006
2017-04-13,BTC,-0.02590031902395007
2017-04-14,BTC,-0.001488086848982828
2017-04-15,BTC,0.004265361616847763
2017-04-16,BTC,0.008886775237463063
2017-04-17,BTC,0.009273583881525216
2017-04-18,BTC,0.014875500881293524
2017-04-19,BTC,-0.0011389279529591123
2017-04-20,BTC,0.015525135616866192
2017-04-21,BTC,-0.005719650045492797
2017-04-22,BTC,0.00790467797831873
2017-04-23,BTC,-0.019891046412705893
2017-04-24,BTC,0.03556967293677382
2017-04-25,BTC,0.012270499956597014
2017-04-26,BTC,0.01231931184017121
2017-04-27,BTC,0.028608693970150645
2017-04-28,BTC,-0.0009486010173004322
2017-04-29,BTC,0.004033527795735514
2017-04-30,BTC,0.019745931513033055
2017-05-01,BTC,0.0546854417915732
2017-05-02,BTC,0.021961150280870756
2017-05-03,BTC,0.025653570923533042
2017-05-04,BTC,0.031931010352657774
2017-05-05,BTC,0.011562888473097388
2017-05-06,BTC,0.01501179619354387
2017-05-07,BTC,0.011344002758720828
2017-05-08,BTC,0.07931309865072889
2017-05-09,BTC,0.018574294379609002
2017-05-10,BTC,0.018098862795306925
2017-05-11,BTC,0.034379111334029044
2017-05-12,BTC,-0.06725737173444557
2017-05-13,BTC,0.04678585603060226
2017-05-14,BTC,0.002216176941925996
2017-05-15,BTC,-0.03896267870541803
2017-05-16,BTC,-0.0022894809777168623
2017-05-17,BTC,0.06033037423636123
2017-05-18,BTC,0.02694814256769873
2017-05-19,BTC,0.05245012852721076
2017-05-20,BTC,0.048809947848473145
2017-05-21,BTC,-0.020880416027349136
2017-05-22,BTC,0.06476580165308032
2017-05-23,BTC,0.06764517628472633
2017-05-24,BTC,0.05310244475213688
2017-05-25,BTC,-0.05674318565944014
2017-05-26,BTC,-0.04449498887747083
2017-05-27,BTC,-0.07425919332339515
2017-05-28,BTC,0.0573504215526095
2017-05-29,BTC,0.046298384049117125
2017-05-30,BTC,-0.03552925058061074
2017-05-31,BTC,0.050995850505991314
2017-06-01,BTC,0.05312694371196991
2017-06-02,BTC,0.033502570701906764
2017-06-03,BTC,0.010769342911445712
2017-06-04,BTC,-0.0014073742918723209
2017-06-05,BTC,0.06967087316227039
2017-06-06,BTC,0.06565030230326219
2017-06-07,BTC,-0.045766988438535994
2017-06-08,BTC,0.026887227483478382
2017-06-09,BTC,0.006483394275232257
2017-06-10,BTC,0.043876854240490815
2017-06-11,BTC,0.003528212280786036
2017-06-12,BTC,-0.10090233756359857
2017-06-13,BTC,0.021578241803352327
2017-06-14,BTC,-0.07752975717127475
2017-06-15,BTC,-0.016673530687237204
2017-06-16,BTC,0.021902303336727824
2017-06-17,BTC,0.05452314855474327
2017-06-18,BTC,-0.04051005636447136
2017-06-19,BTC,0.01621089356412031
2017-06-20,BTC,0.05104646911540134
2017-06-21,BTC,-0.012010456698382854
2017-06-22,BTC,0.006065157064008231
2017-06-23,BTC,0.014600375278880584
2017-06-24,BTC,-0.04961545033060577
2017-06-25,BTC,-0.007402120124278988
2017-06-26,BTC,-0.042851446740276966
2017-06-27,BTC,0.029857371122225418
2017-06-28,BTC,0.008752409770216296
2017-06-29,BTC,-0.013775869164089127
2017-06-30,BTC,-0.02302977919066862
2017-07-01,BTC,-0.01865901768052247
2017-07-02,BTC,0.029541361004107758
2017-07-03,BTC,0.022976572057023192
2017-07-04,BTC,0.01465637821486343
2017-07-05,BTC,0.00013456806887401918
2017-07-06,BTC,0.0025250167694854664
2017-07-07,BTC,-0.03446351414766324
2017-07-08,BTC,0.020915954364450373
2017-07-09,BTC,-0.02057298711030131
2017-07-10,BTC,-0.05792470188153198
2017-07-11,BTC,-0.014655064012102925
2017-07-12,BTC,0.026114427646636518
2017-07-13,BTC,-0.01706665890466874
2017-07-14,BTC,-0.052826591293936076
2017-07-15,BTC,-0.10499077315203142
2017-07-16,BTC,-0.03453970741745427
2017-07-17,BTC,0.1547242613977975
2017-07-18,BTC,0.0405984420601897
2017-07-19,BTC,-0.019599959234089415
2017-07-20,BTC,0.2393608698654388
2017-07-21,BTC,-0.05318004070743243
2017-07-22,BTC,0.05336316119169271
2017-07-23,BTC,-0.02836897054903753
2017-07-24,BTC,0.008958469804049018
2017-07-25,BTC,-0.06475106538896502
2017-07-26,BTC,-0.018253597797534105
2017-07-27,BTC,0.05626918139220716
2017-07-28,BTC,0.05136275403063939
2017-07-29,BTC,-0.029391158560036046
2017-07-30,BTC,0.01127105981004406
2017-07-31,BTC,0.042855438955589076
2017-08-01,BTC,-0.05463008664141544
2017-08-02,BTC,-0.0027922597041331043
2017-08-03,BTC,0.03469993075685429
2017-08-04,BTC,0.03250220618176569
2017-08-05,BTC,0.12328508084725742
2017-08-06,BTC,-0.011980033802367007
2017-08-07,BTC,0.05133885604838184
2017-08-08,BTC,0.012133983057105446
2017-08-09,BTC,-0.022652436016542987
2017-08-10,BTC,0.011611191404536703
2017-08-11,BTC,0.07965625016471445
2017-08-12,BTC,0.06412330952976464
2017-08-13,BTC,0.04853645464502643
2017-08-14,BTC,0.06183496080363593
2017-08-15,BTC,-0.033108764571511906
2017-08-16,BTC,0.04655737873358379
2017-08-17,BTC,-0.010268161258673913
2017-08-18,BTC,-0.03949262909690476
2017-08-19,BTC,0.007950756664456327
2017-08-20,BTC,-0.025285613721660716
2017-08-21,BTC,-0.02101934204958411
2017-08-22,BTC,0.024684269727151875
2017-08-23,BTC,0.01243744689870585
2017-08-24,BTC,0.044118818020461026
2017-08-25,BTC,0.008517334700095969
2017-08-26,BTC,-0.0043920292075192435
2017-08-27,BTC,0.007003028479147133
2017-08-28,BTC,-5.0132919079404203e-05
2017-08-29,BTC,0.0448038077972408
2017-08-30,BTC,-0.002996321218345477
2017-08-31,BTC,0.030247812397657503
2017-09-01,BTC,0.040102909480912885
2017-09-02,BTC,-0.06403089141293461
2017-09-03,BTC,0.0009150801172317369
2017-09-04,BTC,-0.07563886774014905
2017-09-05,BTC,0.03309949569863302
2017-09-06,BTC,0.050403023139341974
2017-09-07,BTC,0.0006003248892021418
2017-09-08,BTC,-0.0806825161237863
2017-09-09,BTC,-0.0006361079293526473
2017-09-10,BTC,-0.024401006080782994
2017-09-11,BTC,0.009296783040678047
2017-09-12,BTC,-0.007319871287980284
2017-09-13,BTC,-0.06008990178251539
2017-09-14,BTC,-0.1874110117851947
2017-09-15,BTC,0.15295648927176453
2017-09-16,BTC,-0.0034309035831391332
2017-09-17,BTC,-0.011630259471810844
2017-09-18,BTC,0.13461798445242934
2017-09-19,BTC,-0.03449522339690225
2017-09-20,BTC,-0.004845901923637541
2017-09-21,BTC,-0.07038234374377883
2017-09-22,BTC,-9.366128904286786e-05
2017-09-23,BTC,0.04453685331933954
2017-09-24,BTC,-0.028889309480631398
2017-09-25,BTC,0.06604413296914613
2017-09-26,BTC,-0.00858873380148717
2017-09-27,BTC,0.0792117400755914
2017-09-28,BTC,-0.006175191550082948
2017-09-29,BTC,-0.0027930324367207993
2017-09-30,BTC,0.042190053046182285
2017-10-01,BTC,0.014988389180881967
2017-10-02,BTC,0.0012670115735247123
2017-10-03,BTC,-0.02082857388696502
2017-10-04,BTC,-0.02041008124788868
2017-10-05,BTC,0.023419689071315863
2017-10-06,BTC,0.00979572194250733
2017-10-07,BTC,0.012830591440306849
2017-10-08,BTC,0.04147151568709995
2017-10-09,BTC,0.03503757520840067
2017-10-10,BTC,0.0020893070026830607
2017-10-11,BTC,0.009303604548152045
2017-10-12,BTC,0.12854713544693785
2017-10-13,BTC,0.03677310602556361
2017-10-14,BTC,0.0326851807178703
2017-10-15,BTC,-0.02633841352782007
2017-10-16,BTC,0.008347713414463831
2017-10-17,BTC,-0.02097252534707461
2017-10-18,BTC,-0.002643795986161823
2017-10-19,BTC,0.021076124657229967
2017-10-20,BTC,0.05306632450176196
2017-10-21,BTC,0.003351920366813088
2017-10-22,BTC,-0.0038431221244686897
2017-10-23,BTC,-0.012998441965067942
2017-10-24,BTC,-0.06807047502757235
2017-10-25,BTC,0.040559845118093296
2017-10-26,BTC,0.026784148060926993
2017-10-27,BTC,-0.02098793261475229
2017-10-28,BTC,-0.004810679835932641
2017-10-29,BTC,0.06966000267519279
2017-10-30,BTC,-0.0037895483526454443
2017-10-31,BTC,0.0551127111404921
2017-11-01,BTC,0.04621083432731066
2017-11-02,BTC,0.04598428898807039
2017-11-03,BTC,0.01826089787737506
2017-11-04,BTC,0.023889590564422525
2017-11-05,BTC,0.0037208870264384686
2017-11-06,BTC,-0.05192778346429916
2017-11-07,BTC,0.01731799481206897
2017-11-08,BTC,0.04413399955849262
2017-11-09,BTC,-0.0423757375660655
2017-11-10,BTC,-0.07355414731266852
2017-11-10,ETH,-0.06741068978776144
2017-11-11,BTC,-0.03936756153242693
2017-11-11,ETH,0.05155507049719543
2017-11-12,BTC,-0.06410127519466624
2017-11-12,ETH,-0.0215234166001792
2017-11-13,BTC,0.1024223964020905
2017-11-13,ETH,0.028605993401674246
2017-11-14,BTC,0.011625867697059977
2017-11-14,ETH,0.06603710680612629
2017-11-15,BTC,0.10244358799871911
2017-11-15,ETH,-0.012658841109222885
2017-11-16,BTC,0.07602308228430132
2017-11-16,ETH,-0.007298432124233423
2017-11-17,BTC,-0.020668967939835303
2017-11-17,ETH,0.0044421110914172335
2017-11-18,BTC,0.01052792460507379
2017-11-18,ETH,0.04578297589756475
2017-11-19,BTC,0.03162202719066243
2017-11-19,ETH,0.01948720650012503
2017-11-20,BTC,0.020425510300550398
2017-11-20,ETH,0.03483214668306278
2017-11-21,BTC,-0.015776803805438666
2017-11-21,ETH,-0.017257954953682764
2017-11-22,BTC,0.02258507895370454
2017-11-22,ETH,0.0561902076442764
2017-11-23,BTC,-0.026022716314653915
2017-11-23,ETH,0.07753532472207425
2017-11-24,BTC,0.026735484363164197
2017-11-24,ETH,0.15785079208313424
2017-11-25,BTC,0.06508961012823455
2017-11-25,ETH,-0.018182374319202
2017-11-26,BTC,0.06138491620992981
2017-11-26,ETH,0.010839042938341592
2017-11-27,BTC,0.052279856482030373
2017-11-27,ETH,0.019147995398503648
2017-11-28,BTC,0.024489879142509663
2017-11-28,ETH,-0.015515613992209687
2017-11-29,BTC,-0.016919459222728528
2017-11-29,ETH,-0.09595856441637107
2017-11-30,BTC,0.034887536827456156
2017-11-30,ETH,0.04582444207233105
2017-12-01,BTC,0.07250625667631683
2017-12-01,ETH,0.043447519601349516
2017-12-02,BTC,0.009020008338809893
2017-12-02,ETH,-0.006625376948076078
2017-12-03,BTC,0.022447817050383678
2017-12-03,ETH,0.005187176307693608
2017-12-04,BTC,0.02949696148075409
2017-12-04,ETH,0.009339884498408058
2017-12-05,BTC,0.02226091991663215
2017-12-05,ETH,-0.014723405166720771
2017-12-06,BTC,0.19928333899191664
2017-12-06,ETH,-0.07488542099779771
2017-12-07,BTC,0.2524716942763181
2017-12-07,ETH,0.013579420408984078
2017-12-08,BTC,-0.07431961911021989
2017-12-08,ETH,0.04977582567533467
2017-12-09,BTC,-0.08396201205323306
2017-12-09,ETH,0.03831100972587986
2017-12-10,BTC,0.01826304777546084
2017-12-10,ETH,-0.06711905104721572
2017-12-11,BTC,0.09585001702858453
2017-12-11,ETH,0.16620214263694977
2017-12-12,BTC,0.028257970059188287
2017-12-12,ETH,0.2645807079346558
2017-12-13,BTC,-0.05783393716386753
2017-12-13,ETH,0.07880496345654286
2017-12-14,BTC,0.009495300439305021
2017-12-14,ETH,-0.009890973138668269
2017-12-15,BTC,0.06899905763251635
2017-12-15,ETH,-0.016337625608002115
2017-12-16,BTC,0.10111877067699493
2017-12-16,ETH,0.01718317003144998
2017-12-17,BTC,-0.01828959770177696
2017-12-17,ETH,0.034136289166496026
2017-12-18,BTC,-0.0013897831550526707
2017-12-18,ETH,0.10371199899627581
2017-12-19,BTC,-0.0699741582000456
2017-12-19,ETH,0.04049352569353082
2017-12-20,BTC,-0.06480953495347552
2017-12-20,ETH,-0.009357504000245709
2017-12-21,BTC,-0.04942670729264509
2017-12-21,ETH,0.0024136534498566675
2017-12-22,BTC,-0.12473030502089644
2017-12-22,ETH,-0.1780655138721301
2017-12-23,BTC,0.06271059463505568
2017-12-23,ETH,0.0659796691768928
2017-12-24,BTC,-0.05261513418067698
2017-12-24,ETH,-0.0350840546638479
2017-12-25,BTC,0.007238349401918809
2017-12-25,ETH,0.1032718859121593
2017-12-26,BTC,0.14780490304484273
2017-12-26,ETH,0.010448758247111112
2017-12-27,BTC,-0.016230003345223065
2017-12-27,ETH,-0.014207168670750336
2017-12-28,BTC,-0.07778514379518264
2017-12-28,ETH,-0.03384576413482587
2017-12-29,BTC,0.0034026081068359026
2017-12-29,ETH,0.022480939531120514
2017-12-30,BTC,-0.11626478741365665
2017-12-30,ETH,-0.04821569483587351
2017-12-31,BTC,0.09297263608914186
2017-12-31,ETH,0.05503738701798966
2018-01-01,BTC,-0.03526321533283927
2018-01-01,ETH,0.021021972908733533
2018-01-02,BTC,0.0970110560814097
2018-01-02,ETH,0.14470236473009224
2018-01-03,BTC,0.014610795304552893
2018-01-03,ETH,0.08850306368278194
2018-01-04,BTC,0.026195657872015055
2018-01-04,ETH,0.018906875229661724
2018-01-05,BTC,0.11733292616101543
2018-01-05,ETH,0.017124678295504125
2018-01-06,BTC,0.005593964256002781
2018-01-06,ETH,0.04406054233517298
2018-01-07,BTC,-0.05987336056512804
2018-01-07,ETH,0.10702901513492269
2018-01-08,BTC,-0.07935014996092593
2018-01-08,ETH,-0.004023703765806075
2018-01-09,BTC,-0.03788368129071751
2018-01-09,ETH,0.13165520890217386
2018-01-10,BTC,0.025891678470515656
2018-01-10,ETH,-0.033791407724088396
2018-01-11,BTC,-0.10468634305373903
2018-01-11,ETH,-0.08033786441778834
2018-01-12,BTC,0.042876949757709726
2018-01-12,ETH,0.10240438118388306
2018-01-13,BTC,0.02715195317395036
2018-01-13,ETH,0.09677984409284934
2018-01-14,BTC,-0.04096044534981502
2018-01-14,ETH,-0.021232883717632767
2018-01-15,BTC,0.0034707961579654167
2018-01-15,ETH,-0.05476413333357155
2018-01-16,BTC,-0.16854801354629112
2018-01-16,ETH,-0.1844000359430501
2018-01-17,BTC,-0.02627391241677912
2018-01-17,ETH,-0.037430310242511755
2018-01-18,BTC,0.02558861620270214
2018-01-18,ETH,0.02172051200086278
2018-01-19,BTC,0.01154694119247024
2018-01-19,ETH,0.002721220335564878
2018-01-20,BTC,0.11129105236439107
2018-01-20,ETH,0.11168323698851568
2018-01-21,BTC,-0.10071171594108497
2018-01-21,ETH,-0.09139078572320014
2018-01-22,BTC,-0.05764598936801968
2018-01-22,ETH,-0.04413188916371513
2018-01-23,BTC,-0.005763214020962026
2018-01-23,ETH,-0.01697566502561354
2018-01-24,BTC,0.04517684133384825
2018-01-24,ETH,0.07356407599377568
2018-01-25,BTC,-0.008803281560753051
2018-01-25,ETH,-0.002597328929434206
2018-01-26,BTC,-0.007815691506385392
2018-01-26,ETH,-0.0008143569100351744
2018-01-27,BTC,0.024106181433931617
2018-01-27,ETH,0.04918629242893857
2018-01-28,BTC,0.03020790716258781
2018-01-28,ETH,0.1255025158458094
2018-01-29,BTC,-0.041565158037780714
2018-01-29,ETH,-0.051083076311750575
2018-01-30,BTC,-0.10535219581320587
2018-01-30,ETH,-0.09407454738556376
2018-01-31,BTC,0.011359232053877344
2018-01-31,ETH,0.04404699102430554
2018-02-01,BTC,-0.1027834196380305
2018-02-01,ETH,-0.07289572234891606
2018-02-02,BTC,-0.037052347802326024
2018-02-02,ETH,-0.11671125431276863
2018-02-03,BTC,0.03897292486481896
2018-02-03,ETH,0.052669578780531134
2018-02-04,BTC,-0.09786476110758924
2018-02-04,ETH,-0.13416434481221196
2018-02-05,BTC,-0.15968807377551097
2018-02-05,ETH,-0.16381210682223524
2018-02-06,BTC,0.11483809805022926
2018-02-06,ETH,0.13635774150215973
2018-02-07,BTC,-0.01711377293171268
2018-02-07,ETH,-0.04545834775929625
2018-02-08,BTC,0.08453807822469184
2018-02-08,ETH,0.08022927163784144
2018-02-09,BTC,0.057030488314931294
2018-02-09,ETH,0.08077453830337444
2018-02-10,BTC,-0.013171607575021227
2018-02-10,ETH,-0.02653121513593726
2018-02-11,BTC,-0.05705588715872301
2018-02-11,ETH,-0.0531778340118092
2018-02-12,BTC,0.09798315081177211
2018-02-12,ETH,0.06634301285442423
2018-02-13,BTC,-0.03677344497335466
2018-02-13,ETH,-0.026992962429639222
2018-02-14,BTC,0.10424378247495736
2018-02-14,ETH,0.0926379625188114
2018-02-15,BTC,0.07075267978887334
2018-02-15,ETH,0.01452534206013456
2018-02-16,BTC,0.006639518158486624
2018-02-16,ETH,0.007720591228886686
2018-02-17,BTC,0.0858714440383399
2018-02-17,ETH,0.03167194539964835
2018-02-18,BTC,-0.050473816513253555
2018-02-18,ETH,-0.05152776646470214
2018-02-19,BTC,0.06382797366007709
2018-02-19,ETH,0.02158622791762088
2018-02-20,BTC,0.01589270609507487
2018-02-20,ETH,-0.051378130406813494
2018-02-21,BTC,-0.06254985596523333
2018-02-21,ETH,-0.05070519909053717
2018-02-22,BTC,-0.06411363144322124
2018-02-22,ETH,-0.043679181095690245
2018-02-23,BTC,0.02959516335582202
2018-02-23,ETH,0.06316586437308924
2018-02-24,BTC,-0.04737642731178393
2018-02-24,ETH,-0.02739448259759092
2018-02-25,BTC,-0.015116557715992629
2018-02-25,ETH,0.0051099419228730625
2018-02-26,BTC,0.07263210586495439
2018-02-26,ETH,0.029006528040185664
2018-02-27,BTC,0.03462041028492213
2018-02-27,ETH,0.010295476532552472
2018-02-28,BTC,-0.030552997565149287
2018-02-28,ETH,-0.02626318896272517
2018-03-01,BTC,0.05319339372337972
2018-03-01,ETH,0.019879628136155958
2018-03-02,BTC,0.012364203326180156
2018-03-02,ETH,-0.017595717322276716
2018-03-03,BTC,0.036377885560451295
2018-03-03,ETH,0.0004340863955869523
2018-03-04,BTC,0.0019930384320943073
2018-03-04,ETH,0.01102744693506641
2018-03-05,BTC,0.005272501204946822
2018-03-05,ETH,-0.014992832218705066
2018-03-06,BTC,-0.06855429544313296
2018-03-06,ETH,-0.04302883891829412
2018-03-07,BTC,-0.0755415215926486
2018-03-07,ETH,-0.07848695454027577
2018-03-08,BTC,-0.0572531755818666
2018-03-08,ETH,-0.06407146591767099
2018-03-09,BTC,-0.006116008644050375
2018-03-09,ETH,0.03451624340431536
2018-03-10,BTC,-0.050500379066334866
2018-03-10,ETH,-0.057655477552551515
2018-03-11,BTC,0.08037783474086391
2018-03-11,ETH,0.05306377124732298
2018-03-12,BTC,-0.03899407015352063
2018-03-12,ETH,-0.03249927897511695
2018-03-13,BTC,-0.001115738597840088
2018-03-13,ETH,-0.012865916723930004
2018-03-14,BTC,-0.10060415105858134
2018-03-14,ETH,-0.11078896427179907
2018-03-15,BTC,0.0037547153880626016
2018-03-15,ETH,-0.004862515380726684
2018-03-16,BTC,0.0045163099033997955
2018-03-16,ETH,-0.015766296694008974
2018-03-17,BTC,-0.05054594090041897
2018-03-17,ETH,-0.08125275926545106
2018-03-18,BTC,0.038752615832098325
2018-03-18,ETH,-0.025570815783310774
2018-03-19,BTC,0.04948766471821564
2018-03-19,ETH,0.033569541026134075
2018-03-20,BTC,0.03276917997335538
2018-03-20,ETH,0.0008064552378423961
2018-03-21,BTC,0.0017737814072429359
2018-03-21,ETH,0.008178771365865423
2018-03-22,BTC,-0.022488995834565095
2018-03-22,ETH,-0.03921793394779349
2018-03-23,BTC,0.017316940467241304
2018-03-23,ETH,-0.00015380304027901026
2018-03-24,BTC,-0.023818586517076135
2018-03-24,ETH,-0.024424625935317246
2018-03-25,BTC,-0.019882032253830673
2018-03-25,ETH,-0.004087916108852063
2018-03-26,BTC,-0.033708485106174635
2018-03-26,ETH,-0.06549084636197922
2018-03-27,BTC,-0.04584504758621555
2018-03-27,ETH,-0.08130403319548385
2018-03-28,BTC,0.015503551724572073
2018-03-28,ETH,-0.008524481773869996
2018-03-29,BTC,-0.09916170347942321
2018-03-29,ETH,-0.1351419308559343
2018-03-30,BTC,-0.03840241264367461
2018-03-30,ETH,0.022481144146713428
2018-03-31,BTC,0.012046952245941878
2018-03-31,ETH,0.004591498103849512
2018-04-01,BTC,-0.01854151465198095
2018-04-01,ETH,-0.04250147196893139
2018-04-02,BTC,0.03500318149775872
2018-04-02,ETH,0.017960662634068703
2018-04-03,BTC,0.052557958843978625
2018-04-03,ETH,0.07884587834793066
2018-04-04,BTC,-0.08077536819799569
2018-04-04,ETH,-0.08719265047673075
2018-04-05,BTC,-0.006181881962836755
2018-04-05,ETH,0.007066206359080507
2018-04-06,BTC,-0.025714036045156208
2018-04-06,ETH,-0.03378369016223137
2018-04-07,BTC,0.041403974915207975
2018-04-07,ETH,0.040587632635895154
2018-04-08,BTC,0.016268081926749334
2018-04-08,ETH,0.0394327754170789
2018-04-09,BTC,-0.03599192973886778
2018-04-09,ETH,-0.004948701775378983
2018-04-10,BTC,0.009456851084145068
2018-04-10,ETH,0.03943785464319349
2018-04-11,BTC,0.019541295257440083
2018-04-11,ETH,0.03934163430373627
2018-04-12,BTC,0.13215957347142848
2018-04-12,ETH,0.1449365906491631
2018-04-13,BTC,0.0008505194964667506
2018-04-13,ETH,-0.0004179489349483978
2018-04-14,BTC,0.011433729892771805
2018-04-14,ETH,0.01774384148584729
2018-04-15,BTC,0.04293260747550409
2018-04-15,ETH,0.060269901635369605
2018-04-16,BTC,-0.03246930563679795
2018-04-16,ETH,-0.038658914531133126
2018-04-17,BTC,-0.01943001508226172
2018-04-17,ETH,-0.016146021929917542
2018-04-18,BTC,0.03307100821331388
2018-04-18,ETH,0.04353797911999946
2018-04-19,BTC,0.016033678248838168
2018-04-19,ETH,0.08212819907740543
2018-04-20,BTC,0.06649384172813311
2018-04-20,ETH,0.08422251964765093
2018-04-21,BTC,0.0056241188854653235
2018-04-21,ETH,-0.01676578848135657
2018-04-22,BTC,-0.010468133204319163
2018-04-22,ETH,0.027197061900279706
2018-04-23,BTC,0.014589094689994253
2018-04-23,ETH,0.03326792006009871
2018-04-24,BTC,0.08583925965266448
2018-04-24,ETH,0.10210917951507215
2018-04-25,BTC,-0.0878329224671307
2018-04-25,ETH,-0.13096230187716207
2018-04-26,BTC,0.049263206888732425
2018-04-26,ETH,0.07700970427778464
2018-04-27,BTC,-0.031725437819185576
2018-04-27,ETH,-0.023803294877472347
2018-04-28,BTC,0.040216831097785066
2018-04-28,ETH,0.056637070638428266
2018-04-29,BTC,0.0075519876851644074
2018-04-29,ETH,0.007610312300805777
2018-04-30,BTC,-0.01895410931393615
2018-04-30,ETH,-0.027518498442315686
2018-05-01,BTC,-0.013152901248456694
2018-05-01,ETH,0.0055065422076368
2018-05-02,BTC,0.012820488107240013
2018-05-02,ETH,0.020094640725412782
2018-05-03,BTC,0.05499619247287524
2018-05-03,ETH,0.13445998574023377
2018-05-04,BTC,-0.004423358338729533
2018-05-04,ETH,0.007800715829656912
2018-05-05,BTC,0.016224566817716557
2018-05-05,ETH,0.03881751419241519
2018-05-06,BTC,-0.020627661161558675
2018-05-06,ETH,-0.02917343177295273
2018-05-07,BTC,-0.02918652325920712
2018-05-07,ETH,-0.04870057312781695
2018-05-08,BTC,-0.014743338221176572
2018-05-08,ETH,-0.001151588424354033
2018-05-09,BTC,0.009784638135047707
2018-05-09,ETH,-0.0007730156178340497
2018-05-10,BTC,-0.030159124782280555
2018-05-10,ETH,-0.033229930628722704
2018-05-11,BTC,-0.06661368459868511
2018-05-11,ETH,-0.06557471290412842
2018-05-12,BTC,0.007510452811321011
2018-05-12,ETH,0.009508693692314107
2018-05-13,BTC,0.025755864015265972
2018-05-13,ETH,0.06916134129166629
2018-05-14,BTC,-0.0008196285477451992
2018-05-14,ETH,-0.004017691388911504
2018-05-15,BTC,-0.023679606291423294
2018-05-15,ETH,-0.029673627939443503
2018-05-16,BTC,-0.016632607079429262
2018-05-16,ETH,-0.002568850974957959
2018-05-17,BTC,-0.03280150885412081
2018-05-17,ETH,-0.04864296155134695
2018-05-18,BTC,0.019353065575076878
2018-05-18,ETH,0.032275026558841624
2018-05-19,BTC,-0.0004593446816679725
2018-05-19,ETH,0.0031151032359750808
2018-05-20,BTC,0.03226197592169289
2018-05-20,ETH,0.027046916091801432
2018-05-21,BTC,-0.011072124702669384
2018-05-21,ETH,-0.022571614471128876
2018-05-22,BTC,-0.04480471395234409
2018-05-22,ETH,-0.07362605602470584
2018-05-23,BTC,-0.060180703011888936
2018-05-23,ETH,-0.09904576536413501
2018-05-24,BTC,0.0039058908809461723
2018-05-24,ETH,0.03113510838358624
2018-05-25,BTC,-0.014128760440268784
2018-05-25,ETH,-0.02496197949641521
2018-05-26,BTC,-0.016612022186092146
2018-05-26,ETH,0.0009306099520962618
2018-05-27,BTC,0.0016776146739541087
2018-05-27,ETH,-0.024880804357017006
2018-05-28,BTC,-0.03151778498705937
2018-05-28,ETH,-0.09889153243671556
2018-05-29,BTC,0.047169292322396306
2018-05-29,ETH,0.0956367166607488
2018-05-30,BTC,-0.008841623265862797
2018-05-30,ETH,-0.010254857952070484
2018-05-31,BTC,0.011834154516914053
2018-05-31,ETH,0.032264679156700726
2018-06-01,BTC,0.006308940673935393
2018-06-01,ETH,0.004151356235793768
2018-06-02,BTC,0.013525250098900043
2018-06-02,ETH,0.02028289800782357
2018-06-03,BTC,0.010047792910929054
2018-06-03,ETH,0.04481351525786126
2018-06-04,BTC,-0.026654549419546036
2018-06-04,ETH,-0.040987880208104066
2018-06-05,BTC,0.015874645500039364
2018-06-05,ETH,0.027518391809512766
2018-06-06,BTC,0.002648788469189478
2018-06-06,ETH,-0.0035761438150743174
2018-06-07,BTC,0.0031696259943396754
2018-06-07,ETH,-0.0031904712117678535
2018-06-08,BTC,-0.006944340222814094
2018-06-08,ETH,-0.006791264967650257
2018-06-09,BTC,-0.012188972783781837
2018-06-09,ETH,-0.005847860580667441
2018-06-10,BTC,-0.09903902597615177
2018-06-10,ETH,-0.11895503130804119
2018-06-11,BTC,0.017816025003725366
2018-06-11,ETH,0.012925477797388174
2018-06-12,BTC,-0.04699056341537011
2018-06-12,ETH,-0.06833321411301518
2018-06-13,BTC,-0.03531559589050193
2018-06-13,ETH,-0.03894389078109206
2018-06-14,BTC,0.05125280718084646
2018-06-14,ETH,0.08847863515747245
2018-06-15,BTC,-0.03277281585696323
2018-06-15,ETH,-0.05529283057519074
2018-06-16,BTC,0.014493753193281167
2018-06-16,ETH,0.017592525777665236
2018-06-17,BTC,-0.007769296552266991
2018-06-17,ETH,0.001613154535880179
2018-06-18,BTC,0.036242501693211526
2018-06-18,ETH,0.036852966214353744
2018-06-19,BTC,0.005214707758210091
2018-06-19,ETH,0.03674370788248216
2018-06-20,BTC,0.0009763547887364776
2018-06-20,ETH,-0.003139590965938188
2018-06-21,BTC,-0.006907581536569007
2018-06-21,ETH,-0.01659804591624492
2018-06-22,BTC,-0.09599929127557916
2018-06-22,ETH,-0.11671192508756267
2018-06-23,BTC,0.012951028047344604
2018-06-23,ETH,0.018683309517868008
2018-06-24,BTC,0.0017444275736506754
2018-06-24,ETH,-0.035505336621075356
2018-06-25,BTC,0.012303153382069887
2018-06-25,ETH,0.0057639543279199845
2018-06-26,BTC,-0.02488490482462502
2018-06-26,ETH,-0.05982488872894898
2018-06-27,BTC,0.010414079159373646
2018-06-27,ETH,0.022166376267860777
2018-06-28,BTC,-0.041202629509963784
2018-06-28,ETH,-0.045211534460273484
2018-06-29,BTC,0.053334982045442514
2018-06-29,ETH,0.03230384327924685
2018-06-30,BTC,0.029863499854496434
2018-06-30,ETH,0.04396925263504392
2018-07-01,BTC,-0.00283887816696593
2018-07-01,ETH,-0.002772515111625351
2018-07-02,BTC,0.03576053785551925
2018-07-02,ETH,0.04720893560132011
2018-07-03,BTC,-0.012789239147277698
2018-07-03,ETH,-0.023460709532574398
2018-07-04,BTC,0.010407998444580624
2018-07-04,ETH,0.006727745431485133
2018-07-05,BTC,0.006303905732049309
2018-07-05,ETH,0.015180228975550047
2018-07-06,BTC,0.005175348399594437
2018-07-06,ETH,-0.0008431361499883216
2018-07-07,BTC,0.02748635285551071
2018-07-07,ETH,0.037231147100340145
2018-07-08,BTC,-0.012111876720297454
2018-07-08,ETH,-0.005168237412181864
2018-07-09,BTC,-0.004743202325453666
2018-07-09,ETH,-0.025427312178337047
2018-07-10,BTC,-0.06108203429191239
2018-07-10,ETH,-0.08865028467502645
2018-07-11,BTC,0.010230691178732654
2018-07-11,ETH,0.027839147533235575
2018-07-12,BTC,-0.025943303661489003
2018-07-12,ETH,-0.03682718288252296
2018-07-13,BTC,0.0014833886419449716
2018-07-13,ETH,0.009191448175345007
2018-07-14,BTC,0.006102918971790272
2018-07-14,ETH,0.004743922475550111
2018-07-15,BTC,0.013307587804530119
2018-07-15,ETH,0.03156259915382198
2018-07-16,BTC,0.06008356684760452
2018-07-16,ETH,0.06848501273855323
2018-07-17,BTC,0.08592576690955611
2018-07-17,ETH,0.042325364609632654
2018-07-18,BTC,0.006794081964906162
2018-07-18,ETH,-0.040896070460357925
2018-07-19,BTC,0.013035266406750123
2018-07-19,ETH,-0.022671628946775102
2018-07-20,BTC,-0.015097374603627811
2018-07-20,ETH,-0.040290087224367555
2018-07-21,BTC,0.008860348850009636
2018-07-21,ETH,0.02604406197201725
2018-07-22,BTC,-0.00010780070374505346
2018-07-22,ETH,-0.006009462220378237
2018-07-23,BTC,0.03944463356578143
2018-07-23,ETH,-0.01915344673407804
2018-07-24,BTC,0.09248469813206439
2018-07-24,ETH,0.06325784505025234
2018-07-25,BTC,-0.028830914494162863
2018-07-25,ETH,-0.0143520276871274
2018-07-26,BTC,-0.02808936559110453
2018-07-26,ETH,-0.017896612149947755
2018-07-27,BTC,0.026841166837664243
2018-07-27,ETH,0.012130493811344234
2018-07-28,BTC,0.0033240162325662848
2018-07-28,ETH,-0.005893496530055331
2018-07-29,BTC,0.0032115585112559852
2018-07-29,ETH,-0.0004990419831896187
2018-07-30,BTC,-0.004621301393359478
2018-07-30,ETH,-0.02053724774107535
2018-07-31,BTC,-0.04890178082675012
2018-07-31,ETH,-0.0507874743868022
2018-08-01,BTC,-0.01998984457531061
2018-08-01,ETH,-0.03023967018532947
2018-08-02,BTC,-0.007575204523413981
2018-08-02,ETH,-0.019313285420697324
2018-08-03,BTC,-0.017544223034868245
2018-08-03,ETH,0.013671119940328769
2018-08-04,BTC,-0.05401116052267385
2018-08-04,ETH,-0.026323164479593708
2018-08-05,BTC,0.005066208196926381
2018-08-05,ETH,0.008014636974877254
2018-08-06,BTC,-0.01650710988835713
2018-08-06,ETH,-0.009397932824989463
2018-08-07,BTC,-0.02857960428694062
2018-08-07,ETH,-0.06502514114243285
2018-08-08,BTC,-0.06623905761153515
2018-08-08,ETH,-0.062075378334417564
2018-08-09,BTC,0.04161727043509522
2018-08-09,ETH,0.0251673549130782
2018-08-10,BTC,-0.058390163053316124
2018-08-10,ETH,-0.08592190315727055
2018-08-11,BTC,0.01795072367701156
2018-08-11,ETH,-0.036100724008949925
2018-08-12,BTC,0.004282261313801161
2018-08-12,ETH,-0.007891640768904473
2018-08-13,BTC,-0.0039730110791915685
2018-08-13,ETH,-0.10349848686981156
2018-08-14,BTC,-0.015539305797755087
2018-08-14,ETH,-0.026398326009696715
2018-08-15,BTC,0.017550830487124358
2018-08-15,ETH,0.0123040983172511
2018-08-16,BTC,0.0041546925200131035
2018-08-16,ETH,0.020122877007132445
2018-08-17,BTC,0.03881774015655104
2018-08-17,ETH,0.09610622913707001
2018-08-18,BTC,-0.023838161388960444
2018-08-18,ETH,-0.06308255478934077
2018-08-19,BTC,0.012813377460690445
2018-08-19,ETH,0.016977008961363227
2018-08-20,BTC,-0.030362422230262642
2018-08-20,ETH,-0.0881516422291585
2018-08-21,BTC,0.028569252521058797
2018-08-21,ETH,0.027811084828887278
2018-08-22,BTC,-0.017268292976586608
2018-08-22,ETH,-0.037606747499469906
2018-08-23,BTC,0.024804314896540447
2018-08-23,ETH,0.021238959153563775
2018-08-24,BTC,0.028321879123101024
2018-08-24,ETH,0.021158144628543374
2018-08-25,BTC,0.0064330711373343785
2018-08-25,ETH,-0.011736401350997072
2018-08-26,BTC,-0.008269792252739938
2018-08-26,ETH,-0.01590941829705872
2018-08-27,BTC,0.026446026737003914
2018-08-27,ETH,0.03781293473746783
2018-08-28,BTC,0.03074084399978072
2018-08-28,ETH,0.03815084650663403
2018-08-29,BTC,-0.006921884479385465
2018-08-29,ETH,-0.024239479299388078
2018-08-30,BTC,-0.009781269937524706
2018-08-30,ETH,-0.01799787261333541
2018-08-31,BTC,0.008505036065358018
2018-08-31,ETH,-0.003875374037829782
2018-09-01,BTC,0.022119808250405715
2018-09-01,ETH,0.043593043600160586
2018-09-02,BTC,0.011047887233691212
2018-09-02,ETH,-0.0032843432150542196
2018-09-03,BTC,-0.0017407731737240084
2018-09-03,ETH,-0.017365839276156203
2018-09-04,BTC,0.01399438804035591
2018-09-04,ETH,-0.012224375764827933
2018-09-05,BTC,-0.07726926617796492
2018-09-05,ETH,-0.18686629986571002
2018-09-06,BTC,-0.03881447838641905
2018-09-06,ETH,-0.009107684175876596
2018-09-07,BTC,-0.009511178051622271
2018-09-07,ETH,-0.056521050388503746
2018-09-08,BTC,-0.03727961044229555
2018-09-08,ETH,-0.08863597022919345
2018-09-09,BTC,0.012027003467310005
2018-09-09,ETH,-0.005188193218225279
2018-09-10,BTC,0.0045772057555697465
2018-09-10,ETH,0.0007870995026890704
2018-09-11,BTC,-0.0013428756082783933
2018-09-11,ETH,-0.06095525554846948
2018-09-12,BTC,0.004840791057003857
2018-09-12,ETH,-0.0093750373603958
2018-09-13,BTC,0.026057221416850407
2018-09-13,ETH,0.1528547339193893
2018-09-14,BTC,-0.000705827652036306
2018-09-14,ETH,0.0018688503949377822
2018-09-15,BTC,0.004681650888474609
2018-09-15,ETH,0.05348319276925251
2018-09-16,BTC,-0.0039766503781880624
2018-09-16,ETH,-0.011139803622288169
2018-09-17,BTC,-0.036208908470212964
2018-09-17,ETH,-0.10296979473830525
2018-09-18,BTC,0.014344330155602991
2018-09-18,ETH,0.06114974657493688
2018-09-19,BTC,0.004275459515334479
2018-09-19,ETH,-2.86318024329546e-05
2018-09-20,BTC,0.018930862676956428
2018-09-20,ETH,0.069638897577186
2018-09-21,BTC,0.033020118505568075
2018-09-21,ETH,0.09792465361976621
2018-09-22,BTC,-0.0019258070910126435
2018-09-22,ETH,-0.024754257840392202
2018-09-23,BTC,-0.001688505126350992
2018-09-23,ETH,0.01600967303691081
2018-09-24,BTC,-0.01716973347876105
2018-09-24,ETH,-0.06384809882784048
2018-09-25,BTC,-0.022582362260686772
2018-09-25,ETH,-0.04470332285104606
2018-09-26,BTC,0.00752811748738158
2018-09-26,ETH,-0.012164502877944239
2018-09-27,BTC,0.027983063895304028
2018-09-27,ETH,0.05859244356732196
2018-09-28,BTC,-0.004885628065675718
2018-09-28,ETH,-0.026661577153767824
2018-09-29,BTC,-0.006346944237813346
2018-09-29,ETH,0.04151492346283314
2018-09-30,BTC,0.003574710812529469
2018-09-30,ETH,0.005236741960751967
2018-10-01,BTC,-0.005424438249508223
2018-10-01,ETH,-0.008932873663157093
2018-10-02,BTC,-0.005086790882500303
2018-10-02,ETH,-0.015543773537697203
2018-10-03,BTC,-0.008161903129785819
2018-10-03,ETH,-0.029456694661811555
2018-10-04,BTC,0.011395474639611658
2018-10-04,ETH,0.007841678807986252
2018-10-05,BTC,0.0069624749639192185
2018-10-05,ETH,0.0242239402266482
2018-10-06,BTC,-0.005159686699812593
2018-10-06,ETH,-0.010900667528869423
2018-10-07,BTC,0.002222138391870798
2018-10-07,ETH,0.004437669688962531
2018-10-08,BTC,0.007463298025666587
2018-10-08,ETH,0.013868810410464727
2018-10-09,BTC,-0.0014415983479458827
2018-10-09,ETH,-0.005552813359764874
2018-10-10,BTC,-0.008597538085317824
2018-10-10,ETH,-0.009706895670097082
2018-10-11,BTC,-0.05000198336714945
2018-10-11,ETH,-0.16065095174052824
2018-10-12,BTC,0.002931448132255543
2018-10-12,ETH,0.038142746690033036
2018-10-13,BTC,0.001818473285531752
2018-10-13,ETH,0.015829033807578385
2018-10-14,BTC,0.0007858652689651802
2018-10-14,ETH,-0.020646448974480758
2018-10-15,BTC,0.04857943972383971
2018-10-15,ETH,0.07147637470219581
2018-10-16,BTC,-6.521233536105342e-05
2018-10-16,ETH,0.00198375031770337
2018-10-17,BTC,-0.007834873671174969
2018-10-17,ETH,-0.014453658071821196
2018-10-18,BTC,-0.010347763368972918
2018-10-18,ETH,-0.018016870930916418
2018-10-19,BTC,-0.001744682833668909
2018-10-19,ETH,0.0018440929559115915
2018-10-20,BTC,0.003678001021058641
2018-10-20,ETH,0.008359165103603239
2018-10-21,BTC,-0.0010540366073054086
2018-10-21,ETH,-0.0014019101155309244
2018-10-22,BTC,0.0007420238835125215
2018-10-22,ETH,-0.005352350822876106
2018-10-23,BTC,-0.0017603884596555375
2018-10-23,ETH,0.001431025555352461
2018-10-24,BTC,0.0031038319400622516
2018-10-24,ETH,-0.002368616072268681
2018-10-25,BTC,-0.003009588468581126
2018-10-25,ETH,-0.005558006967999574
2018-10-26,BTC,-0.00023779649354971344
2018-10-26,ETH,0.003009094500184828
2018-10-27,BTC,0.000869513542993916
2018-10-27,ETH,0.004332938172293854
2018-10-28,BTC,0.0009274539479067201
2018-10-28,ETH,0.0056607931177714566
2018-10-29,BTC,-0.02370505792364075
2018-10-29,ETH,-0.03953431143455921
2018-10-30,BTC,0.0002589977227631657
2018-10-30,ETH,0.0015665928844301735
2018-10-31,BTC,-0.002630161991615365
2018-10-31,ETH,-0.0008858402274498633
2018-11-01,BTC,0.009524159164166601
2018-11-01,ETH,0.007553905083822698
2018-11-02,BTC,0.0016714525444749828
2018-11-02,ETH,0.00886500131394441
2018-11-03,BTC,-0.004254587353178851
2018-11-03,ETH,-0.0022378442468009574
2018-11-04,BTC,0.0023376057157507013
2018-11-04,ETH,0.036466024716088175
2018-11-05,BTC,0.006827068180471185
2018-11-05,ETH,0.007735514901599627
2018-11-06,BTC,0.006441090083988854
2018-11-06,ETH,0.04476994360646014
2018-11-07,BTC,0.01069962337180641
2018-11-07,ETH,-0.005809043709797179
2018-11-08,BTC,-0.011702646539741735
2018-11-08,ETH,-0.022801028995022565
2018-11-09,BTC,-0.01055206847976109
2018-11-09,ETH,-0.010163442909513765
2018-11-10,BTC,0.003695819234960096
2018-11-10,ETH,0.01170539702093576
2018-11-11,BTC,0.0003198212292272462
2018-11-11,ETH,-0.005613285448039407
2018-11-12,BTC,-0.006239013468180898
2018-11-12,ETH,-0.004362624615732558
2018-11-13,BTC,-0.0018488912132336166
2018-11-13,ETH,-0.017070760352065006
2018-11-14,BTC,-0.09767137204823373
2018-11-14,ETH,-0.12294876059690363
2018-11-15,BTC,-0.015739770310788437
2018-11-15,ETH,-0.0032580660519645477
2018-11-16,BTC,-0.012832790057027754
2018-11-16,ETH,-0.031132804278260484
2018-11-17,BTC,-0.0038058536477711957
2018-11-17,ETH,-0.006713180725410273
2018-11-18,BTC,0.01246054158899823
2018-11-18,ETH,0.01762055469761914
2018-11-19,BTC,-0.1337324531280254
2018-11-19,ETH,-0.15752228297479987
2018-11-20,BTC,-0.08613793664749825
2018-11-20,ETH,-0.12626779386504117
2018-11-21,BTC,0.033761048892067214
2018-11-21,ETH,0.048811171569968614
2018-11-22,BTC,-0.051330130021037146
2018-11-22,ETH,-0.07311579616863217
2018-11-23,BTC,-0.004312949417012546
2018-11-23,ETH,-0.026912724161557544
2018-11-24,BTC,-0.10727813839138145
2018-11-24,ETH,-0.07949969595906803
2018-11-25,BTC,0.03329501453641903
2018-11-25,ETH,0.02604537302853749
2018-11-26,BTC,-0.05756653779882259
2018-11-26,ETH,-0.06968654423732068
2018-11-27,BTC,0.01100520203864308
2018-11-27,ETH,0.015461328895676196
2018-11-28,BTC,0.11429781677810569
2018-11-28,ETH,0.11297155860808394
2018-11-29,BTC,0.005032803483256965
2018-11-29,ETH,-0.03998231825961229
2018-11-30,BTC,-0.061132857655723294
2018-11-30,ETH,-0.03718846854097768
2018-12-01,BTC,0.04913869153262418
2018-12-01,ETH,0.048281995393701926
2018-12-02,BTC,-0.017746089738599147
2018-12-02,ETH,-0.01893747829554082
2018-12-03,BTC,-0.059360946019741734
2018-12-03,ETH,-0.06412881638845347
2018-12-04,BTC,0.016117316474361765
2018-12-04,ETH,0.011835383014102474
2018-12-05,BTC,-0.05127732410744523
2018-12-05,ETH,-0.0702144829909247
2018-12-06,BTC,-0.06203872788383058
2018-12-06,ETH,-0.1045566465420994
2018-12-07,BTC,-0.02873093603554966
2018-12-07,ETH,0.01671197329742613
2018-12-08,BTC,0.016426468099122626
2018-12-08,ETH,-0.01216497298685304
2018-12-09,BTC,0.03973390954986766
2018-12-09,ETH,0.03236147577707382
2018-12-10,BTC,-0.030871924054627797
2018-12-10,ETH,-0.03632889243861093
2018-12-11,BTC,-0.02228819243544189
2018-12-11,ETH,-0.02988852351194793
2018-12-12,BTC,0.018210090700773618
2018-12-12,ETH,0.018528184230911737
2018-12-13,BTC,-0.04969183369802088
2018-12-13,ETH,-0.044749287217839995
2018-12-14,BTC,-0.021484404643338006
2018-12-14,ETH,-0.02578039917724606
2018-12-15,BTC,-0.00176504895861207
2018-12-15,ETH,0.001571790198360068
2018-12-16,BTC,0.004967122690864523
2018-12-16,ETH,0.009726210007277025
2018-12-17,BTC,0.09008303968836118
2018-12-17,ETH,0.11578095032031754
2018-12-18,BTC,0.04235760433416402
2018-12-18,ETH,0.06284441866039692
2018-12-19,BTC,0.013498594166162725
2018-12-19,ETH,0.0015440263692509948
2018-12-20,BTC,0.10370951341077017
2018-12-20,ETH,0.14761040345501075
2018-12-21,BTC,-0.05754047081632285
2018-12-21,ETH,-0.057828453877552755
2018-12-22,BTC,0.03019058043163869
2018-12-22,ETH,0.06633349335871452
2018-12-23,BTC,-0.003787170148421448
2018-12-23,ETH,0.11995392547298889
2018-12-24,BTC,0.019909800002112288
2018-12-24,ETH,0.07244085998418637
2018-12-25,BTC,-0.06450950206818629
2018-12-25,ETH,-0.07411444123900868
2018-12-26,BTC,0.010957144913857908
2018-12-26,ETH,0.015566992996868478
2018-12-27,BTC,-0.05248858966405945
2018-12-27,ETH,-0.11594923180496619
2018-12-28,BTC,0.0736244771111243
2018-12-28,ETH,0.18075008386869018
2018-12-29,BTC,-0.02637924423222937
2018-12-29,ETH,0.0026976438433914396
2018-12-30,BTC,0.011921223353655419
2018-12-30,ETH,0.01333960555744107
2018-12-31,BTC,-0.03188145558095512
2018-12-31,ETH,-0.04641227760194955
2019-01-01,BTC,0.02693765683605087
2019-01-01,ETH,0.0558690415634393
2019-01-02,BTC,0.025989042281366226
2019-01-02,ETH,0.10103913415708599
2019-01-03,BTC,-0.02704974336321264
2019-01-03,ETH,-0.0381345519552061
2019-01-04,BTC,0.005467222626216461
2019-01-04,ETH,0.03652348258266658
2019-01-05,BTC,-0.003246206888826486
2019-01-05,ETH,0.006835571386013317
2019-01-06,BTC,0.06018888861446059
2019-01-06,ETH,0.013541660232799568
2019-01-07,BTC,-0.01260458883210791
2019-01-07,ETH,-0.03833361304423322
2019-01-08,BTC,0.0013911214837352137
2019-01-08,ETH,-0.0088305290009012
2019-01-09,BTC,0.0011036105648376537
2019-01-09,ETH,0.0029494714261837363
2019-01-10,BTC,-0.08831366819666353
2019-01-10,ETH,-0.1470654808093831
2019-01-11,BTC,0.0022943982214995717
2019-01-11,ETH,-0.008372065986680277
2019-01-12,BTC,-0.007068584135981104
2019-01-12,ETH,-0.012401532861499032
2019-01-13,BTC,-0.029592732102399433
2019-01-13,ETH,-0.07199313656580575
2019-01-14,BTC,0.04309066731460187
2019-01-14,ETH,0.10411591049723246
2019-01-15,BTC,-0.020338880328643172
2019-01-15,ETH,-0.054513676417318746
2019-01-16,BTC,0.006701657682214313
2019-01-16,ETH,0.01240938459045382
2019-01-17,BTC,0.006445166852939055
2019-01-17,ETH,0.0015771700863078664
2019-01-18,BTC,-0.005633885824214646
2019-01-18,ETH,-0.02207545288730861
2019-01-19,BTC,0.019336279435154813
2019-01-19,ETH,0.02899554550494332
2019-01-20,BTC,-0.034210097604695955
2019-01-20,ETH,-0.04050938924721137
2019-01-21,BTC,-0.006937269182559769
2019-01-21,ETH,-0.019393025647509665
2019-01-22,BTC,0.007982219951364833
2019-01-22,ETH,0.013568862539051318
2019-01-23,BTC,-0.005397055122244532
2019-01-23,ETH,-0.010905022905039141
2019-01-24,BTC,0.00439104360848841
2019-01-24,ETH,-0.0007638968822354375
2019-01-25,BTC,-0.0003053736335224544
2019-01-25,ETH,-0.0083888773754488
2019-01-26,BTC,0.0007485431486600191
2019-01-26,ETH,0.0009486072518172239
2019-01-27,BTC,-0.005133888120898322
2019-01-27,ETH,-0.026469943305171495
2019-01-28,BTC,-0.03167312037855241
2019-01-28,ETH,-0.0600969789410275
2019-01-29,BTC,-0.006435330653293936
2019-01-29,ETH,-0.009304442264207902
2019-01-30,BTC,0.01103927096757329
2019-01-30,ETH,0.031338846290313915
2019-01-31,BTC,-0.008143269325041613
2019-01-31,ETH,-0.016954997884723433
2019-02-01,BTC,0.008720183739189036
2019-02-01,ETH,0.005125812913707728
2019-02-02,BTC,0.009494265405179059
2019-02-02,ETH,0.026210187718501032
2019-02-03,BTC,-0.01620175471744556
2019-02-03,ETH,-0.026601327938489683
2019-02-04,BTC,-0.0014028164443861124
2019-02-04,ETH,0.003060057225071633
2019-02-05,BTC,0.0020824077305636735
2019-02-05,ETH,-0.0035065540563441466
2019-02-06,BTC,-0.015171430181290635
2019-02-06,ETH,-0.023493561702091714
2019-02-07,BTC,-0.004187789950119369
2019-02-07,ETH,-0.003659836353758772
2019-02-08,BTC,0.07863239318839477
2019-02-08,ETH,0.14093272409288482
2019-02-09,BTC,0.0012063280354683847
2019-02-09,ETH,0.0013678412544197993
2019-02-10,BTC,0.005171224791767015
2019-02-10,ETH,0.04501015552210297
2019-02-11,BTC,-0.011315836951756086
2019-02-11,ETH,-0.02810827259681059
2019-02-12,BTC,0.0013972858086190865
2019-02-12,ETH,0.010502161071923366
2019-02-13,BTC,-0.005873228423961097
2019-02-13,ETH,-0.00015243565600087106
2019-02-14,BTC,-0.004182104127314679
2019-02-14,ETH,-0.009492978611056468
2019-02-15,BTC,0.0010865526937218206
2019-02-15,ETH,0.005850407680742853
2019-02-16,BTC,0.00247922555437019
2019-02-16,ETH,0.009498972190726596
2019-02-17,BTC,0.01213530621263259
2019-02-17,ETH,0.08387670855646312
2019-02-18,BTC,0.06583804009467542
2019-02-18,ETH,0.09355989170737233
2019-02-19,BTC,0.008013895832135631
2019-02-19,ETH,-0.0051484625684995455
2019-02-20,BTC,0.013358199164869689
2019-02-20,ETH,0.02895256560138937
2019-02-21,BTC,-0.011426110729454764
2019-02-21,ETH,-0.02289129496786768
2019-02-22,BTC,0.013001242029855531
2019-02-22,ETH,0.02026682939272928
2019-02-23,BTC,0.03420280463327119
2019-02-23,ETH,0.06508023858135004
2019-02-24,BTC,-0.08016830712779921
2019-02-24,ETH,-0.14448000767189428
2019-02-25,BTC,0.018966060635805304
2019-02-25,ETH,0.029224304859803762
2019-02-26,BTC,-0.007298633937987575
2019-02-26,ETH,-0.012395575412746607
2019-02-27,BTC,-0.0008589100836423613
2019-02-27,ETH,-0.014220575048522921
2019-02-28,BTC,0.0009706546704713048
2019-02-28,ETH,0.004556699017873367
2019-03-01,BTC,0.0012447748305945971
2019-03-01,ETH,-0.002213059382476845
2019-03-02,BTC,0.0012517668104363722
2019-03-02,ETH,-0.016392586465016845
2019-03-03,BTC,-0.0044610264783262465
2019-03-03,ETH,-0.014585941471364494
2019-03-04,BTC,-0.022254936403225956
2019-03-04,ETH,-0.033839815818397345
2019-03-05,BTC,0.035840973956695166
2019-03-05,ETH,0.07864083293078838
2019-03-06,BTC,0.0019422224383240927
2019-03-06,ETH,0.007016020675954193
2019-03-07,BTC,0.0019318286070102442
2019-03-07,ETH,-0.005438834332578524
2019-03-08,BTC,-0.0026467658337827604
2019-03-08,ETH,-0.021063030794378546
2019-03-09,BTC,0.01593951074016675
2019-03-09,ETH,0.02100435336023576
2019-03-10,BTC,-0.0029555740506511663
2019-03-10,ETH,-0.008746036141891955
2019-03-11,BTC,-0.01173513521428382
2019-03-11,ETH,-0.021385494883916167
2019-03-12,BTC,0.0010060759032475275
2019-03-12,ETH,0.004549337716896584
2019-03-13,BTC,-0.0006239108103570645
2019-03-13,ETH,-0.008775544785752154
2019-03-14,BTC,0.004518334494236109
2019-03-14,ETH,0.0033656497848693068
2019-03-15,BTC,0.009311558336655423
2019-03-15,ETH,0.029767008109052195
2019-03-16,BTC,0.02217032756381765
2019-03-16,ETH,0.0341806178770756
2019-03-17,BTC,-0.0058035113164038865
2019-03-17,ETH,-0.016837496210703407
2019-03-18,BTC,0.0018081754616785517
2019-03-18,ETH,-0.004471025635101045
2019-03-19,BTC,0.009592756619634768
2019-03-19,ETH,0.008212344704771946
2019-03-20,BTC,0.004000337019458566
2019-03-20,ETH,0.0011895886075743434
2019-03-21,BTC,-0.014226238767748978
2019-03-21,ETH,-0.028789522279829893
2019-03-22,BTC,-0.0013299101079167208
2019-03-22,ETH,0.00399147654144838
2019-03-23,BTC,0.002946880672416219
2019-03-23,ETH,0.007715518118759368
2019-03-24,BTC,-0.0033842394882989124
2019-03-24,ETH,-0.00906355715561069
2019-03-25,BTC,-0.014692984758966188
2019-03-25,ETH,-0.014278020512220713
2019-03-26,BTC,0.00555383851780511
2019-03-26,ETH,0.0031795401108301036
2019-03-27,BTC,0.025591790081793686
2019-03-27,ETH,0.04080752191206338
2019-03-28,BTC,-0.00439410170099408
2019-03-28,ETH,-0.011147643888395842
2019-03-29,BTC,0.007192568960710188
2019-03-29,ETH,0.022098879716942355
2019-03-30,BTC,0.0020216904305738748
2019-03-30,ETH,-0.002840327749729088
2019-03-31,BTC,-0.0003058103975535076
2019-03-31,ETH,-0.004071868839389592
2019-04-01,BTC,0.01285593446519373
2019-04-01,ETH,0.002234569887348492
2019-04-02,BTC,0.1735601357404375
2019-04-02,ETH,0.15604155441984235
2019-04-03,BTC,0.01908737151027773
2019-04-03,ETH,-0.015265420160837206
2019-04-04,BTC,-0.010099119772122078
2019-04-04,ETH,-0.02109680755713539
2019-04-05,BTC,0.023133653881632465
2019-04-05,ETH,0.04721411613736115
2019-04-06,BTC,0.004593546775932822
2019-04-06,ETH,0.0026121994276668836
2019-04-07,BTC,0.027487076967675605
2019-04-07,ETH,0.05172995929572455
2019-04-08,BTC,0.017479481496835758
2019-04-08,ETH,0.03281452366327087
2019-04-09,BTC,-0.016033302776742198
2019-04-09,ETH,-0.022990505222779234
2019-04-10,BTC,0.02297679449480783
2019-04-10,ETH,0.006943777186402933
2019-04-11,BTC,-0.04884241466188555
2019-04-11,ETH,-0.0667679172644201
2019-04-12,BTC,0.004946456691243162
2019-04-12,ETH,-0.004596435574989677
2019-04-13,BTC,0.0013846761356397508
2019-04-13,ETH,-0.00135353681308914
2019-04-14,BTC,0.013957526910101548
2019-04-14,ETH,0.020212127257804413
2019-04-15,BTC,-0.019469655345422332
2019-04-15,ETH,-0.03732363346762779
2019-04-16,BTC,0.03324404347200138
2019-04-16,ETH,0.03743958900454958
2019-04-17,BTC,0.003128303240330199
2019-04-17,ETH,-0.004013064648710096
2019-04-18,BTC,0.008843926567657423
2019-04-18,ETH,0.04110952232758769
2019-04-19,BTC,0.0010242285247921146
2019-04-19,ETH,-0.000607493093716549
2019-04-20,BTC,0.00642438443454596
2019-04-20,ETH,0.00024657076027412295
2019-04-21,BTC,-0.004375323763073036
2019-04-21,ETH,-0.02132210318062855
2019-04-22,BTC,0.015962646635110156
2019-04-22,ETH,0.010750824040805629
2019-04-23,BTC,0.032040260809014454
2019-04-23,ETH,-0.002483580845062061
2019-04-24,BTC,-0.019290850018550354
2019-04-24,ETH,-0.03278959608679355
2019-04-25,BTC,-0.04654296037177108
2019-04-25,ETH,-0.06854590152967832
2019-04-26,BTC,0.013210308630683842
2019-04-26,ETH,0.012221304478441386
2019-04-27,BTC,-0.00209441177273062
2019-04-27,ETH,0.013353909089498295
2019-04-28,BTC,0.0031980284462800324
2019-04-28,ETH,-0.007194512053711466
2019-04-29,BTC,-0.007149598137096702
2019-04-29,ETH,-0.013306701563468581
2019-04-30,BTC,0.019700224573813152
2019-04-30,ETH,0.04487078272452005
2019-05-01,BTC,0.009712831055362026
2019-05-01,ETH,-0.008310536801285462
2019-05-02,BTC,0.018988001869725712
2019-05-02,ETH,0.008111284608380176
2019-05-03,BTC,0.047773352676729886
2019-05-03,ETH,0.03595805655763229
2019-05-04,BTC,0.010900619522295596
2019-05-04,ETH,-0.023374639738295788
2019-05-05,BTC,-0.006080940822531411
2019-05-05,ETH,-0.003510906312635731
2019-05-06,BTC,-0.008437513242851802
2019-05-06,ETH,0.05630147018667553
2019-05-07,BTC,0.014389613933892154
2019-05-07,ETH,-0.016533449709814407
2019-05-08,BTC,0.026238273651690402
2019-05-08,ETH,0.0067698155765787416
2019-05-09,BTC,0.03210575059420551
2019-05-09,ETH,-0.0038541463693734235
2019-05-10,BTC,0.03309083475578345
2019-05-10,ETH,0.0167564211009239
2019-05-11,BTC,0.12947827227172803
2019-05-11,ETH,0.12222048609321012
2019-05-12,BTC,-0.03225638770747363
2019-05-12,ETH,-0.03591797943902464
2019-05-13,BTC,0.1208402976115901
2019-05-13,ETH,0.050825834485122456
2019-05-14,BTC,0.02296902470023965
2019-05-14,ETH,0.10313779648228083
2019-05-15,BTC,0.026362395040874453
2019-05-15,ETH,0.13817491598827325
2019-05-16,BTC,-0.03903135076359554
2019-05-16,ETH,0.06820449154164843
2019-05-17,BTC,-0.06861381146516154
2019-05-17,ETH,-0.07668429837661883
2019-05-18,BTC,-0.009897676229553398
2019-05-18,ETH,-0.0376156249663544
2019-05-19,BTC,0.12741781617539316
2019-05-19,ETH,0.11380016420768158
2019-05-20,BTC,-0.026761244415049346
2019-05-20,ETH,-0.03608142608353193
2019-05-21,BTC,-0.0018777719888342093
2019-05-21,ETH,0.013306647580488828
2019-05-22,BTC,-0.03557071156568237
2019-05-22,ETH,-0.0412081243451744
2019-05-23,BTC,0.02627324592835456
2019-05-23,ETH,0.005176786982368009
2019-05-24,BTC,0.013388347506898546
2019-05-24,ETH,0.014308166092893426
2019-05-25,BTC,0.008159425489589589
2019-05-25,ETH,0.00911833263935824
2019-05-26,BTC,0.077077738316635
2019-05-26,ETH,0.060810996321972954
2019-05-27,BTC,0.015284123299404317
2019-05-27,ETH,0.02169096885527666
2019-05-28,BTC,-0.00974546520800379
2019-05-28,ETH,-0.00400909814528605
2019-05-29,BTC,-0.006935191916087824
2019-05-29,ETH,-0.00851098282071261
2019-05-30,BTC,-0.039264986075266295
2019-05-30,ETH,-0.050460024798618774
2019-05-31,BTC,0.030654502684543283
2019-05-31,ETH,0.04789595307053229
2019-06-01,BTC,-0.001222852548150466
2019-06-01,ETH,-0.01015349645354957
2019-06-02,BTC,0.020894565549692157
2019-06-02,ETH,0.018215592051875618
2019-06-03,BTC,-0.061073482241120636
2019-06-03,ETH,-0.06519591179875206
2019-06-04,BTC,-0.06105791439007158
2019-06-04,ETH,-0.0446111676938441
2019-06-05,BTC,0.015109484866347334
2019-06-05,ETH,0.023668881480394477
2019-06-06,BTC,-0.00028220123956368415
2019-06-06,ETH,0.009809004964876467
2019-06-07,BTC,0.02837216433167966
2019-06-07,ETH,0.005836368585068197
2019-06-08,BTC,-0.011166557363197271
2019-06-08,ETH,-0.020692038879725705
2019-06-09,BTC,-0.033448139582594405
2019-06-09,ETH,-0.051483257177473485
2019-06-10,BTC,0.04061515452790565
2019-06-10,ETH,0.06192299207165419
2019-06-11,BTC,-0.009076530355347279
2019-06-11,ETH,-0.007022849149575072
2019-06-12,BTC,0.027516514423324256
2019-06-12,ETH,0.06152391318410899
2019-06-13,BTC,0.010442903901259237
2019-06-13,ETH,-0.018146559493496417
2019-06-14,BTC,0.05624024585256682
2019-06-14,ETH,0.030911925570925147
2019-06-15,BTC,0.01662580728863916
2019-06-15,ETH,0.018675079024750074
2019-06-16,BTC,0.017663120341691707
2019-06-16,ETH,0.0007578933039145141
2019-06-17,BTC,0.03622932707487103
2019-06-17,ETH,0.01904701773063544
2019-06-18,BTC,-0.025598800340442818
2019-06-18,ETH,-0.033895454439780814
2019-06-19,BTC,0.021114710381221036
2019-06-19,ETH,0.016524856771026775
2019-06-20,BTC,0.027350847496536934
2019-06-20,ETH,0.00839995192972598
2019-06-21,BTC,0.06480383180815696
2019-06-21,ETH,0.08544607140458238
2019-06-22,BTC,0.0549195775982847
2019-06-22,ETH,0.04906587800430895
2019-06-23,BTC,0.014360317604584338
2019-06-23,ETH,-0.005018162764330758
2019-06-24,BTC,0.014346026862422256
2019-06-24,ETH,0.008436188676779866
2019-06-25,BTC,0.07082074209722089
2019-06-25,ETH,0.024809978297278157
2019-06-26,BTC,0.10392020009443503
2019-06-26,ETH,0.05855177913508958
2019-06-27,BTC,-0.14085680731712602
2019-06-27,ETH,-0.1261622397942206
2019-06-28,BTC,0.1095007210601795
2019-06-28,ETH,0.05762939351595553
2019-06-29,BTC,-0.03610453370408184
2019-06-29,ETH,0.028380634063252197
2019-06-30,BTC,-0.09550801721584046
2019-06-30,ETH,-0.09174222350202954
2019-07-01,BTC,-0.021634200665230252
2019-07-01,ETH,0.010131304035073674
2019-07-02,BTC,0.020650116774459715
2019-07-02,ETH,-0.006963186154442247
2019-07-03,BTC,0.1073529339969792
2019-07-03,ETH,0.039450208016048594
2019-07-04,BTC,-0.06235391898004139
2019-07-04,ETH,-0.06128918906401337
2019-07-05,BTC,-0.02112958491922401
2019-07-05,ETH,0.01221096876338379
2019-07-06,BTC,0.02095838770931313
2019-07-06,ETH,-0.0015639333384408483
2019-07-07,BTC,0.021617058544519452
2019-07-07,ETH,0.06313206140637617
2019-07-08,BTC,0.07293009429655473
2019-07-08,ETH,0.024700125663908334
2019-07-09,BTC,0.023429552014133215
2019-07-09,ETH,-0.013951707135440583
2019-07-10,BTC,-0.03318800918078746
2019-07-10,ETH,-0.061119628257438
2019-07-11,BTC,-0.06563153479411477
2019-07-11,ETH,-0.07344175335343406
2019-07-12,BTC,0.04026215537942113
2019-07-12,ETH,0.028182167780781864
2019-07-13,BTC,-0.03585036493032401
2019-07-13,ETH,-0.02467780142239595
2019-07-14,BTC,-0.09974390088768914
2019-07-14,ETH,-0.1554253826832529
2019-07-15,BTC,0.06230768322534974
2019-07-15,ETH,0.009657947578191495
2019-07-16,BTC,-0.13009972955850602
2019-07-16,ETH,-0.1331180189393436
2019-07-17,BTC,0.022807481217359316
2019-07-17,ETH,0.06173189901753706
2019-07-18,BTC,0.10034036323545137
2019-07-18,ETH,0.07131094001614291
2019-07-19,BTC,-0.012726782329064878
2019-07-19,ETH,-0.023095868601261782
2019-07-20,BTC,0.02244926725812757
2019-07-20,ETH,0.03517678047076145
2019-07-21,BTC,-0.015606204170657723
2019-07-21,ETH,-0.01522547581817979
2019-07-22,BTC,-0.024152889523769483
2019-07-22,ETH,-0.03576974489241791
2019-07-23,BTC,-0.04276653919461193
2019-07-23,ETH,-0.022207652637152187
2019-07-24,BTC,-0.00897322315406024
2019-07-24,ETH,0.02029749430759198
2019-07-25,BTC,0.01018311979244002
2019-07-25,ETH,0.011848273429135636
2019-07-26,BTC,-0.004190753523789725
2019-07-26,ETH,5.287334679593414e-05
2019-07-27,BTC,-0.039778510171619375
2019-07-27,ETH,-0.05564503948478372
2019-07-28,BTC,0.007932599028432463
2019-07-28,ETH,0.01821645439235775
2019-07-29,BTC,-0.0035292930608459283
2019-07-29,ETH,0.0003859014262819205
2019-07-30,BTC,0.00927376519668166
2019-07-30,ETH,-0.0035284695286892376
2019-07-31,BTC,0.04977443590680308
2019-07-31,ETH,0.03862552565596866
2019-08-01,BTC,0.031137477786643997
2019-08-01,ETH,-0.0038677662742561125
2019-08-02,BTC,0.01139515690337567
2019-08-02,ETH,0.0002898216892548433
2019-08-03,BTC,0.028859736926716506
2019-08-03,ETH,0.021199528155439573
2019-08-04,BTC,0.013718514042569074
2019-08-04,ETH,0.0008062476926509188
2019-08-05,BTC,0.07615813067183441
2019-08-05,ETH,0.05184945291482146
2019-08-06,BTC,-0.027739623222421628
2019-08-06,ETH,-0.03498657547247741
2019-08-07,BTC,0.040407124768529146
2019-08-07,ETH,0.0016386172506186458
2019-08-08,BTC,0.002046436150864972
2019-08-08,ETH,-0.02406960656709367
2019-08-09,BTC,-0.008646764326666112
2019-08-09,ETH,-0.04731089420280021
2019-08-10,BTC,-0.042899336801604404
2019-08-10,ETH,-0.0178411829381655
2019-08-11,BTC,0.014933443976921312
2019-08-11,ETH,0.045272428534281595
2019-08-12,BTC,-0.01223256154903185
2019-08-12,ETH,-0.022234858664771595
2019-08-13,BTC,-0.0427657511938907
2019-08-13,ETH,-0.012206203882075273
2019-08-14,BTC,-0.07747238810719048
2019-08-14,ETH,-0.1058952814294768
2019-08-15,BTC,0.025850521886593203
2019-08-15,ETH,0.010151334577589877
2019-08-16,BTC,0.006089578552864294
2019-08-16,ETH,-0.016243754589222892
2019-08-17,BTC,-0.013744945908168327
2019-08-17,ETH,0.0013352257602874396
2019-08-18,BTC,0.011148285637548438
2019-08-18,ETH,0.04742289321886317
2019-08-19,BTC,0.05511826854733437
2019-08-19,ETH,0.04420920283865293
2019-08-20,BTC,-0.013999682770833077
2019-08-20,ETH,-0.03213579013350509
2019-08-21,BTC,-0.0580850243386819
2019-08-21,ETH,-0.04921406126682193
2019-08-22,BTC,-0.0006898901425563819
2019-08-22,ETH,0.02376395417096333
2019-08-23,BTC,0.027332707357414776
2019-08-23,ETH,0.017630479279609146
2019-08-24,BTC,-0.0238282805498643
2019-08-24,ETH,-0.017547674946588154
2019-08-25,BTC,-0.0021105749822180053
2019-08-25,ETH,-0.023248388107769413
2019-08-26,BTC,0.022912889639430167
2019-08-26,ETH,0.011169790401769575
2019-08-27,BTC,-0.017869397686568034
2019-08-27,ETH,-0.007477501430339428
2019-08-28,BTC,-0.0423226300562074
2019-08-28,ETH,-0.072669241958641
2019-08-29,BTC,-0.02503712008044423
2019-08-29,ETH,-0.025149409185794447
2019-08-30,BTC,0.009250450148868827
2019-08-30,ETH,-0.004022431715560382
2019-08-31,BTC,0.0033850433381186207
2019-08-31,ETH,0.021529428287748065
2019-09-01,BTC,0.013218884990569668
2019-09-01,ETH,-0.004872520344192388
2019-09-02,BTC,0.06033939401703048
2019-09-02,ETH,0.03914204119415654
2019-09-03,BTC,0.02675033314982045
2019-09-03,ETH,0.0064591794165931304
2019-09-04,BTC,-0.002734199230500889
2019-09-04,ETH,-0.019534553338295457
2019-09-05,BTC,-0.0017896052830365106
2019-09-05,ETH,-0.010089935121516014
2019-09-06,BTC,-0.021013642005712985
2019-09-06,ETH,-0.024457731267474303
2019-09-07,BTC,0.015835734030373416
2019-09-07,ETH,0.04887402399371976
2019-09-08,BTC,-0.007224177456150227
2019-09-08,ETH,0.017350304756150958
2019-09-09,BTC,-0.010180916017754393
2019-09-09,ETH,-0.0011362760569428865
2019-09-10,BTC,-0.02119008819226731
2019-09-10,ETH,-0.007520251122596244
2019-09-11,BTC,0.006168113381149309
2019-09-11,ETH,-0.0059051823496002465
2019-09-12,BTC,0.022769346729666573
2019-09-12,ETH,0.012816322850751405
2019-09-13,BTC,-0.004762677568511009
2019-09-13,ETH,0.0005172353769105076
2019-09-14,BTC,-0.00024111148814232042
2019-09-14,ETH,0.03862734890376407
2019-09-15,BTC,-0.0009978652998753335
2019-09-15,ETH,0.00895034371016834
2019-09-16,BTC,-0.006853586494147135
2019-09-16,ETH,0.0385904669714312
2019-09-17,BTC,-0.003456475294145833
2019-09-17,ETH,0.05831966830182567
2019-09-18,BTC,-0.004201080893668663
2019-09-18,ETH,0.013346930592172068
2019-09-19,BTC,0.0066841865263698175
2019-09-19,ETH,0.04677456540252267
2019-09-20,BTC,-0.008257355384274523
2019-09-20,ETH,-0.014600469925861947
2019-09-21,BTC,-0.015903604843314323
2019-09-21,ETH,-0.011620469739669237
2019-09-22,BTC,0.005057606145695059
2019-09-22,ETH,-0.018424717521224432
2019-09-23,BTC,-0.033868427345709606
2019-09-23,ETH,-0.04549411209219267
2019-09-24,BTC,-0.1139604136496184
2019-09-24,ETH,-0.1674443243333108
2019-09-25,BTC,-0.015494717619790932
2019-09-25,ETH,0.01654842087062125
2019-09-26,BTC,-0.043363460239767226
2019-09-26,ETH,-0.024375371887484842
2019-09-27,BTC,0.01636635757099958
2019-09-27,ETH,0.047885857568697565
2019-09-28,BTC,-0.0007187075808087195
2019-09-28,ETH,-0.0007904900147250871
2019-09-29,BTC,-0.017187842891431715
2019-09-29,ETH,-0.023310676718752976
2019-09-30,BTC,0.023405512631758718
2019-09-30,ETH,0.054947433873068885
2019-10-01,BTC,0.005957196587605074
2019-10-01,ETH,-0.014075459965787518
2019-10-02,BTC,0.005964758065035269
2019-10-02,ETH,0.019003488329472074
2019-10-03,BTC,-0.015852393543526522
2019-10-03,ETH,-0.03049722689538259
2019-10-04,BTC,-0.006543920762636879
2019-10-04,ETH,0.010192160436667708
2019-10-05,BTC,-0.006634092921928403
2019-10-05,ETH,-0.0035793083285821092
2019-10-06,BTC,-0.02003860844973604
2019-10-06,ETH,-0.01866938100898885
2019-10-07,BTC,0.03223112979219778
2019-10-07,ETH,0.046961964110191046
2019-10-08,BTC,-0.0020422766908295698
2019-10-08,ETH,0.004609731260002858
2019-10-09,BTC,0.0445943248463081
2019-10-09,ETH,0.06192507061593355
2019-10-10,BTC,-0.0010780457889411066
2019-10-10,ETH,-0.00845135888084203
2019-10-11,BTC,-0.030829512579344187
2019-10-11,ETH,-0.047427720059411094
2019-10-12,BTC,0.0017783297946283305
2019-10-12,ETH,-0.009547269439318606
2019-10-13,BTC,-0.0018652553061611066
2019-10-13,ETH,0.006904428489395764
2019-10-14,BTC,0.006451222961466829
2019-10-14,ETH,0.02683374122573201
2019-10-15,BTC,-0.020217757684260373
2019-10-15,ETH,-0.02971123844843615
2019-10-16,BTC,-0.019236463643636514
2019-10-16,ETH,-0.029726474745445763
2019-10-17,BTC,0.007006410585064904
2019-10-17,ETH,0.01144711488405803
2019-10-18,BTC,-0.016128460830725944
2019-10-18,ETH,-0.024754556894477253
2019-10-19,BTC,0.0019255772919670733
2019-10-19,ETH,-0.004079642496059188
2019-10-20,BTC,0.029231496307097427
2019-10-20,ETH,0.01515995195211306
2019-10-21,BTC,0.002632251578733369
2019-10-21,ETH,-0.003494404163625231
2019-10-22,BTC,-0.020078018662405217
2019-10-22,ETH,-0.014978948189324437
2019-10-23,BTC,-0.06975948008239763
2019-10-23,ETH,-0.057446442404025744
2019-10-24,BTC,-0.002818899590176671
2019-10-24,ETH,-0.0014423254446559453
2019-10-25,BTC,0.15576341830619223
2019-10-25,ETH,0.11934903656214346
2019-10-26,BTC,0.0674624969992299
2019-10-26,ETH,-0.009297592823990342
2019-10-27,BTC,0.03317935043243514
2019-10-27,ETH,0.02450427628469698
2019-10-28,BTC,-0.030943805493041765
2019-10-28,ETH,-0.008572447483945034
2019-10-29,BTC,0.018532445072405368
2019-10-29,ETH,0.04204338989507139
2019-10-30,BTC,-0.02354351875791383
2019-10-30,ETH,-0.029685454668325395
2019-10-31,BTC,-0.000667150118005666
2019-10-31,ETH,-0.003926805599411609
2019-11-01,BTC,0.006687207250242189
2019-11-01,ETH,1.617390715802358e-05
2019-11-02,BTC,0.006868865512063227
2019-11-02,ETH,-0.0002401164303420522
2019-11-03,BTC,-0.009583483749455834
2019-11-03,ETH,-0.008159282467639084
2019-11-04,BTC,0.01919339562438549
2019-11-04,ETH,0.02154406132255149
2019-11-05,BTC,-0.007445856545328811
2019-11-05,ETH,0.01582448304565287
2019-11-06,BTC,0.001964408386214478
2019-11-06,ETH,0.012095205653800845
2019-11-07,BTC,-0.009968973060571096
2019-11-07,ETH,-0.018880013481685
2019-11-08,BTC,-0.049924746967407674
2019-11-08,ETH,-0.02002949697103662
2019-11-09,BTC,0.0009882214210468199
2019-11-09,ETH,0.0044364527164793
2019-11-10,BTC,0.02745130584586919
2019-11-10,ETH,0.024042552384364146
2019-11-11,BTC,-0.032879179981060824
2019-11-11,ETH,-0.021045480428840246
2019-11-12,BTC,0.006608292284490114
2019-11-12,ETH,0.0072983862044944114
2019-11-13,BTC,-0.0008393486468396549
2019-11-13,ETH,0.0075749471007278135
2019-11-14,BTC,-0.011372046022572246
2019-11-14,ETH,-0.012000024315665936
2019-11-15,BTC,-0.024816282533459022
2019-11-15,ETH,-0.029454114926144026
2019-11-16,BTC,0.006920467352055093
2019-11-16,ETH,0.01566120367493351
2019-11-17,BTC,0.0031827394743637605
2019-11-17,ETH,0.009658521304822587
2019-11-18,BTC,-0.031323177646423006
2019-11-18,ETH,-0.02463078143754671
2019-11-19,BTC,-0.012412693864603863
2019-11-19,ETH,-0.017191274617063157
2019-11-20,BTC,-0.021797985575073398
2019-11-20,ETH,-0.0099022100862729
2019-11-21,BTC,-0.04790148568918984
2019-11-21,ETH,-0.08102310751242314
2019-11-22,BTC,-0.045294215208040334
2019-11-22,ETH,-0.06933209949590902
2019-11-23,BTC,0.013872152579023078
2019-11-23,ETH,0.020959943541692505
2019-11-24,BTC,-0.047295145936607
2019-11-24,ETH,-0.06898212004549653
2019-11-25,BTC,0.013935577984796277
2019-11-25,ETH,0.025496818386005815
2019-11-26,BTC,0.010108585540066883
2019-11-26,ETH,0.016989347137961408
2019-11-27,BTC,0.04340210227484875
2019-11-27,ETH,0.027157281762240082
2019-11-28,BTC,-0.009102586236349741
2019-11-28,ETH,-0.008450292689250793
2019-11-29,BTC,0.039948206152910615
2019-11-29,ETH,0.023639834524175507
2019-11-30,BTC,-0.02468853937775628
2019-11-30,ETH,-0.017800330968333444
2019-12-01,BTC,-0.019200067188720915
2019-12-01,ETH,-0.008876103961241388
2019-12-02,BTC,-0.013779656376399996
2019-12-02,ETH,-0.014065954872514497
2019-12-03,BTC,-0.00025167664392733435
2019-12-03,ETH,-0.007397985062762902
2019-12-04,BTC,-0.00930457458407874
2019-12-04,ETH,-0.008169156781971831
2019-12-05,BTC,0.02706453543109233
2019-12-05,ETH,0.01704456362830986
2019-12-06,BTC,0.013249850827323328
2019-12-06,ETH,-0.0003654977486361455
2019-12-07,BTC,0.0012244885547587625
2019-12-07,ETH,-0.0028572430861661946
2019-12-08,BTC,0.0010729442478032425
2019-12-08,ETH,0.016781593633425462
2019-12-09,BTC,-0.021607395767781146
2019-12-09,ETH,-0.020094247265159848
2019-12-10,BTC,-0.01658984648851669
2019-12-10,ETH,-0.013210508246530694
2019-12-11,BTC,-0.008339019679128423
2019-12-11,ETH,-0.018179367576290573
2019-12-12,BTC,0.0035617998454939848
2019-12-12,ETH,0.013898962268902304
2019-12-13,BTC,0.0036655806660659263
2019-12-13,ETH,-0.004527732505692494
2019-12-14,BTC,-0.01994732244362929
2019-12-14,ETH,-0.014319358078066169
2019-12-15,BTC,0.003877781685729609
2019-12-15,ETH,0.001720160827454409
2019-12-16,BTC,-0.030734342104957735
2019-12-16,ETH,-0.06638690530007729
2019-12-17,BTC,-0.04211556503438585
2019-12-17,ETH,-0.08240257069896073
2019-12-18,BTC,0.0958190117115909
2019-12-18,ETH,0.08554625945328853
2019-12-19,BTC,-0.010163597776861044
2019-12-19,ETH,-0.028334172176471162
2019-12-20,BTC,0.0022174806840695727
2019-12-20,ETH,-0.0019724631542183957
2019-12-21,BTC,-0.0038313365082680573
2019-12-21,ETH,-0.007245161153792146
2019-12-22,BTC,0.0445589076158448
2019-12-22,ETH,0.0331033357587478
2019-12-23,BTC,-0.020762644491902904
2019-12-23,ETH,-0.028392774085564954
2019-12-24,BTC,-0.004499437644974069
2019-12-24,ETH,0.003497272997879941
2019-12-25,BTC,-0.006469956481979233
2019-12-25,ETH,-0.020216754345508625
2019-12-26,BTC,-0.004974321654276248
2019-12-26,ETH,-0.0007387179298136148
2019-12-27,BTC,0.007061999794407026
2019-12-27,ETH,0.006753542870370666
2019-12-28,BTC,0.003827368615925586
2019-12-28,ETH,0.008710484708988497
2019-12-29,BTC,0.014302095835631912
2019-12-29,ETH,0.05014913034942636
2019-12-30,BTC,-0.017467840376992116
2019-12-30,ETH,-0.0157652738227112
2019-12-31,BTC,-0.013628967865274233
2019-12-31,ETH,-0.02278933415306572
2020-01-01,BTC,0.0009140341575637478
2020-01-01,ETH,0.009190178165583207
2020-01-02,BTC,-0.029819292162590716
2020-01-02,ETH,-0.025930970201487602
2020-01-03,BTC,0.05145166344511276
2020-01-03,ETH,0.053068978168561154
2020-01-04,BTC,0.008954866877941559
2020-01-04,ETH,0.0066903769863495555
2020-01-05,BTC,8.914790612779555e-05
2020-01-05,ETH,0.008939204731726713
2020-01-06,BTC,0.04829126010697582
2020-01-06,ETH,0.05890493095145177
2020-01-07,BTC,0.050773846435889336
2020-01-07,ETH,-0.005267778753292318
2020-01-08,BTC,-0.010268587535248286
2020-01-08,ETH,-0.015924443349786155
2020-01-09,BTC,-0.024850855645838776
2020-01-09,ETH,-0.016133093484380745
2020-01-10,BTC,0.03648690303834745
2020-01-10,ETH,0.03586560638444225
2020-01-11,BTC,-0.015798168776598898
2020-01-11,ETH,-0.007200886928300676
2020-01-12,BTC,0.019279106453440997
2020-01-12,ETH,0.0206176641057616
2020-01-13,BTC,-0.005895616628883604
2020-01-13,ETH,-0.01129289411687917
2020-01-14,BTC,0.08393344808628167
2020-01-14,ETH,0.15065709666300386
2020-01-15,BTC,-0.002350980919464507
2020-01-15,ETH,0.0016590582058744197
2020-01-16,BTC,-0.009449813541879348
2020-01-16,ETH,-0.01106700566380281
2020-01-17,BTC,0.02352785247141642
2020-01-17,ETH,0.038864331269726105
2020-01-18,BTC,0.0015422162701026476
2020-01-18,ETH,0.02685165206055795
2020-01-19,BTC,-0.026452928527155417
2020-01-19,ETH,-0.047876120324395366
2020-01-20,BTC,-0.005582491465413786
2020-01-20,ETH,0.0009023502412968121
2020-01-21,BTC,0.010193531591149663
2020-01-21,ETH,0.01541788519604359
2020-01-22,BTC,-0.007434180055016837
2020-01-22,ETH,-0.008267668638293424
2020-01-23,BTC,-0.03160514587505292
2020-01-23,ETH,-0.03188227458323378
2020-01-24,BTC,0.004629616722148233
2020-01-24,ETH,0.0007525975197246737
2020-01-25,BTC,-0.00918684685986848
2020-01-25,ETH,-0.01083857506306074
2020-01-26,BTC,0.027364554337216074
2020-01-26,ETH,0.04211930401638453
2020-01-27,BTC,0.036407519395889265
2020-01-27,ETH,0.016979054481661038
2020-01-28,BTC,0.05036808165148732
2020-01-28,ETH,0.03182234945202822
2020-01-29,BTC,-0.004483577295090302
2020-01-29,ETH,-0.007484121137455557
2020-01-30,BTC,0.02064730312029206
2020-01-30,ETH,0.05507065446349446
2020-01-31,BTC,-0.016664631518128026
2020-01-31,ETH,-0.02452916937757532
2020-02-01,BTC,0.00452869583961979
2020-02-01,ETH,0.019503637552609865
2020-02-02,BTC,-0.0051645279666768795
2020-02-02,ETH,0.026915021164291897
2020-02-03,BTC,-0.005441113304621492
2020-02-03,ETH,0.006614061907548319
2020-02-04,BTC,-0.012111511652417528
2020-02-04,ETH,-0.00323635857181348
2020-02-05,BTC,0.047104093835473426
2020-02-05,ETH,0.07915243155799523
2020-02-06,BTC,0.012105773319493585
2020-02-06,ETH,0.03970440884570903
2020-02-07,BTC,0.006797836503646293
2020-02-07,ETH,0.04891694034731886
2020-02-08,BTC,0.007061676319697785
2020-02-08,ETH,0.0018877716176568526
2020-02-09,BTC,0.02549940694219166
2020-02-09,ETH,0.02434298655714895
2020-02-10,BTC,-0.025706324471686526
2020-02-10,ETH,-0.02211870728715548
2020-02-11,BTC,0.03567402510806805
2020-02-11,ETH,0.055155431331365135
2020-02-12,BTC,0.011541499979814906
2020-02-12,ETH,0.12531177329455678
2020-02-13,BTC,-0.010814856987217514
2020-02-13,ETH,0.010147147902660691
2020-02-14,BTC,0.009568503349817403
2020-02-14,ETH,0.060120481598565645
2020-02-15,BTC,-0.0409897830477971
2020-02-15,ETH,-0.06857045116097638
2020-02-16,BTC,0.004551203932625647
2020-02-16,ETH,-0.018259692118138604
2020-02-17,BTC,-0.024590331529186438
2020-02-17,ETH,0.02488976929932618
2020-02-18,BTC,0.0466302236506857
2020-02-18,ETH,0.05849581534422277
2020-02-19,BTC,-0.05014884351152826
2020-02-19,ETH,-0.07867008126631714
2020-02-20,BTC,-0.0025859164113087862
2020-02-20,ETH,-0.006985241682689214
2020-02-21,BTC,0.008114275736580634
2020-02-21,ETH,0.029661444062387243
2020-02-22,BTC,-0.002401270461409255
2020-02-22,ETH,-0.012307540639357906
2020-02-23,BTC,0.02704430011708836
2020-02-23,ETH,0.04354190965516169
2020-02-24,BTC,-0.027642741538078885
2020-02-24,ETH,-0.031187544424001845
2020-02-25,BTC,-0.031965195740564556
2020-02-25,ETH,-0.06560239946277657
2020-02-26,BTC,-0.05579095174048332
2020-02-26,ETH,-0.08932912521133274
2020-02-27,BTC,-0.0040846016176541156
2020-02-27,ETH,0.0047550462867866905
2020-02-28,BTC,-0.012754184897438958
2020-02-28,ETH,3.135827774425337e-05
2020-02-29,BTC,-0.008411261679117432
2020-02-29,ETH,-0.030481443479889903
2020-03-01,BTC,-0.0043089307085921735
2020-03-01,ETH,-0.003993269846346403
2020-03-02,BTC,0.03587941221856461
2020-03-02,ETH,0.05297141408109862
2020-03-03,BTC,-0.009231886844013548
2020-03-03,ETH,-0.026413474337024234
2020-03-04,BTC,-0.0037028710724991143
2020-03-04,ETH,0.00017081878207236834
2020-03-05,BTC,0.03695117168590434
2020-03-05,ETH,0.02115738673549905
2020-03-06,BTC,0.004822595830994203
2020-03-06,ETH,0.06218529788383864
2020-03-07,BTC,-0.02330399860322019
2020-03-07,ETH,-0.023292079775564356
2020-03-08,BTC,-0.08999349283790192
2020-03-08,ETH,-0.15624784288366522
2020-03-09,BTC,-0.022751484424786028
2020-03-09,ETH,0.006464088036532978
2020-03-10,BTC,-0.0017561412564156553
2020-03-10,ETH,-0.0060354861869905685
2020-03-11,BTC,0.00021501160000858555
2020-03-11,ETH,-0.029380849618490856
2020-03-12,BTC,-0.37169538560117077
2020-03-12,ETH,-0.42347221465293294
2020-03-13,BTC,0.11928067241286833
2020-03-13,ETH,0.18562727860573336
2020-03-14,BTC,-0.06530552710121185
2020-03-14,ETH,-0.07429170741922175
2020-03-15,BTC,0.036910617960911996
2020-03-15,ETH,0.015475962795865161
2020-03-16,BTC,-0.07006915676163483
2020-03-16,ETH,-0.1166674150987117
2020-03-17,BTC,0.04210793838741411
2020-03-17,ETH,0.030169066268947553
2020-03-18,BTC,0.0024512036855608432
2020-03-18,ETH,0.007894498612091683
2020-03-19,BTC,0.18187755736638023
2020-03-19,ETH,0.1894040141620661
2020-03-20,BTC,0.001225199953657663
2020-03-20,ETH,-0.02823472111521519
2020-03-21,BTC,-0.00221203491300348
2020-03-21,ETH,0.0006143190364296114
2020-03-22,BTC,-0.05736583896317804
2020-03-22,ETH,-0.07150768570449428
2020-03-23,BTC,0.10052048673231173
2020-03-23,ETH,0.09398593784316334
2020-03-24,BTC,0.04963733427047878
2020-03-24,ETH,0.028536004986446484
2020-03-25,BTC,-0.007979552925792555
2020-03-25,ETH,-0.01848893815284358
2020-03-26,BTC,0.005295181540467819
2020-03-26,ETH,0.015901101242766114
2020-03-27,BTC,-0.03672214358569481
2020-03-27,ETH,-0.031971413141401506
2020-03-28,BTC,-0.035179534234601295
2020-03-28,ETH,-0.022035925578709925
2020-03-29,BTC,-0.051288198783903005
2020-03-29,ETH,-0.04124672033266197
2020-03-30,BTC,0.08574723804008189
2020-03-30,ETH,0.05829424129056493
2020-03-31,BTC,0.0013690436954885143
2020-03-31,ETH,0.005184366716448396
2020-04-01,BTC,0.026112924097839496
2020-04-01,ETH,0.01527757028175758
2020-04-02,BTC,0.028281287899985408
2020-04-02,ETH,0.047145747088574996
2020-04-03,BTC,-0.008866740365705117
2020-04-03,ETH,0.0004376869758151436
2020-04-04,BTC,0.01992164308903499
2020-04-04,ETH,0.02201459263306571
2020-04-05,BTC,-0.011124520572645125
2020-04-05,ETH,-0.011518742372937596
2020-04-06,BTC,0.0707764242948763
2020-04-06,ETH,0.17826423737809294
2020-04-07,BTC,-0.013114627068677276
2020-04-07,ETH,-0.023850264996428838
2020-04-08,BTC,0.02197254365887824
2020-04-08,ETH,0.045667511481618295
2020-04-09,BTC,-0.004364445986660415
2020-04-09,ETH,-0.010626600139346465
2020-04-10,BTC,-0.05979058460566089
2020-04-10,ETH,-0.07256546063848213
2020-04-11,BTC,-0.0009336774645052337
2020-04-11,ETH,-0.0012399681825301379
2020-04-12,BTC,0.016329994685138294
2020-04-12,ETH,0.01849627417518529
2020-04-13,BTC,-0.018082418492216368
2020-04-13,ETH,-0.030177461003746964
2020-04-14,BTC,-0.0003812781513637953
2020-04-14,ETH,0.008426140484949274
2020-04-15,BTC,-0.029275847531044064
2020-04-15,ETH,-0.02734513160377705
2020-04-16,BTC,0.07146740203164859
2020-04-16,ETH,0.12310565300359055
2020-04-17,BTC,-0.002897315751431484
2020-04-17,ETH,-0.003013514905287895
2020-04-18,BTC,0.02275595669052466
2020-04-18,ETH,0.08899759665861406
2020-04-19,BTC,-0.009402505352301915
2020-04-19,ETH,-0.02835015946648367
2020-04-20,BTC,-0.04276646838190479
2020-04-20,ETH,-0.05130521634525309
2020-04-21,BTC,-0.00023761461322069355
2020-04-21,ETH,0.0025568412529346496
2020-04-22,BTC,0.034429236680519004
2020-04-22,ETH,0.05709163292415953
2020-04-23,BTC,0.043910071328696176
2020-04-23,ETH,0.013302836854422573
2020-04-24,BTC,0.016309658285092787
2020-04-24,ETH,0.022743865494742277
2020-04-25,BTC,0.002520911948821203
2020-04-25,ETH,0.0331772757444222
2020-04-26,BTC,0.014522071498782596
2020-04-26,ETH,0.009217850433584918
2020-04-27,BTC,0.015069777105927384
2020-04-27,ETH,-0.00047040529712094603
2020-04-28,BTC,0.001469741643032707
2020-04-28,ETH,0.006037143067803674
2020-04-29,BTC,0.1273180520232342
2020-04-29,ETH,0.09350505112105334
2020-04-30,BTC,-0.01618949646720247
2020-04-30,ETH,-0.04316844161041067
2020-05-01,BTC,0.023816089558295506
2020-05-01,ETH,0.03187372256679111
2020-05-02,BTC,0.013968791699848548
2020-05-02,ETH,0.005164233538947682
2020-05-03,BTC,-0.010138170944239966
2020-05-03,ETH,-0.020398093365129433
2020-05-04,BTC,0.0017067266322232655
2020-05-04,ETH,-0.013080637151445917
2020-05-05,BTC,0.010144678859214995
2020-05-05,ETH,-0.006723281251511781
2020-05-06,BTC,0.029511199738283755
2020-05-06,ETH,-0.013147723734789785
2020-05-07,BTC,0.07366214135771076
2020-05-07,ETH,0.04034988409481799
2020-05-08,BTC,-0.010938284289408906
2020-05-08,ETH,0.00330757754176636
2020-05-09,BTC,-0.025274608612654736
2020-05-09,ETH,-0.006532882629624592
2020-05-10,BTC,-0.0872915214038874
2020-05-10,ETH,-0.10869825445616221
2020-05-11,BTC,-0.017659566044374797
2020-05-11,ETH,-0.014245641667949727
2020-05-12,BTC,0.023562712138033515
2020-05-12,ETH,0.018286301098228597
2020-05-13,BTC,0.05287193516704303
2020-05-13,ETH,0.05219297764835762
2020-05-14,BTC,0.05002535168149658
2020-05-14,ETH,0.018855121721672363
2020-05-15,BTC,-0.04166180495059313
2020-05-15,ETH,-0.03609984668213273
2020-05-16,BTC,0.005233209039209763
2020-05-16,ETH,0.025837796493022314
2020-05-17,BTC,0.03132400103227817
2020-05-17,ETH,0.03229848650838507
2020-05-18,BTC,0.005773698991511145
2020-05-18,ETH,0.035559036772175645
2020-05-19,BTC,0.00025321252090737545
2020-05-19,ETH,-0.005006147613569434
2020-05-20,BTC,-0.02117954918100662
2020-05-20,ETH,-0.015714933991157976
2020-05-21,BTC,-0.04633209978369557
2020-05-21,ETH,-0.04861158117206166
2020-05-22,BTC,0.01110086707949609
2020-05-22,ETH,0.036449129788362455
2020-05-23,BTC,0.0029087652089092586
2020-05-23,ETH,0.007362134898328376
2020-05-24,BTC,-0.045488748514099786
2020-05-24,ETH,-0.03030292616887509
2020-05-25,BTC,0.013260696716498988
2020-05-25,ETH,0.014574278854364575
2020-05-26,BTC,-0.008070322664891605
2020-05-26,ETH,-0.016644452016541522
2020-05-27,BTC,0.039158209254817056
2020-05-27,ETH,0.034477666422055187
2020-05-28,BTC,0.037548495632866885
2020-05-28,ETH,0.05255582341240994
2020-05-29,BTC,-0.009093976247976698
2020-05-29,ETH,0.0037968519368642983
2020-05-30,BTC,0.02768159825145977
2020-05-30,ETH,0.0982007880562834
2020-05-31,BTC,-0.024674768232348376
2020-05-31,ETH,-0.046916009527802616
2020-06-01,BTC,0.07464386293982206
2020-06-01,ETH,0.06934085140049451
2020-06-02,BTC,-0.06269774820259899
2020-06-02,ETH,-0.03956692752858926
2020-06-03,BTC,0.013317594606312655
2020-06-03,ETH,0.02934109196296908
2020-06-04,BTC,0.014903505382374727
2020-06-04,ETH,0.0010118396234197746
2020-06-05,BTC,-0.013785177382049874
2020-06-05,ETH,-0.01310990485636565
2020-06-06,BTC,-0.0012263695520872142
2020-06-06,ETH,0.0029405915366731428
2020-06-07,BTC,0.010894586827723485
2020-06-07,ETH,0.013375413294720584
2020-06-08,BTC,0.0012948980117710729
2020-06-08,ETH,0.00466071390672762
2020-06-09,BTC,0.0024777121338637187
2020-06-09,ETH,-0.005677614763718863
2020-06-10,BTC,0.007594610876882513
2020-06-10,ETH,0.01034452659686913
2020-06-11,BTC,-0.05555301055894357
2020-06-11,ETH,-0.06361931932262788
2020-06-12,BTC,0.01706353064227928
2020-06-12,ETH,0.02499126432857568
2020-06-13,BTC,-0.0005871213994007585
2020-06-13,ETH,0.005960735282637852
2020-06-14,BTC,-0.009338962291258746
2020-06-14,ETH,-0.020066832171668714
2020-06-15,BTC,0.006808938469139436
2020-06-15,ETH,-0.017879231889114333
2020-06-16,BTC,0.009239764861221245
2020-06-16,ETH,0.01951585350776286
2020-06-17,BTC,-0.006056760681470541
2020-06-17,ETH,-0.005920639720965681
2020-06-18,BTC,-0.007216479234543938
2020-06-18,ETH,-0.003978524779853165
2020-06-19,BTC,-0.013156009327927487
2020-06-19,ETH,-0.021382380177690008
2020-06-20,BTC,0.004771982890003024
2020-06-20,ETH,0.009403835282570938
2020-06-21,BTC,-0.0030764990320015784
2020-06-21,ETH,-0.0012406062725255351
2020-06-22,BTC,0.03709174751916078
2020-06-22,ETH,0.05914396254513776
2020-06-23,BTC,-0.0019753474772544743
2020-06-23,ETH,0.0066339911121064965
2020-06-24,BTC,-0.03282025643027875
2020-06-24,ETH,-0.03428203573727662
2020-06-25,BTC,-0.005239308190707503
2020-06-25,ETH,-0.01199449842812228
2020-06-26,BTC,-0.010998117562784016
2020-06-26,ETH,-0.014065340211250277
2020-06-27,BTC,-0.012826410118569775
2020-06-27,ETH,-0.029208468909296514
2020-06-28,BTC,0.010855408054862181
2020-06-28,ETH,0.01070764753067932
2020-06-29,BTC,0.005170015512075743
2020-06-29,ETH,0.012636955023823893
2020-06-30,BTC,-0.005751513982724221
2020-06-30,ETH,-0.008237992176384878
2020-07-01,BTC,0.00988532488788163
2020-07-01,ETH,0.021202377597294486
2020-07-02,BTC,-0.011368806022981404
2020-07-02,ETH,-0.00744752050491182
2020-07-03,BTC,-0.00395756024273064
2020-07-03,ETH,-0.017459734949675898
2020-07-04,BTC,0.004972274697731871
2020-07-04,ETH,0.016358712330749814
2020-07-05,BTC,-0.00641072801130238
2020-07-05,ETH,-0.006153097654430395
2020-07-06,BTC,0.0332305643833104
2020-07-06,ETH,0.06081589777420948
2020-07-07,BTC,-0.01314037643510968
2020-07-07,ETH,-0.01008111519525301
2020-07-08,BTC,0.019028359994139876
2020-07-08,ETH,0.03176603807977685
2020-07-09,BTC,-0.015948231171979632
2020-07-09,ETH,-0.014813526312331904
2020-07-10,BTC,9.052022711308894e-05
2020-07-10,ETH,-0.008357374289335584
2020-07-11,BTC,-0.004145030168397623
2020-07-11,ETH,-0.006335704650459517
2020-07-12,BTC,0.003912550206798482
2020-07-12,ETH,0.011164884814891307
2020-07-13,BTC,-0.003545059255915528
2020-07-13,ETH,-0.010436943542246335
2020-07-14,BTC,-4.331537576462985e-05
2020-07-14,ETH,0.0025329360010484248
2020-07-15,BTC,-0.005450155524782674
2020-07-15,ETH,-0.007443290455772633
2020-07-16,BTC,-0.006593108913667822
2020-07-16,ETH,-0.020059424047782937
2020-07-17,BTC,0.002098616025556055
2020-07-17,ETH,-0.0037142380015947607
2020-07-18,BTC,0.0008356608977502233
2020-07-18,ETH,0.01164534919888971
2020-07-19,BTC,0.002923597193133398
2020-07-19,ETH,0.01275547512299724
2020-07-20,BTC,-0.0023499201650132306
2020-07-20,ETH,-0.009788145738083509
2020-07-21,BTC,0.02298678850016933
2020-07-21,ETH,0.037533080727248036
2020-07-22,BTC,0.016050921443329758
2020-07-22,ETH,0.07009284681918926
2020-07-23,BTC,0.00584848921034431
2020-07-23,ETH,0.047669180441096026
2020-07-24,BTC,-0.004611142289210002
2020-07-24,ETH,0.01647814895460087
2020-07-25,BTC,0.014702976045533722
2020-07-25,ETH,0.08896836282346765
2020-07-26,BTC,0.023566295475673238
2020-07-26,ETH,0.018374375158832335
2020-07-27,BTC,0.1096100707382146
2020-07-27,ETH,0.03833595396673628
2020-07-28,BTC,-0.007101328925793737
2020-07-28,ETH,-0.015106155699835644
2020-07-29,BTC,0.017194865809297744
2020-07-29,ETH,0.004843187189946141
2020-07-30,BTC,0.0009680757576464583
2020-07-30,ETH,0.05152803741320544
2020-07-31,BTC,0.0191025870102548
2020-07-31,ETH,0.032780799608892464
2020-08-01,BTC,0.03851523428168302
2020-08-01,ETH,0.11472873899322056
2020-08-02,BTC,-0.060034265575901635
2020-08-02,ETH,-0.037715461237258996
2020-08-03,BTC,0.017436321777176023
2020-08-03,ETH,0.042149003171452204
2020-08-04,BTC,-0.00359726129861071
2020-08-04,ETH,0.009268358966418422
2020-08-05,BTC,0.04828976175167332
2020-08-05,ETH,0.030048280137513927
2020-08-06,BTC,0.002788023660583505
2020-08-06,ETH,-0.016505944076137702
2020-08-07,BTC,-0.01513618086086388
2020-08-07,ETH,-0.03911540565284821
2020-08-08,BTC,0.013151196120374076
2020-08-08,ETH,0.038139730716217235
2020-08-09,BTC,-0.006662100973708895
2020-08-09,ETH,-0.007276661870967205
2020-08-10,BTC,0.017332698670629254
2020-08-10,ETH,0.01218836889304864
2020-08-11,BTC,-0.03936534391564839
2020-08-11,ETH,-0.039161394722536436
2020-08-12,BTC,0.015284938573538076
2020-08-12,ETH,0.027972008335723553
2020-08-13,BTC,0.017195015111304723
2020-08-13,ETH,0.09645854080361627
2020-08-14,BTC,-0.0012955213149429268
2020-08-14,ETH,0.020189392691058572
2020-08-15,BTC,0.008227394765919493
2020-08-15,ETH,-0.009243090532024323
2020-08-16,BTC,0.0022843551383793237
2020-08-16,ETH,0.0009961849763249209
2020-08-17,BTC,0.03040482644811049
2020-08-17,ETH,-0.009809825584340293
2020-08-18,BTC,-0.021475461465219614
2020-08-18,ETH,-0.013647292197162653
2020-08-19,BTC,-0.019426708460436926
2020-08-19,ETH,-0.04061076745635395
2020-08-20,BTC,0.01021312934149976
2020-08-20,ETH,0.024543424978067163
2020-08-21,BTC,-0.024067507803910648
2020-08-21,ETH,-0.06558798361324525
2020-08-22,BTC,0.007706363621583279
2020-08-22,ETH,0.017240676181713432
2020-08-23,BTC,-0.0014533293195752028
2020-08-23,ETH,-0.011243703706330654
2020-08-24,BTC,0.00940844236539995
2020-08-24,ETH,0.04282158587440188
2020-08-25,BTC,-0.034690018052305094
2020-08-25,ETH,-0.05915350070348824
2020-08-26,BTC,0.010753745063331488
2020-08-26,ETH,0.006419482369232066
2020-08-27,BTC,-0.01435938403704018
2020-08-27,ETH,-0.00991935862142268
2020-08-28,BTC,0.01934954061432026
2020-08-28,ETH,0.034607699121382396
2020-08-29,BTC,-0.0030872658111327222
2020-08-29,ETH,0.010222462637086371
2020-08-30,BTC,0.017784220187846422
2020-08-30,ETH,0.07119958469630605
2020-08-31,BTC,-0.0026201196706430174
2020-08-31,ETH,0.015602445733341463
2020-09-01,BTC,0.024797762089964426
2020-09-01,ETH,0.09647005795804109
2020-09-02,BTC,-0.04648471948812871
2020-09-02,ETH,-0.07758361882075893
2020-09-03,BTC,-0.10239476124641311
2020-09-03,ETH,-0.123553539238214
2020-09-04,BTC,0.02601355576262887
2020-09-04,ETH,0.006661656260499305
2020-09-05,BTC,-0.03255823502891142
2020-09-05,ETH,-0.13646435756459385
2020-09-06,BTC,0.010893696409813414
2020-09-06,ETH,0.053994510368928994
2020-09-07,BTC,0.00867790498409815
2020-09-07,ETH,-0.0019492226211732522
2020-09-08,BTC,-0.022956306264775628
2020-09-08,ETH,-0.04273465666874776
2020-09-09,BTC,0.010939236349907233
2020-09-09,ETH,0.04001131385125989
2020-09-10,BTC,0.011793293850096198
2020-09-10,ETH,0.04839475251697656
2020-09-11,BTC,0.0036452631180188266
2020-09-11,ETH,0.01791267308646205
2020-09-12,BTC,0.003966560559340859
2020-09-12,ETH,0.03332710268956118
2020-09-13,BTC,-0.011340078630605377
2020-09-13,ETH,-0.05582138745017029
2020-09-14,BTC,0.0345883839286778
2020-09-14,ETH,0.03200167493140915
2020-09-15,BTC,0.010871177190313608
2020-09-15,ETH,-0.0329464164811436
2020-09-16,BTC,0.01648188444401355
2020-09-16,ETH,0.002667157170638479
2020-09-17,BTC,-0.0023612995663134795
2020-09-17,ETH,0.06343947582272258
2020-09-18,BTC,-0.00040225598714782596
2020-09-18,ETH,-0.011965201952840232
2020-09-19,BTC,0.013683545731443925
2020-09-19,ETH,0.003069586260487034
2020-09-20,BTC,-0.014067993350005525
2020-09-20,ETH,-0.03758723421298804
2020-09-21,BTC,-0.04351800185522625
2020-09-21,ETH,-0.07887489895061617
2020-09-22,BTC,0.0072833400259153525
2020-09-22,ETH,0.00794971555350954
2020-09-23,BTC,-0.027733979972724532
2020-09-23,ETH,-0.06788579355602253
2020-09-24,BTC,0.050153282066164984
2020-09-24,ETH,0.08794099866959249
2020-09-25,BTC,-0.006259218747560857
2020-09-25,ETH,0.008093951580075087
2020-09-26,BTC,0.005424892199001441
2020-09-26,ETH,0.009383864826871147
2020-09-27,BTC,0.0022831856976197606
2020-09-27,ETH,0.005486566064312859
2020-09-28,BTC,-0.006089609852421796
2020-09-28,ETH,-0.006376154798124589
2020-09-29,BTC,0.012604356977915954
2020-09-29,ETH,0.012946190125610713
2020-09-30,BTC,-0.00554646448346463
2020-09-30,ETH,0.0005016740848944323
2020-10-01,BTC,-0.015303370300178809
2020-10-01,ETH,-0.01870312835433363
2020-10-02,BTC,-0.00409414143543152
2020-10-02,ETH,-0.01972498177140869
2020-10-03,BTC,-0.0025194375739971964
2020-10-03,ETH,0.0008178531913418663
2020-10-04,BTC,0.011399199427022166
2020-10-04,ETH,0.017479160421163265
2020-10-05,BTC,0.01159903211277169
2020-10-05,ETH,0.003907711634822508
2020-10-06,BTC,-0.017504646058134066
2020-10-06,ETH,-0.03712580364145024
2020-10-07,BTC,0.0060882710901424275
2020-10-07,ETH,0.0029130036979352347
2020-10-08,BTC,0.023124708925124526
2020-10-08,ETH,0.02620615039517382
2020-10-09,BTC,0.013629236597062944
2020-10-09,ETH,0.042262747082040475
2020-10-10,BTC,0.02095930231275278
2020-10-10,ETH,0.014708002366342399
2020-10-11,BTC,0.0077742124166433335
2020-10-11,ETH,0.011252921017721018
2020-10-12,BTC,0.01503679807902314
2020-10-12,ETH,0.033558494889834645
2020-10-13,BTC,-0.011203790312466544
2020-10-13,ETH,-0.01686863418993423
2020-10-14,BTC,0.0003157232305546209
2020-10-14,ETH,-0.0044773541995790644
2020-10-15,BTC,0.005760771167350187
2020-10-15,ETH,-0.005381532815657342
2020-10-16,BTC,-0.01506927308750361
2020-10-16,ETH,-0.02970743726519065
2020-10-17,BTC,0.0031777181254826203
2020-10-17,ETH,0.0071728961371237965
2020-10-18,BTC,0.011028058853915557
2020-10-18,ETH,0.025369682024107387
2020-10-19,BTC,0.02252631185070797
2020-10-19,ETH,0.004552780347713448
2020-10-20,BTC,0.014843919324981414
2020-10-20,ETH,-0.02842246378033897
2020-10-21,BTC,0.07614375520341321
2020-10-21,ETH,0.06245127472350509
2020-10-22,BTC,0.011089019970212055
2020-10-22,ETH,0.055032023655851914
2020-10-23,BTC,-0.0026494544392426933
2020-10-23,ETH,-0.009682330208334755
2020-10-24,BTC,0.0136506131750318
2020-10-24,ETH,0.006566951423729428
2020-10-25,BTC,-0.0058657541398662305
2020-10-25,ETH,-0.015128433756102622
2020-10-26,BTC,0.003382214014740148
2020-10-26,ETH,-0.030351866854822607
2020-10-27,BTC,0.04427990207523247
2020-10-27,ETH,0.025663961040470307
2020-10-28,BTC,-0.02804507535445777
2020-10-28,ETH,-0.037986127241859236
2020-10-29,BTC,0.012553242153156674
2020-10-29,ETH,-0.004941851425972588
2020-10-30,BTC,0.00808458072996765
2020-10-30,ETH,-0.010110735385608915
2020-10-31,BTC,0.01730869726353168
2020-10-31,ETH,0.009848898837674147
2020-11-01,BTC,-0.003184511845067406
2020-11-01,ETH,0.02526667630791546
2020-11-02,BTC,-0.013585108198026608
2020-11-02,ETH,-0.033306859903456054
2020-11-03,BTC,0.02950532012761009
2020-11-03,ETH,0.011602130737028649
2020-11-04,BTC,0.013147117963686394
2020-11-04,ETH,0.03751223924387381
2020-11-05,BTC,0.10231863433740651
2020-11-05,ETH,0.02965458483467409
2020-11-06,BTC,-0.0008965281862933772
2020-11-06,ETH,0.0981771366329065
2020-11-07,BTC,-0.0470340843373509
2020-11-07,ETH,-0.04179757617359503
2020-11-08,BTC,0.04353675277640923
2020-11-08,ETH,0.040948144234179695
2020-11-09,BTC,-0.009512665921690977
2020-11-09,ETH,-0.02070692244149086
2020-11-10,BTC,-0.0027010327388199418
2020-11-10,ETH,0.01242014836129579
2020-11-11,BTC,0.02684194109497806
2020-11-11,ETH,0.029534169495399443
2020-11-12,BTC,0.03662132734990031
2020-11-12,ETH,-0.004223386354289427
2020-11-13,BTC,0.002547552717421464
2020-11-13,ETH,0.029546635124694687
2020-11-14,BTC,-0.015300456580341737
2020-11-14,ETH,-0.030501025586850417
2020-11-15,BTC,-0.007004593596581565
2020-11-15,ETH,-0.027362302769762148
2020-11-16,BTC,0.04766502135260464
2020-11-16,ETH,0.027663890831452376
2020-11-17,BTC,0.05559276937282975
2020-11-17,ETH,0.044396563964784974
2020-11-18,BTC,0.008988152900985202
2020-11-18,ETH,-0.001823646722940775
2020-11-19,BTC,0.0007348899162549216
2020-11-19,ETH,-0.016379350617824917
2020-11-20,BTC,0.045137820846602006
2020-11-20,ETH,0.08081356321758748
2020-11-21,BTC,0.0011233347035009
2020-11-21,ETH,0.07796466688339021
2020-11-22,BTC,-0.014602889964538845
2020-11-22,ETH,0.015617271492200935
2020-11-23,BTC,-0.000320133845930215
2020-11-23,ETH,0.09028633587462331
2020-11-24,BTC,0.040478046632625775
2020-11-24,ETH,-0.007488280314670304
2020-11-25,BTC,-0.01964382784787766
2020-11-25,ETH,-0.05499460748003315
2020-11-26,BTC,-0.08442706722639481
2020-11-26,ETH,-0.09091766638538712
2020-11-27,BTC,-0.0024617591448197196
2020-11-27,ETH,-0.0025201063807008817
2020-11-28,BTC,0.03559722915754793
2020-11-28,ETH,0.04007021428140933
2020-11-29,BTC,0.02596712538731971
2020-11-29,ETH,0.06972534679646114
2020-11-30,BTC,0.07967832801396635
2020-11-30,ETH,0.06788350107386454
2020-12-01,BTC,-0.04192625951044282
2020-12-01,ETH,-0.04475677961558855
2020-12-02,BTC,0.021171823185194727
2020-12-02,ETH,0.018777021338771238
2020-12-03,BTC,0.012723580680175761
2020-12-03,ETH,0.030678218435329363
2020-12-04,BTC,-0.038344949058079725
2020-12-04,ETH,-0.07678592848328947
2020-12-05,BTC,0.024303237423597412
2020-12-05,ETH,0.047845914887590935
2020-12-06,BTC,0.009965977245154134
2020-12-06,ETH,0.008906433191264718
2020-12-07,BTC,-0.007934312410408761
2020-12-07,ETH,-0.01672281499383932
2020-12-08,BTC,-0.0453576006387062
2020-12-08,ETH,-0.06254293959158741
2020-12-09,BTC,0.012705073309037251
2020-12-09,ETH,0.033616499701109914
2020-12-10,BTC,-0.015572121156616547
2020-12-10,ETH,-0.024064691319026776
2020-12-11,BTC,-0.011283218109780502
2020-12-11,ETH,-0.024802031631535493
2020-12-12,BTC,0.041240151721379625
2020-12-12,ETH,0.041718703731370654
2020-12-13,BTC,0.018013866983980886
2020-12-13,ETH,0.037103585490145585
2020-12-14,BTC,0.005446642655266398
2020-12-14,ETH,-0.006193431308962327
2020-12-15,BTC,0.008855135259981495
2020-12-15,ETH,0.005707094951707736
2020-12-16,BTC,0.09751836309514528
2020-12-16,ETH,0.07945327683237835
2020-12-17,BTC,0.07013245133867341
2020-12-17,ETH,0.010511356250089365
2020-12-18,BTC,0.014593135822884129
2020-12-18,ETH,0.018577647939548747
2020-12-19,BTC,0.03163075154837203
2020-12-19,ETH,0.006850763657229253
2020-12-20,BTC,-0.01644490454985592
2020-12-20,ETH,-0.03186280386564
2020-12-21,BTC,-0.028717656479103182
2020-12-21,ETH,-0.04460813155249255
2020-12-22,BTC,0.042974334095805755
2020-12-22,ETH,0.04105539884074627
2020-12-23,BTC,-0.022776055438033516
2020-12-23,ETH,-0.0805532804990381
2020-12-24,BTC,0.021281190940612982
2020-12-24,ETH,0.04778461622112218
2020-12-25,BTC,0.03913227940938091
2020-12-25,ETH,0.02420430689984565
2020-12-26,BTC,0.07185327832809496
2020-12-26,ETH,0.015046214535492375
2020-12-27,BTC,-0.0062314920850786715
2020-12-27,ETH,0.07361415859069909
2020-12-28,BTC,0.03092663485588698
2020-12-28,ETH,0.06995611391998069
2020-12-29,BTC,0.010250355112868093
2020-12-29,ETH,0.0015372492130329984
2020-12-30,BTC,0.054034499850387885
2020-12-30,ETH,0.027475410142453693
2020-12-31,BTC,0.005574281038085438
2020-12-31,ETH,-0.018381058140691575
2021-01-01,BTC,0.012841708408869223
2021-01-01,ETH,-0.010078365039673964
2021-01-02,BTC,0.09372577639540935
2021-01-02,ETH,0.06047286631119175
2021-01-03,BTC,0.020380066800975483
2021-01-03,ETH,0.2594753293956862
2021-01-04,BTC,-0.024712000360334718
2021-01-04,ETH,0.06635041674388553
2021-01-05,BTC,0.06319658000613337
2021-01-05,ETH,0.057461231702209625
2021-01-06,BTC,0.08331071417326141
2021-01-06,ETH,0.09736862255513934
2021-01-07,BTC,0.0691574669750421
2021-01-07,ETH,0.015380441218393326
2021-01-08,BTC,0.0362338992996023
2021-01-08,ETH,-0.0012082756724967059
2021-01-09,BTC,-0.013311135341493308
2021-01-09,ETH,0.04646320835871487
2021-01-10,BTC,-0.047152573214749416
2021-01-10,ETH,-0.014699009060386903
2021-01-11,BTC,-0.07273315912449108
2021-01-11,ETH,-0.13634523092842832
2021-01-12,BTC,-0.046214502171538774
2021-01-12,ETH,-0.0428482439504031
2021-01-13,BTC,0.10003249550509552
2021-01-13,ETH,0.08367061246989871
2021-01-14,BTC,0.050138030111625875
2021-01-14,ETH,0.07757191852287426
2021-01-15,BTC,-0.06027358971670127
2021-01-15,ETH,-0.03826032525754719
2021-01-16,BTC,-0.017575563040677422
2021-01-16,ETH,0.052655044668727724
2021-01-17,BTC,-0.010693288117263444
2021-01-17,ETH,-0.0027282155417935883
2021-01-18,BTC,0.023435790428599335
2021-01-18,ETH,0.02203536943575002
2021-01-19,BTC,-0.015295342507474663
2021-01-19,ETH,0.09545717838129009
2021-01-20,BTC,-0.014473454791977813
2021-01-20,ETH,0.00361443711529974
2021-01-21,BTC,-0.1328368400602007
2021-01-21,ETH,-0.18860451399286926
2021-01-22,BTC,0.07072224005462169
2021-01-22,ETH,0.1024824037765284
2021-01-23,BTC,-0.02842289017956734
2021-01-23,ETH,-0.004465468609136769
2021-01-24,BTC,0.006914643868341619
2021-01-24,ETH,0.13047928581876245
2021-01-25,BTC,0.0023851084933719235
2021-01-25,ETH,-0.04828551839708972
2021-01-26,BTC,0.006286058316783416
2021-01-26,ETH,0.0246473466409749
2021-01-27,BTC,-0.06562212475675022
2021-01-27,ETH,-0.07654128534445381
2021-01-28,BTC,0.09968113394222766
2021-01-28,ETH,0.06328269064744974
2021-01-29,BTC,0.02540747568580648
2021-01-29,ETH,0.03754666640282833
2021-01-30,BTC,-0.0013656239986477026
2021-01-30,ETH,-0.004634533699547028
2021-01-31,BTC,-0.03370820328466961
2021-01-31,ETH,-0.04442161534791822
2021-02-01,BTC,0.012768370405776608
2021-02-01,ETH,0.041106378941601296
2021-02-02,BTC,0.05883361479570781
2021-02-02,ETH,0.10675593258422955
2021-02-03,BTC,0.055245981743407446
2021-02-03,ETH,0.09616976222373852
2021-02-04,BTC,-0.014571470120209207
2021-02-04,ETH,-0.03982567909810919
2021-02-05,BTC,0.032991388091470286
2021-02-05,ETH,0.07768440029221635
2021-02-06,BTC,0.029406828078771152
2021-02-06,ETH,-0.023741923184774527
2021-02-07,BTC,-0.009233693380855112
2021-02-07,ETH,-0.03791706041817189
2021-02-08,BTC,0.18746473766529936
2021-02-08,ETH,0.08201385173983122
2021-02-09,BTC,0.006161523959955284
2021-02-09,ETH,0.012262685569933707
2021-02-10,BTC,-0.03362488605290981
2021-02-10,ETH,-0.01345653537210656
2021-02-11,BTC,0.0665910372634968
2021-02-11,ETH,0.022677205052725746
2021-02-12,BTC,-0.008442623839676311
2021-02-12,ETH,0.03348732312940794
2021-02-13,BTC,-0.008406213773231364
2021-02-13,ETH,-0.015959972504702824
2021-02-14,BTC,0.03421623595697554
2021-02-14,ETH,-0.004975308838028325
2021-02-15,BTC,-0.01585126109458379
2021-02-15,ETH,-0.014012139783403876
2021-02-16,BTC,0.026171883752032166
2021-02-16,ETH,0.0007172130023165302
2021-02-17,BTC,0.05994196027730325
2021-02-17,ETH,0.03783727842182305
2021-02-18,BTC,-0.008997504596578998
2021-02-18,ETH,0.04814334686912458
2021-02-19,BTC,0.08143096900475189
2021-02-19,ETH,0.0117244756414987
2021-02-20,BTC,0.0037823185014820293
2021-02-20,ETH,-0.02072822520328288
2021-02-21,BTC,0.025676258785917394
2021-02-21,ETH,0.00837026909619265
2021-02-22,BTC,-0.05791845963531039
2021-02-22,ETH,-0.0793594074434344
2021-02-23,BTC,-0.09930198541853996
2021-02-23,ETH,-0.11884948478862234
2021-02-24,BTC,0.018042326886684945
2021-02-24,ETH,0.03590087965500732
2021-02-25,BTC,-0.052539242009451814
2021-02-25,ETH,-0.09275433646521236
2021-02-26,BTC,-0.016012490351298148
2021-02-26,ETH,-0.02010569143015961
2021-02-27,BTC,-0.003265200081699504
2021-02-27,ETH,0.009639784472410318
2021-02-28,BTC,-0.022747754528746222
2021-02-28,ETH,-0.03008561801322729
2021-03-01,BTC,0.09955017057586457
2021-03-01,ETH,0.10498132242232572
2021-03-02,BTC,-0.025231161886280384
2021-03-02,ETH,-0.046078177824534605
2021-03-03,BTC,0.04463205996986197
2021-03-03,ETH,0.055771067902868676
2021-03-04,BTC,-0.039120359814156846
2021-03-04,ETH,-0.02153680549869552
2021-03-05,BTC,0.007539701660092213
2021-03-05,ETH,-0.005602958730816177
2021-03-06,BTC,-0.0003049805235605385
2021-03-06,ETH,0.07922032955620151
2021-03-07,BTC,0.046906498146797926
2021-03-07,ETH,0.04134315133557287
2021-03-08,BTC,0.020306565464276005
2021-03-08,ETH,0.06474993475523938
2021-03-09,BTC,0.049335220420617
2021-03-09,ETH,0.01816123402047265
2021-03-10,BTC,0.021604243798385436
2021-03-10,ETH,-0.03687407273423038
2021-03-11,BTC,0.032076714848716215
2021-03-11,ETH,0.015022895397648561
2021-03-12,BTC,-0.008183206626845796
2021-03-12,ETH,-0.02962034771084776
2021-03-13,BTC,0.06821652767950437
2021-03-13,ETH,0.08610281570039335
2021-03-14,BTC,-0.031689610370558396
2021-03-14,ETH,-0.036432495849089586
2021-03-15,BTC,-0.05725100456855314
2021-03-15,ETH,-0.03389586410902523
2021-03-16,BTC,0.01605702194966918
2021-03-16,ETH,0.008522359714190797
2021-03-17,BTC,0.036369962842253134
2021-03-17,ETH,0.009118868953279069
2021-03-18,BTC,-0.017189693893861602
2021-03-18,ETH,-0.022262334013067764
2021-03-19,BTC,0.008429650137686817
2021-03-19,ETH,0.019501889367920855
2021-03-20,BTC,-0.0005657190459794625
2021-03-20,ETH,-0.00274506804140795
2021-03-21,BTC,-0.013551247955811196
2021-03-21,ETH,-0.013470780019506856
2021-03-22,BTC,-0.05205318540083803
2021-03-22,ETH,-0.0541785781135381
2021-03-23,BTC,0.0038474981233158623
2021-03-23,ETH,-0.0074993100167096705
2021-03-24,BTC,-0.035891807492523076
2021-03-24,ETH,-0.050776926040515424
2021-03-25,BTC,-0.020277031922222966
2021-03-25,ETH,0.0012211524752892
2021-03-26,BTC,0.06639992475218648
2021-03-26,ETH,0.06737215325548651
2021-03-27,BTC,0.015165759461888806
2021-03-27,ETH,0.008017530435460829
2021-03-28,BTC,-0.0004067213991215679
2021-03-28,ETH,-0.014645354230451879
2021-03-29,BTC,0.03216137854506651
2021-03-29,ETH,0.07587343099405097
2021-03-30,BTC,0.020216245195582738
2021-03-30,ETH,0.014479844479645232
2021-03-31,BTC,1.9359634988669328e-05
2021-03-31,ETH,0.039180416629085224
2021-04-01,BTC,0.0030037350775407035
2021-04-01,ETH,0.03071098836529318
2021-04-02,BTC,0.004881969011259368
2021-04-02,ETH,0.08392791834374091
2021-04-03,BTC,-0.029981350293480258
2021-04-03,ETH,-0.053565570203716883
2021-04-04,BTC,0.0200448971410081
2021-04-04,ETH,0.031896864607867226
2021-04-05,BTC,0.005094138552963257
2021-04-05,ETH,0.007053768788714887
2021-04-06,BTC,-0.014655445594718208
2021-04-06,ETH,0.004977353239657756
2021-04-07,BTC,-0.036833390122360865
2021-04-07,ETH,-0.06953507481952037
2021-04-08,BTC,0.04058980823677527
2021-04-08,ETH,0.059610275923209555
2021-04-09,BTC,-0.0013536328475677317
2021-04-09,ETH,-0.007883295432574822
2021-04-10,BTC,0.026581343719059625
2021-04-10,ETH,0.030805935133171092
2021-04-11,BTC,0.006885903949730876
2021-04-11,ETH,0.010166400745060589
2021-04-12,BTC,-0.005174186540237491
2021-04-12,ETH,-0.008483142170705449
2021-04-13,BTC,0.06027376479221824
2021-04-13,ETH,0.07471158447120319
2021-04-14,BTC,-0.00620063437737306
2021-04-14,ETH,0.05911532743444026
2021-04-15,BTC,0.003237480473297971
2021-04-15,ETH,0.03450004461515177
2021-04-16,BTC,-0.027501379378466195
2021-04-16,ETH,-0.034603277671709454
2021-04-17,BTC,-0.014437688523377457
2021-04-17,ETH,-0.03579499486660964
2021-04-18,BTC,-0.0736215468265391
2021-04-18,ETH,-0.04595432023313606
2021-04-19,BTC,-0.008750468945115109
2021-04-19,ETH,-0.03171385720426667
2021-04-20,BTC,0.013436976092944253
2021-04-20,ETH,0.07571926454479683
2021-04-21,BTC,-0.045454287638402646
2021-04-21,ETH,0.014823023499079602
2021-04-22,BTC,-0.0397694659817468
2021-04-22,ETH,0.016400642451499525
2021-04-23,BTC,-0.012917150838772984
2021-04-23,ETH,-0.01662092376951263
2021-04-24,BTC,-0.02040928977310741
2021-04-24,ETH,-0.06429232426518516
2021-04-25,BTC,-0.02091099195802515
2021-04-25,ETH,0.047220393740067035
2021-04-26,BTC,0.10238907033660749
2021-04-26,ETH,0.09430764300727978
2021-04-27,BTC,0.018721407731506323
2021-04-27,ETH,0.050654753378619466
2021-04-28,BTC,-0.003787066282106566
2021-04-28,ETH,0.03136279354284577
2021-04-29,BTC,-0.02315733013830157
2021-04-29,ETH,0.003822058741562495
2021-04-30,BTC,0.07833176806484676
2021-04-30,ETH,0.005923397526498064
2021-05-01,BTC,0.0013484807439372304
2021-05-01,ETH,0.062269347030246225
2021-05-02,BTC,-0.020698824187899145
2021-05-02,ETH,0.0020921772956372653
2021-05-03,BTC,0.010051280367532334
2021-05-03,ETH,0.16226995848861292
2021-05-04,BTC,-0.06760024652955021
2021-05-04,ETH,-0.051720294307653125
2021-05-05,BTC,0.07669599321369813
2021-05-05,ETH,0.08272417536125909
2021-05-06,BTC,-0.01789307689659958
2021-05-06,ETH,-0.00905614401787469
2021-05-07,BTC,0.017020319573156195
2021-05-07,ETH,-0.0017621248893077146
2021-05-08,BTC,0.02523475916996243
2021-05-08,ETH,0.11992860871057798
2021-05-09,BTC,-0.009718099130935132
2021-05-09,ETH,0.006712627801450655
2021-05-10,BTC,-0.04074231762821234
2021-05-10,ETH,0.005968476837850734
2021-05-11,BTC,0.01512317249631967
2021-05-11,ETH,0.05475484100041772
2021-05-12,BTC,-0.1332174549686006
2021-05-12,ETH,-0.09183976573938502
2021-05-13,BTC,0.011508648851976444
2021-05-13,ETH,-0.0186748605582725
2021-05-14,BTC,0.00330563837155351
2021-05-14,ETH,0.09795273100628976
2021-05-15,BTC,-0.06255641898138342
2021-05-15,ETH,-0.10809735250304064
2021-05-16,BTC,-0.0065040138312105755
2021-05-16,ETH,-0.013912663131868785
2021-05-17,BTC,-0.06282381595309616
2021-05-17,ETH,-0.08504749250140786
2021-05-18,BTC,-0.014426855146374762
2021-05-18,ETH,0.029756407375664207
2021-05-19,BTC,-0.13766122609163733
2021-05-19,ETH,-0.2720034941722024
2021-05-20,BTC,0.10216344466291027
2021-05-20,ETH,0.13151449824793127
2021-05-21,BTC,-0.08528232829817228
2021-05-21,ETH,-0.12702423935739582
2021-05-22,BTC,0.006217486259949112
2021-05-22,ETH,-0.05550670085100928
2021-05-23,BTC,-0.0736893688644572
2021-05-23,ETH,-0.08107561141354924
2021-05-24,BTC,0.11318183957815453
2021-05-24,ETH,0.2531362984543515
2021-05-25,BTC,-0.007847826326095597
2021-05-25,ETH,0.023845534449147276
2021-05-26,BTC,0.023227211885217036
2021-05-26,ETH,0.06726811488576234
2021-05-27,BTC,-0.021815700174415475
2021-05-27,ETH,-0.052691616288219056
2021-05-28,BTC,-0.07126897282320166
2021-05-28,ETH,-0.115689239130076
2021-05-29,BTC,-0.03029724398312339
2021-05-29,ETH,-0.05801550776760467
2021-05-30,BTC,0.03068120125307594
2021-05-30,ETH,0.048603014494119634
2021-05-31,BTC,0.04637929771620186
2021-05-31,ETH,0.1358152351044477
2021-06-01,BTC,-0.017355481635803582
2021-06-01,ETH,-0.0299921333878157
2021-06-02,BTC,0.02426756732611457
2021-06-02,ETH,0.027570223894910928
2021-06-03,BTC,0.043475133082156336
2021-06-03,ETH,0.05506082122730849
2021-06-04,BTC,-0.05902658087058821
2021-06-04,ETH,-0.05846725128986907
2021-06-05,BTC,-0.03638625350557034
2021-06-05,ETH,-0.021433773441770665
2021-06-06,BTC,0.008731498936251025
2021-06-06,ETH,0.032128263957071024
2021-06-07,BTC,-0.06418068028941804
2021-06-07,ETH,-0.04597617844406354
2021-06-08,BTC,-0.0026243254847995168
2021-06-08,ETH,-0.028114696356679736
2021-06-09,BTC,0.11569117681725527
2021-06-09,ETH,0.03607967431090309
2021-06-10,BTC,-0.01720501684509279
2021-06-10,ETH,-0.05242888494385056
2021-06-11,BTC,0.01721406171757467
2021-06-11,ETH,-0.04764267524354615
2021-06-12,BTC,-0.047727642256857994
2021-06-12,ETH,0.007951323078627226
2021-06-13,BTC,0.09972131894675185
2021-06-13,ETH,0.05728477202826676
2021-06-14,BTC,0.028661855288592664
2021-06-14,ETH,0.011760329487777943
2021-06-15,BTC,0.004669320789865594
2021-06-15,ETH,0.028782028478138377
2021-06-16,BTC,-0.05096256237308472
2021-06-16,ETH,-0.09317467829181958
2021-06-17,BTC,-0.007655308506355651
2021-06-17,ETH,0.0018323460112703582
2021-06-18,BTC,-0.0595545108824469
2021-06-18,ETH,-0.05913519533292433
2021-06-19,BTC,-0.004788717174578294
2021-06-19,ETH,-0.023853268817950024
2021-06-20,BTC,0.002314299179515533
2021-06-20,ETH,0.03115240254206708
2021-06-21,BTC,-0.11265533282181261
2021-06-21,ETH,-0.1593316631723415
2021-06-22,BTC,0.02616961270137308
2021-06-22,ETH,-0.0071473718245484985
2021-06-23,BTC,0.0374509295196066
2021-06-23,ETH,0.06122096610515215
2021-06-24,BTC,0.027856637741157764
2021-06-24,ETH,-0.0006433160408149119
2021-06-25,BTC,-0.0872604012088013
2021-06-25,ETH,-0.08812816946248714
2021-06-26,BTC,0.017336806155961115
2021-06-26,ETH,0.008836212177885328
2021-06-27,BTC,0.07653470332064805
2021-06-27,ETH,0.0818129147779052
2021-06-28,BTC,-0.006213875976586625
2021-06-28,ETH,0.05091873749506903
2021-06-29,BTC,0.04162825758718758
2021-06-29,ETH,0.03900201883549914
2021-06-30,BTC,-0.02305527321430456
2021-06-30,ETH,0.052656870391718735
2021-07-01,BTC,-0.04191448950075438
2021-07-01,ETH,-0.07075786769497328
2021-07-02,BTC,0.00967855812266083
2021-07-02,ETH,0.017238228700587443
2021-07-03,BTC,0.022760094790705843
2021-07-03,ETH,0.035382581063104546
2021-07-04,BTC,0.017861561294527206
2021-07-04,ETH,0.0429492165308718
2021-07-05,BTC,-0.043691535402215154
2021-07-05,ETH,-0.05303886040710504
2021-07-06,BTC,0.014496276584600176
2021-07-06,ETH,0.057353737104673064
2021-07-07,BTC,-0.011095808977648836
2021-07-07,ETH,-0.004094146464876158
2021-07-08,BTC,-0.028886355129662422
2021-07-08,ETH,-0.08428589852706492
2021-07-09,BTC,0.02800225791699673
2021-07-09,ETH,0.012578152818153887
2021-07-10,BTC,-0.008210311003178261
2021-07-10,ETH,-0.016438693611583566
2021-07-11,BTC,0.021469475378479208
2021-07-11,ETH,0.013385044405790802
2021-07-12,BTC,-0.031668630428790756
2021-07-12,ETH,-0.04811208084100682
2021-07-13,BTC,-0.013687548281983153
2021-07-13,ETH,-0.04744738315710828
2021-07-14,BTC,0.003679352094793975
2021-07-14,ETH,0.02796132275201524
2021-07-15,BTC,-0.031734999531688124
2021-07-15,ETH,-0.04169600090882597
2021-07-16,BTC,-0.011302175908234458
2021-07-16,ETH,-0.016111927996504405
2021-07-17,BTC,0.003549453661488622
2021-07-17,ETH,0.009807715440898646
2021-07-18,BTC,0.008363987433579023
2021-07-18,ETH,-0.001723734916274866
2021-07-19,BTC,-0.030788575922789052
2021-07-19,ETH,-0.04128374639361532
2021-07-20,BTC,-0.03278895069501786
2021-07-20,ETH,-0.01639021839697663
2021-07-21,BTC,0.07727442675168827
2021-07-21,ETH,0.1138231386284283
2021-07-22,BTC,0.006303573302191001
2021-07-22,ETH,0.01719358875607435
2021-07-23,BTC,0.03925482537500802
2021-07-23,ETH,0.04916734984036908
2021-07-24,BTC,0.021169199000986128
2021-07-24,ETH,0.03032890061397775
2021-07-25,BTC,0.030844758309330533
2021-07-25,ETH,0.0009843828063664795
2021-07-26,BTC,0.05621887171744144
2021-07-26,ETH,0.01916282850447759
2021-07-27,BTC,0.055424286615063156
2021-07-27,ETH,0.029089175950248514
2021-07-28,BTC,0.014945713184850051
2021-07-28,ETH,-0.0007779923760146135
2021-07-29,BTC,0.00031292265067750513
2021-07-29,ETH,0.03675580573317805
2021-07-30,BTC,0.055666404612466414
2021-07-30,ETH,0.03612188139554173
2021-07-31,BTC,-0.014427457617713135
2021-07-31,ETH,0.028070376144742504
2021-08-01,BTC,-0.039669750474507826
2021-08-01,ETH,0.010110397103823221
2021-08-02,BTC,-0.019335866368471732
2021-08-02,ETH,0.01885404331468732
2021-08-03,BTC,-0.02675797936526192
2021-08-03,ETH,-0.04130167760589376
2021-08-04,BTC,0.041792893187100555
2021-08-04,ETH,0.0888246242008488
2021-08-05,BTC,0.02822946527400849
2021-08-05,ETH,0.03769662894668069
2021-08-06,BTC,0.04763803587748594
2021-08-06,ETH,0.02249925501300054
2021-08-07,BTC,0.04062220829002827
2021-08-07,ETH,0.09211431822037741
2021-08-08,BTC,-0.017005273846830926
2021-08-08,ETH,-0.045453041087839874
2021-08-09,BTC,0.058616336068955555
2021-08-09,ETH,0.0511404136452529
2021-08-10,BTC,-0.016830892309838696
2021-08-10,ETH,-0.008259541279942217
2021-08-11,BTC,0.00018877838873909702
2021-08-11,ETH,0.007178921769949609
2021-08-12,BTC,-0.02555943636254754
2021-08-12,ETH,-0.03818629912409377
2021-08-13,BTC,0.07574073458615982
2021-08-13,ETH,0.09160677291715547
2021-08-14,BTC,-0.01457055076832292
2021-08-14,ETH,-0.017087505609842735
2021-08-15,BTC,-0.0010603958689597848
2021-08-15,ETH,0.013799287280931383
2021-08-16,BTC,-0.02215910567498447
2021-08-16,ETH,-0.04651697201106941
2021-08-17,BTC,-0.028456465011732934
2021-08-17,ETH,-0.04487981843695865
2021-08-18,BTC,0.002367765389513554
2021-08-18,ETH,0.0017393580222999638
2021-08-19,BTC,0.04277544261522093
2021-08-19,ETH,0.05384353217968729
2021-08-20,BTC,0.056115872471717454
2021-08-20,ETH,0.03274989283808627
2021-08-21,BTC,-0.008789842693618932
2021-08-21,ETH,-0.01851308673728791
2021-08-22,BTC,0.00850947690403503
2021-08-22,ETH,0.004969335646024975
2021-08-23,BTC,0.004551674225862445
2021-08-23,ETH,0.023793676139643116
2021-08-24,BTC,-0.037137725293038826
2021-08-24,ETH,-0.04422706980850821
2021-08-25,BTC,0.02630002081428562
2021-08-25,ETH,0.01653576265002532
2021-08-26,BTC,-0.04122830434622349
2021-08-26,ETH,-0.03863352454525626
2021-08-27,BTC,0.04508626296557394
2021-08-27,ETH,0.05492177964873113
2021-08-28,BTC,-0.003185280633781984
2021-08-28,ETH,-0.008009999118418598
2021-08-29,BTC,-0.0014839825657210204
2021-08-29,ETH,-0.005363277326429605
2021-08-30,BTC,-0.0363476092875793
2021-08-30,ETH,-0.0008145075244350153
2021-08-31,BTC,0.0023738850726162664
2021-08-31,ETH,0.0649299309148601
2021-09-01,BTC,0.03562556399047523
2021-09-01,ETH,0.11681033382537342
2021-09-02,BTC,0.009840830417728652
2021-09-02,ETH,-0.011431577462321041
2021-09-03,BTC,0.014143210068944922
2021-09-03,ETH,0.039468517786860335
2021-09-04,BTC,-0.0016141808032423821
2021-09-04,ETH,-0.013395467548673934
2021-09-05,BTC,0.03621581213694158
2021-09-05,ETH,0.016540127206146282
2021-09-06,BTC,0.017006125728580734
2021-09-06,ETH,-0.0060104624807395535
2021-09-07,BTC,-0.1106216071695616
2021-09-07,ETH,-0.1277842736169259
2021-09-08,BTC,-0.015375366885328479
2021-09-08,ETH,0.02069840552335589
2021-09-09,BTC,0.006509485739778498
2021-09-09,ETH,-0.020008233157088995
2021-09-10,BTC,-0.032495484247323514
2021-09-10,ETH,-0.06297426662682348
2021-09-11,BTC,0.0070748487352050304
2021-09-11,ETH,0.01830051675767863
2021-09-12,BTC,0.019066033632592516
2021-09-12,ETH,0.04276591838826538
2021-09-13,BTC,-0.023884438158555232
2021-09-13,ETH,-0.036544834800279036
2021-09-14,BTC,0.0473592610325122
2021-09-14,ETH,0.043724683179346746
2021-09-15,BTC,0.023015462091804384
2021-09-15,ETH,0.054273499009923176
2021-09-16,BTC,-0.008157286726135138
2021-09-16,ETH,-0.012167179288121388
2021-09-17,BTC,-0.010795386730801604
2021-09-17,ETH,-0.04837351921216426
2021-09-18,BTC,0.021385589090024082
2021-09-18,ETH,0.009851143087328929
2021-09-19,BTC,-0.021089044077959085
2021-09-19,ETH,-0.029886295240556526
2021-09-20,BTC,-0.09344895316951951
2021-09-20,ETH,-0.11126606874805267
2021-09-21,BTC,-0.050185206746199196
2021-09-21,ETH,-0.06575285207462656
2021-09-22,BTC,0.07079311406361999
2021-09-22,ETH,0.11338201253895797
2021-09-23,BTC,0.0303064775724482
2021-09-23,ETH,0.0252303749670717
2021-09-24,BTC,-0.04578111561282838
2021-09-24,ETH,-0.07094052042452526
2021-09-25,BTC,-0.002874812528084303
2021-09-25,ETH,-0.002081925084507441
2021-09-26,BTC,0.011516492054097771
2021-09-26,ETH,0.046725906122755845
2021-09-27,BTC,-0.02251426719942695
2021-09-27,ETH,-0.04184041841853481
2021-09-28,BTC,-0.02844007873591181
2021-09-28,ETH,-0.04322981589722885
2021-09-29,BTC,0.012911568502261384
2021-09-29,ETH,0.01633125590773976
2021-09-30,BTC,0.05356827518164842
2021-09-30,ETH,0.0520603518169509
2021-10-01,BTC,0.09878873042688929
2021-10-01,ETH,0.10188869721917504
2021-10-02,BTC,-0.008426411013467638
2021-10-02,ETH,0.02545058580916182
2021-10-03,BTC,0.010237887379882071
2021-10-03,ETH,0.00786164789618482
2021-10-04,BTC,0.018940873580984396
2021-10-04,ETH,-0.01119529436534994
2021-10-05,BTC,0.048905889117254686
2021-10-05,ETH,0.040954376881792376
2021-10-06,BTC,0.0746704982911468
2021-10-06,ETH,0.01763340339603814
2021-10-07,BTC,-0.02809653406297008
2021-10-07,ETH,0.0020703011908782543
2021-10-08,BTC,0.0030082765538104184
2021-10-08,ETH,-0.00674909305681104
2021-10-09,BTC,0.01853649985027972
2021-10-09,ETH,0.003355310670748457
2021-10-10,BTC,-0.003577422040362044
2021-10-10,ETH,-0.041911600438504726
2021-10-11,BTC,0.04953684064585273
2021-10-11,ETH,0.03488218212091221
2021-10-12,BTC,-0.025114999851183484
2021-10-12,ETH,-0.014887303682677766
2021-10-13,BTC,0.02426861834211813
2021-10-13,ETH,0.03253429780547168
2021-10-14,BTC,-0.001386283921372633
2021-10-14,ETH,0.049862020193349066
2021-10-15,BTC,0.07453440740995654
2021-10-15,ETH,0.020237802139014605
2021-10-16,BTC,-0.01139348166745524
2021-10-16,ETH,-0.008349918515181298
2021-10-17,BTC,0.01086243756414218
2021-10-17,ETH,0.004365729517258554
2021-10-18,BTC,0.007675599893030238
2021-10-18,ETH,-0.02556318355297138
2021-10-19,BTC,0.036047967727284025
2021-10-19,ETH,0.03438220005285597
2021-10-20,BTC,0.026934175102288238
2021-10-20,ETH,0.0717809099596558
2021-10-21,BTC,-0.057319313661295834
2021-10-21,ETH,-0.02446333607159845
2021-10-22,BTC,-0.024399647264276236
2021-10-22,ETH,-0.02075337220243678
2021-10-23,BTC,0.011555863919028075
2021-10-23,ETH,0.050748730234816186
2021-10-24,BTC,-0.007537937512081094
2021-10-24,ETH,-0.02007844030485162
2021-10-25,BTC,0.0346128236844363
2021-10-25,ETH,0.031794755044642464
2021-10-26,BTC,-0.04244985266320056
2021-10-26,ETH,-0.02057312323429894
2021-10-27,BTC,-0.03116779376295975
2021-10-27,ETH,-0.04861771122902114
2021-10-28,BTC,0.03658793903693369
2021-10-28,ETH,0.09084940093801008
2021-10-29,BTC,0.02648913766352501
2021-10-29,ETH,0.029722010166018054
2021-10-30,BTC,-0.005449845794435637
2021-10-30,ETH,-0.020181496208386274
2021-10-31,BTC,-0.009208042570786446
2021-10-31,ETH,-0.008686825906328188
2021-11-01,BTC,-0.005129747739996526
2021-11-01,ETH,0.008524277451908313
2021-11-02,BTC,0.03642353446805324
2021-11-02,ETH,0.0601605358843722
2021-11-03,BTC,-0.004054563588107407
2021-11-03,ETH,0.004884624248695513
2021-11-04,BTC,-0.024103783966732184
2021-11-04,ETH,-0.015165333002385761
2021-11-05,BTC,-0.005313959884109654
2021-11-05,ETH,-0.011257968843489952
2021-11-06,BTC,0.006573419146120196
2021-11-06,ETH,0.007876944992210255
2021-11-07,BTC,0.029247220896912562
2021-11-07,ETH,0.021889164788917004
2021-11-08,BTC,0.06695154718111462
2021-11-08,ETH,0.04145232072718552
2021-11-09,BTC,-0.008806096371717143
2021-11-09,ETH,-0.01600522772092372
2021-11-10,BTC,-0.029513867421399387
2021-11-10,ETH,-0.020885552973311183
2021-11-11,BTC,-0.0006965054346836919
2021-11-11,ETH,0.020320625262970626
2021-11-12,BTC,-0.01222509636324598
2021-11-12,ETH,-0.013375032398906361
2021-11-13,BTC,0.0048878705639170406
2021-11-13,ETH,-0.0033542744008004943
2021-11-14,BTC,0.015469517787564335
2021-11-14,ETH,-0.005396490580547919
2021-11-15,BTC,-0.02915932332393234
2021-11-15,ETH,-0.01488319046462594
2021-11-16,BTC,-0.05344145330150951
2021-11-16,ETH,-0.07485208546001998
2021-11-17,BTC,0.003436857419438999
2021-11-17,ETH,0.016893345729229292
2021-11-18,BTC,-0.05674983989800575
2021-11-18,ETH,-0.06692398763146579
2021-11-19,BTC,0.020677857806173483
2021-11-19,ETH,0.07440183378363852
2021-11-20,BTC,0.027144333086984274
2021-11-20,ETH,0.02596941564469657
2021-11-21,BTC,-0.01619370466132397
2021-11-21,ETH,-0.031791480942506056
2021-11-22,BTC,-0.041565940596482776
2021-11-22,ETH,-0.04245585152485365
2021-11-23,BTC,0.022735855747423095
2021-11-23,ETH,0.06171175606728707
2021-11-24,BTC,-0.02238438701660228
2021-11-24,ETH,-0.023217625786793206
2021-11-25,BTC,0.017666069374003168
2021-11-25,ETH,0.008198554450852713
2021-11-26,BTC,-0.06468677053655503
2021-11-26,ETH,-0.05704067335916796
2021-11-27,BTC,0.02324655494514305
2021-11-27,ETH,0.016374265676426303
2021-11-28,BTC,0.044392510044424904
2021-11-28,ETH,0.048217169085520206
2021-11-29,BTC,0.009748898117819094
2021-11-29,ETH,0.03508045044929298
2021-11-30,BTC,-0.013858989986877734
2021-11-30,ETH,0.041927923919998555
2021-12-01,BTC,0.003936508510805847
2021-12-01,ETH,-0.009605737064494413
2021-12-02,BTC,-0.013140205787574133
2021-12-02,ETH,-0.016500577593133392
2021-12-03,BTC,-0.05098586481791345
2021-12-03,ETH,-0.0644151456839035
2021-12-04,BTC,-0.08204639683653359
2021-12-04,ETH,-0.023957757548988323
2021-12-05,BTC,0.003417522933012007
2021-12-05,ETH,0.019112436240023678
2021-12-06,BTC,0.02458589579002135
2021-12-06,ETH,0.03820919928845279
2021-12-07,BTC,0.002322159783127109
2021-12-07,ETH,-0.01002028298494384
2021-12-08,BTC,-0.00385184874717448
2021-12-08,ETH,0.028805240908762686
2021-12-09,BTC,-0.05608726213196957
2021-12-09,ETH,-0.07197932643737959
2021-12-10,BTC,-0.00899511908452133
2021-12-10,ETH,-0.05129351127002291
2021-12-11,BTC,0.044857216044006165
2021-12-11,ETH,0.0450189266171952
2021-12-12,BTC,0.014906619570362878
2021-12-12,ETH,0.01224172241858712
2021-12-13,BTC,-0.0670851717099511
2021-12-13,ETH,-0.08470922459893049
2021-12-14,BTC,-0.00267125345649466
2021-12-14,ETH,-0.010249485280602655
2021-12-15,BTC,0.04900151967252708
2021-12-15,ETH,0.07287480532970947
2021-12-16,BTC,-0.025181582897818466
2021-12-16,ETH,-0.013915763227156375
2021-12-17,BTC,-0.030699007215741814
2021-12-17,ETH,-0.020942280956898096
2021-12-18,BTC,0.013995731563123393
2021-12-18,ETH,0.020975336205050432
2021-12-19,BTC,-0.0030259427628138713
2021-12-19,ETH,-0.009661431377819718
2021-12-20,BTC,0.003709543768351198
2021-12-20,ETH,0.0028684990961875823
2021-12-21,BTC,0.04386356169401262
2021-12-21,ETH,0.021967194618366825
2021-12-22,BTC,-0.006295931447672265
2021-12-22,ETH,-0.009492022978098258
2021-12-23,BTC,0.04433669194360079
2021-12-23,ETH,0.03162050877094025
2021-12-24,BTC,0.0007414904357732066
2021-12-24,ETH,-0.01461355562486455
2021-12-25,BTC,-0.007719775485643066
2021-12-25,ETH,0.011190288276532456
2021-12-26,BTC,0.0075284019171428795
2021-12-26,ETH,-0.0063403613927860425
2021-12-27,BTC,-0.003328070621613999
2021-12-27,ETH,-0.007321887161027885
2021-12-28,BTC,-0.06025942562091624
2021-12-28,ETH,-0.058613436676413055
2021-12-29,BTC,-0.02404227880624954
2021-12-29,ETH,-0.045347586768066606
2021-12-30,BTC,0.01579112126431248
2021-12-30,ETH,0.02351372914831229
2021-12-31,BTC,-0.018476352917798256
2021-12-31,ETH,-0.008406161003285728
2022-01-01,BTC,0.029809396471367267
2022-01-01,ETH,0.023641838167751006
2022-01-02,BTC,-0.007163274962024402
2022-01-02,ETH,0.01588136117589123
2022-01-03,BTC,-0.0187368774698079
2022-01-03,ETH,-0.017804782359288618
2022-01-04,BTC,-0.012065555013512697
2022-01-04,ETH,0.008687307931515731
2022-01-05,BTC,-0.050734060615097554
2022-01-05,ETH,-0.06422404850925867
2022-01-06,BTC,-0.009366159015892994
2022-01-06,ETH,-0.0371730634280415
2022-01-07,BTC,-0.03714070469186992
2022-01-07,ETH,-0.06587795854818668
2022-01-08,BTC,0.004235994902819673
2022-01-08,ETH,-0.031704077942472875
2022-01-09,BTC,0.004256970472081845
2022-01-09,ETH,0.021274058960640163
2022-01-10,BTC,-0.0021554853640055605
2022-01-10,ETH,-0.02364136800640171
2022-01-11,BTC,0.021869109453241498
2022-01-11,ETH,0.05027854349203764
2022-01-12,BTC,0.028389418684672707
2022-01-12,ETH,0.04142745718356022
2022-01-13,BTC,-0.030888714484173407
2022-01-13,ETH,-0.03676163434271329
2022-01-14,BTC,0.011930269358978673
2022-01-14,ETH,0.018998586244709736
2022-01-15,BTC,0.001802778677309158
2022-01-15,ETH,0.006202201749167191
2022-01-16,BTC,-0.0014711291913973579
2022-01-16,ETH,0.006122481592311324
2022-01-17,BTC,-0.020024366790964976
2022-01-17,ETH,-0.04136680845756069
2022-01-18,BTC,0.0029604828561313745
2022-01-18,ETH,-0.015029639521672689
2022-01-19,BTC,-0.014897823244158781
2022-01-19,ETH,-0.021554575451392277
2022-01-20,BTC,-0.02548634039729203
2022-01-20,ETH,-0.030591452089873683
2022-01-21,BTC,-0.10381165615712484
2022-01-21,ETH,-0.14767435465989753
2022-01-22,BTC,-0.039143484680769114
2022-01-22,ETH,-0.05971640752836038
2022-01-23,BTC,0.03558509252717301
2022-01-23,ETH,0.053990906269038685
2022-01-24,BTC,0.010406744495611076
2022-01-24,ETH,-0.03735120652726631
2022-01-25,BTC,0.008175727030871549
2022-01-25,ETH,0.006385456601614825
2022-01-26,BTC,-0.002757016878562668
2022-01-26,ETH,0.0049248919678990255
2022-01-27,BTC,0.007763821260712289
2022-01-27,ETH,-0.018244935331225953
2022-01-28,BTC,0.017397102127314046
2022-01-28,ETH,0.05121368460412512
2022-01-29,BTC,0.00936493083845824
2022-01-29,ETH,0.019627353458854913
2022-01-30,BTC,-0.005783656346668664
2022-01-30,ETH,0.0024573075711489256
2022-01-31,BTC,0.01491453610450133
2022-01-31,ETH,0.03257666428258821
2022-02-01,BTC,0.00676006528835682
2022-02-01,ETH,0.03862634283851252
2022-02-02,BTC,-0.046209029430310355
2022-02-02,ETH,-0.039132735575322264
2022-02-03,BTC,0.005456046132945147
2022-02-03,ETH,-0.0013759251322007504
2022-02-04,BTC,0.116978066100073
2022-02-04,ETH,0.11362666703116964
2022-02-05,BTC,-0.001438787435204647
2022-02-05,ETH,0.010410717097086852
2022-02-06,BTC,0.023437312952531153
2022-02-06,ETH,0.014206593311191451
2022-02-07,BTC,0.033665872045371525
2022-02-07,ETH,0.027798951436755814
2022-02-08,BTC,0.0063448528050995545
2022-02-08,ETH,-0.00632052369720526
2022-02-09,BTC,0.004994545046617338
2022-02-09,ETH,0.037420119536786256
2022-02-10,BTC,-0.01744935921313273
2022-02-10,ETH,-0.05000061799033162
2022-02-11,BTC,-0.026561982607033352
2022-02-11,ETH,-0.04877319319619966
2022-02-12,BTC,-0.0038546734323026133
2022-02-12,ETH,-0.0034231086563658586
2022-02-13,BTC,-0.001111462077505676
2022-02-13,ETH,-0.011619882910758439
2022-02-14,BTC,0.009228086961576842
2022-02-14,ETH,0.01734567720397817
2022-02-15,BTC,0.04668769779745485
2022-02-15,ETH,0.08399521286202116
2022-02-16,BTC,-0.013759752216496501
2022-02-16,ETH,-0.01636765067071777
2022-02-17,BTC,-0.07788223029977337
2022-02-17,ETH,-0.07876007915331673
2022-02-18,BTC,-0.012507647384577658
2022-02-18,ETH,-0.03323095432766643
2022-02-19,BTC,0.0022777282826873524
2022-02-19,ETH,-0.00790686342387692
2022-02-20,BTC,-0.04214073972532317
2022-02-20,ETH,-0.048866619788482835
2022-02-21,BTC,-0.03528620868790788
2022-02-21,ETH,-0.02085949365019457
2022-02-22,BTC,0.03265642371222732
2022-02-22,ETH,0.02544204798341476
2022-02-23,BTC,-0.025843815613622922
2022-02-23,ETH,-0.01854268553832039
2022-02-24,BTC,0.027778400368163814
2022-02-24,ETH,0.002975463126547284
2022-02-25,BTC,0.022998939789759643
2022-02-25,ETH,0.0640739815309288
2022-02-26,BTC,-0.002781397053842838
2022-02-26,ETH,0.005996005841990337
2022-02-27,BTC,-0.03568234201898368
2022-02-27,ETH,-0.05728286710874153
2022-02-28,BTC,0.1454118392886461
2022-02-28,ETH,0.1134332194172587
2022-03-01,BTC,0.026888524570001016
2022-03-01,ETH,0.018252916606172453
2022-03-02,BTC,-0.009706302725009275
2022-03-02,ETH,-0.0075245790678323266
2022-03-03,BTC,-0.03351981142193561
2022-03-03,ETH,-0.03920161771843611
2022-03-04,BTC,-0.07806935036049167
2022-03-04,ETH,-0.07666797157791327
2022-03-05,BTC,0.00671938064683042
2022-03-05,ETH,0.018216357267732075
2022-03-06,BTC,-0.024887994408395286
2022-03-06,ETH,-0.04120099883208184
2022-03-07,BTC,-0.009316643885282638
2022-03-07,ETH,-0.02241302390450539
2022-03-08,BTC,0.017740259990833174
2022-03-08,ETH,0.031618715552175436
2022-03-09,BTC,0.08378639716414904
2022-03-09,ETH,0.0593911064983772
2022-03-10,BTC,-0.060630954045771346
2022-03-10,ETH,-0.04459506244101141
2022-03-11,BTC,-0.016291319622939393
2022-03-11,ETH,-0.018590756322895086
2022-03-12,BTC,0.002810649293818468
2022-03-12,ETH,0.005935060859578956
2022-03-13,BTC,-0.027101257933814904
2022-03-13,ETH,-0.021675689037740864
2022-03-14,BTC,0.0480080837903738
2022-03-14,ETH,0.02848473341224711
2022-03-15,BTC,-0.008268101563720931
2022-03-15,ETH,0.011368996119395458
2022-03-16,BTC,0.04588714481344902
2022-03-16,ETH,0.057976079871540964
2022-03-17,BTC,-0.00467993171076464
2022-03-17,ETH,0.015439382650158429
2022-03-18,BTC,0.020750884742987363
2022-03-18,ETH,0.04635711215367966
2022-03-19,BTC,0.009317830622209256
2022-03-19,ETH,0.00031034161201071164
2022-03-20,BTC,-0.022346848712323064
2022-03-20,ETH,-0.029120965764543816
2022-03-21,BTC,-0.004117262624553253
2022-03-21,ETH,0.013115842942408973
2022-03-22,BTC,0.031180014163224357
2022-03-22,ETH,0.025933453702879916
2022-03-23,BTC,0.012610091153007819
2022-03-23,ETH,0.019486538985025836
2022-03-24,BTC,0.024898646221148013
2022-03-24,ETH,0.02540190286930155
2022-03-25,BTC,0.008821397620525806
2022-03-25,ETH,-0.0004474251140281771
2022-03-26,BTC,0.003429583093865096
2022-03-26,ETH,0.011751345351635134
2022-03-27,BTC,0.052126312256127294
2022-03-27,ETH,0.047212927981994834
2022-03-28,BTC,0.0065678873583499
2022-03-28,ETH,0.013688537758611341
2022-03-29,BTC,0.0071661546110000085
2022-03-29,ETH,0.0195865837458582
2022-03-30,BTC,-0.008491735032190584
2022-03-30,ETH,-0.004947058898670642
2022-03-31,BTC,-0.03238210822970233
2022-03-31,ETH,-0.030579115649246424
2022-04-01,BTC,0.016315115388267687
2022-04-01,ETH,0.051166270347545506
2022-04-02,BTC,-0.008917040798352427
2022-04-02,ETH,-0.0013024646682661123
2022-04-03,BTC,0.012745379989237415
2022-04-03,ETH,0.022575567663241758
2022-04-04,BTC,0.003640395949819908
2022-04-04,ETH,-0.0004519898990444915
2022-04-05,BTC,-0.02287907280900814
2022-04-05,ETH,-0.031082429152761826
2022-04-06,BTC,-0.05156849392240015
2022-04-06,ETH,-0.07037373677091652
2022-04-07,BTC,0.006876459247305178
2022-04-07,ETH,0.019416376407197067
2022-04-08,BTC,-0.02795577079433975
2022-04-08,ETH,-0.012742710703286475
2022-04-09,BTC,0.011693070951357853
2022-04-09,ETH,0.02187990808226714
2022-04-10,BTC,-0.013427680050824398
2022-04-10,ETH,-0.015343531967263346
2022-04-11,BTC,-0.06363225953812457
2022-04-11,ETH,-0.07186309437345806
2022-04-12,BTC,0.015315083892861292
2022-04-12,ETH,0.016545908853034197
2022-04-13,BTC,0.025906300465151855
2022-04-13,ETH,0.0290286617712483
2022-04-14,BTC,-0.029908006531745968
2022-04-14,ETH,-0.03156637206525337
2022-04-15,BTC,0.015473675726454417
2022-04-15,ETH,0.0069561954118133595
2022-04-16,BTC,-0.0031805042860567623
2022-04-16,ETH,0.007035312808044258
2022-04-17,BTC,-0.017502542356175654
2022-04-17,ETH,-0.022501632953508044
2022-04-18,BTC,0.027929174608607443
2022-04-18,ETH,0.021448285536718847
2022-04-19,BTC,0.016571096753378534
2022-04-19,ETH,0.015207893160284813
2022-04-20,BTC,-0.003093074404708074
2022-04-20,ETH,-0.00849216873439762
2022-04-21,BTC,-0.020471984048854197
2022-04-21,ETH,-0.029328327006015287
2022-04-22,BTC,-0.019420038833716236
2022-04-22,ETH,-0.007579971791462747
2022-04-23,BTC,-0.0063811726165236005
2022-04-23,ETH,-0.00901287034129783
2022-04-24,BTC,-0.0004416040475622163
2022-04-24,ETH,-0.005235109183876596
2022-04-25,BTC,0.025057850055308917
2022-04-25,ETH,0.029650638144067543
2022-04-26,BTC,-0.057858267871623625
2022-04-26,ETH,-0.06682250466394446
2022-04-27,BTC,0.029478882606909007
2022-04-27,ETH,0.028711816872254436
2022-04-28,BTC,0.013575224570606004
2022-04-28,ETH,0.01661903738138304
2022-04-29,BTC,-0.02926557389929385
2022-04-29,ETH,-0.041314794787239206
2022-04-30,BTC,-0.023179313474195662
2022-04-30,ETH,-0.030336334797430475
2022-05-01,BTC,0.019997911964443782
2022-05-01,ETH,0.03573723860073175
2022-05-02,BTC,0.001565786170879102
2022-05-02,ETH,0.010486865128902734
2022-05-03,BTC,-0.020215120218891713
2022-05-03,ETH,-0.02587450581867512
2022-05-04,BTC,0.051599856624237495
2022-05-04,ETH,0.05646480841047263
2022-05-05,BTC,-0.07867402068901796
2022-05-05,ETH,-0.0650985260875554
2022-05-06,BTC,-0.014606061408683924
2022-05-06,ETH,-0.01972688030319758
2022-05-07,BTC,-0.014954355270636377
2022-05-07,ETH,-0.02185052375578611
2022-05-08,BTC,-0.040636848764922684
2022-05-08,ETH,-0.04500336515045189
2022-05-09,BTC,-0.11046369999353145
2022-05-09,ETH,-0.10805714698013369
2022-05-10,BTC,0.02396125848050934
2022-05-10,ETH,0.04368007377831029
2022-05-11,BTC,-0.06725839173272163
2022-05-11,ETH,-0.11581014355526464
2022-05-12,BTC,0.003849706798608521
2022-05-12,ETH,-0.053282488294059016
2022-05-13,BTC,0.008102229834508146
2022-05-13,ETH,0.026872933410718503
2022-05-14,BTC,0.027939733537411415
2022-05-14,ETH,0.020778065161833226
2022-05-15,BTC,0.03999325713567892
2022-05-15,ETH,0.04349267877534668
2022-05-16,BTC,-0.046069001557128786
2022-05-16,ETH,-0.057314837096923754
2022-05-17,BTC,0.018850785235190015
2022-05-17,ETH,0.033461392764142284
2022-05-18,BTC,-0.05605711989808215
2022-05-18,ETH,-0.08311915841461581
2022-05-19,BTC,0.05550304428240649
2022-05-19,ETH,0.053050754503766395
2022-05-20,BTC,-0.036734890846488066
2022-05-20,ETH,-0.02825124393605738
2022-05-21,BTC,0.007927413013061102
2022-05-21,ETH,0.006731520527228918
2022-05-22,BTC,0.030289794482822652
2022-05-22,ETH,0.03476891305694485
2022-05-23,BTC,-0.04039123144227663
2022-05-23,ETH,-0.03474418451813721
2022-05-24,BTC,0.019130468401079792
2022-05-24,ETH,0.0034484158752532412
2022-05-25,BTC,-0.003143576713387941
2022-05-25,ETH,-0.017258819749310206
2022-05-26,BTC,-0.009983529917456657
2022-05-26,ETH,-0.07245605236746355
2022-05-27,BTC,-0.02185551924250806
2022-05-27,ETH,-0.04378840002928741
2022-05-28,BTC,0.006543557286537771
2022-05-28,ETH,0.019142259532667127
2022-05-29,BTC,0.02190035821988534
2022-05-29,ETH,0.030768501122035552
2022-05-30,BTC,0.07744470968730455
2022-05-30,ETH,0.10176993535099799
2022-05-31,BTC,0.0020777630413166825
2022-05-31,ETH,-0.02710486988964189
2022-06-01,BTC,-0.06269536357891181
2022-06-01,ETH,-0.061142436711543735
2022-06-02,BTC,0.02243049790035867
2022-06-02,ETH,0.00580245376432198
2022-06-03,BTC,-0.02504629358369581
2022-06-03,ETH,-0.03220668042518249
2022-06-04,BTC,0.004326748833952898
2022-06-04,ETH,0.014946314822654516
2022-06-05,BTC,0.00247203631266113
2022-06-05,ETH,0.0019956927348694364
2022-06-06,BTC,0.048952630028413324
2022-06-06,ETH,0.029960430041737984
2022-06-07,BTC,-0.006859698773187373
2022-06-07,ETH,-0.024332589842456676
2022-06-08,BTC,-0.03020730515832104
2022-06-08,ETH,-0.01128750197501005
2022-06-09,BTC,-0.003387708269364409
2022-06-09,ETH,-0.0020886896458599535
2022-06-10,BTC,-0.03414563715680452
2022-06-10,ETH,-0.06971840279684127
2022-06-11,BTC,-0.024858994495164377
2022-06-11,ETH,-0.08130651657115606
2022-06-12,BTC,-0.056351073137826724
2022-06-12,ETH,-0.05520619538595595
2022-06-13,BTC,-0.15974726027617203
2022-06-13,ETH,-0.16650362093294369
2022-06-14,BTC,-0.012477914053041661
2022-06-14,ETH,0.0058776186564533095
2022-06-15,BTC,0.01648355417709846
2022-06-15,ETH,0.017780176430609806
2022-06-16,BTC,-0.09707194434960298
2022-06-16,ETH,-0.13418330070586004
2022-06-17,BTC,0.004407495444594733
2022-06-17,ETH,0.01759673482453694
2022-06-18,BTC,-0.07101780974085614
2022-06-18,ETH,-0.08548629410097963
2022-06-19,BTC,0.0807475952890373
2022-06-19,ETH,0.13487797259723666
2022-06-20,BTC,0.002251010260589048
2022-06-20,ETH,-1.2448902667161477e-05
2022-06-21,BTC,0.0053914098304885805
2022-06-21,ETH,-0.0024989047535589615
2022-06-22,BTC,-0.034937106663198714
2022-06-22,ETH,-0.06525702846678672
2022-06-23,BTC,0.05497803800296652
2022-06-23,ETH,0.0874671204172921
2022-06-24,BTC,0.006913598955313738
2022-06-24,ETH,0.07299193391343572
2022-06-25,BTC,0.012748964915301864
2022-06-25,ETH,0.013532415710079349
2022-06-26,BTC,-0.02209261947079333
2022-06-26,ETH,-0.035076073128295526
2022-06-27,BTC,-0.013877981325425726
2022-06-27,ETH,-0.005126553295592751
2022-06-28,BTC,-0.02193553187871977
2022-06-28,ETH,-0.04113448588718749
2022-06-29,BTC,-0.008708372798288844
2022-06-29,ETH,-0.03987087571947978
2022-06-30,BTC,-0.01588223750298734
2022-06-30,ETH,-0.0287958475755975
2022-07-01,BTC,-0.02604834458398897
2022-07-01,ETH,-0.007056593656957433
2022-07-02,BTC,-0.0014069651515379311
2022-07-02,ETH,0.006365060690327828
2022-07-03,BTC,0.002848954556089245
2022-07-03,ETH,0.0068017470323764595
2022-07-04,BTC,0.04841073013105235
2022-07-04,ETH,0.0719822052433643
2022-07-05,BTC,-0.0020338071321012174
2022-07-05,ETH,-0.014350320208673328
2022-07-06,BTC,0.017737930428710857
2022-07-06,ETH,0.046215150158809504
2022-07-07,BTC,0.053013857820514154
2022-07-07,ETH,0.04264574018240608
2022-07-08,BTC,0.004322538045727464
2022-07-08,ETH,-0.012190723060375164
2022-07-09,BTC,-0.006392223420980114
2022-07-09,ETH,-0.00452182081846908
2022-07-10,BTC,-0.03388990349346599
2022-07-10,ETH,-0.03991579906928
2022-07-11,BTC,-0.04265931997884009
2022-07-11,ETH,-0.06090802885970559
2022-07-12,BTC,-0.03237979740682695
2022-07-12,ETH,-0.05381238956798651
2022-07-13,BTC,0.04596171114078618
2022-07-13,ETH,0.07262195547819328
2022-07-14,BTC,0.017704551212910147
2022-07-14,ETH,0.0699892112978604
2022-07-15,BTC,0.012951348577769028
2022-07-15,ETH,0.034915643229785465
2022-07-16,BTC,0.01698899533192111
2022-07-16,ETH,0.09690575753178088
2022-07-17,BTC,-0.01939436147960416
2022-07-17,ETH,-0.010343374922703541
2022-07-18,BTC,0.08211740099467768
2022-07-18,ETH,0.17934838115706353
2022-07-19,BTC,0.0401919693193753
2022-07-19,ETH,-0.02264031837667424
2022-07-20,BTC,-0.006742410894342465
2022-07-20,ETH,-0.014760143806359038
2022-07-21,BTC,-0.0028884421706671937
2022-07-21,ETH,0.037198265160175215
2022-07-22,BTC,-0.01941107679491816
2022-07-22,ETH,-0.02495282862569259
2022-07-23,BTC,-0.010983941711781742
2022-07-23,ETH,0.00773532856566761
2022-07-24,BTC,0.006395837363315726
2022-07-24,ETH,0.03238835646038862
2022-07-25,BTC,-0.05517510011323534
2022-07-25,ETH,-0.09633979863866915
2022-07-26,BTC,-0.005708686992848544
2022-07-26,ETH,-0.0024745407341075776
2022-07-27,BTC,0.0796052030234431
2022-07-27,ETH,0.13484879413164408
2022-07-28,BTC,0.0398306162434614
2022-07-28,ETH,0.054537154456223425
2022-07-29,BTC,-0.0016462880701044735
2022-07-29,ETH,0.0011236618798609044
2022-07-30,BTC,-0.006235163651508224
2022-07-30,ETH,-0.018199243328242076
2022-07-31,BTC,-0.013497960448739299
2022-07-31,ETH,-0.008521467271251915
2022-08-01,BTC,-0.0009725914343493569
2022-08-01,ETH,-0.027547461014490793
2022-08-02,BTC,-0.014415336683737068
2022-08-02,ETH,-0.0013762059625289647
2022-08-03,BTC,-0.0057275961266136655
2022-08-03,ETH,-0.008616897144064772
2022-08-04,BTC,-0.009434736504108754
2022-08-04,ETH,-0.006590196519029812
2022-08-05,BTC,0.029091011085651708
2022-08-05,ETH,0.07713492098552788
2022-08-06,BTC,-0.014085221654344782
2022-08-06,ETH,-0.023435675512644583
2022-08-07,BTC,0.009346662498644243
2022-08-07,ETH,0.00454746092581626
2022-08-08,BTC,0.02733856978257987
2022-08-08,ETH,0.044820223025767714
2022-08-09,BTC,-0.02709709734425869
2022-08-09,ETH,-0.04082817853633558
2022-08-10,BTC,0.033815983988709775
2022-08-10,ETH,0.08732558197044393
2022-08-11,BTC,0.00041284726535173455
2022-08-11,ETH,0.015920919087778707
2022-08-12,BTC,0.018586602023192844
2022-08-12,ETH,0.040411101481618195
2022-08-13,BTC,0.0008708010561344626
2022-08-13,ETH,0.012308152490466462
2022-08-14,BTC,-0.004288162539464846
2022-08-14,ETH,-0.02247702236489202
2022-08-15,BTC,-0.007498615226969818
2022-08-15,ETH,-0.016818369924346488
2022-08-16,BTC,-0.010510085263709001
2022-08-16,ETH,-0.01370043034245405
2022-08-17,BTC,-0.02291530796119967
2022-08-17,ETH,-0.02403430246154259
2022-08-18,BTC,-0.005281958173694035
2022-08-18,ETH,0.007642215771740624
2022-08-19,BTC,-0.10059931398792521
2022-08-19,ETH,-0.12670250024321428
2022-08-20,BTC,0.013819043648011897
2022-08-20,ETH,-0.022308619790894157
2022-08-21,BTC,0.01738918520335342
2022-08-21,ETH,0.02683264680235764
2022-08-22,BTC,-0.006279006699941081
2022-08-22,ETH,0.0019680431761850414
2022-08-23,BTC,0.006036741981122917
2022-08-23,ETH,0.024815958508431768
2022-08-24,BTC,-0.006181150878381003
2022-08-24,ETH,-0.0034344459615821554
2022-08-25,BTC,0.009623023027591993
2022-08-25,ETH,0.023775751072091955
2022-08-26,BTC,-0.06207539958496022
2022-08-26,ETH,-0.11121660664574373
2022-08-27,BTC,-0.010773990107132536
2022-08-27,ETH,-0.010868818096081423
2022-08-28,BTC,-0.021201944769558057
2022-08-28,ETH,-0.040799154786720804
2022-08-29,BTC,0.03472427641744291
2022-08-29,ETH,0.08562456118434225
2022-08-30,BTC,-0.024691382971281484
2022-08-30,ETH,-0.018800891209749815
2022-08-31,BTC,0.012777568511970205
2022-08-31,ETH,0.019586105840063928
2022-09-01,BTC,0.0038592451457939436
2022-09-01,ETH,0.020912747832753542
2022-09-02,BTC,-0.007818752974256604
2022-09-02,ETH,-0.005646469590486647
2022-09-03,BTC,-0.006894600364241943
2022-09-03,ETH,-0.01290103625298844
2022-09-04,BTC,0.007796708085036963
2022-09-04,ETH,0.013340153730219573
2022-09-05,BTC,-0.008722884940063236
2022-09-05,ETH,0.025063757153335864
2022-09-06,BTC,-0.04919669232863699
2022-09-06,ETH,-0.0342785476863805
2022-09-07,BTC,0.024029314602578067
2022-09-07,ETH,0.04364200470163615
2022-09-08,BTC,0.0020481649337233954
2022-09-08,ETH,0.0033384029125402837
2022-09-09,BTC,0.10612188190716765
2022-09-09,ETH,0.05120488762662756
2022-09-10,BTC,0.014002365912589188
2022-09-10,ETH,0.03322597265817717
2022-09-11,BTC,0.004092001431295067
2022-09-11,ETH,-0.008109253593359123
2022-09-12,BTC,0.027616624254801714
2022-09-12,ETH,-0.02726460932443109
2022-09-13,BTC,-0.09270006906083372
2022-09-13,ETH,-0.07759364606085906
2022-09-14,BTC,-0.0027402074343571003
2022-09-14,ETH,0.03413932940354747
2022-09-15,BTC,-0.026672422800232853
2022-09-15,ETH,-0.09974676508128455
2022-09-16,BTC,0.003622774615297697
2022-09-16,ETH,-0.026667052639602784
2022-09-17,BTC,0.017953757980268437
2022-09-17,ETH,0.026035117309375133
2022-09-18,BTC,-0.035179114785287124
2022-09-18,ETH,-0.09145321094699688
2022-09-19,BTC,0.006417415961943007
2022-09-19,ETH,0.031611892696747024
2022-09-20,BTC,-0.033428956945789956
2022-09-20,ETH,-0.03858555462874502
2022-09-21,BTC,-0.018177571658806957
2022-09-21,ETH,-0.054198909652784066
2022-09-22,BTC,0.04669928789927913
2022-09-22,ETH,0.05993287636350053
2022-09-23,BTC,-0.005970680514919002
2022-09-23,ETH,0.00043635938360231386
2022-09-24,BTC,-0.01868762076318642
2022-09-24,ETH,-0.0077290884691642026
2022-09-25,BTC,-0.007124358610731463
2022-09-25,ETH,-0.018039916825051683
2022-09-26,BTC,0.022368473265013344
2022-09-26,ETH,0.031759279939756135
2022-09-27,BTC,-0.005832956039052206
2022-09-27,ETH,-0.003888584116399585
2022-09-28,BTC,0.016544467837213528
2022-09-28,ETH,0.005475566897929385
2022-09-29,BTC,0.007532412719634118
2022-09-29,ETH,-0.0013148875463555587
2022-09-30,BTC,-0.0072171538473359
2022-09-30,ETH,-0.005745287005705868
2022-10-01,BTC,-0.0061596674907298254
2022-10-01,ETH,-0.012300068730000668
2022-10-02,BTC,-0.013876706359042923
2022-10-02,ETH,-0.027104071096941795
2022-10-03,BTC,0.030427924155919772
2022-10-03,ETH,0.037102064157215064
2022-10-04,BTC,0.036347275524413414
2022-10-04,ETH,0.02923245561039156
2022-10-05,BTC,-0.008660486125090072
2022-10-05,ETH,-0.006819798394790189
2022-10-06,BTC,-0.01018185214187517
2022-10-06,ETH,-0.0008335707960394068
2022-10-07,BTC,-0.02047530303595302
2022-10-07,ETH,-0.01419869082155445
2022-10-08,BTC,-0.006665076603316944
2022-10-08,ETH,-0.012770178469562854
2022-10-09,BTC,0.0015377290838616275
2022-10-09,ETH,0.005400043427506773
2022-10-10,BTC,-0.01568110303046133
2022-10-10,ETH,-0.023640179296771646
2022-10-11,BTC,-0.00470529894576166
2022-10-11,ETH,-0.009108355915005362
2022-10-12,BTC,0.005565325579645286
2022-10-12,ETH,0.011981072064065401
2022-10-13,BTC,0.011768739552548313
2022-10-13,ETH,-0.005237807805579919
2022-10-14,BTC,-0.010176392755898878
2022-10-14,ETH,0.007218418789969316
2022-10-15,BTC,-0.0061515479500473536
2022-10-15,ETH,-0.017380939253601735
2022-10-16,BTC,0.010513049302600663
2022-10-16,ETH,0.024649481713894028
2022-10-17,BTC,0.014670058500208416
2022-10-17,ETH,0.019457289858260562
2022-10-18,BTC,-0.011065647631146036
2022-10-18,ETH,-0.01596935046278447
2022-10-19,BTC,-0.010079479991405349
2022-10-19,ETH,-0.01885063522910002
2022-10-20,BTC,-0.004482602172654282
2022-10-20,ETH,-0.001978103293734268
2022-10-21,BTC,0.006231244583192241
2022-10-21,ETH,0.013049775009127629
2022-10-22,BTC,0.0018631248583989013
2022-10-22,ETH,0.011041057600688076
2022-10-23,BTC,0.018680488353712166
2022-10-23,ETH,0.03739470233280473
2022-10-24,BTC,-0.011316781236911488
2022-10-24,ETH,-0.013530768733529763
2022-10-25,BTC,0.03878330120960949
2022-10-25,ETH,0.0867412618435559
2022-10-26,BTC,0.03356831063305088
2022-10-26,ETH,0.07176830260791678
2022-10-27,BTC,-0.0233314959115013
2022-10-27,ETH,-0.03331602421634816
2022-10-28,BTC,0.015257721000682789
2022-10-28,ETH,0.027141910462713303
2022-10-29,BTC,0.01083375534148523
2022-10-29,ETH,0.04128672020153079
2022-10-30,BTC,-0.008784170461560437
2022-10-30,ETH,-0.017852187537918507
2022-10-31,BTC,-0.006776156462742766
2022-10-31,ETH,-0.011358459301194612
2022-11-01,BTC,-0.0005123007449325812
2022-11-01,ETH,0.004444616238050703
2022-11-02,BTC,-0.015902620594443806
2022-11-02,ETH,-0.03797722576567086
2022-11-03,BTC,0.0025042468919260763
2022-11-03,ETH,0.007784341818641627
2022-11-04,BTC,0.0463751969796804
2022-11-04,ETH,0.074142044046136
2022-11-05,BTC,0.006405611254872046
2022-11-05,ETH,-0.010409966011469485
2022-11-06,BTC,-0.01673684363155281
2022-11-06,ETH,-0.034234871794410315
2022-11-07,BTC,-0.015466997985227438
2022-11-07,ETH,-0.002317359184151657
2022-11-08,BTC,-0.10006131594948431
2022-11-08,ETH,-0.1502977455077471
2022-11-09,BTC,-0.14349022466876316
2022-11-09,ETH,-0.17456449729905577
2022-11-10,BTC,0.10742489862358795
2022-11-10,ETH,0.18114912792558768
2022-11-11,BTC,-0.03141443647663533
2022-11-11,ETH,-0.009421980619647496
2022-11-12,BTC,-0.013802006476365758
2022-11-12,ETH,-0.02482305452438449
2022-11-13,BTC,-0.026538209918333333
2022-11-13,ETH,-0.026646969734394843
2022-11-14,BTC,0.016194463988263186
2022-11-14,ETH,0.016193094653558227
2022-11-15,BTC,0.016031463998783302
2022-11-15,ETH,0.008160376403149927
2022-11-16,BTC,-0.0127437818409466
2022-11-16,ETH,-0.028866838569826303
2022-11-17,BTC,0.0010845070736082985
2022-11-17,ETH,-0.012170051342529575
2022-11-18,BTC,0.0006148167681003791
2022-11-18,ETH,0.009569967502366605
2022-11-19,BTC,0.0008246325823211276
2022-11-19,ETH,0.005053586870582327
2022-11-20,BTC,-0.025115259939095247
2022-11-20,ETH,-0.062342756772829966
2022-11-21,BTC,-0.030969374751391165
2022-11-21,ETH,-0.0298596433605115
2022-11-22,BTC,0.025494274188105903
2022-11-22,ETH,0.024198458350936924
2022-11-23,BTC,0.02600021570334854
2022-11-23,ETH,0.04230729897957275
2022-11-24,BTC,-0.0003757930043709612
2022-11-24,ETH,0.01756556510001106
2022-11-25,BTC,-0.004975953615638518
2022-11-25,ETH,-0.004200433335394882
2022-11-26,BTC,-0.0034839061881034583
2022-11-26,ETH,0.005815243360018485
2022-11-27,BTC,-0.0011937537130568554
2022-11-27,ETH,-0.008931930020055212
2022-11-28,BTC,-0.013822428939733733
2022-11-28,ETH,-0.02095239457105269
2022-11-29,BTC,0.014038085481754337
2022-11-29,ETH,0.040009927654150346
2022-11-30,BTC,0.044000289316970864
2022-11-30,ETH,0.06474424595402373
2022-12-01,BTC,-0.011732697360023692
2022-12-01,ETH,-0.014984057799110495
2022-12-02,BTC,0.007162515027905547
2022-12-02,ETH,0.014126606037395906
2022-12-03,BTC,-0.010558102652595158
2022-12-03,ETH,-0.03937910387625765
2022-12-04,BTC,0.013144481522908036
2022-12-04,ETH,0.029695743878074943
2022-12-05,BTC,-0.00908673304822849
2022-12-05,ETH,-0.016074772913678648
2022-12-06,BTC,0.006755753090715411
2022-12-06,ETH,0.009508035062938625
2022-12-07,BTC,-0.01412428087141393
2022-12-07,ETH,-0.030838824473082838
2022-12-08,BTC,0.022871839541696026
2022-12-08,ETH,0.0394980134958669
2022-12-09,BTC,-0.005821360340788395
2022-12-09,ETH,-0.013138184671514397
2022-12-10,BTC,-0.00025843080632004245
2022-12-10,ETH,0.0016605160885547754
2022-12-11,BTC,-0.0014321702613265819
2022-12-11,ETH,-0.0019864627881867047
2022-12-12,BTC,0.005977723618808328
2022-12-12,ETH,0.00850601785212901
2022-12-13,BTC,0.033410801008343594
2022-12-13,ETH,0.03603443469196854
2022-12-14,BTC,0.0019307922256450727
2022-12-14,ETH,-0.008496812562910572
2022-12-15,BTC,-0.02530276169357326
2022-12-15,ETH,-0.03282205022719986
2022-12-16,BTC,-0.04131220425223303
2022-12-16,ETH,-0.07746214058242495
2022-12-17,BTC,0.008866650272798315
2022-12-17,ETH,0.017025445486444024
2022-12-18,BTC,-0.0022098857704312413
2022-12-18,ETH,-0.0028904831146532306
2022-12-19,BTC,-0.01899375344110854
2022-12-19,ETH,-0.014438361671959554
2022-12-20,BTC,0.028384068842582266
2022-12-20,ETH,0.04290281503722926
2022-12-21,BTC,-0.005250676176186131
2022-12-21,ETH,-0.0033699807166168716
2022-12-22,BTC,0.0007615052090579333
2022-12-22,ETH,0.003775670247603724
2022-12-23,BTC,-0.001983838015767403
2022-12-23,ETH,0.0016231521337866095
2022-12-24,BTC,0.003024520816182319
2022-12-24,ETH,0.0008106610684399662
2022-12-25,BTC,-0.000342451024228807
2022-12-25,ETH,-0.0017905466295349282
2022-12-26,BTC,0.004620497716771643
2022-12-26,ETH,0.006573075177125132
2022-12-27,BTC,-0.011975957353969946
2022-12-27,ETH,-0.011559116196452335
2022-12-28,BTC,-0.009846255365429935
2022-12-28,ETH,-0.018804171717317075
2022-12-29,BTC,0.0054232979508825885
2022-12-29,ETH,0.009755788816300015
2022-12-30,BTC,-0.002388838052975517
2022-12-30,ETH,-0.001966176761464933
2022-12-31,BTC,-0.0033181483870876605
2022-12-31,ETH,-0.002052602193683639
2023-01-01,BTC,0.0046885633896178724
2023-01-01,ETH,0.003504097838116227
2023-01-02,BTC,0.0038129515588565255
2023-01-02,ETH,0.011400643850810077
2023-01-03,BTC,-0.000516121662866742
2023-01-03,ETH,0.00010059829352737637
2023-01-04,BTC,0.010994150293785143
2023-01-04,ETH,0.03436658792451519
2023-01-05,BTC,-0.0015715814888571655
2023-01-05,ETH,-0.004845112423745301
2023-01-06,BTC,0.006844106816741524
2023-01-06,ETH,0.015147028977039678
2023-01-07,BTC,0.00018342264818071996
2023-01-07,ETH,-0.00402452101708739
2023-01-08,BTC,0.008025112314249405
2023-01-08,ETH,0.018262795354943462
2023-01-09,BTC,0.006167530562816603
2023-01-09,ETH,0.026550037838815266
2023-01-10,BTC,0.014522576515372032
2023-01-10,ETH,0.011386058087499595
2023-01-11,BTC,0.02800615102017323
2023-01-11,ETH,0.03841629150614301
2023-01-12,BTC,0.052115795988246116
2023-01-12,ETH,0.021619013988194213
2023-01-13,BTC,0.05511441660269112
2023-01-13,ETH,0.02375024880007759
2023-01-14,BTC,0.05357847423830919
2023-01-14,ETH,0.0682633136301174
2023-01-15,BTC,-0.004552757413617381
2023-01-15,ETH,0.0011430806152468165
2023-01-16,BTC,0.013832516023570829
2023-01-16,ETH,0.015687166258109064
2023-01-17,BTC,-0.00038325091993141047
2023-01-17,ETH,-0.0056996675806778585
2023-01-18,BTC,-0.022339524368838015
2023-01-18,ETH,-0.033382812478710555
2023-01-19,BTC,0.019238045679950355
2023-01-19,ETH,0.024446974889233086
2023-01-20,BTC,0.07539125404137925
2023-01-20,ETH,0.0690458804911851
2023-01-21,BTC,0.004457126566322689
2023-01-21,ETH,-0.019663144882297257
2023-01-22,BTC,-0.002511630794474806
2023-01-22,ETH,0.0007767819470894111
2023-01-23,BTC,0.009419529327844067
2023-01-23,ETH,-8.043655534839544e-05
2023-01-24,BTC,-0.012991945703908492
2023-01-24,ETH,-0.04400233517182761
2023-01-25,BTC,0.021266153759075257
2023-01-25,ETH,0.035401940854640435
2023-01-26,BTC,-0.003680359408276712
2023-01-26,ETH,-0.005339109940311948
2023-01-27,BTC,0.0019950339114214177
2023-01-27,ETH,-0.0030874209336673175
2023-01-28,BTC,-0.0020641809553220147
2023-01-28,ETH,-0.01609444108957936
2023-01-29,BTC,0.03228143207915801
2023-01-29,ETH,0.046883068812149764
2023-01-30,BTC,-0.03930367092328346
2023-01-30,ETH,-0.04788678522483769
2023-01-31,BTC,0.013097316769725253
2023-01-31,ETH,0.012255813857491304
2023-02-01,BTC,0.025259482888651652
2023-02-01,ETH,0.034828926102213
2023-02-02,BTC,-0.01061797692681965
2023-02-02,ETH,0.0008824820072261819
2023-02-03,BTC,-0.0009606745041729203
2023-02-03,ETH,0.013086346292204398
2023-02-04,BTC,-0.005009723012217249
2023-02-04,ETH,0.0013897610693263118
2023-02-05,BTC,-0.01612309690031044
2023-02-05,ETH,-0.02124299484445158
2023-02-06,BTC,-0.008518883333286542
2023-02-06,ETH,-0.009437589342205732
2023-02-07,BTC,0.022151986720186922
2023-02-07,ETH,0.03449749159686455
2023-02-08,BTC,-0.013965290320121615
2023-02-08,ETH,-0.01273127876485547
2023-02-09,BTC,-0.04883996317743455
2023-02-09,ETH,-0.0631716867790626
2023-02-10,BTC,-0.007693073387383564
2023-02-10,ETH,-0.02041406577709526
2023-02-11,BTC,0.010146854341645195
2023-02-11,ETH,0.01654111006391079
2023-02-12,BTC,-0.003779998514005456
2023-02-12,ETH,-0.016165097645040705
2023-02-13,BTC,0.0009132665684197239
2023-02-13,ETH,-0.005193150420476522
2023-02-14,BTC,0.018924303145655852
2023-02-14,ETH,0.03298192238041198
2023-02-15,BTC,0.09392266116037784
2023-02-15,ETH,0.0750675811775845
2023-02-16,BTC,-0.028154173176657027
2023-02-16,ETH,-0.020121538929091298
2023-02-17,BTC,0.03988096453648349
2023-02-17,ETH,0.03336185492779764
2023-02-18,BTC,0.0030805588480080637
2023-02-18,ETH,-0.0017488177653378623
2023-02-19,BTC,-0.012728023845912761
2023-02-19,ETH,-0.006137357465717308
2023-02-20,BTC,0.020614650916729094
2023-02-20,ETH,0.0126314719596059
2023-02-21,BTC,-0.01581991113645098
2023-02-21,ETH,-0.026216858452078218
2023-02-22,BTC,-0.01012875204423358
2023-02-22,ETH,-0.008929048666112882
2023-02-23,BTC,-0.00997780485063493
2023-02-23,ETH,0.004772402538407272
2023-02-24,BTC,-0.03129201289670536
2023-02-24,ETH,-0.025862370437327087
2023-02-25,BTC,-0.0009807668166905703
2023-02-25,ETH,-0.00836761779727413
2023-02-26,BTC,0.016648614774302573
2023-02-26,ETH,0.028780357616977614
2023-02-27,BTC,-0.0016273269569350157
2023-02-27,ETH,-0.003955786725572508
2023-02-28,BTC,-0.01596393470118429
2023-02-28,ETH,-0.01739632556596371
2023-03-01,BTC,0.02156606219747892
2023-03-01,ETH,0.035829596047825873
2023-03-02,BTC,-0.007235050302163204
2023-03-02,ETH,-0.009687419299942324
2023-03-03,BTC,-0.047402129167592566
2023-03-03,ETH,-0.04744176292568125
2023-03-04,BTC,-0.0004172164631153219
2023-03-04,ETH,-0.0014298360099453955
2023-03-05,BTC,0.0036756935285233716
2023-03-05,ETH,-0.001566891740346743
2023-03-06,BTC,-0.00025655126328649747
2023-03-06,ETH,0.0018727965263767299
2023-03-07,BTC,-0.00936203961743065
2023-03-07,ETH,-0.0034870363462051746
2023-03-08,BTC,-0.022578517406286358
2023-03-08,ETH,-0.017827171045494916
2023-03-09,BTC,-0.06239311158608585
2023-03-09,ETH,-0.0622046937711358
2023-03-10,BTC,-0.008632183779056501
2023-03-10,ETH,-0.0066052302026157195
2023-03-11,BTC,0.022051846825845045
2023-03-11,ETH,0.0374056718236595
2023-03-12,BTC,0.07422977009964415
2023-03-12,ETH,0.07262583079496476
2023-03-13,BTC,0.09175187888693825
2023-03-13,ETH,0.05660340137307651
2023-03-14,BTC,0.022669294883089997
2023-03-14,ETH,0.013805865867504874
2023-03-15,BTC,-0.014956444322371198
2023-03-15,ETH,-0.027781826468116
2023-03-16,BTC,0.027766213062754286
2023-03-16,ETH,0.012700856927151394
2023-03-17,BTC,0.0946457745317153
2023-03-17,ETH,0.06872680134113085
2023-03-18,BTC,-0.01670259464889101
2023-03-18,ETH,-0.017197040759496796
2023-03-19,BTC,0.039783493752593824
2023-03-19,ETH,0.013576328363562151
2023-03-20,BTC,-0.00968089417783835
2023-03-20,ETH,-0.028145110529571027
2023-03-21,BTC,0.014714466837708162
2023-03-21,ETH,0.04116785380048826
2023-03-22,BTC,-0.030820008681536337
2023-03-22,ETH,-0.03821408090164813
2023-03-23,BTC,0.03759177902540278
2023-03-23,ETH,0.04528246457522944
2023-03-24,BTC,-0.02967065403073854
2023-03-24,ETH,-0.035432817130064076
2023-03-25,BTC,5.17171735541222e-05
2023-03-25,ETH,-0.0047259232742210555
2023-03-26,BTC,0.018171608313816145
2023-03-26,ETH,0.01830062623377482
2023-03-27,BTC,-0.03052194511765327
2023-03-27,ETH,-0.03391154505901961
2023-03-28,BTC,0.004725228944394866
2023-03-28,ETH,0.033416577391890856
2023-03-29,BTC,0.0396180637553154
2023-03-29,ETH,0.011403627159211949
2023-03-30,BTC,-0.0111074503792854
2023-03-30,ETH,-0.00014760076254038967
2023-03-31,BTC,0.015871042968584437
2023-03-31,ETH,0.016335306922469428
2023-04-01,BTC,-0.0023684272611504964
2023-04-01,ETH,-0.004479363366151845
2023-04-02,BTC,-0.00745226498561502
2023-04-02,ETH,-0.010007641085160612
2023-04-03,BTC,-0.014507018470504951
2023-04-03,ETH,0.008124365544173617
2023-04-04,BTC,0.0135971982612757
2023-04-04,ETH,0.03353483092395293
2023-04-05,BTC,0.000351267384649967
2023-04-05,ETH,0.020368135912491647
2023-04-06,BTC,-0.004749940528704033
2023-04-06,ETH,-0.018957173846517184
2023-04-07,BTC,-0.004217681389550476
2023-04-07,ETH,-0.00389044320067633
2023-04-08,BTC,0.0007854922772632111
2023-04-08,ETH,-0.008650100295806706
2023-04-09,BTC,0.013784839213681899
2023-04-09,ETH,0.005347206395527104
2023-04-10,BTC,0.04658621825410658
2023-04-10,ETH,0.02786922752961596
2023-04-11,BTC,0.019629666758571807
2023-04-11,ETH,-0.009950684094362172
2023-04-12,BTC,-0.003175315803583212
2023-04-12,ETH,0.015057915008098277
2023-04-13,BTC,0.00862713483952482
2023-04-13,ETH,0.04787492592582243
2023-04-14,BTC,0.002849851088919886
2023-04-14,ETH,0.044221068526871576
2023-04-15,BTC,-0.005484641300179338
2023-04-15,ETH,-0.004362650507376609
2023-04-16,BTC,-0.00010358775680330279
2023-04-16,ETH,0.013161051129283452
2023-04-17,BTC,-0.028708571396173888
2023-04-17,ETH,-0.020642838914618267
2023-04-18,BTC,0.032348662229154
2023-04-18,ETH,0.013627708647316883
2023-04-19,BTC,-0.0518092051895368
2023-04-19,ETH,-0.07989115082796949
2023-04-20,BTC,-0.020008250880993006
2023-04-20,ETH,0.0034570346864029045
2023-04-21,BTC,-0.034308522518338824
2023-04-21,ETH,-0.04791204292839435
2023-04-22,BTC,0.01981858797984626
2023-04-22,ETH,0.013096627764505042
2023-04-23,BTC,-0.008128524647254443
2023-04-23,ETH,-0.006491537762182253
2023-04-24,BTC,-0.002393679129772508
2023-04-24,ETH,-0.010367305335802768
2023-04-25,BTC,0.02841955147295372
2023-04-25,ETH,0.013021906854120191
2023-04-26,BTC,0.004066170397882152
2023-04-26,ETH,-0.00010148801571707722
2023-04-27,BTC,0.036980508331842854
2023-04-27,ETH,0.022620260136523074
2023-04-28,BTC,-0.00453030993708059
2023-04-28,ETH,-0.00852560546680392
2023-04-29,BTC,-0.0031279011203009244
2023-04-29,ETH,0.008667933265241068
2023-04-30,BTC,0.000694680667924441
2023-04-30,ETH,-0.016759595054255505
2023-05-01,BTC,-0.04022160164248023
2023-05-01,ETH,-0.023959134648528724
2023-05-02,BTC,0.020966033026897257
2023-05-02,ETH,0.02119837887694409
2023-05-03,BTC,0.01135862564681589
2023-05-03,ETH,0.018100674783592785
2023-05-04,BTC,-0.005467695268338013
2023-05-04,ETH,-0.014148388236346676
2023-05-05,BTC,0.023803407820215394
2023-05-05,ETH,0.06250016252602375
2023-05-06,BTC,-0.021323001096775096
2023-05-06,ETH,-0.04753695022846638
2023-05-07,BTC,-0.015556145829018653
2023-05-07,ETH,-0.014285377484394957
2023-05-08,BTC,-0.026733637409259936
2023-05-08,ETH,-0.012831132355707098
2023-05-09,BTC,-0.0012817829272578907
2023-05-09,ETH,-0.0002377312267921594
2023-05-10,BTC,-0.0013384371045779275
2023-05-10,ETH,-0.0033547817757508813
2023-05-11,BTC,-0.022481076150133283
2023-05-11,ETH,-0.02491904665707234
2023-05-12,BTC,-0.007251596524522896
2023-05-12,ETH,0.006417609310578776
2023-05-13,BTC,-0.0007801573211611013
2023-05-13,ETH,-0.006584500561665818
2023-05-14,BTC,0.005471927993601522
2023-05-14,ETH,0.0024419977119396474
2023-05-15,BTC,0.009730726801279843
2023-05-15,ETH,0.009469003581360047
2023-05-16,BTC,-0.005738415341494774
2023-05-16,ETH,0.003615599828306948
2023-05-17,BTC,0.013394867282656264
2023-05-17,ETH,-0.0012399617404649232
2023-05-18,BTC,-0.02067950762275983
2023-05-18,ETH,-0.011049755592651422
2023-05-19,BTC,0.0021585968530852817
2023-05-19,ETH,0.0060280790473556944
2023-05-20,BTC,0.008905016115201336
2023-05-20,ETH,0.004352088491321071
2023-05-21,BTC,-0.013850552916312875
2023-05-21,ETH,-0.00875959777262747
2023-05-22,BTC,0.0036425134576618667
2023-05-22,ETH,0.0072059805498594365
2023-05-23,BTC,0.013945303754316907
2023-05-23,ETH,0.020272418111193735
2023-05-24,BTC,-0.03272302765106416
2023-05-24,ETH,-0.02927157413235626
2023-05-25,BTC,0.005368887301425707
2023-05-25,ETH,0.0032519081412238915
2023-05-26,BTC,0.009181223884829448
2023-05-26,ETH,0.012589448704585227
2023-05-27,BTC,0.005578834405180588
2023-05-27,ETH,0.001328048640957924
2023-05-28,BTC,0.0453058267244435
2023-05-28,ETH,0.04357768640169235
2023-05-29,BTC,-0.0120973437068298
2023-05-29,ETH,-0.009333783648857619
2023-05-30,BTC,-0.0015690671469931194
2023-05-30,ETH,0.004198710144688311
2023-05-31,BTC,-0.01742420455507676
2023-05-31,ETH,-0.014148207081263298
2023-06-01,BTC,-0.014683709247646393
2023-06-01,ETH,-0.006365126223573547
2023-06-02,BTC,0.01601855426947596
2023-06-02,ETH,0.024194577124557304
2023-06-03,BTC,-0.0064023326039167605
2023-06-03,ETH,-0.007782967574883282
2023-06-04,BTC,0.001622799291266075
2023-06-04,ETH,-0.0010034418002142775
2023-06-05,BTC,-0.05011119223804861
2023-06-05,ETH,-0.041621061468822385
2023-06-06,BTC,0.057402171630208665
2023-06-06,ETH,0.040106725970251
2023-06-07,BTC,-0.03277624957004588
2023-06-07,ETH,-0.027646069882318547
2023-06-08,BTC,0.0061572444403654725
2023-06-08,ETH,0.0075889075389308225
2023-06-09,BTC,-0.0010503081775867784
2023-06-09,ETH,-0.003291260341800495
2023-06-10,BTC,-0.02375852931180167
2023-06-10,ETH,-0.04773353454780638
2023-06-11,BTC,0.0034399794195076883
2023-06-11,ETH,0.0005880658165602348
2023-06-12,BTC,-0.001452109670044499
2023-06-12,ETH,-0.006208795362955821
2023-06-13,BTC,0.0006265231396582749
2023-06-13,ETH,-0.0020034613456795247
2023-06-14,BTC,-0.030636253390914137
2023-06-14,ETH,-0.050900745714856144
2023-06-15,BTC,0.017979087727655774
2023-06-15,ETH,0.00908834473998854
2023-06-16,BTC,0.029365685552642073
2023-06-16,ETH,0.030710561716126294
2023-06-17,BTC,0.006959002900740696
2023-06-17,ETH,0.006137047622508218
2023-06-18,BTC,-0.006580854145875503
2023-06-18,ETH,-0.003836597486115201
2023-06-19,BTC,0.019547852547670663
2023-06-19,ETH,0.009928009075009792
2023-06-20,BTC,0.05498705349618893
2023-06-20,ETH,0.03134133797581806
2023-06-21,BTC,0.06000562340273241
2023-06-21,ETH,0.05517889834423939
2023-06-22,BTC,-0.0038303689299371557
2023-06-22,ETH,-0.00955269179506646
2023-06-23,BTC,0.02618280743799839
2023-06-23,ETH,0.010635170133588723
2023-06-24,BTC,-0.0047815994828226405
2023-06-24,ETH,-0.008876699741769856
2023-06-25,BTC,-0.002240147837737516
2023-06-25,ETH,0.01303072137420247
2023-06-26,BTC,-0.006861189753050945
2023-06-26,ETH,-0.021611739163331922
2023-06-27,BTC,0.013776598074988877
2023-06-27,ETH,0.016279430380120807
2023-06-28,BTC,-0.01961401038928634
2023-06-28,ETH,-0.03266765501002877
2023-06-29,BTC,0.011935868224670187
2023-06-29,ETH,0.013269412357076016
2023-06-30,BTC,0.0010477918298796851
2023-06-30,ETH,0.04371043993566137
2023-07-01,BTC,0.0037019798257575953
2023-07-01,ETH,-0.004460529742211228
2023-07-02,BTC,0.0010033124506771962
2023-07-02,ETH,0.0066884882472737495
2023-07-03,BTC,0.01749367929268808
2023-07-03,ETH,0.009265226747700916
2023-07-04,BTC,-0.012159843310882601
2023-07-04,ETH,-0.009591755757138554
2023-07-05,BTC,-0.0085586975402272
2023-07-05,ETH,-0.013448869712526457
2023-07-06,BTC,-0.019821224171432172
2023-07-06,ETH,-0.0324253777759973
2023-07-07,BTC,0.014474667943441766
2023-07-07,ETH,0.01188230609685803
2023-07-08,BTC,-0.0016387902600796256
2023-07-08,ETH,-0.0027066082588487195
2023-07-09,BTC,-0.004004505286051452
2023-07-09,ETH,-0.0013560608539179286
2023-07-10,BTC,0.008061862007427312
2023-07-10,ETH,0.009418432035694924
2023-07-11,BTC,0.006788889103658935
2023-07-11,ETH,-0.0011806808443571848
2023-07-12,BTC,-0.007488490028050299
2023-07-12,ETH,-0.0033126606963430616
2023-07-13,BTC,0.03568093437476372
2023-07-13,ETH,0.07178928293005193
2023-07-14,BTC,-0.036280934592069825
2023-07-14,ETH,-0.03347323429785665
2023-07-15,BTC,-0.001261344778969442
2023-07-15,ETH,-0.004063477540406812
2023-07-16,BTC,-0.001540603578530031
2023-07-16,ETH,-0.0040304440984128
2023-07-17,BTC,-0.0034131272874816654
2023-07-17,ETH,-0.0062566304215256885
2023-07-18,BTC,-0.009597533349379406
2023-07-18,ETH,-0.007348051957174251
2023-07-19,BTC,0.0019212301525000086
2023-07-19,ETH,-0.004527462068031229
2023-07-20,BTC,-0.0040752996439197275
2023-07-20,ETH,0.0010382072011101418
2023-07-21,BTC,0.0039181140710413676
2023-07-21,ETH,0.0005875092853386832
2023-07-22,BTC,-0.004578641136054662
2023-07-22,ETH,-0.014358654754347167
2023-07-23,BTC,0.010504447141318263
2023-07-23,ETH,0.013019001578937539
2023-07-24,BTC,-0.03016908602087709
2023-07-24,ETH,-0.020744097184215993
2023-07-25,BTC,0.0017299501204297574
2023-07-25,ETH,0.00418370782813593
2023-07-26,BTC,0.004365152978824893
2023-07-26,ETH,0.007761018047494739
2023-07-27,BTC,-0.004915119656712763
2023-07-27,ETH,-0.006304340937255626
2023-07-28,BTC,0.0037163327075591113
2023-07-28,ETH,0.007733834924120275
2023-07-29,BTC,0.001284885528077373
2023-07-29,ETH,0.0033732454481110175
2023-07-30,BTC,-0.002779902682116475
2023-07-30,ETH,-0.010326601736203367
2023-07-31,BTC,-0.0015438698273756435
2023-07-31,ETH,-0.002944411447533879
2023-08-01,BTC,0.015245275282999904
2023-08-01,ETH,0.008420470716144157
2023-08-02,BTC,-0.01764989082843693
2023-08-02,ETH,-0.017471166978973995
2023-08-03,BTC,0.0009166006009861949
2023-08-03,ETH,-0.0021495672689105794
2023-08-04,BTC,-0.0035843942133476636
2023-08-04,ETH,-0.00404524899760117
2023-08-05,BTC,-0.0010994270766331304
2023-08-05,ETH,0.0039803978247232585
2023-08-06,BTC,-9.347950838400898e-06
2023-08-06,ETH,-0.004101323417211589
2023-08-07,BTC,0.004776645775930843
2023-08-07,ETH,-0.00028629506333388566
2023-08-08,BTC,0.020044635853149417
2023-08-08,ETH,0.015801585470487156
2023-08-09,BTC,-0.006853508270246889
2023-08-09,ETH,-0.000813535740253668
2023-08-10,BTC,-0.004461964714047806
2023-08-10,ETH,-0.0019113379853046286
2023-08-11,BTC,-0.001083159880198692
2023-08-11,ETH,-0.0019608383726750223
2023-08-12,BTC,0.0006207965516027425
2023-08-12,ETH,0.0009558116061818556
2023-08-13,BTC,-0.004523080645381872
2023-08-13,ETH,-0.005197573554549306
2023-08-14,BTC,0.004286776125049352
2023-08-14,ETH,0.0026671519533285615
2023-08-15,BTC,-0.008096168172366025
2023-08-15,ETH,-0.009355376145865901
2023-08-16,BTC,-0.016063173634291772
2023-08-16,ETH,-0.011644479943617059
2023-08-17,BTC,-0.07097917151940503
2023-08-17,ETH,-0.06685956876976196
2023-08-18,BTC,-0.02306411031148714
2023-08-18,ETH,-0.014237003254733094
2023-08-19,BTC,0.0017907574452629138
2023-08-19,ETH,0.005133737190461396
2023-08-20,BTC,0.00357825614760654
2023-08-20,ETH,0.009212569995102449
2023-08-21,BTC,-0.002498831574187843
2023-08-21,ETH,-0.010435935786971329
2023-08-22,BTC,-0.0035401882238949023
2023-08-22,ETH,-0.020018643652328416
2023-08-23,BTC,0.015365306423789304
2023-08-23,ETH,0.027775287399602888
2023-08-24,BTC,-0.01018731988472621
2023-08-24,ETH,-0.011510825045927042
2023-08-25,BTC,-0.004384352975912553
2023-08-25,ETH,-0.004222744282248891
2023-08-26,BTC,-0.0015051281432193475
2023-08-26,ETH,-0.004010015919243992
2023-08-27,BTC,0.0031232321991347956
2023-08-27,ETH,0.006806932390764242
2023-08-28,BTC,0.0006307866874213364
2023-08-28,ETH,-0.0030501503607176517
2023-08-29,BTC,0.062101924766441385
2023-08-29,ETH,0.046759638502996026
2023-08-30,BTC,-0.015512708305083889
2023-08-30,ETH,-0.014229727451396501
2023-08-31,BTC,-0.0500340578984273
2023-08-31,ETH,-0.03487924317662894
2023-09-01,BTC,-0.005042060225742162
2023-09-01,ETH,-0.01042023648557433
2023-09-02,BTC,0.0026384615075991658
2023-09-02,ETH,0.0052405439035725365
2023-09-03,BTC,0.0038953327054152
2023-09-03,ETH,-0.0005544903878390572
2023-09-04,BTC,-0.006051329012069284
2023-09-04,ETH,-0.003949839574139524
2023-09-05,BTC,-0.0012565113521479931
2023-09-05,ETH,0.0024386268424532176
2023-09-06,BTC,-0.0010374752516241204
2023-09-06,ETH,-0.0008429544668591138
2023-09-07,BTC,0.018908652030005024
2023-09-07,ETH,0.009401700388986578
2023-09-08,BTC,-0.012749181613965876
2023-09-08,ETH,-0.006955851709160243
2023-09-09,BTC,-0.0003851113886439439
2023-09-09,ETH,-0.0005961990834902897
2023-09-10,BTC,-0.0024502611024840304
2023-09-10,ETH,-0.011212034116571123
2023-09-11,BTC,-0.02592003689674205
2023-09-11,ETH,-0.04032038506124014
2023-09-12,BTC,0.026654161568650414
2023-09-12,ETH,0.02628947992827646
2023-09-13,BTC,0.01528956036711282
2023-09-13,ETH,0.009770657090104162
2023-09-14,BTC,0.011870739692642074
2023-09-14,ETH,0.011807198586281986
2023-09-15,BTC,0.0026006171627044328
2023-09-15,ETH,0.009014288078772026
2023-09-16,BTC,-0.001518755875352329
2023-09-16,ETH,-0.003909931338625383
2023-09-17,BTC,-0.0012832501161511578
2023-09-17,ETH,-0.007537174515831024
2023-09-18,BTC,0.008294723552398242
2023-09-18,ETH,0.008904027674040194
2023-09-19,BTC,0.017075246134672373
2023-09-19,ETH,0.0037851668963293505
2023-09-20,BTC,-0.00290724465500225
2023-09-20,ETH,-0.012566772911124402
2023-09-21,BTC,-0.02080107760178318
2023-09-21,ETH,-0.02377462631781635
2023-09-22,BTC,0.0004492514240630463
2023-09-22,ETH,0.005656292418244391
2023-09-23,BTC,-6.686879658768241e-06
2023-09-23,ETH,0.00036998008129596194
2023-09-24,BTC,-0.01213588594546644
2023-09-24,ETH,-0.008159068286052618
2023-09-25,BTC,0.0015864178176880905
2023-09-25,ETH,0.0047249684583838825
2023-09-26,BTC,-0.0030887894396227633
2023-09-26,ETH,0.0032073833529786544
2023-09-27,BTC,0.005167086436411061
2023-09-27,ETH,0.0025567531946391053
2023-09-28,BTC,0.02537992888096885
2023-09-28,ETH,0.03467404334555346
2023-09-29,BTC,-0.004064392478456136
2023-09-29,ETH,0.009112054541902781
2023-09-30,BTC,0.0020881352448591795
2023-09-30,ETH,0.001929332083119517
2023-10-01,BTC,0.037668241913332734
2023-10-01,ETH,0.037488026069531166
2023-10-02,BTC,-0.016186709920936293
2023-10-02,ETH,-0.04047897066718298
2023-10-03,BTC,-0.003661597010505724
2023-10-03,ETH,-0.00417274556135816
2023-10-04,BTC,0.013467601347721292
2023-10-04,ETH,-0.005340502634588518
2023-10-05,BTC,-0.01379463216164356
2023-10-05,ETH,-0.022066302247040315
2023-10-06,BTC,0.01935684447622399
2023-10-06,ETH,0.021319022529365572
2023-10-07,BTC,0.0007958817661306572
2023-10-07,ETH,-0.006878172039150754
2023-10-08,BTC,-0.001206700034343422
2023-10-08,ETH,-0.0005889506700414993
2023-10-09,BTC,-0.012579594744121514
2023-10-09,ETH,-0.032898895010697204
2023-10-10,BTC,-0.006984500217130485
2023-10-10,ETH,-0.007655131722261288
2023-10-11,BTC,-0.018900326735168282
2023-10-11,ETH,-0.000930177871406368
2023-10-12,BTC,-0.0043359541366684295
2023-10-12,ETH,-0.01701021740023334
2023-10-13,BTC,0.003945769916393171
2023-10-13,ETH,0.008104020573232784
2023-10-14,BTC,-2.4866332556272575e-05
2023-10-14,ETH,0.002040706057397923
2023-10-15,BTC,0.011091823470242623
2023-10-15,ETH,0.0018086969407560272
2023-10-16,BTC,0.05006744695824206
2023-10-16,ETH,0.027254540765113022
2023-10-17,BTC,-0.0036367703063566736
2023-10-17,ETH,-0.02192688186935865
2023-10-18,BTC,-0.0030759792019486865
2023-10-18,ETH,-0.0010793755903444335
2023-10-19,BTC,0.013818840741083749
2023-10-19,ETH,0.0023706817647977108
2023-10-20,BTC,0.033535830870205396
2023-10-20,ETH,0.023738984945261166
2023-10-21,BTC,0.007932597562652743
2023-10-21,ETH,0.015353699699918621
2023-10-22,BTC,0.002523007395046406
2023-10-22,ETH,0.020944819993793384
2023-10-23,BTC,0.10309890521346299
2023-10-23,ETH,0.061290684296216424
2023-10-24,BTC,0.02464145540134477
2023-10-24,ETH,0.010793585817743923
2023-10-25,BTC,0.017736456610143003
2023-10-25,ETH,0.0016588325496480483
2023-10-26,BTC,-0.010033147199696724
2023-10-26,ETH,0.009310588640725426
2023-10-27,BTC,-0.007226928505637331
2023-10-27,ETH,-0.013300163952285393
2023-10-28,BTC,0.005301518539129857
2023-10-28,ETH,-0.0019253015900076997
2023-10-29,BTC,0.013168432293093613
2023-10-29,ETH,0.01065386858481232
2023-10-30,BTC,-0.0010457086417764438
2023-10-30,ETH,0.008099264721129096
2023-10-31,BTC,0.004794395311462418
2023-10-31,ETH,0.0035193643267046326
2023-11-01,BTC,0.022195613001625203
2023-11-01,ETH,0.01686288408831138
2023-11-02,BTC,-0.014081557224217889
2023-11-02,ETH,-0.02515781959835861
2023-11-03,BTC,-0.005893770145759425
2023-11-03,ETH,0.01786838809609348
2023-11-04,BTC,0.010073356782761111
2023-11-04,ETH,0.013587684453004512
2023-11-05,BTC,-0.0009360829177728069
2023-11-05,ETH,0.019625953467631962
2023-11-06,BTC,-0.0003419285416157436
2023-11-06,ETH,0.002998529349214518
2023-11-07,BTC,0.011593090279608864
2023-11-07,ETH,-0.006165335386688842
2023-11-08,BTC,0.005973294692089626
2023-11-08,ETH,0.0006345557534326307
2023-11-09,BTC,0.029107827327892632
2023-11-09,ETH,0.12239237144858772
2023-11-10,BTC,0.01691989303173269
2023-11-10,ETH,-0.019933988946118864
2023-11-11,BTC,-0.0047145338500075296
2023-11-11,ETH,-0.012306237463546976
2023-11-12,BTC,-0.002249209321512735
2023-11-12,ETH,-0.003666782589169526
2023-11-13,BTC,-0.014901395821212304
2023-11-13,ETH,0.004927847225156823
2023-11-14,BTC,-0.026428838121854925
2023-11-14,ETH,-0.03708171667973137
2023-11-15,BTC,0.06592844558740318
2023-11-15,ETH,0.04110847506282078
2023-11-16,BTC,-0.04555929205565723
2023-11-16,ETH,-0.04830442993030459
2023-11-17,BTC,0.012222842746045792
2023-11-17,ETH,0.0002035665608492998
2023-11-18,BTC,-0.000300039994658885
2023-11-18,ETH,0.0010219202166552588
2023-11-19,BTC,0.021889527372586093
2023-11-19,ETH,0.025426483024461932
2023-11-20,BTC,0.0024182537251242753
2023-11-20,ETH,0.004487705105652884
2023-11-21,BTC,-0.04437779006078835
2023-11-21,ETH,-0.04211784935612506
2023-11-22,BTC,0.045192824521265385
2023-11-22,ETH,0.06574813130783852
2023-11-23,BTC,-0.003812712499291715
2023-11-23,ETH,-0.0010727438851469984
2023-11-24,BTC,0.011549062275727495
2023-11-24,ETH,0.009185000500188556
2023-11-25,BTC,0.0020283973558654633
2023-11-25,ETH,0.0015669139841998359
2023-11-26,BTC,-0.008404730932136117
2023-11-26,ETH,-0.010135684364837805
2023-11-27,BTC,-0.006002091789647501
2023-11-27,ETH,-0.017384294811873313
2023-11-28,BTC,0.01548599794884531
2023-11-28,ETH,0.010812167645888104
2023-11-29,BTC,0.0007244373065387055
2023-11-29,ETH,-0.009470831200383945
2023-11-30,BTC,-0.0038497596002547985
2023-11-30,ETH,0.011146671092621574
2023-12-01,BTC,0.025879947957747618
2023-12-01,ETH,0.016849107974407973
2023-12-02,BTC,0.020356874575942596
2023-12-02,ETH,0.03764204271297267
2023-12-03,BTC,0.012717964611113297
2023-12-03,ETH,0.012923071442646705
2023-12-04,BTC,0.05006972516793251
2023-12-04,ETH,0.022575720663866372
2023-12-05,BTC,0.05003682455553493
2023-12-05,ETH,0.02256848231190145
2023-12-06,BTC,-0.007581629055975703
2023-12-06,ETH,-0.027107545082919904
2023-12-07,BTC,-0.010372985662227885
2023-12-07,ETH,0.05642353010676748
2023-12-08,BTC,0.02018673414826888
2023-12-08,ETH,0.0004887825441670657
2023-12-09,BTC,-0.009976252913108663
2023-12-09,ETH,-0.007443253883560597
2023-12-10,BTC,0.0012284421841561866
2023-12-10,ETH,0.004821233826242777
2023-12-11,BTC,-0.05792335792051162
2023-12-11,ETH,-0.054361666168691425
2023-12-12,BTC,0.005004157345118276
2023-12-12,ETH,-0.010132601687358522
2023-12-13,BTC,0.03475299863154757
2023-12-13,ETH,0.02661652224701272
2023-12-14,BTC,0.0031062756659134827
2023-12-14,ETH,0.02474087211166509
2023-12-15,BTC,-0.025432678020983368
2023-12-15,ETH,-0.041976420815141524
2023-12-16,BTC,0.007401888090740938
2023-12-16,ETH,0.0034195392373013167
2023-12-17,BTC,-0.02072563201266564
2023-12-17,ETH,-0.013671449108484612
2023-12-18,BTC,0.030433584522719714
2023-12-18,ETH,0.009466157195896718
2023-12-19,BTC,-0.008282083715112631
2023-12-19,ETH,-0.017769968394459656
2023-12-20,BTC,0.032687613405284255
2023-12-20,ETH,0.011037752537226941
2023-12-21,BTC,0.0049688697318006625
2023-12-21,ETH,0.017090198956007274
2023-12-22,BTC,0.002934864092908329
2023-12-22,ETH,0.03883937127050796
2023-12-23,BTC,-0.005872083923035065
2023-12-23,ETH,-0.007512713750621014
2023-12-24,BTC,-0.01653939964043194
2023-12-24,ETH,-0.018775823775668332
2023-12-25,BTC,0.013879063861056418
2023-12-25,ETH,0.003032022219169095
2023-12-26,BTC,-0.025055253200995553
2023-12-26,ETH,-0.0180837485401647
2023-12-27,BTC,0.021694364920222586
2023-12-27,ETH,0.06599907965814755
2023-12-28,BTC,-0.01876027694786908
2023-12-28,ETH,-0.013105185204343561
2023-12-29,BTC,-0.012396896798793966
2023-12-29,ETH,-0.019967696347748753
2023-12-30,BTC,0.0013658151137276864
2023-12-30,ETH,-0.003748980355657072
2023-12-31,BTC,0.002568622223877659
2023-12-31,ETH,-0.004622136062972015
2024-01-01,BTC,0.0450049945064126
2024-01-01,ETH,0.031057455259582145
2024-01-02,BTC,0.017900939051301412
2024-01-02,ETH,0.001491520357524756
2024-01-03,BTC,-0.04692812036242189
2024-01-03,ETH,-0.06158087263741796
2024-01-04,BTC,0.03108057856532498
2024-01-04,ETH,0.02636019798833411
2024-01-05,BTC,-0.0003900067727314882
2024-01-05,ETH,-0.00017226204489362296
2024-01-06,BTC,-0.003928567037593367
2024-01-06,ETH,-0.011911266210730354
2024-01-07,BTC,-0.0010479313368322307
2024-01-07,ETH,-0.008368389496710593
2024-01-08,BTC,0.06889378335779228
2024-01-08,ETH,0.04956067963271038
2024-01-09,BTC,-0.017687130611972357
2024-01-09,ETH,0.005055408575588727
2024-01-10,BTC,0.010577584004972662
2024-01-10,ETH,0.10119141078079541
2024-01-11,BTC,-0.005558733892443213
2024-01-11,ETH,0.014529094117638142
2024-01-12,BTC,-0.07581464687080208
2024-01-12,ETH,-0.036325484903951155
2024-01-13,BTC,-0.0002516769882185965
2024-01-13,ETH,0.020653007406344237
2024-01-14,BTC,-0.0244177193838242
2024-01-14,ETH,-0.04050173658734413
2024-01-15,BTC,0.01712351907901466
2024-01-15,ETH,0.01582473361444947
2024-01-16,BTC,0.015124600939588229
2024-01-16,ETH,0.030392806292802277
2024-01-17,BTC,-0.009553782672285682
2024-01-17,ETH,-0.022924597112815248
2024-01-18,BTC,-0.034639725632667706
2024-01-18,ETH,-0.024264882460276693
2024-01-19,BTC,0.00863620644230223
2024-01-19,ETH,0.009112105809166549
2024-01-20,BTC,0.0011336255217606617
2024-01-20,ETH,-0.007997363142403069
2024-01-21,BTC,-0.0028752933279206916
2024-01-21,ETH,-0.006347624922185768
2024-01-22,BTC,-0.049064374667218136
2024-01-22,ETH,-0.05830959162402838
2024-01-23,BTC,0.008560013431039293
2024-01-23,ETH,-0.030352942295125973
2024-01-24,BTC,0.005810521700930993
2024-01-24,ETH,-0.0031795028247356694
2024-01-25,BTC,-0.0035747525934159974
2024-01-25,ETH,-0.007096988643921831
2024-01-26,BTC,0.04715459322091098
2024-01-26,ETH,0.022315585616102362
2024-01-27,BTC,0.007250269707417489
2024-01-27,ETH,0.0003026990938410634
2024-01-28,BTC,-0.002005242826170095
2024-01-28,ETH,-0.004708017139361198
2024-01-29,BTC,0.029799801358818767
2024-01-29,ETH,0.02651747163790663
2024-01-30,BTC,-0.007753530092744043
2024-01-30,ETH,0.011838016077853064
2024-01-31,BTC,-0.00861423582021903
2024-01-31,ETH,-0.02642328277923489
2024-02-01,BTC,0.011581441842771323
2024-02-01,ETH,0.009323048929214206
2024-02-02,BTC,0.0025556346111748063
2024-02-02,ETH,0.0018288626271742991
2024-02-03,BTC,-0.0044831659668692625
2024-02-03,ETH,-0.005199115184661651
2024-02-04,BTC,-0.009505619472114146
2024-02-04,ETH,-0.002827560592065126
2024-02-05,BTC,0.0017632602500394778
2024-02-05,ETH,0.0040806224708709316
2024-02-06,BTC,0.009986338686479135
2024-02-06,ETH,0.03189061801573012
2024-02-07,BTC,0.028630850081180936
2024-02-07,ETH,0.021728004179265792
2024-02-08,BTC,0.022188248784866804
2024-02-08,ETH,-0.0015837568973957605
2024-02-09,BTC,0.040741037427910465
2024-02-09,ETH,0.02793873689875137
2024-02-10,BTC,0.013236801662479536
2024-02-10,ETH,0.005512587075457986
2024-02-11,BTC,0.010940478338881565
2024-02-11,ETH,0.002535668266889557
2024-02-12,BTC,0.034461993507690414
2024-02-12,ETH,0.060036360595147054
2024-02-13,BTC,-0.004319233922406296
2024-02-13,ETH,-0.005993216346274366
2024-02-14,BTC,0.041900916949929146
2024-02-14,ETH,0.05136545149773286
2024-02-15,BTC,0.0021583350882306007
2024-02-15,ETH,0.016730812227639058
2024-02-16,BTC,0.004267512618200353
2024-02-16,ETH,-0.007324619212465078
2024-02-17,BTC,-0.009532306269177337
2024-02-17,ETH,-0.006070139812886177
2024-02-18,BTC,0.008895163192163213
2024-02-18,ETH,0.03313106792926823
2024-02-19,BTC,-0.006588364620277343
2024-02-19,ETH,0.022430254937596983
2024-02-20,BTC,0.009767068832988945
2024-02-20,ETH,0.02375647368863687
2024-02-21,BTC,-0.008524364120598982
2024-02-21,ETH,-0.014318281375232278
2024-02-22,BTC,-0.010305082651198116
2024-02-22,ETH,0.0002194536901753974
2024-02-23,BTC,-0.011168964874795462
2024-02-23,ETH,-0.01661023205546175
2024-02-24,BTC,0.016540904827679226
2024-02-24,ETH,0.02420809632265497
2024-02-25,BTC,0.003143945229742817
2024-02-25,ETH,0.04020580227502868
2024-02-26,BTC,0.053914352844811164
2024-02-26,ETH,0.021298694046122835
2024-02-27,BTC,0.04700762695380023
2024-02-27,ETH,0.0206120684504405
2024-02-28,BTC,0.09493531994124749
2024-02-28,ETH,0.04351478842287437
2024-02-29,BTC,-0.020900898468654838
2024-02-29,ETH,-0.012932076026531347
2024-03-01,BTC,0.020298739001094468
2024-03-01,ETH,0.02786849665007196
2024-03-02,BTC,-0.006578811548619723
2024-03-02,ETH,-0.003785719397915277
2024-03-03,BTC,0.01833832389535761
2024-03-03,ETH,0.020146944548209422
2024-03-04,BTC,0.08173591649219114
2024-03-04,ETH,0.039942835603055116
2024-03-05,BTC,-0.06628402455760396
2024-03-05,ETH,-0.02078793930730316
2024-03-06,BTC,0.03613733749494208
2024-03-06,ETH,0.07433596350833915
2024-03-07,BTC,0.012384196927533564
2024-03-07,ETH,0.01443259270225794
2024-03-08,BTC,0.020539401213709896
2024-03-08,ETH,0.0045719642318817755
2024-03-09,BTC,0.0029105240064184468
2024-03-09,ETH,0.006001424424042279
2024-03-10,BTC,0.007604594828588107
2024-03-10,ETH,-0.00874129449649308
2024-03-11,BTC,0.04497430707429584
2024-03-11,ETH,0.047730671374699885
2024-03-12,BTC,-0.008909905479502545
2024-03-12,ETH,-0.021190960052674845
2024-03-13,BTC,0.022414410239567806
2024-03-13,ETH,0.006578402189656218
2024-03-14,BTC,-0.0230819028918976
2024-03-14,ETH,-0.030779476587110888
2024-03-15,BTC,-0.027911980219644583
2024-03-15,ETH,-0.03809292261097419
2024-03-16,BTC,-0.05891115205258901
2024-03-16,ETH,-0.05685343706857138
2024-03-17,BTC,0.04708722796395115
2024-03-17,ETH,0.03393634003909307
2024-03-18,BTC,-0.0123120859035869
2024-03-18,ETH,-0.0341608641249429
2024-03-19,BTC,-0.08343356981432348
2024-03-19,ETH,-0.10243560798455653
2024-03-20,BTC,0.09692504638897836
2024-03-20,ETH,0.11267192037115104
2024-03-21,BTC,-0.03566706353999505
2024-03-21,ETH,-0.0058068810073729216
2024-03-22,BTC,-0.02615044343853401
2024-03-22,ETH,-0.04560653406668436
2024-03-23,BTC,0.004444134671348854
2024-03-23,ETH,0.0008717090110383907
2024-03-24,BTC,0.04951388799118828
2024-03-24,ETH,0.035378137308897495
2024-03-25,BTC,0.04052464020923141
2024-03-25,ETH,0.039438972943898865
2024-03-26,BTC,0.00041486463910467286
2024-03-26,ETH,-0.0009409678643157449
2024-03-27,BTC,-0.007608353371227561
2024-03-27,ETH,-0.024359450730277232
2024-03-28,BTC,0.018567460837021654
2024-03-28,ETH,0.017479056214108946
2024-03-29,BTC,-0.01204502883045766
2024-03-29,ETH,-0.013896014686989755
2024-03-30,BTC,-0.0035414711944022903
2024-03-30,ETH,-0.0010996667352133338
2024-03-31,BTC,0.02424203264779501
2024-03-31,ETH,0.03988435846648297
2024-04-01,BTC,-0.022871394296192005
2024-04-01,ETH,-0.03915351882861429
2024-04-02,BTC,-0.061047985989492126
2024-04-02,ETH,-0.0649910010049034
2024-04-03,BTC,0.008156830210526378
2024-04-03,ETH,0.010437847565395009
2024-04-04,BTC,0.038314642609167615
2024-04-04,ETH,0.00561647566373269
2024-04-05,BTC,-0.009797320875087778
2024-04-05,ETH,-0.0033498911937862585
2024-04-06,BTC,0.015602971156545964
2024-04-06,ETH,0.010635674717235144
2024-04-07,BTC,0.006770270726916605
2024-04-07,ETH,0.02960803456678729
2024-04-08,BTC,0.03270935878474601
2024-04-08,ETH,0.07001548335394525
2024-04-09,BTC,-0.03479403115822832
2024-04-09,ETH,-0.051451781685670994
2024-04-10,BTC,0.0209558550176423
2024-04-10,ETH,0.011004831112360725
2024-04-11,BTC,-0.007469744331340511
2024-04-11,ETH,-0.010861205883757163
2024-04-12,BTC,-0.04088948430588779
2024-04-12,ETH,-0.07480580700184813
2024-04-13,BTC,-0.05021729270691988
2024-04-13,ETH,-0.07342952756850973
2024-04-14,BTC,0.03004089104268326
2024-04-14,ETH,0.050597851556279494
2024-04-15,BTC,-0.03517737178558533
2024-04-15,ETH,-0.01753011445356112
2024-04-16,BTC,0.006080330797783695
2024-04-16,ETH,-0.005377925568445963
2024-04-17,BTC,-0.03972884891052719
2024-04-17,ETH,-0.03247819118850337
2024-04-18,BTC,0.03649124077498622
2024-04-18,ETH,0.027238683519387852
2024-04-19,BTC,0.005208661031110617
2024-04-19,ETH,-0.0022012272375354636
2024-04-20,BTC,0.018026421268684478
2024-04-20,ETH,0.032147655318233825
2024-04-21,BTC,-0.0010431180502996629
2024-04-21,ETH,-0.0032741746890918577
2024-04-22,BTC,0.029433758205850147
2024-04-22,ETH,0.017273130222613897
2024-04-23,BTC,-0.006439574982440521
2024-04-23,ETH,0.0057031560320381924
2024-04-24,BTC,-0.03208044676017341
2024-04-24,ETH,-0.024878460883124842
2024-04-25,BTC,0.0031863484195515657
2024-04-25,ETH,0.005320185415315981
2024-04-26,BTC,-0.011265004482557628
2024-04-26,ETH,-0.008346157799679732
2024-04-27,BTC,-0.005272966802647994
2024-04-27,ETH,0.03897667565831631
2024-04-28,BTC,-0.004823625063903991
2024-04-28,ETH,0.0032613458524253236
2024-04-29,BTC,0.011533090916022948
2024-04-29,ETH,-0.01451087129353712
2024-04-30,BTC,-0.050191249309274655
2024-04-30,ETH,-0.06317729070733402
2024-05-01,BTC,-0.03929695449375714
2024-05-01,ETH,-0.014109611457047588
2024-05-02,BTC,0.014924669552331737
2024-05-02,ETH,0.0061902767768931
2024-05-03,BTC,0.06370405294167747
2024-05-03,ETH,0.03861011747338838
2024-05-04,BTC,0.015926845790239064
2024-05-04,ETH,0.004522066678476877
2024-05-05,BTC,0.002185896653241981
2024-05-05,ETH,0.006310224609351378
2024-05-06,BTC,-0.013574390387488533
2024-05-06,ETH,-0.02375337855399917
2024-05-07,BTC,-0.01309542885757653
2024-05-07,ETH,-0.01833385054066039
2024-05-08,BTC,-0.018398626419713127
2024-05-08,ETH,-0.010949302229649516
2024-05-09,BTC,0.03043115176709965
2024-05-09,ETH,0.0209719132026831
2024-05-10,BTC,-0.035799920573900024
2024-05-10,ETH,-0.041577205332458456
2024-05-11,BTC,1.5356984674586016e-05
2024-05-11,ETH,0.0006223095933592937
2024-05-12,BTC,0.010768936188532141
2024-05-12,ETH,0.005873005038939505
2024-05-13,BTC,0.023646747788683697
2024-05-13,ETH,0.007053539594945368
2024-05-14,BTC,-0.02144084393922019
2024-05-14,ETH,-0.023124226599441355
2024-05-15,BTC,0.07659609250545496
2024-05-15,ETH,0.05410973083044013
2024-05-16,BTC,-0.01563225228621834
2024-05-16,ETH,-0.030267969283067964
2024-05-17,BTC,0.02790508695432159
2024-05-17,ETH,0.050587747570991715
2024-05-18,BTC,-0.0016564833198177142
2024-05-18,ETH,0.009317781735288744
2024-05-19,BTC,-0.009895869986810912
2024-05-19,ETH,-0.0163646468279689
2024-05-20,BTC,0.07800174241430358
2024-05-20,ETH,0.19272223475749883
2024-05-21,BTC,-0.018358253231772315
2024-05-21,ETH,0.03424187347472718
2024-05-22,BTC,-0.01446030042296964
2024-05-22,ETH,-0.013747867811565229
2024-05-23,BTC,-0.017255976976508713
2024-05-23,ETH,0.010625410415868064
2024-05-24,BTC,0.008781729788116976
2024-05-24,ETH,-0.013236335392203924
2024-05-25,BTC,0.010796524727518797
2024-05-25,ETH,0.005984006837891798
2024-05-26,BTC,-0.010796814497022966
2024-05-26,ETH,0.020447066274494885
2024-05-27,BTC,0.012791671360530277
2024-05-27,ETH,0.017279442451079374
2024-05-28,BTC,-0.015827408107827234
2024-05-28,ETH,-0.013296607756030476
2024-05-29,BTC,-0.01051485738366742
2024-05-29,ETH,-0.020066320442424512
2024-05-30,BTC,0.011644282841286824
2024-05-30,ETH,-0.0043438931992773044
2024-05-31,BTC,-0.012778150001159894
2024-05-31,ETH,0.0035168216840502087
2024-06-01,BTC,0.0031933460054698326
2024-06-01,ETH,0.014141485892959826
2024-06-02,BTC,0.0006596674454519835
2024-06-02,ETH,-0.00847135927884124
2024-06-03,BTC,0.015544720172089965
2024-06-03,ETH,-0.0038368778068711418
2024-06-04,BTC,0.025622992224831664
2024-06-04,ETH,0.01224693121792586
2024-06-05,BTC,0.007298724608017615
2024-06-05,ETH,0.013572433260235606
2024-06-06,BTC,-0.004581363662391591
2024-06-06,ETH,-0.0136261576231963
2024-06-07,BTC,-0.01999201273457618
2024-06-07,ETH,-0.03488734358684775
2024-06-08,BTC,-0.0005308786729295578
2024-06-08,ETH,0.0006308874002707299
2024-06-09,BTC,0.00493781012787653
2024-06-09,ETH,0.006779189544245501
2024-06-10,BTC,-0.0019485261992140401
2024-06-10,ETH,-0.010574014146293997
2024-06-11,BTC,-0.03136496113771259
2024-06-11,ETH,-0.04592308012417712
2024-06-12,BTC,0.013502581655740586
2024-06-12,ETH,0.01751895888957078
2024-06-13,BTC,-0.021757960505889518
2024-06-13,ETH,-0.025378125970065946
2024-06-14,BTC,-0.011164543099157487
2024-06-14,ETH,0.003168011430681794
2024-06-15,BTC,0.0027253941690672523
2024-06-15,ETH,0.024503138996214258
2024-06-16,BTC,0.006768999939568809
2024-06-16,ETH,0.015429295002475696
2024-06-17,BTC,-0.0022321747830370553
2024-06-17,ETH,-0.03015678941117861
2024-06-18,BTC,-0.02029695827328193
2024-06-18,ETH,-0.007887929643914382
2024-06-19,BTC,-0.0027701435671353414
2024-06-19,ETH,0.021720130807989513
2024-06-20,BTC,-0.00202647819256907
2024-06-20,ETH,-0.013558805157003362
2024-06-21,BTC,-0.011298352821403679
2024-06-21,ETH,0.0014208618736464285
2024-06-22,BTC,0.0024397531859308152
2024-06-22,ETH,-0.006047141456727134
2024-06-23,BTC,-0.01668075089399379
2024-06-23,ETH,-0.02180421377772701
2024-06-24,BTC,-0.04595356431233677
2024-06-24,ETH,-0.019995095208515723
2024-06-25,BTC,0.025336630415439876
2024-06-25,ETH,0.013363963957398806
2024-06-26,BTC,-0.016072632592061153
2024-06-26,ETH,-0.007526226555239823
2024-06-27,BTC,0.013048951973404943
2024-06-27,ETH,0.0223545777563241
2024-06-28,BTC,-0.020853310881755127
2024-06-28,ETH,-0.02065854031739267
2024-06-29,BTC,0.009403861104374522
2024-06-29,ETH,-0.00019806905467367741
2024-06-30,BTC,0.029413551620566913
2024-06-30,ETH,0.017765182101838528
2024-07-01,BTC,0.002771094932125795
2024-07-01,ETH,0.0021708806286613314
2024-07-02,BTC,-0.013093697885290578
2024-07-02,ETH,-0.0069722194841920215
2024-07-03,BTC,-0.02990687070088416
2024-07-03,ETH,-0.03613149037734886
2024-07-04,BTC,-0.05311634426354228
2024-07-04,ETH,-0.07239623520151972
2024-07-05,BTC,-0.005534237213954074
2024-07-05,ETH,-0.023873895979977133
2024-07-06,BTC,0.02896391234041995
2024-07-06,ETH,0.029440346500360093
2024-07-07,BTC,-0.042097439142912196
2024-07-07,ETH,-0.045608825587177826
2024-07-08,BTC,0.015326802715911692
2024-07-08,ETH,0.03049945952793487
2024-07-09,BTC,0.02299844211812685
2024-07-09,ETH,0.015006640664742665
2024-07-10,BTC,-0.004598069730556098
2024-07-10,ETH,0.01246259146908213
2024-07-11,BTC,-0.006885432015347748
2024-07-11,ETH,-0.0006085771524413364
2024-07-12,BTC,0.009670444019596935
2024-07-12,ETH,0.010911055279745563
2024-07-13,BTC,0.023013827240820017
2024-07-13,ETH,0.013732565354943382
2024-07-14,BTC,0.026266900915231206
2024-07-14,ETH,0.021050106325543716
2024-07-15,BTC,0.06715755212726138
2024-07-15,ETH,0.0756682020158721
2024-07-16,BTC,0.003499237870556282
2024-07-16,ETH,-0.013193469233778732
2024-07-17,BTC,-0.01502916014346345
2024-07-17,ETH,-0.0159026492788078
2024-07-18,BTC,-0.0022571629283560934
2024-07-18,ETH,0.011067820433664055
2024-07-19,BTC,0.042768734230136385
2024-07-19,ETH,0.023196240831611536
2024-07-20,BTC,0.0067979482134701286
2024-07-20,ETH,0.003868103950767088
2024-07-21,BTC,0.014753144342986024
2024-07-21,ETH,0.0049186148294897425
2024-07-22,BTC,-0.00835268752223095
2024-07-22,ETH,-0.027197137968854812
2024-07-23,BTC,-0.02452573786440093
2024-07-23,ETH,0.012084550339342526
2024-07-24,BTC,-0.008426492953570563
2024-07-24,ETH,-0.04183132330756956
2024-07-25,BTC,0.00619673448871394
2024-07-25,ETH,-0.04852986825503891
2024-07-26,BTC,0.032455548053117234
2024-07-26,ETH,0.031981885880926875
2024-07-27,BTC,-0.0014537411892032726
2024-07-27,ETH,-0.008651992126869734
2024-07-28,BTC,0.006525726007755361
2024-07-28,ETH,0.007345926636807887
2024-07-29,BTC,-0.021037797689324123
2024-07-29,ETH,0.015000836945357587
2024-07-30,BTC,-0.009262185475442442
2024-07-30,ETH,-0.012609873928464688
2024-07-31,BTC,-0.023893373992326827
2024-07-31,ETH,-0.01444857310697567
2024-08-01,BTC,0.011424614182306447
2024-08-01,ETH,-0.009201015429318393
2024-08-02,BTC,-0.06032105869640059
2024-08-02,ETH,-0.06732685619396284
2024-08-03,BTC,-0.011967302150066583
2024-08-03,ETH,-0.02767149249716494
2024-08-04,BTC,-0.04223983565450573
2024-08-04,ETH,-0.07473578631090383
2024-08-05,BTC,-0.07098647891315102
2024-08-05,ETH,-0.10020575290203382
2024-08-06,BTC,0.03783671505322772
2024-08-06,ETH,0.01717585219975959
2024-08-07,BTC,-0.017968550940289485
2024-08-07,ETH,-0.049673947786168404
2024-08-08,BTC,0.12144256099404904
2024-08-08,ETH,0.14840580649003665
2024-08-09,BTC,-0.013450358103773374
2024-08-09,ETH,-0.03121250061300085
2024-08-10,BTC,0.001079157301276501
2024-08-10,ETH,0.004009971491242048
2024-08-11,BTC,-0.036529632368097475
2024-08-11,ETH,-0.021751054706288353
2024-08-12,BTC,0.010814659848586317
2024-08-12,ETH,0.0670437834865365
2024-08-13,BTC,0.021144992390795814
2024-08-13,ETH,-0.007619940833063277
2024-08-14,BTC,-0.0308911115194338
2024-08-14,ETH,-0.015074713930707695
2024-08-15,BTC,-0.020041310813293967
2024-08-15,ETH,-0.03485922591835067
2024-08-16,BTC,0.023175912946963972
2024-08-16,ETH,0.008987583355268836
2024-08-17,BTC,0.00993082725079053
2024-08-17,ETH,0.008237105726658145
2024-08-18,BTC,-0.016728732324455264
2024-08-18,ETH,-0.00045503000041835495
2024-08-19,BTC,0.01726094125025579
2024-08-19,ETH,0.009164158253623267
2024-08-20,BTC,-0.008079210921579816
2024-08-20,ETH,-0.024342815448445854
2024-08-21,BTC,0.03664287570061453
2024-08-21,ETH,0.02265299333570292
2024-08-22,BTC,-0.012967304646127387
2024-08-22,ETH,-0.003208978571182075
2024-08-23,BTC,0.061482671821355916
2024-08-23,ETH,0.05394518732020126
2024-08-24,BTC,0.0013205019089592707
2024-08-24,ETH,0.0017879260896347393
2024-08-25,BTC,0.0024081210374646833
2024-08-25,ETH,-0.007305556877908126
2024-08-26,BTC,-0.022583597070127692
2024-08-26,ETH,-0.024668333251928187
2024-08-27,BTC,-0.05369739018896724
2024-08-27,ETH,-0.08302340092495786
2024-08-28,BTC,-0.00800797843742207
2024-08-28,ETH,0.02834351973360194
2024-08-29,BTC,0.006108236397788236
2024-08-29,ETH,0.00014918325787260933
2024-08-30,BTC,-0.004524521990973862
2024-08-30,ETH,-0.0011747515310726042
2024-08-31,BTC,-0.002530098940268344
2024-08-31,ETH,-0.004920466505769938
2024-09-01,BTC,-0.027885585694078285
2024-09-01,ETH,-0.034014349489517204
2024-09-02,BTC,0.031172733823612075
2024-09-02,ETH,0.04542394894641233
2024-09-03,BTC,-0.02844504270361159
2024-09-03,ETH,-0.04632577672207194
2024-09-04,BTC,0.00941156177702851
2024-09-04,ETH,0.011721576032903469
2024-09-05,BTC,-0.031240343288065575
2024-09-05,ETH,-0.03317283105091118
2024-09-06,BTC,-0.03938239218868078
2024-09-06,ETH,-0.06075888100671323
2024-09-07,BTC,0.003539165966313096
2024-09-07,ETH,0.022587006825558698
2024-09-08,BTC,0.012964221602682846
2024-09-08,ETH,0.010195557730363625
2024-09-09,BTC,0.039713831911113884
2024-09-09,ETH,0.026635352920471922
2024-09-10,BTC,0.011034389872275785
2024-09-10,ETH,0.013185970725884122
2024-09-11,BTC,-0.005300015516934153
2024-09-11,ETH,-0.020815155801287455
2024-09-12,BTC,0.013669279499548104
2024-09-12,ETH,0.009376782595058808
2024-09-13,BTC,0.04205082955798245
2024-09-13,ETH,0.03379882152498004
2024-09-14,BTC,-0.00934732588201681
2024-09-14,ETH,-0.009424724345186375
2024-09-15,BTC,-0.013703582981947293
2024-09-15,ETH,-0.04039471590968735
2024-09-16,BTC,-0.016733367188517922
2024-09-16,ETH,-0.011036044683605084
2024-09-17,BTC,0.0363626062794542
2024-09-17,ETH,0.020225853753695455
2024-09-18,BTC,0.02223798894564699
2024-09-18,ETH,0.011966155926492306
2024-09-19,BTC,0.020937291974474137
2024-09-19,ETH,0.04009875947956032
2024-09-20,BTC,0.004012038411551844
2024-09-20,ETH,0.039078907942797114
2024-09-21,BTC,0.003194394254405042
2024-09-21,ETH,0.021391493792606076
2024-09-22,BTC,0.004004601863112578
2024-09-22,ETH,-0.012613314361003103
2024-09-23,BTC,-0.005010473135318549
2024-09-23,ETH,0.025430636221980274
2024-09-24,BTC,0.01535087678718594
2024-09-24,ETH,0.0021931251720292977
2024-09-25,BTC,-0.018021597802944433
2024-09-25,ETH,-0.028242759218479185
2024-09-26,BTC,0.032273891570151925
2024-09-26,ETH,0.020474339471486358
2024-09-27,BTC,0.00935309904070647
2024-09-27,ETH,0.024200548885121798
2024-09-28,BTC,0.0014741358273548943
2024-09-28,ETH,-0.006810923232421495
2024-09-29,BTC,-0.003829909793174213
2024-09-29,ETH,-0.006794350426726936
2024-09-30,BTC,-0.035130555094979754
2024-09-30,ETH,-0.021164662339909768
2024-10-01,BTC,-0.039357521968434894
2024-10-01,ETH,-0.059215476810716816
2024-10-02,BTC,-0.0033568819965540397
2024-10-02,ETH,-0.03417400898294953
2024-10-03,BTC,0.0020882627636797935
2024-10-03,ETH,-0.006528083382423278
2024-10-04,BTC,0.021528753876634443
2024-10-04,ETH,0.027663174452933648
2024-10-05,BTC,0.0003620681473552878
2024-10-05,ETH,0.0003469822452661919
2024-10-06,BTC,0.011741093613744757
2024-10-06,ETH,0.010070213255379601
2024-10-07,BTC,-0.009269383518558882
2024-10-07,ETH,-0.0074432160600884645
2024-10-08,BTC,-0.001682150134457161
2024-10-08,ETH,0.007450745129958358
2024-10-09,BTC,-0.024944762232405493
2024-10-09,ETH,-0.029328705566008972
2024-10-10,BTC,-0.005077433013489285
2024-10-10,ETH,0.0065762664129611625
2024-10-11,BTC,0.036011743668549645
2024-10-11,ETH,0.022088362462288513
2024-10-12,BTC,0.011977460447594401
2024-10-12,ETH,0.016420909144015505
2024-10-13,BTC,-0.005406426515387475
2024-10-13,ETH,-0.00357202041554483
2024-10-14,BTC,0.050830232433260125
2024-10-14,ETH,0.06533387483978648
2024-10-15,BTC,0.015064992457922477
2024-10-15,ETH,-0.00870247272142377
2024-10-16,BTC,0.008526251733136592
2024-10-16,ETH,0.0019493612019787498
2024-10-17,BTC,-0.0031485616380424464
2024-10-17,ETH,-0.0026152226716711358
2024-10-18,BTC,0.015118035686984221
2024-10-18,ETH,0.014314475606500121
2024-10-19,BTC,-0.0008192879217548965
2024-10-19,ETH,0.002689606589697968
2024-10-20,BTC,0.009346740674458287
2024-10-20,ETH,0.03688927328017333
2024-10-21,BTC,-0.023678423698328066
2024-10-21,ETH,-0.029366775513825272
2024-10-22,BTC,-9.567341618454961e-05
2024-10-22,ETH,-0.01707410468059689
2024-10-23,BTC,-0.01379441121005398
2024-10-23,ETH,-0.04240086191916037
2024-10-24,BTC,0.02602442034118191
2024-10-24,ETH,0.010123020035770258
2024-10-25,BTC,-0.022280180844656217
2024-10-25,ETH,-0.03888913398757343
2024-10-26,BTC,0.00558625096700216
2024-10-26,ETH,0.017927081761059283
2024-10-27,BTC,0.01364777618155344
2024-10-27,ETH,0.01062161945285034
2024-10-28,BTC,0.029125296867722028
2024-10-28,ETH,0.02370665487957191
2024-10-29,BTC,0.04023493905417541
2024-10-29,ETH,0.02830390688093809
2024-10-30,BTC,-0.005238593875544262
2024-10-30,ETH,0.007359875554762585
2024-10-31,BTC,-0.029366396164960396
2024-10-31,ETH,-0.05327564692788833
2024-11-01,BTC,-0.010435331387529279
2024-11-01,ETH,-0.001555695771857435
2024-11-02,BTC,-0.0027804900426771084
2024-11-02,ETH,-0.00828735806127956
2024-11-03,BTC,-0.00791112711687536
2024-11-03,ETH,-0.013907007819047301
2024-11-04,BTC,-0.013523338185854272
2024-11-04,ETH,-0.024181043059307794
2024-11-05,BTC,0.02282879023690776
2024-11-05,ETH,0.010690023242502233
2024-11-06,BTC,0.09053568676993895
2024-11-06,ETH,0.12445812465100636
2024-11-07,BTC,0.003513808689745934
2024-11-07,ETH,0.06292423408548897
2024-11-08,BTC,0.008439738809541852
2024-11-08,ETH,0.023038926949513483
2024-11-09,BTC,0.0030490452928257916
2024-11-09,ETH,0.05699898471735465
2024-11-10,BTC,0.048129393514959595
2024-11-10,ETH,0.01922197042565066
2024-11-11,BTC,0.10223522760015435
2024-11-11,ETH,0.05749377681988088
2024-11-12,BTC,-0.008406532091926988
2024-11-12,ETH,-0.0380926778784183
2024-11-13,BTC,0.029882636380625716
2024-11-13,ETH,-0.016530228997185037
2024-11-14,BTC,-0.03680261786927608
2024-11-14,ETH,-0.041861613246530704
2024-11-15,BTC,0.04373133907381366
2024-11-15,ETH,0.014414035918883572
2024-11-16,BTC,-0.005573223886622736
2024-11-16,ETH,0.00974315294018413
2024-11-17,BTC,-0.007869224693816235
2024-11-17,ETH,-0.01838725437104416
2024-11-18,BTC,0.007755383808848215
2024-11-18,ETH,0.04298093890177013
2024-11-19,BTC,0.019892819836786257
2024-11-19,ETH,-0.030073793436219964
2024-11-20,BTC,0.02161166598491282
2024-11-20,ETH,-0.012597623598885388
2024-11-21,BTC,0.044151545428309014
2024-11-21,ETH,0.09402613638837987
2024-11-22,BTC,0.005004201495724558
2024-11-22,ETH,-0.008763062239896535
2024-11-23,BTC,-0.012327389984975179
2024-11-23,ETH,0.019396849109391878
2024-11-24,BTC,0.002419161787646784
2024-11-24,ETH,-0.009588143309746888
2024-11-25,BTC,-0.05011051933125821
2024-11-25,ETH,0.01483028442427825
2024-11-26,BTC,-0.011997304040733403
2024-11-26,ETH,-0.0254945044570557
2024-11-27,BTC,0.04323745271515378
2024-11-27,ETH,0.09942287996365606
2024-11-28,BTC,-0.0032310787967048116
2024-11-28,ETH,-0.021173767078749073
2024-11-29,BTC,0.018912786163713058
2024-11-29,ETH,0.003822229533186672
2024-11-30,BTC,-0.010388394458550332
2024-11-30,ETH,0.03122613408711894
2024-12-01,BTC,0.008613193542348574
2024-12-01,ETH,0.0014733272945559595
2024-12-02,BTC,-0.01454037255458307
2024-12-02,ETH,-0.018044617264257212
2024-12-03,BTC,0.0014276215513644441
2024-12-03,ETH,-0.0064449882448404106
2024-12-04,BTC,0.02881567529768403
2024-12-04,ETH,0.06093260244895049
2024-12-05,BTC,-0.022020788503929523
2024-12-05,ETH,-0.007893814272854183
2024-12-06,BTC,0.03444474217316973
2024-12-06,ETH,0.051115670898385535
2024-12-07,BTC,2.627082989481444e-05
2024-12-07,ETH,-0.0007783493216640958
2024-12-08,BTC,0.013136868131795154
2024-12-08,ETH,0.0007524841828581152
2024-12-09,BTC,-0.03756861480096407
2024-12-09,ETH,-0.07165135464156769
2024-12-10,BTC,-0.007772430783165474
2024-12-10,ETH,-0.02335679484361486
2024-12-11,BTC,0.04652269534294651
2024-12-11,ETH,0.055340716460503314
2024-12-12,BTC,-0.011169293200355757
2024-12-12,ETH,0.013118151777930187
2024-12-13,BTC,0.014156490833941326
2024-12-13,ETH,0.007237451638409276
2024-12-14,BTC,-0.0008504799301751742
2024-12-14,ETH,-0.010942930708463194
2024-12-15,BTC,0.02886101293644905
2024-12-15,ETH,0.02159439944037822
2024-12-16,BTC,0.016596788984881483
2024-12-16,ETH,0.00899299697642908
2024-12-17,BTC,0.001045771070669721
2024-12-17,ETH,-0.02525776168846805
2024-12-18,BTC,-0.057462106019896764
2024-12-18,ETH,-0.06894545380539963
2024-12-19,BTC,-0.025495268879325628
2024-12-19,ETH,-0.05550562793804503
2024-12-20,BTC,0.002717960528709318
2024-12-20,ETH,0.015982047785855658
2024-12-21,BTC,-0.005433973434635808
2024-12-21,ETH,-0.038971625917780583
2024-12-22,BTC,-0.021802983021374844
2024-12-22,ETH,-0.01788530954448675
2024-12-23,BTC,-0.004402456102765462
2024-12-23,ETH,0.042181162840310815
2024-12-24,BTC,0.04213760595334648
2024-12-24,ETH,0.022327047913535125
2024-12-25,BTC,0.0063146152104343045
2024-12-25,ETH,0.00033949884489303805
2024-12-26,BTC,-0.03528406928650052
2024-12-26,ETH,-0.04637807223950974
2024-12-27,BTC,-0.017022260795415023
2024-12-27,ETH,-0.000693089573747363
2024-12-28,BTC,0.010609799867287384
2024-12-28,ETH,0.02072306150150305
2024-12-29,BTC,-0.017167251608511402
2024-12-29,ETH,-0.014240820106154684
2024-12-30,BTC,-0.00948373223930199
2024-12-30,ETH,0.0020537760301735375
2024-12-31,BTC,0.008484077565384274
2024-12-31,ETH,-0.0071090729967826505
2025-01-01,BTC,0.010602195613021781
2025-01-01,ETH,0.006293237021109732
2025-01-02,BTC,0.026129247147606893
2025-01-02,ETH,0.029189893122086197
2025-01-03,BTC,0.012597729955682757
2025-01-03,ETH,0.04450875524089293
2025-01-04,BTC,0.0013128146911018934
2025-01-04,ETH,0.014617719482165947
2025-01-05,BTC,0.0008014800420892421
2025-01-05,ETH,-0.006452957745802013
2025-01-06,BTC,0.03827621924594227
2025-01-06,ETH,0.01499890260780301
2025-01-07,BTC,-0.05050430525956884
2025-01-07,ETH,-0.08323835401301194
2025-01-08,BTC,-0.019388436629511285
2025-01-08,ETH,-0.016337951334858714
2025-01-09,BTC,-0.026929603222076492
2025-01-09,ETH,-0.03213713091240178
2025-01-10,BTC,0.023976181025154863
2025-01-10,ETH,0.014927896012281394
2025-01-11,BTC,-0.001424047578467369
2025-01-11,ETH,0.004507369034684849
2025-01-12,BTC,-0.0008264678561502592
2025-01-12,ETH,-0.004955978757455792
2025-01-13,BTC,0.00029724205673309356
2025-01-13,ETH,-0.03994285558798849
2025-01-14,BTC,0.021345722040169157
2025-01-14,ETH,0.028124644018336253
2025-01-15,BTC,0.041129999632577796
2025-01-15,ETH,0.07037072715887938
2025-01-16,BTC,-0.0074383335632930425
2025-01-16,ETH,-0.041208762051769265
2025-01-17,BTC,0.04716598568833419
2025-01-17,ETH,0.05010419171097702
2025-01-18,BTC,-0.000516635042589142
2025-01-18,ETH,-0.0484491750950794
2025-01-19,BTC,-0.03178356737719257
2025-01-19,ETH,-0.02928958236001966
2025-01-20,BTC,0.009170622908047932
2025-01-20,ETH,0.02152440391061483
2025-01-21,BTC,0.040479676535688514
2025-01-21,ETH,0.015061109347230373
2025-01-22,BTC,-0.023488299826845638
2025-01-22,ETH,-0.026201080984625813
2025-01-23,BTC,0.002962783076025932
2025-01-23,ETH,0.029161404946970837
2025-01-24,BTC,0.008265785680243276
2025-01-24,ETH,-0.007544628669076459
2025-01-25,BTC,-0.0010001569662844156
2025-01-25,ETH,0.0023310081774501334
2025-01-26,BTC,-0.019406534499448846
2025-01-26,ETH,-0.02445844485711024
2025-01-27,BTC,-0.005792734886665207
2025-01-27,ETH,-0.017679695057172262
2025-01-28,BTC,-0.007397669160641884
2025-01-28,ETH,-0.0320259233300908
2025-01-29,BTC,0.023395602825692086
2025-01-29,ETH,0.011662386097330613
2025-01-30,BTC,0.009952379879751394
2025-01-30,ETH,0.0432961927853559
2025-01-31,BTC,-0.022249243050878498
2025-01-31,ETH,0.015544497153892722
2025-02-01,BTC,-0.017080384621634526
2025-02-01,ETH,-0.05455489961504678
2025-02-02,BTC,-0.02947596219670423
2025-02-02,ETH,-0.08005434100956466
2025-02-03,BTC,0.03804365081173988
2025-02-03,ETH,0.005533453740142802
2025-02-04,BTC,-0.034846278405663456
2025-02-04,ETH,-0.05183287439003281
2025-02-05,BTC,-0.012836943218062724
2025-02-05,ETH,0.01927853557646908
2025-02-06,BTC,-0.00022924323774897726
2025-02-06,ETH,-0.035647794157377954
2025-02-07,BTC,-0.0006647556256734743
2025-02-07,ETH,-0.024620471517087794
2025-02-08,BTC,-0.00048309597099249757
2025-02-08,ETH,0.0038506311160004802
2025-02-09,BTC,0.00018283765004545316
2025-02-09,ETH,-0.0013627424019899692
2025-02-10,BTC,0.009714611676219231
2025-02-10,ETH,0.0123427150611084
2025-02-11,BTC,-0.017345724709743937
2025-02-11,ETH,-0.02193953673434812
2025-02-12,BTC,0.02233406885677658
2025-02-12,ETH,0.051529524214203315
2025-02-13,BTC,-0.012892487184132717
2025-02-13,ETH,-0.022287794557012575
2025-02-14,BTC,0.009160278803397981
2025-02-14,ETH,0.018755901306300338
2025-02-15,BTC,0.0007320640697474623
2025-02-15,ETH,-0.011933472391497446
2025-02-16,BTC,-0.014401672980240199
2025-02-16,ETH,-0.011228225310643603
2025-02-17,BTC,-0.004176223623530095
2025-02-17,ETH,0.029994109419593684
2025-02-18,BTC,-0.0024415545387781457
2025-02-18,ETH,-0.026925068435387
2025-02-19,BTC,0.011472343504350446
2025-02-19,ETH,0.017394617624989728
2025-02-20,BTC,0.017574558032842136
2025-02-20,ETH,0.009063900656951951
2025-02-21,BTC,-0.02245807176184722
2025-02-21,ETH,-0.029459697666460616
2025-02-22,BTC,0.0047043783073406065
2025-02-22,ETH,0.039243345090012705
2025-02-23,BTC,-0.0031460239332733453
2025-02-23,ETH,0.020723733255699095
2025-02-24,BTC,-0.05043681513571874
2025-02-24,ETH,-0.10898801644535905
2025-02-25,BTC,-0.029337712021491935
2025-02-25,ETH,-0.008047015853369976
2025-02-26,BTC,-0.04946290046952739
2025-02-26,ETH,-0.06502260921668868
2025-02-27,BTC,0.004234922709094535
2025-02-27,ETH,-0.01113823258073876
2025-02-28,BTC,-0.003910297790814532
2025-02-28,ETH,-0.029312322518993406
2025-03-01,BTC,0.019661575342751147
2025-03-01,ETH,-0.009500832382402846
2025-03-02,BTC,0.09550452979612856
2025-03-02,ETH,0.13671629895947635
2025-03-03,BTC,-0.08682040111941614
2025-03-03,ETH,-0.14847855308604507
2025-03-04,BTC,0.013437685575495406
2025-03-04,ETH,0.011391432967872817
2025-03-05,BTC,0.03899657851208138
2025-03-05,ETH,0.03316205356610458
2025-03-06,BTC,-0.007303133084179958
2025-03-06,ETH,-0.017618594251921915
2025-03-07,BTC,-0.0357824911826653
2025-03-07,ETH,-0.02882630029114286
2025-03-08,BTC,-0.006779571257010009
2025-03-08,ETH,0.029230046295678047
2025-03-09,BTC,-0.0644603432710168
2025-03-09,ETH,-0.08448795471326165
2025-03-10,BTC,-0.02567012890361897
2025-03-10,ETH,-0.07658500963990722
2025-03-11,BTC,0.05513944554449135
2025-03-11,ETH,0.031536179458804936
2025-03-12,BTC,0.010380466895202334
2025-03-12,ETH,-0.005657907202539225
2025-03-13,BTC,-0.0317197970748182
2025-03-13,ETH,-0.024103446480985946
2025-03-14,BTC,0.03580259620308812
2025-03-14,ETH,0.024959035666801466
2025-03-15,BTC,0.004454112352525463
2025-03-15,ETH,0.01462560823630299
2025-03-16,BTC,-0.020907717157540473
2025-03-16,ETH,-0.025786999381329778
2025-03-17,BTC,0.018115835083536647
2025-03-17,ETH,0.020963831795744126
2025-03-18,BTC,-0.016142449028442418
2025-03-18,ETH,0.002875204421535882
2025-03-19,BTC,0.049997601050550955
2025-03-19,ETH,0.06478796942480636
2025-03-20,BTC,-0.030937253791171848
2025-03-20,ETH,-0.03676306928602102
2025-03-21,BTC,-0.0014727011460912154
2025-03-21,ETH,-0.008704061657306195
2025-03-22,BTC,-0.0025077306278807887
2025-03-22,ETH,0.007731036303297412
2025-03-23,BTC,0.026503933905394295
2025-03-23,ETH,0.012758015026691494
2025-03-24,BTC,0.016786352378946434
2025-03-24,ETH,0.035994533770415726
2025-03-25,BTC,-0.0003109860024155253
2025-03-25,ETH,-0.004676265671871183
2025-03-26,BTC,-0.00652577110204744
2025-03-26,ETH,-0.028327615997143618
2025-03-27,BTC,0.003178549412391707
2025-03-27,ETH,-0.003400331205273277
2025-03-28,BTC,-0.032393289916566204
2025-03-28,ETH,-0.05336434495667708
2025-03-29,BTC,-0.020812056603918605
2025-03-29,ETH,-0.03597072635426679
2025-03-30,BTC,-0.0031848691098436133
2025-03-30,ETH,-0.01154788485957492
2025-03-31,BTC,0.0026038970780313253
2025-03-31,ETH,0.009556624138489678
2025-04-01,BTC,0.0317418810684309
2025-04-01,ETH,0.044975253629213396
2025-04-02,BTC,-0.031507420800550134
2025-04-02,ETH,-0.05782142048584138
2025-04-03,BTC,0.007481504135517403
2025-04-03,ETH,0.011320573057860273
2025-04-04,BTC,0.008916382019940938
2025-04-04,ETH,-0.00016633386447217902
2025-04-05,BTC,-0.004043325726492686
2025-04-05,ETH,-0.0051571403729591125
2025-04-06,BTC,-0.06335339642726368
2025-04-06,ETH,-0.12693722742042624
2025-04-07,BTC,0.013051950296130821
2025-04-07,ETH,-0.013627626435405826
2025-04-08,BTC,-0.03739976334343409
2025-04-08,ETH,-0.05316723773116572
2025-04-09,BTC,0.0826253916648998
2025-04-09,ETH,0.1327537447707503
2025-04-10,BTC,-0.0356990599146636
2025-04-10,ETH,-0.08724085563087758
2025-04-11,BTC,0.04745546227457886
2025-04-11,ETH,0.02931391157840868
2025-04-12,BTC,0.022567917271733462
2025-04-12,ETH,0.04873738626716384
2025-04-13,BTC,-0.01878516957885823
2025-04-13,ETH,-0.028501344272703122
2025-04-14,BTC,0.010245734631468162
2025-04-14,ETH,0.016336405441875312
2025-04-15,BTC,-0.01033089354397465
2025-04-15,ETH,-0.021036532181973544
2025-04-16,BTC,0.004360934564412222
2025-04-16,ETH,-0.00662651680945181
2025-04-17,BTC,0.01025637449930672
2025-04-17,ETH,0.002815397066748826
2025-04-18,BTC,-0.005241078764249063
2025-04-18,ETH,0.004029161456178265
2025-04-19,BTC,0.007254038339443714
2025-04-19,ETH,0.015103402450633574
2025-04-20,BTC,0.0013036230231544543
2025-04-20,ETH,-0.01575312130479345
2025-04-21,BTC,0.027527099529631727
2025-04-21,ETH,-0.004900607977736393
2025-04-22,BTC,0.06767662701452015
2025-04-22,ETH,0.11242216226721125
2025-04-23,BTC,0.0027527134594511615
2025-04-23,ETH,0.022063326905880754
2025-04-24,BTC,0.0026114175645013393
2025-04-24,ETH,-0.014627537926254486
2025-04-25,BTC,0.008267742531563593
2025-04-25,ETH,0.009494042160750782
2025-04-26,BTC,-0.0007767095032226168
2025-04-26,ETH,0.019727919508667258
2025-04-27,BTC,-0.00942540809771053
2025-04-27,ETH,-0.015926458222360718
2025-04-28,BTC,0.013054325526514532
2025-04-28,ETH,0.0033392455309573243
2025-04-29,BTC,-0.007306486319308303
2025-04-29,ETH,0.00018003291759050022
2025-04-30,BTC,-0.0008217291810309613
2025-04-30,ETH,-0.0030015237962643937
2025-05-01,BTC,0.02425526614507767
2025-05-01,ETH,0.025335483600515296
2025-05-02,BTC,0.0043291974532626565
2025-05-02,ETH,0.0018955454880142941
2025-05-03,BTC,-0.010507405827035687
2025-05-03,ETH,-0.004812571830357215
2025-05-04,BTC,-0.016433317174712747
2025-05-04,ETH,-0.013766461212495806
2025-05-05,BTC,0.0045811763897039
2025-05-05,ETH,0.006139172208646793
2025-05-06,BTC,0.02168299794413664
2025-05-06,ETH,-0.0025333800408158247
2025-05-07,BTC,0.0023743581586117557
2025-05-07,ETH,-0.0019177229274721652
2025-05-08,BTC,0.06399043746457878
2025-05-08,ETH,0.2179876908621854
2025-05-09,BTC,-0.002621130818400763
2025-05-09,ETH,0.0629919569669184
2025-05-10,BTC,0.016756941758927724
2025-05-10,ETH,0.10100811912068441
2025-05-11,BTC,-0.005635047193781384
2025-05-11,ETH,-0.027952363120453683
2025-05-12,BTC,-0.01242389281274392
2025-05-12,ETH,-0.005513456904119418
2025-05-13,BTC,0.013197358248725033
2025-05-13,ETH,0.0735988233044782
2025-05-14,BTC,-0.006051642240404331
2025-05-14,ETH,-0.02614291683469505
2025-05-15,BTC,0.00198211052629782
2025-05-15,ETH,-0.02421638604114429
2025-05-16,BTC,-0.0024613470244020386
2025-05-16,ETH,-0.004146022508211833
2025-05-17,BTC,-0.0028814878109744146
2025-05-17,ETH,-0.023870705359441913
2025-05-18,BTC,0.03154266519659865
2025-05-18,ETH,0.009079756900171487
2025-05-19,BTC,-0.007889709931436006
2025-05-19,ETH,0.01238199059589462
2025-05-20,BTC,0.011220046530480143
2025-05-20,ETH,-0.001974425904344268
2025-05-21,BTC,0.027034018449719976
2025-05-21,ETH,0.011161703733228778
2025-05-22,BTC,0.018191448638679386
2025-05-22,ETH,0.04380666386466037
2025-05-23,BTC,-0.03927066820202352
2025-05-23,ETH,-0.051691806751355096
2025-05-24,BTC,0.004691674073487251
2025-05-24,ETH,0.001664137106111907
2025-05-25,BTC,0.011543009819045436
2025-05-25,ETH,0.008344775909608915
2025-05-26,BTC,0.003714175371671846
2025-05-26,ETH,0.004849395212889407
2025-05-27,BTC,-0.004072780217708405
2025-05-27,ETH,0.03858270497969518
2025-05-28,BTC,-0.010939184653144474
2025-05-28,ETH,0.007188345657390238
2025-05-29,BTC,-0.020041963379443528
2025-05-29,ETH,-0.01847657419064974
2025-05-30,BTC,-0.015554336978341854
2025-05-30,ETH,-0.039014299261621144
2025-05-31,BTC,0.006149348357177731
2025-05-31,ETH,-0.00033842697943353706
2025-06-01,BTC,0.009690618169351017
2025-06-01,ETH,0.002838555548326349
2025-06-02,BTC,0.0021715582000447764
2025-06-02,ETH,0.027927293393387842
2025-06-03,BTC,-0.004241178746647534
2025-06-03,ETH,-0.005299816803046031
2025-06-04,BTC,-0.0066439151364365845
2025-06-04,ETH,0.005924077364914293
2025-06-05,BTC,-0.030134359325224014
2025-06-05,ETH,-0.07373849813037003
2025-06-06,BTC,0.027707252931573167
2025-06-06,ETH,0.02520777285804554
2025-06-07,BTC,0.011737496074678777
2025-06-07,ETH,0.019905800865118284
2025-06-08,BTC,0.0016855786016509722
2025-06-08,ETH,-0.006221345063654238
2025-06-09,BTC,0.04253991795791734
2025-06-09,ETH,0.06799858890117094
2025-06-10,BTC,-0.0003342625487465778
2025-06-10,ETH,0.049226047740363876
2025-06-11,BTC,-0.014244955298426398
2025-06-11,ETH,-0.01421291324458307
2025-06-12,BTC,-0.025371753999169577
2025-06-12,ETH,-0.04389141697422694
2025-06-13,BTC,0.0015285141831733462
2025-06-13,ETH,-0.02726797414745119
2025-06-14,BTC,-0.0058304915798971235
2025-06-14,ETH,-0.017849288846087386
2025-06-15,BTC,0.0007548627203146641
2025-06-15,ETH,0.005286505610925474
2025-06-16,BTC,0.011792615001237072
2025-06-16,ETH,-0.0024470263889081467
2025-06-17,BTC,-0.020559056941174436
2025-06-17,ETH,-0.011746613932036243
2025-06-18,BTC,0.0026979724986506692
2025-06-18,ETH,0.005392801825034654
2025-06-19,BTC,-0.0018977187896134229
2025-06-19,ETH,-0.0010489829382142046
2025-06-20,BTC,-0.013131746055793259
2025-06-20,ETH,-0.04534697662134013
2025-06-21,BTC,-0.010184874363913243
2025-06-21,ETH,-0.04436854876282892
2025-06-22,BTC,-0.012422235919953284
2025-06-22,ETH,-0.031420390689421374
2025-06-23,BTC,0.04545759771084712
2025-06-23,ETH,0.0868910668308287
2025-06-24,BTC,0.004431419225533917
2025-06-24,ETH,0.01081161455453472
2025-06-25,BTC,0.012406215749838134
2025-06-25,ETH,-0.011723195789307361
2025-06-26,BTC,-0.003737454466123835
2025-06-26,ETH,-0.0013076347482894324
2025-06-27,BTC,0.0012007263229245613
2025-06-27,ETH,0.0031952591093227234
2025-06-28,BTC,0.002234353778444831
2025-06-28,ETH,0.00546334924732772
2025-06-29,BTC,0.009856422495764683
2025-06-29,ETH,0.02619931078698512
2025-06-30,BTC,-0.011535062936840146
2025-06-30,ETH,-0.005796016607685361
2025-07-01,BTC,-0.013413452013053329
2025-07-01,ETH,-0.032444314225516746
2025-07-02,BTC,0.02990624847553991
2025-07-02,ETH,0.06881005288444131
2025-07-03,BTC,0.007244728772290987
2025-07-03,ETH,0.007650450666005781
2025-07-04,BTC,-0.014716556343200904
2025-07-04,ETH,-0.03183665785149692
2025-07-05,BTC,0.0018220480395592098
2025-07-05,ETH,0.003492786444157847
2025-07-06,BTC,0.009247710575546852
2025-07-06,ETH,0.021434461935417204
2025-07-07,BTC,-0.008534295352390808
2025-07-07,ETH,-0.010976581842489175
2025-07-08,BTC,0.006005750382996888
2025-07-08,ETH,0.028506606355380493
2025-07-09,BTC,0.021810695604753683
2025-07-09,ETH,0.05936584999764771
2025-07-10,BTC,0.041864660687494615
2025-07-10,ETH,0.06643175827521208
2025-07-11,BTC,0.013189291760499877
2025-07-11,ETH,0.0010291624108509367
2025-07-12,BTC,-0.0006957770402219454
2025-07-12,ETH,-0.005062604917237423
2025-07-13,BTC,0.014313342548076147
2025-07-13,ETH,0.010345966697322684
2025-07-14,BTC,0.006158578325259345
2025-07-14,ETH,0.013450089573111779
2025-07-15,BTC,-0.01729262210051885
2025-07-15,ETH,0.04199272686615596
2025-07-16,BTC,0.00816219450392297
2025-07-16,ETH,0.07376602792880305
2025-07-17,BTC,0.004643278306736054
2025-07-17,ETH,0.03122567831346279
2025-07-18,BTC,-0.01078563897020779
2025-07-18,ETH,0.020775499653849394
2025-07-19,BTC,-0.0005360022928398989
2025-07-19,ETH,0.013033843623181607
2025-07-20,BTC,-0.00541960002562214
2025-07-20,ETH,0.04567044638207407
2025-07-21,BTC,0.0011828564931994912
2025-07-21,ETH,0.0010373538968471152
2025-07-22,BTC,0.02176332622218302
2025-07-22,ETH,-0.0037800761075303946
2025-07-23,BTC,-0.010337504434577038
2025-07-23,ETH,-0.03185843128317001
2025-07-24,BTC,-0.0032584822936673197
2025-07-24,ETH,0.021572560819185016
2025-07-25,BTC,-0.006185093838706357
2025-07-25,ETH,0.005194498732584263
2025-07-26,BTC,0.002647868724685587
2025-07-26,ETH,0.0037907536475187964
2025-07-27,BTC,0.012727075099638885
2025-07-27,ETH,0.03577557309550983
2025-07-28,BTC,-0.012758768211219684
2025-07-28,ETH,-0.022661990384936437
2025-07-29,BTC,-1.9742508661990676e-05
2025-07-29,ETH,0.0015918602984175134
2025-07-30,BTC,-0.0007713643170961237
2025-07-30,ETH,0.0038874395023140718
2025-07-31,BTC,-0.017592832754910526
2025-07-31,ETH,-0.029277308933214563
2025-08-01,BTC,-0.021062154747402473
2025-08-01,ETH,-0.05635874139752328
2025-08-02,BTC,-0.006999393518263508
2025-08-02,ETH,-0.027412478154400954
2025-08-03,BTC,0.015025363723748075
2025-08-03,ETH,0.030841709681774132
2025-08-04,BTC,0.007478798363486527
2025-08-04,ETH,0.06336371438852972
2025-08-05,BTC,-0.008085706753543476
2025-08-05,ETH,-0.028794587423448093
2025-08-06,BTC,0.007767158415357134
2025-08-06,ETH,0.01993999056395901
2025-08-07,BTC,0.021463456180234486
2025-08-07,ETH,0.06254349511267532
2025-08-08,BTC,-0.0068782400705657
2025-08-08,ETH,0.02440342244929994
2025-08-09,BTC,-0.0016142706587778388
2025-08-09,ETH,0.06328174749903215
2025-08-10,BTC,0.02408918266480664
2025-08-10,ETH,-0.0022003353011864624
2025-08-11,BTC,-0.004822128356753663
2025-08-11,ETH,-0.006405637420032861
2025-08-12,BTC,0.012140515376580119
2025-08-12,ETH,0.08610382463415012
2025-08-13,BTC,0.026388279596092357
2025-08-13,ETH,0.036016942392504525
2025-08-14,BTC,-0.040411222672351976
2025-08-14,ETH,-0.04375468965602913
2025-08-15,BTC,-0.008121240187970669
2025-08-15,ETH,-0.023784910750758614
2025-08-16,BTC,0.0007921746665282559
2025-08-16,ETH,-0.0031100515039045318
2025-08-17,BTC,-0.00032588834829794244
2025-08-17,ETH,0.010639266076744924
2025-08-18,BTC,-0.01022323279139703
2025-08-18,ETH,-0.03593937951766457
2025-08-19,BTC,-0.029428514056440758
2025-08-19,ETH,-0.055429681352263005
2025-08-20,BTC,0.012794003430595335
2025-08-20,ETH,0.06408215951312646
2025-08-21,BTC,-0.01623902974513114
2025-08-21,ETH,-0.025675513855549226
2025-08-22,BTC,0.03962900798880531
2025-08-22,ETH,0.14399915644733907
2025-08-23,BTC,-0.012832252765613172
2025-08-23,ETH,-0.011437448418844975
2025-08-24,BTC,-0.016605933647771742
2025-08-24,ETH,0.0007447783980119027
2025-08-25,BTC,-0.029385900493979156
2025-08-25,ETH,-0.08508151935728459
2025-08-26,BTC,0.015240086898922645
2025-08-26,ETH,0.05200997021062914
2025-08-27,BTC,-0.005193022862549412
2025-08-27,ETH,-0.021092323933093016
2025-08-28,BTC,0.01189280397942638
2025-08-28,ETH,0.0008404036496352241
2025-08-29,BTC,-0.036731759955323295
2025-08-29,ETH,-0.032620169651272346
2025-08-30,BTC,0.003664157476186425
2025-08-30,ETH,0.0032110086092389523
2025-08-31,BTC,-0.00525107534173741
2025-08-31,ETH,0.0036271528440883216
2025-09-01,BTC,0.009367272930950854
2025-09-01,ETH,-0.017209225605980594
2025-09-02,BTC,0.017848801737061493
2025-09-02,ETH,0.002525340834435452
2025-09-03,BTC,0.004699840343410866
2025-09-03,ETH,0.028904708992612438
2025-09-04,BTC,-0.008947195185422974
2025-09-04,ETH,-0.03407455260068215
2025-09-05,BTC,-0.0006558419928113235
2025-09-05,ETH,0.00191791570666755
2025-09-06,BTC,-0.0038525555367432407
2025-09-06,ETH,-0.007603126867408605
2025-09-07,BTC,0.008554542812086785
2025-09-07,ETH,0.007277423081211376
2025-09-08,BTC,0.008130177859939192
2025-09-08,ETH,0.0006328430576436617
2025-09-09,BTC,-0.004826232823193166
2025-09-09,ETH,0.00022498189944109015
2025-09-10,BTC,0.02174124101370767
2025-09-10,ETH,0.009307056372314992
2025-09-11,BTC,0.013620945043858246
2025-09-11,ETH,0.025772278613875654
2025-09-12,BTC,0.005142859655061782
2025-09-12,ETH,0.05693777317310178
2025-09-13,BTC,-0.0013011908618274504
2025-09-13,ETH,-0.009981749693273922
2025-09-14,BTC,-0.004681752350561785
2025-09-14,ETH,-0.012549223717087221
2025-09-15,BTC,0.0003224981011604733
2025-09-15,ETH,-0.0179576071325368
2025-09-16,BTC,0.012112382641498831
2025-09-16,ETH,-0.005137349788500112
2025-09-17,BTC,-0.0032066883445814875
2025-09-17,ETH,0.019799637873646025
2025-09-18,BTC,0.005741425944741474
2025-09-18,ETH,-0.0006128056825500661
2025-09-19,BTC,-0.012364506846338497
2025-09-19,ETH,-0.025926809284188335
2025-09-20,BTC,0.0002861257573012477
2025-09-20,ETH,0.002538323308692858
2025-09-21,BTC,-0.003593675600818802
2025-09-21,ETH,-0.006901983511407805
2025-09-22,BTC,-0.02218083931492132
2025-09-22,ETH,-0.055815163176552995
2025-09-23,BTC,-0.00651013327573835
2025-09-23,ETH,-0.008892368544476281
2025-09-24,BTC,0.011731809832655538
2025-09-24,ETH,-0.0028891265593804505
2025-09-25,BTC,-0.03776048156409062
2025-09-25,ETH,-0.0686499014554498
2025-09-26,BTC,0.0060847628462732395
2025-09-26,ETH,0.043314242191835106
2025-09-27,BTC,-0.0002814877077529365
2025-09-27,ETH,-0.004269131498844225
2025-09-28,BTC,0.02225248016477188
2025-09-28,ETH,0.03056203169493088
2025-09-29,BTC,0.02031473906432546
2025-09-29,ETH,0.018318402441761972
2025-09-30,BTC,-0.003009577997342028
2025-09-30,ETH,-0.016926367551390986
2025-10-01,BTC,0.04026829179914837
2025-10-01,ETH,0.04948308905476795
2025-10-02,BTC,0.017128920845327356
2025-10-02,ETH,0.03144288491246505
2025-10-03,BTC,0.013136036748664148
2025-10-03,ETH,0.006004285806920251
2025-10-04,BTC,0.001299606980548873
2025-10-04,ETH,-0.005686395488865736
2025-10-05,BTC,0.008887425412982486
2025-10-05,ETH,0.005841932173111797
2025-10-06,BTC,0.010031736794915869
2025-10-06,ETH,0.0381688799649984
2025-10-07,BTC,-0.026461574802715715
2025-10-07,ETH,-0.05047593076900958
2025-10-08,BTC,0.01567280940669602
2025-10-08,ETH,0.017185685016793073
2025-10-09,BTC,-0.013370216251727518
2025-10-09,ETH,-0.03500810935589638
2025-10-10,BTC,-0.06976852117831744
2025-10-10,ETH,-0.12042057191289324
2025-10-11,BTC,-0.02125599811033263
2025-10-11,ETH,-0.02404293663335999
2025-10-12,BTC,0.03936437283871608
2025-10-12,ETH,0.11033298280456205
2025-10-13,BTC,0.000879679657679322
2025-10-13,ETH,0.01946006611990403
2025-10-14,BTC,-0.01867262888064536
2025-10-14,ETH,-0.028278547964407763
2025-10-15,BTC,-0.02064646024028005
2025-10-15,ETH,-0.03343972264134598
2025-10-16,BTC,-0.023443318504017374
2025-10-16,ETH,-0.023249158708877005
2025-10-17,BTC,-0.01588236351834038
2025-10-17,ETH,-0.015969057439913503
2025-10-18,BTC,0.006861009972426446
2025-10-18,ETH,0.015078008181977465
2025-10-19,BTC,0.013698405510000455
2025-10-19,ETH,0.024240379173758653
2025-10-20,BTC,0.01768912239467313
2025-10-20,ETH,-0.0009760969295927735
2025-10-21,BTC,-0.019098105646452646
2025-10-21,ETH,-0.02612468149719649
2025-10-22,BTC,-0.007267028792566799
2025-10-22,ETH,-0.017705963754152787
2025-10-23,BTC,0.022111355667553845
2025-10-23,ETH,0.01257944172448533
2025-10-24,BTC,0.008759859251149305
2025-10-24,ETH,0.0203683813713873
2025-10-25,BTC,0.005474045023684315
2025-10-25,ETH,0.004804483597282472
2025-10-26,BTC,0.025355383127430242
2025-10-26,ETH,0.051731330083082616
2025-10-27,BTC,-0.0030847352525406047
2025-10-27,ETH,-0.009107091228975794
2025-10-28,BTC,-0.01019252462848308
2025-10-28,ETH,-0.03346008122768285
2025-10-29,BTC,-0.025681284408657135
2025-10-29,ETH,-0.01981522433432381
2025-10-30,BTC,-0.015898895718551742
2025-10-30,ETH,-0.025357117972616416
2025-10-31,BTC,0.011547120379193476
2025-10-31,ETH,0.01122525392067275
2025-11-01,BTC,0.004635536182247879
2025-11-01,ETH,0.007046295825625215
2025-11-02,BTC,0.005229768982454308
2025-11-02,ETH,0.009518186585722344
2025-11-03,BTC,-0.03698585893164408
2025-11-03,ETH,-0.0789440386423853
2025-11-04,BTC,-0.046523840630681046
2025-11-04,ETH,-0.08598199640611282
2025-11-05,BTC,0.02265282648549194
2025-11-05,ETH,0.040271429297028094
2025-11-06,BTC,-0.02493503798083263
2025-11-06,ETH,-0.03296574838976807
2025-11-07,BTC,0.020445121741957006
2025-11-07,ETH,0.037147836870148554
2025-11-08,BTC,-0.010547196317199026
2025-11-08,ETH,-0.01016651774327515
2025-11-09,BTC,0.02383137448193029
2025-11-09,ETH,0.053595650182295396
2025-11-10,BTC,0.012194017448672767
2025-11-10,ETH,-0.003952797579624412
2025-11-11,BTC,-0.028294541304540788
2025-11-11,ETH,-0.04292544572498369
2025-11-12,BTC,-0.012954505253314763
2025-11-12,ETH,-0.0006406464052173266
2025-11-13,BTC,-0.01933536967351135
2025-11-13,ETH,-0.05283685290035778
2025-11-14,BTC,-0.053157837862490065
2025-11-14,ETH,-0.039895183075048135
2025-11-15,BTC,0.012196889211437911
2025-11-15,ETH,0.02024808099609965
2025-11-16,BTC,-0.01435983820826503
2025-11-16,ETH,-0.023300450051277788
2025-11-17,BTC,-0.02212006537551514
2025-11-17,ETH,-0.02208598894421776
2025-11-18,BTC,0.009284005043766586
2025-11-18,ETH,0.03254717213392322
2025-11-19,BTC,-0.015953746750565823
2025-11-19,ETH,-0.031991314382848524
2025-11-20,BTC,-0.05285126891851111
2025-11-20,ETH,-0.0632777812683677
2025-11-21,BTC,-0.017790340109098413
2025-11-21,ETH,-0.023334590055091975
2025-11-22,BTC,-0.0051983141515926645
2025-11-22,ETH,0.0006899532357182991
2025-11-23,BTC,0.025477734635657168
2025-11-23,ETH,0.012309767363083646
2025-11-24,BTC,0.01688329653360121
2025-11-24,ETH,0.05390964270915899
2025-11-25,BTC,-0.010520742688141405
2025-11-25,ETH,0.0017688477411781367
2025-11-26,BTC,0.03636830551491177
2025-11-26,ETH,0.023623136478952533
2025-11-27,BTC,0.008473504729832548
2025-11-27,ETH,-0.0043826285579375845
2025-11-28,BTC,-0.004010602738938163
2025-11-28,ETH,0.0058921738820569836
2025-11-29,BTC,-0.0007425028351905061
2025-11-29,ETH,-0.013395469150188521
2025-11-30,BTC,-0.005035073877646679
2025-11-30,ETH,0.0001428111751458072
2025-12-01,BTC,-0.045055292472078956
2025-12-01,ETH,-0.06414317003534598
2025-12-02,BTC,0.05825464938016567
2025-12-02,ETH,0.07062049558248629
2025-12-03,BTC,0.023837949867722363
2025-12-03,ETH,0.06458838390069488
2025-12-04,BTC,-0.014821043775501641
2025-12-04,ETH,-0.01793955301277983
2025-12-05,BTC,-0.029887330373216225
2025-12-05,ETH,-0.03505821706537382
2025-12-06,BTC,-0.0012908122468182626
2025-12-06,ETH,0.005215821632364781
2025-12-07,BTC,0.012694471554050235
2025-12-07,ETH,0.0069383396729270075
2025-12-08,BTC,0.0025945560296725123
2025-12-08,ETH,0.02087224497595197
2025-12-09,BTC,0.022633530616329445
2025-12-09,ETH,0.0626894655346446
2025-12-10,BTC,-0.007236522211271801
2025-12-10,ETH,0.0012872624094455443
2025-12-11,BTC,0.005329119618741718
2025-12-11,ETH,-0.026563274780229462
2025-12-12,BTC,-0.024223213861206738
2025-12-12,ETH,-0.0472294070775402
2025-12-13,BTC,0.00031346787642294593
2025-12-13,ETH,0.01054503402301843
2025-12-14,BTC,-0.023516739363752315
2025-12-14,ETH,-0.018000022559953033
2025-12-15,BTC,-0.019908078936967
2025-12-15,ETH,-0.03150094334836495
2025-12-16,BTC,0.01648005936140917
2025-12-16,ETH,-7.412718940891239e-07
2025-12-17,BTC,-0.01935507109105894
2025-12-17,ETH,-0.04479394067431908
2025-12-18,BTC,-0.007908292107279613
2025-12-18,ETH,-0.001530856537254932
2025-12-19,BTC,0.03090097713717843
2025-12-19,ETH,0.05337740480626607
2025-12-20,BTC,0.002731077738661547
2025-12-20,ETH,-0.00013035171680586544
2025-12-21,BTC,0.0031439599746445612
2025-12-21,ETH,0.008070725107488519
2025-12-22,BTC,-0.0014864790528285043
2025-12-22,ETH,0.0014858543703297755
2025-12-23,BTC,-0.01215974047919599
2025-12-23,ETH,-0.014204477620910372
2025-12-24,BTC,0.0022646365284737513
2025-12-24,ETH,-0.006001080904730394
2025-12-25,BTC,-0.004305562231041726
2025-12-25,ETH,-0.014262330504439258
2025-12-26,BTC,0.0007644603322913834
2025-12-26,ETH,0.007634030664264602
2025-12-27,BTC,0.005735605525503784
2025-12-27,ETH,0.0076058169600530245
2025-12-28,BTC,0.00038358610925337544
2025-12-28,ETH,0.0001932919094582708
2025-12-29,BTC,-0.007943173820266769
2025-12-29,ETH,-0.004758168917232131
2025-12-30,BTC,0.014826942349620564
2025-12-30,ETH,0.01256702548089339
2025-12-31,BTC,-0.01041844740246467
2025-12-31,ETH,-0.0014737583994245407
2026-01-01,BTC,0.013977518339667538
2026-01-01,ETH,0.01124242223269234
2026-01-02,BTC,0.013667122921255048
2026-01-02,ETH,0.04133734051066695
2026-01-03,BTC,0.007321078638514056
2026-01-03,ETH,0.00047844777570227315
2026-01-04,BTC,0.008943445698309516
2026-01-04,ETH,0.004732360608502573
2026-01-05,BTC,0.027009825802690735
2026-01-05,ETH,0.027197643098951785
2026-01-06,BTC,-0.0016352711961346023
2026-01-06,ETH,0.021640912864389295
2026-01-07,BTC,-0.025829527204251357
2026-01-07,ETH,-0.03917016624496916
2026-01-08,BTC,-0.003076724046541912
2026-01-08,ETH,-0.01972355629036915
2026-01-09,BTC,-0.005646925984974294
2026-01-09,ETH,-0.006872686838344633
2026-01-10,BTC,-0.001397069847536736
2026-01-10,ETH,-0.00021119464663144072
2026-01-11,BTC,0.004876964768804504
2026-01-11,ETH,0.01183795263773435
2026-01-12,BTC,0.004024457429802286
2026-01-12,ETH,-0.008515881935856728
2026-01-13,BTC,0.04527528885126264
2026-01-13,ETH,0.07430339604003233
2026-01-14,BTC,0.016864423365986925
2026-01-14,ETH,0.009821270239958713
2026-01-15,BTC,-0.01421799419905967
2026-01-15,ETH,-0.011214440579919382
2026-01-16,BTC,-0.00027284132392391136
2026-01-16,ETH,-0.006517479736100618
2026-01-17,BTC,-0.004451136256293897
2026-01-17,ETH,0.004060735078022848
2026-01-18,BTC,-0.01541002514624834
2026-01-18,ETH,-0.0083734299173297
2026-01-19,BTC,-0.011543146480490485
2026-01-19,ETH,-0.028811971050971552
2026-01-20,BTC,-0.04584033237499219
2026-01-20,ETH,-0.07877164352915944
2026-01-21,BTC,0.012071608510981546
2026-01-21,ETH,0.014748373722715646
2026-01-22,BTC,0.000956534957143873
2026-01-22,ETH,-0.009825039857546347
2026-01-23,BTC,0.00046300848627667257
2026-01-23,ETH,0.0012283041671792283
2026-01-24,BTC,-0.00439244250598092
2026-01-24,ETH,-0.0015290325215363554
2026-01-25,BTC,-0.028487203509257375
2026-01-25,ETH,-0.04504918926428636
2026-01-26,BTC,0.019578126787931138
2026-01-26,ETH,0.03926083862438623
2026-01-27,BTC,0.009464787027023913
2026-01-27,ETH,0.032720079340819774
2026-01-28,BTC,0.0009202877056453396
2026-01-28,ETH,-0.005162947242162819
2026-01-29,BTC,-0.05183614563372574
2026-01-29,ETH,-0.06265359238084345
2026-01-30,BTC,-0.005119696877728619
2026-01-30,ETH,-0.041109956346790044
2026-01-31,BTC,-0.06546567255435032
2026-01-31,ETH,-0.09520641066538593
2026-02-01,BTC,-0.02094439679701987
2026-02-01,ETH,-0.0724418417956253
2026-02-02,BTC,0.022271291537603544
2026-02-02,ETH,0.03368299377022699
2026-02-03,BTC,-0.03882661934945053
2026-02-03,ETH,-0.04982085366444211
2026-02-04,BTC,-0.03455931736640505
2026-02-04,ETH,-0.037733992059035826
2026-02-05,BTC,-0.14129892381358544
2026-02-05,ETH,-0.15013782215594373
2026-02-06,BTC,0.1252476912623226
2026-02-06,ETH,0.1326816155325108
2026-02-07,BTC,-0.018048541205989532
2026-02-07,ETH,0.013163964881106383
2026-02-08,BTC,0.014184900201757111
2026-02-08,ETH,-0.0008545012256375717
2026-02-09,BTC,-0.00204861414171964
2026-02-09,ETH,0.007087777756089597
2026-02-10,BTC,-0.018921927121284043
2026-02-10,ETH,-0.03996552777885132
2026-02-11,BTC,-0.02619404614799148
2026-02-11,ETH,-0.03905729079240505
2026-02-12,BTC,-0.011495780977477277
2026-02-12,ETH,0.0032563467246882194
2026-02-13,BTC,0.039805596623848194
2026-02-13,ETH,0.05217758881277712
2026-02-14,BTC,0.013212456278809848
2026-02-14,ETH,0.01829725240883784
2026-02-15,BTC,-0.014038567315427408
2026-02-15,ETH,-0.05751017989077156
2026-02-16,BTC,0.000799101589935125
2026-02-16,ETH,0.016212644568821766
2026-02-17,BTC,-0.019594358734823403
2026-02-17,ETH,-0.0028646768590002702
2026-02-18,BTC,-0.015836888807606253
2026-02-18,ETH,-0.019184983188783145
2026-02-19,BTC,0.008012052068341324
2026-02-19,ETH,-0.002954528018943803
2026-02-20,BTC,0.015650197075734784
2026-02-20,ETH,0.010687443713567113
2026-02-21,BTC,-2.435467576455963e-05
2026-02-21,ETH,0.0023945100352251725
2026-02-22,BTC,-0.005064057803784272
2026-02-22,ETH,-0.008071629067117003
2026-02-23,BTC,-0.04497014110892317
2026-02-23,ETH,-0.05225395436661606
2026-02-24,BTC,-0.008305824880296298
2026-02-24,ETH,-0.001365303886856295
2026-02-25,BTC,0.060550552894326426
2026-02-25,ETH,0.10882988045871778
2026-02-26,BTC,-0.007450715585058165
2026-02-26,ETH,-0.013547624241957545
2026-02-27,BTC,-0.023304501473983996
2026-02-27,ETH,-0.04738065532627633
2026-02-28,BTC,0.016910019957618205
2026-02-28,ETH,0.017759153699916874
2026-03-01,BTC,-0.018773664883674046
2026-03-01,ETH,-0.013223011941958851
2026-03-02,BTC,0.04620988327616793
2026-03-02,ETH,0.045486972038864204
2026-03-03,BTC,-0.007011227255569463
2026-03-03,ETH,-0.021950713860043103
2026-03-04,BTC,0.06467555605177866
2026-03-04,ETH,0.07249278959354588
2026-03-05,BTC,-0.025710882421896564
2026-03-05,ETH,-0.025816959171616194
2026-03-06,BTC,-0.03817885179689062
2026-03-06,ETH,-0.04482236094062009
2026-03-07,BTC,-0.01267893913767526
2026-03-07,ETH,-0.004697799435284367
2026-03-08,BTC,-0.01936617019467901
2026-03-08,ETH,-0.016680097080789325
2026-03-09,BTC,0.03687448277691541
2026-03-09,ETH,0.02908879392733521
2026-03-10,BTC,0.022287806357257578
2026-03-10,ETH,0.022169403074209226
2026-03-11,BTC,0.003975020350486469
2026-03-11,ETH,0.007094700046877733
2026-03-12,BTC,0.004110513591636167
2026-03-12,ETH,0.010510464768130001
2026-03-13,BTC,0.006735442992662266
2026-03-13,ETH,0.009370945241431228
2026-03-14,BTC,0.0034714019404360474
2026-03-14,ETH,0.0021615561057222177
2026-03-15,BTC,0.022120302711697182
2026-03-15,ETH,0.03833396568225522
2026-03-16,BTC,0.028454105238008953
2026-03-16,ETH,0.07977111189072517
2026-03-17,BTC,-0.01253801442025071
2026-03-17,ETH,-0.014087655809712052
2026-03-18,BTC,-0.0362122396594321
2026-03-18,ETH,-0.04934391616753975
2026-03-19,BTC,-0.01870697238447039
2026-03-19,ETH,-0.03006246566260873
2026-03-20,BTC,0.008722250723753211
2026-03-20,ETH,0.00424494293930433
2026-03-21,BTC,-0.025680602546325204
2026-03-21,ETH,-0.03252141820817256
2026-03-22,BTC,-0.012607965253281006
2026-03-22,ETH,-0.01138427123429453
2026-03-23,BTC,0.04524488014825101
2026-03-23,ETH,0.04826854503462008
2026-03-24,BTC,-0.005598262529164066
2026-03-24,ETH,0.0016533960130185044
2026-03-25,BTC,0.011231529778693128
2026-03-25,ETH,0.005713742098458985
2026-03-26,BTC,-0.03531428903229905
2026-03-26,ETH,-0.050019391420208725
2026-03-27,BTC,-0.035662044616623034
2026-03-27,ETH,-0.03316523299517671
2026-03-28,BTC,-0.0002815819275042708
2026-03-28,ETH,0.0007144214559386963
2026-03-29,BTC,-0.005500227885263609
2026-03-29,ETH,-0.005086021609450597
2026-03-30,BTC,0.011167073154841889
2026-03-30,ETH,0.020657738756954647
2026-03-31,BTC,0.02311941479563351
2026-03-31,ETH,0.040124913175980215
2026-04-01,BTC,-0.002268068291422898
2026-04-01,ETH,0.016167945634351977
2026-04-02,BTC,-0.017479577533077273
2026-04-02,ETH,-0.038286390129433245
2026-04-03,BTC,0.0006358522809097877
2026-04-03,ETH,-0.001685723740716183
2026-04-04,BTC,0.005369911059425414
2026-04-04,ETH,0.005827600335098326
2026-04-05,BTC,0.02513553056906015
2026-04-05,ETH,0.021131532161972943
2026-04-06,BTC,-0.0017695992030517527
2026-04-06,ETH,-0.0005851746946151648
2026-04-07,BTC,0.04474125312086663
2026-04-07,ETH,0.06359598447469827
2026-04-08,BTC,-0.011361353371537541
2026-04-08,ETH,-0.022959692630716844
2026-04-09,BTC,0.009061281070850802
2026-04-09,ETH,-0.0005439378020498653
2026-04-10,BTC,0.016876904061948084
2026-04-10,ETH,0.025582893392399164
2026-04-11,BTC,0.0010307967248304184
2026-04-11,ETH,0.017923737259448957
2026-04-12,BTC,-0.031495312720733026
2026-04-12,ETH,-0.04077595476873197
2026-04-13,BTC,0.05273575609654846
2026-04-13,ETH,0.08143124552858283
2026-04-14,BTC,-0.004068372317531099
2026-04-14,ETH,-0.01999660571788242
2026-04-15,BTC,0.008404626904874313
2026-04-15,ETH,0.015550417222206292
2026-04-16,BTC,0.004639453579876829
2026-04-16,ETH,-0.004573969185826421
2026-04-17,BTC,0.02627659540184779
2026-04-17,ETH,0.030837677558848364
2026-04-18,BTC,-0.01816051878803593
2026-04-18,ETH,-0.02890091572709097
2026-04-19,BTC,-0.024692366775663332
2026-04-19,ETH,-0.036656702084753356
2026-04-20,BTC,0.027298557704868998
2026-04-20,ETH,0.022206292914811687
2026-04-21,BTC,0.0063296958930805225
2026-04-21,ETH,0.005510533991485822
2026-04-22,BTC,0.024233934691509473
2026-04-22,ETH,0.020669366999717997
2026-04-23,BTC,0.0008420581944230676
2026-04-23,ETH,-0.018759497216376042
2026-04-24,BTC,-0.010395445352393673
2026-04-24,ETH,-0.006786890852357175
2026-04-25,BTC,0.0020231423764509593
2026-04-25,ETH,0.0013554991229898228
2026-04-26,BTC,0.013471154293320797
2026-04-26,ETH,0.021950691540593592
2026-04-27,BTC,-0.01641182876919478
2026-04-27,ETH,-0.028131925191703266
2026-04-28,BTC,-0.013131671764148978
2026-04-28,ETH,-0.0059244064939814045
2026-04-29,BTC,-0.007525003361340765
2026-04-29,ETH,-0.01572621507544203
2026-04-30,BTC,0.00697036758667724
2026-04-30,ETH,0.0012582894176169646
2026-05-01,BTC,0.024568460603834108
2026-05-01,ETH,0.017215516135995923
2026-05-02,BTC,0.006117371672699878
2026-05-02,ETH,0.009210161281538065
2026-05-03,BTC,-0.00151319093281288
2026-05-03,ETH,0.002333017050397679
2026-05-04,BTC,0.016421044171065935
2026-05-04,ETH,0.01066542438971041
2026-05-05,BTC,0.013768974900303155
2026-05-05,ETH,0.006301424994813232
2026-05-06,BTC,0.006184292316489204
2026-05-06,ETH,-0.004396362720448854
2026-05-07,BTC,-0.017408596831308243
2026-05-07,ETH,-0.025393178961011564
2026-05-08,BTC,0.0022093920105095144
2026-05-08,ETH,0.00692438080865676
2026-05-09,BTC,0.0059561145630133705
2026-05-09,ETH,0.008563227258402195
2026-05-10,BTC,0.01828022150812214
2026-05-10,ETH,0.018187198165845242
2026-05-11,BTC,-0.004999247178679611
2026-05-11,ETH,-0.012529571487047475
2026-05-12,BTC,-0.015304426194186482
2026-05-12,ETH,-0.027664515902802167
2026-05-13,BTC,-0.014915661104390687
2026-05-13,ETH,-0.007503214574742345
2026-05-14,BTC,0.022378876470797504
2026-05-14,ETH,0.010346670115700896
2026-05-15,BTC,-0.024497713637975926
2026-05-15,ETH,-0.02525541574718848
2026-05-16,BTC,-0.0118160267665125
2026-05-16,ETH,-0.01959984648757984
2026-05-17,BTC,-0.008985959556932488
2026-05-17,ETH,-0.023904871092521485
2026-05-18,BTC,-0.006136945201154598
2026-05-18,ETH,0.000409302069402262
2026-05-19,BTC,-0.002641385386229267
2026-05-19,ETH,-0.008716046816836354
2026-05-20,BTC,0.009209887179670861
2026-05-20,ETH,0.008066266685735402
2026-05-21,BTC,0.0010508749979196708
2026-05-21,ETH,0.0020814671600175583
2026-05-22,BTC,-0.02645023976792371
2026-05-22,ETH,-0.031328398313085315
2026-05-23,BTC,0.015699464786268935
2026-05-23,ETH,0.024853983556100134
2026-05-24,BTC,0.004013881531345742
2026-05-24,ETH,-0.0084867352791419
2026-05-25,BTC,0.0038815318365379436
2026-05-25,ETH,0.00637583591933466
2026-05-26,BTC,-0.01881724424932052
2026-05-26,ETH,-0.019187636510046735
2026-05-27,BTC,-0.019532039646005694
2026-05-27,ETH,-0.02349746263809005
2026-05-28,BTC,-0.010870289388891785
2026-05-28,ETH,-0.007242369965002715
2026-05-29,BTC,-0.00223060831034394
2026-05-29,ETH,0.002204565376648926
2026-05-30,BTC,0.0052105676905831455
2026-05-30,ETH,0.0037176024843394995
2026-05-31,BTC,-0.002374738351372918
2026-05-31,ETH,-0.007485522022616653
2026-06-01,BTC,-0.030713830668280595
2026-06-01,ETH,-0.0005589672711203697
2026-06-02,BTC,-0.06472422674681189
2026-06-02,ETH,-0.0726354550544448
2026-06-03,BTC,-0.04031696632071802
2026-06-03,ETH,-0.024752976854615305
2026-06-04,BTC,-0.0033241439086123536
2026-06-04,ETH,-0.023265983281846703
2026-06-05,BTC,-0.04512280904119048
2026-06-05,ETH,-0.10664658628443302
2026-06-06,BTC,-0.0009069515189049637
2026-06-06,ETH,-0.00764971801669323
2026-06-07,BTC,0.03897168140434348
2026-06-07,ETH,0.0749814902642485
2026-06-08,BTC,-0.0023550097882448773
2026-06-08,ETH,0.0022250520052251588
2026-06-09,BTC,-0.022932240724538477
2026-06-09,ETH,-0.031027979306495035
2026-06-10,BTC,-0.0031550982687325035
2026-06-10,ETH,-0.010727787888769158
2026-06-11,BTC,0.0343659895373587
2026-06-11,ETH,0.032184267106926345
2026-06-12,BTC,-0.000280918383714468
2026-06-12,ETH,-0.0042772916588651455
2026-06-13,BTC,0.013819338824553329
2026-06-13,ETH,0.009060440840140016
2026-06-14,BTC,0.020010054657876974
2026-06-14,ETH,0.026424411293025862
2026-06-15,BTC,0.00881293640382963
2026-06-15,ETH,0.0407905361482761
2026-06-16,BTC,-0.010391681563445165
2026-06-16,ETH,-0.002542109728010611
2026-06-17,BTC,-0.01802109402037566
2026-06-17,ETH,-0.023744826972111888
2026-06-18,BTC,-0.0236263487711752
2026-06-18,ETH,-0.021941969782405923
2026-06-19,BTC,0.010244823819797633
2026-06-19,ETH,0.0008475848259608121
2026-06-20,BTC,0.01099827903487749
2026-06-20,ETH,0.01655129203228678
2026-06-21,BTC,-0.015599965388407244
2026-06-21,ETH,-0.019962512168946955
2026-06-22,BTC,0.01129971875635083
2026-06-22,ETH,0.012865509723484658
2026-06-23,BTC,-0.02007886883610832
2026-06-23,ETH,-0.03537429039344153
2026-06-24,BTC,-0.026694424544815853
2026-06-24,ETH,-0.027327270363134648
2026-06-25,BTC,-0.02087801063020267
2026-06-25,ETH,-0.034019031040829484
2026-06-26,BTC,0.004935459402204856
2026-06-26,ETH,0.007540460713794772
2026-06-27,BTC,-0.0012718522519159503
2026-06-27,ETH,-0.0031890021082193742
2026-06-28,BTC,-0.006802755224698642
2026-06-28,ETH,-0.0007807711567662245
2026-06-29,BTC,0.010179997360940662
2026-06-29,ETH,0.025372891496913352
2026-06-30,BTC,-0.026264750729518727
2026-06-30,ETH,-0.02522779881684256
2026-07-01,BTC,0.024674292718837698
2026-07-01,ETH,0.025087433682497773
2026-07-02,BTC,0.024690836420271145
2026-07-02,ETH,0.05544494691670465
2026-07-03,BTC,0.017221977026140145
2026-07-03,ETH,0.03436008328131357
2026-07-04,BTC,0.008699535297381988
2026-07-04,ETH,0.01281755925767869
2026-07-05,BTC,0.00728468021571449
2026-07-05,ETH,0.0022332483728719765
2026-07-06,BTC,0.0070361559301554966
2026-07-06,ETH,0.008170330988810814
2026-07-07,BTC,-0.010901178582999993
2026-07-07,ETH,-0.0161674903047212
2026-07-08,BTC,-0.01642753734494773
2026-07-08,ETH,-0.014607687128744051
2026-07-09,BTC,0.015027476262771566
2026-07-09,ETH,0.0010369140127690635
2026-07-10,BTC,0.014779959704393386
2026-07-10,ETH,0.0293545827817554
2026-07-11,BTC,-0.005069823448876076
2026-07-11,ETH,-0.004228800204808647
2026-07-12,BTC,-0.0006866332556169086
2026-07-12,ETH,0.009892332882217136
2026-07-13,BTC,-0.023825911169295333
2026-07-13,ETH,-0.017879923877591963
2026-07-14,BTC,0.043654089899621606
2026-07-14,ETH,0.06539558955703528
2026-07-15,BTC,-0.0037523532264722714
2026-07-15,ETH,0.014535146837066026
2026-07-16,BTC,-0.014264562998962727
2026-07-16,ETH,-0.028039616131406264
2026-07-17,BTC,0.0017272445360874134
2026-07-17,ETH,-0.01191781845055584
2026-07-18,BTC,0.014039877830542169
2026-07-18,ETH,0.011083140628755705
2026-07-19,BTC,-0.0016327534538667088
2026-07-19,ETH,0.00543488668149128
2026-07-20,BTC,0.008335383349377112
2026-07-20,ETH,0.017232283709548213
2026-07-21,BTC,0.019547709976119876
2026-07-21,ETH,0.012934872050072155
2026-07-22,BTC,-0.0060796536357160536
2026-07-22,ETH,0.002647980796742777
2026-07-23,BTC,-0.01597536527429344
2026-07-23,ETH,-0.029164820765961497
2026-07-24,BTC,-0.01454868374399576
2026-07-24,ETH,-0.009015747660254259
2026-07-25,BTC,0.003327947132145015
2026-07-25,ETH,0.007013126167760619
2026-07-26,BTC,0.0159922142024842
2026-07-26,ETH,0.04280796677162302
2026-07-27,BTC,-0.024722909512739144
2026-07-27,ETH,-0.03214772584893022
2026-07-28,BTC,0.0022983927372384194
2026-07-28,ETH,0.015516106567279087
2026-07-29,BTC,0.0005762314378343625
2026-07-29,ETH,-0.005952994802081224
2026-07-30,BTC,0.012786168825862365
2026-07-30,ETH,0.004639137276914562
2026-07-31,BTC,-0.02953346289931147
2026-07-31,ETH,-0.029742246175126108
2026-08-01,BTC,-0.0008027825816142586
2026-08-01,ETH,-0.009099502531306869
2026-08-02,BTC,0.011450632055819865
2026-08-02,ETH,0.021212906616248084
2026-08-03,BTC,0.004888135120979076
2026-08-03,ETH,-0.008670295338621958
