date,asset,ret,signal,mom5,cascade_p,detected_regime
2017-02-01,BTC,0.0191878990756888,-1.0,1.0,0.6081,crisis
2017-02-02,BTC,0.0230297751446804,-1.0,1.0,0.6222,crisis
2017-02-03,BTC,0.0178988402897908,1.0,1.0,0.4432,crisis
2017-02-04,BTC,0.0126127426700153,1.0,1.0,0.4546,crisis
2017-02-05,BTC,-0.0149199906314051,1.0,1.0,0.4666,crisis
2017-02-06,BTC,0.0105223771617979,1.0,1.0,0.4774,crisis
2017-02-07,BTC,0.0223473974149055,1.0,1.0,0.4892,crisis
2017-02-08,BTC,0.0016205500001782,1.0,1.0,0.499,crisis
2017-02-09,BTC,-0.0646118827113534,1.0,1.0,0.5109,crisis
2017-02-10,BTC,-0.00574123290546,-1.0,-1.0,0.5715,crisis
2017-02-11,BTC,0.0159567266837814,-1.0,-1.0,0.4588,crisis
2017-02-12,BTC,-0.0052456387770024,-1.0,-1.0,0.4695,crisis
2017-02-13,BTC,-0.0085460003804385,-1.0,-1.0,0.3386,crisis
2017-02-14,BTC,0.0140393387115844,-1.0,-1.0,0.3482,crisis
2017-02-15,BTC,0.0029167216279784,1.0,1.0,0.3572,crisis
2017-02-16,BTC,0.0198117692901582,1.0,1.0,0.367,crisis
2017-02-17,BTC,0.0182687267399392,1.0,1.0,0.3748,crisis
2017-02-18,BTC,0.0078474525328122,1.0,1.0,0.3829,crisis
2017-02-19,BTC,-0.0062119919530519,1.0,1.0,0.3922,crisis
2017-02-20,BTC,0.0306431002902907,1.0,1.0,0.4011,crisis
2017-02-21,BTC,0.0327043732274043,1.0,1.0,0.406,crisis
2017-02-22,BTC,0.001918669850659,1.0,1.0,0.4102,crisis
2017-02-23,BTC,0.0441008303630692,1.0,1.0,0.3032,crisis
2017-02-24,BTC,0.0059655128759115,1.0,1.0,0.3032,crisis
2017-02-25,BTC,-0.0254243801760767,1.0,1.0,0.3108,crisis
2017-02-26,BTC,0.0186739281628824,1.0,1.0,0.3176,crisis
2017-02-27,BTC,0.0126759527550575,1.0,1.0,0.324,crisis
2017-02-28,BTC,0.0,1.0,1.0,0.331,crisis
2017-03-01,BTC,0.0360433149595595,1.0,1.0,0.3382,crisis
2017-03-02,BTC,0.0233210713829243,1.0,1.0,0.3406,crisis
2017-03-03,BTC,0.019168496080413,1.0,1.0,0.346,crisis
2017-03-04,BTC,-0.0155608796714281,1.0,1.0,0.3467,crisis
2017-03-05,BTC,0.0095366852330762,1.0,1.0,0.3463,crisis
2017-03-06,BTC,0.004506251151827,1.0,1.0,0.4016,crisis
2017-03-07,BTC,-0.0387246676256491,1.0,1.0,0.3058,crisis
2017-03-08,BTC,-0.0601043175659766,-1.0,-1.0,0.2287,trend
2017-03-09,BTC,0.0334695567255434,-1.0,-1.0,0.2801,trend
2017-03-10,BTC,-0.0603875675192658,-1.0,-1.0,0.2744,trend
2017-03-11,BTC,0.052931788543501,-1.0,-1.0,0.3212,range
2017-03-12,BTC,0.0387386361383077,-1.0,-1.0,0.3058,trend
2017-03-13,BTC,0.0086296148785498,1.0,1.0,0.1944,trend
2017-03-14,BTC,0.0065588315527449,1.0,1.0,0.2005,range
2017-03-15,BTC,0.0077499881867439,1.0,1.0,0.2028,range
2017-03-16,BTC,-0.0494553720618884,1.0,1.0,0.2045,range
2017-03-17,BTC,-0.0737323930634887,1.0,1.0,0.2375,range
2017-03-18,BTC,-0.1148959667967146,-1.0,-1.0,0.4129,range
2017-03-19,BTC,0.0646137137658247,-1.0,-1.0,0.5336,crisis
2017-03-20,BTC,0.0168701799864217,-1.0,-1.0,0.5088,crisis
2017-03-21,BTC,0.0628990446318611,-1.0,-1.0,0.5082,crisis
2017-03-22,BTC,-0.0637192977716345,-1.0,-1.0,0.4838,crisis
2017-03-23,BTC,-0.0100559016726288,-1.0,-1.0,0.4872,crisis
2017-03-24,BTC,-0.097314579974046,1.0,1.0,0.4862,crisis
2017-03-25,BTC,0.0376087672086169,-1.0,-1.0,0.4985,crisis
2017-03-26,BTC,-0.0062234239893547,-1.0,-1.0,0.497,crisis
2017-03-27,BTC,0.0817658030376249,-1.0,-1.0,0.497,crisis
2017-03-28,BTC,0.0013196064689549,1.0,1.0,0.4644,crisis
2017-03-29,BTC,-0.0068567574306797,1.0,1.0,0.4644,crisis
2017-03-30,BTC,-0.0130195268840629,1.0,1.0,0.4639,crisis
2017-03-31,BTC,0.0441919887162001,1.0,1.0,0.4628,crisis
2017-04-01,BTC,0.0081265552207581,1.0,1.0,0.4544,crisis
2017-04-02,BTC,0.0200555705185678,1.0,1.0,0.4675,crisis
2017-04-03,BTC,0.0377800275712298,1.0,1.0,0.4674,crisis
2017-04-04,BTC,-0.0092323533216108,1.0,1.0,0.4632,crisis
2017-04-05,BTC,-0.0074740531243105,1.0,1.0,0.4637,crisis
2017-04-06,BTC,0.0514767535926621,1.0,1.0,0.4638,crisis
2017-04-07,BTC,-0.0048872298799145,1.0,1.0,0.4534,crisis
2017-04-08,BTC,-0.0008072675864378,1.0,1.0,0.4534,crisis
2017-04-09,BTC,0.0101365231857306,1.0,1.0,0.4552,crisis
2017-04-10,BTC,-0.0006229555737722,1.0,1.0,0.4549,crisis
2017-04-11,BTC,0.0150615390136461,1.0,1.0,0.4701,crisis
2017-04-12,BTC,-0.0038506025766043,1.0,1.0,0.4699,crisis
2017-04-13,BTC,-0.02590031902395,1.0,1.0,0.4704,crisis
2017-04-14,BTC,-0.0014880868489828,-1.0,-1.0,0.4662,crisis
2017-04-15,BTC,0.0042653616168477,-1.0,-1.0,0.4669,crisis
2017-04-16,BTC,0.008886775237463,-1.0,-1.0,0.4675,crisis
2017-04-17,BTC,0.0092735838815252,-1.0,-1.0,0.4673,crisis
2017-04-18,BTC,0.0148755008812935,-1.0,-1.0,0.4685,crisis
2017-04-19,BTC,-0.0011389279529591,1.0,1.0,0.469,crisis
2017-04-20,BTC,0.0155251356168661,1.0,1.0,0.469,crisis
2017-04-21,BTC,-0.0057196500454927,1.0,1.0,0.4687,crisis
2017-04-22,BTC,0.0079046779783187,1.0,1.0,0.3477,crisis
2017-04-23,BTC,-0.0198910464127058,1.0,1.0,0.3524,crisis
2017-04-24,BTC,0.0355696729367738,-1.0,-1.0,0.3498,crisis
2017-04-25,BTC,0.012270499956597,1.0,1.0,0.3533,crisis
2017-04-26,BTC,0.0123193118401712,1.0,1.0,0.3528,crisis
2017-04-27,BTC,0.0286086939701506,1.0,1.0,0.3564,crisis
2017-04-28,BTC,-0.0009486010173004,1.0,1.0,0.3541,crisis
2017-04-29,BTC,0.0040335277957355,1.0,1.0,0.3546,crisis
2017-04-30,BTC,0.019745931513033,1.0,1.0,0.3546,crisis
2017-05-01,BTC,0.0546854417915732,1.0,1.0,0.3592,crisis
2017-05-02,BTC,0.0219611502808707,1.0,1.0,0.3468,crisis
2017-05-03,BTC,0.025653570923533,1.0,1.0,0.3463,crisis
2017-05-04,BTC,0.0319310103526577,1.0,1.0,0.3455,crisis
2017-05-05,BTC,0.0115628884730973,1.0,1.0,0.3415,crisis
2017-05-06,BTC,0.0150117961935438,1.0,1.0,0.3412,crisis
2017-05-07,BTC,0.0113440027587208,1.0,1.0,0.3505,crisis
2017-05-08,BTC,0.0793130986507288,1.0,1.0,0.3544,crisis
2017-05-09,BTC,0.018574294379609,1.0,1.0,0.3295,crisis
2017-05-10,BTC,0.0180988627953069,1.0,1.0,0.2893,crisis
2017-05-11,BTC,0.034379111334029,1.0,1.0,0.2996,crisis
2017-05-12,BTC,-0.0672573717344455,1.0,1.0,0.3009,crisis
2017-05-13,BTC,0.0467858560306022,1.0,1.0,0.3482,crisis
2017-05-14,BTC,0.0022161769419259,1.0,1.0,0.3397,crisis
2017-05-15,BTC,-0.038962678705418,1.0,1.0,0.3395,crisis
2017-05-16,BTC,-0.0022894809777168,-1.0,-1.0,0.326,crisis
2017-05-17,BTC,0.0603303742363612,-1.0,-1.0,0.2711,crisis
2017-05-18,BTC,0.0269481425676987,1.0,1.0,0.1921,crisis
2017-05-19,BTC,0.0524501285272107,1.0,1.0,0.1921,crisis
2017-05-20,BTC,0.0488099478484731,1.0,1.0,0.1921,crisis
2017-05-21,BTC,-0.0208804160273491,1.0,1.0,0.1921,crisis
2017-05-22,BTC,0.0647658016530803,1.0,1.0,0.1921,trend
2017-05-23,BTC,0.0676451762847263,1.0,1.0,0.1921,trend
2017-05-24,BTC,0.0531024447521368,1.0,1.0,0.1921,trend
2017-05-25,BTC,-0.0567431856594401,1.0,1.0,0.3168,trend
2017-05-26,BTC,-0.0444949888774708,1.0,1.0,0.3168,trend
2017-05-27,BTC,-0.0742591933233951,1.0,1.0,0.3168,trend
2017-05-28,BTC,0.0573504215526095,-1.0,-1.0,0.3168,crisis
2017-05-29,BTC,0.0462983840491171,-1.0,-1.0,0.3168,crisis
2017-05-30,BTC,-0.0355292505806107,-1.0,-1.0,0.3168,crisis
2017-05-31,BTC,0.0509958505059913,-1.0,-1.0,0.3168,crisis
2017-06-01,BTC,0.0531269437119699,1.0,1.0,0.3168,crisis
2017-06-02,BTC,0.0335025707019067,1.0,1.0,0.3168,crisis
2017-06-03,BTC,0.0107693429114457,1.0,1.0,0.3168,crisis
2017-06-04,BTC,-0.0014073742918723,1.0,1.0,0.3168,crisis
2017-06-05,BTC,0.0696708731622703,1.0,1.0,0.3168,crisis
2017-06-06,BTC,0.0656503023032621,1.0,1.0,0.3168,crisis
2017-06-07,BTC,-0.0457669884385359,1.0,1.0,0.3168,crisis
2017-06-08,BTC,0.0268872274834783,1.0,1.0,0.3168,crisis
2017-06-09,BTC,0.0064833942752322,1.0,1.0,0.3168,crisis
2017-06-10,BTC,0.0438768542404908,1.0,1.0,0.3168,crisis
2017-06-11,BTC,0.003528212280786,1.0,1.0,0.3168,crisis
2017-06-12,BTC,-0.1009023375635985,1.0,1.0,0.3168,crisis
2017-06-13,BTC,0.0215782418033523,-1.0,-1.0,0.3168,crisis
2017-06-14,BTC,-0.0775297571712747,-1.0,-1.0,0.3168,crisis
2017-06-15,BTC,-0.0166735306872372,-1.0,-1.0,0.3391,crisis
2017-06-16,BTC,0.0219023033367278,-1.0,-1.0,0.3357,crisis
2017-06-17,BTC,0.0545231485547432,-1.0,-1.0,0.3354,crisis
2017-06-18,BTC,-0.0405100563644713,1.0,1.0,0.329,crisis
2017-06-19,BTC,0.0162108935641203,-1.0,-1.0,0.3189,crisis
2017-06-20,BTC,0.0510464691154013,1.0,1.0,0.3189,crisis
2017-06-21,BTC,-0.0120104566983828,1.0,1.0,0.3168,crisis
2017-06-22,BTC,0.0060651570640082,1.0,1.0,0.3168,crisis
2017-06-23,BTC,0.0146003752788805,1.0,1.0,0.3169,crisis
2017-06-24,BTC,-0.0496154503306057,1.0,1.0,0.3186,crisis
2017-06-25,BTC,-0.0074021201242789,1.0,1.0,0.3168,crisis
2017-06-26,BTC,-0.0428514467402769,-1.0,-1.0,0.3168,crisis
2017-06-27,BTC,0.0298573711222254,-1.0,-1.0,0.3168,crisis
2017-06-28,BTC,0.0087524097702162,-1.0,-1.0,0.3168,crisis
2017-06-29,BTC,-0.0137758691640891,-1.0,-1.0,0.3168,crisis
2017-06-30,BTC,-0.0230297791906686,-1.0,-1.0,0.3168,crisis
2017-07-01,BTC,-0.0186590176805224,-1.0,-1.0,0.3168,crisis
2017-07-02,BTC,0.0295413610041077,-1.0,-1.0,0.3168,crisis
2017-07-03,BTC,0.0229765720570231,-1.0,-1.0,0.3168,crisis
2017-07-04,BTC,0.0146563782148634,-1.0,-1.0,0.3168,crisis
2017-07-05,BTC,0.000134568068874,1.0,1.0,0.3168,crisis
2017-07-06,BTC,0.0025250167694854,1.0,1.0,0.3168,crisis
2017-07-07,BTC,-0.0344635141476632,1.0,1.0,0.3168,crisis
2017-07-08,BTC,0.0209159543644503,1.0,1.0,0.3168,crisis
2017-07-09,BTC,-0.0205729871103013,1.0,1.0,0.3168,crisis
2017-07-10,BTC,-0.0579247018815319,-1.0,-1.0,0.3168,crisis
2017-07-11,BTC,-0.0146550640121029,-1.0,-1.0,0.3168,crisis
2017-07-12,BTC,0.0261144276466365,-1.0,-1.0,0.3168,crisis
2017-07-13,BTC,-0.0170666589046687,-1.0,-1.0,0.3168,crisis
2017-07-14,BTC,-0.052826591293936,-1.0,-1.0,0.3168,crisis
2017-07-15,BTC,-0.1049907731520314,-1.0,-1.0,0.1921,crisis
2017-07-16,BTC,-0.0345397074174542,-1.0,-1.0,0.3436,crisis
2017-07-17,BTC,0.1547242613977975,-1.0,-1.0,0.3501,crisis
2017-07-18,BTC,0.0405984420601897,-1.0,-1.0,0.3168,crisis
2017-07-19,BTC,-0.0195999592340894,1.0,1.0,0.3168,crisis
2017-07-20,BTC,0.2393608698654388,1.0,1.0,0.3168,crisis
2017-07-21,BTC,-0.0531800407074324,1.0,1.0,0.3168,crisis
2017-07-22,BTC,0.0533631611916927,1.0,1.0,0.3168,crisis
2017-07-23,BTC,-0.0283689705490375,1.0,1.0,0.3168,crisis
2017-07-24,BTC,0.008958469804049,1.0,1.0,0.3168,crisis
2017-07-25,BTC,-0.064751065388965,1.0,1.0,0.3168,crisis
2017-07-26,BTC,-0.0182535977975341,-1.0,-1.0,0.3168,crisis
2017-07-27,BTC,0.0562691813922071,-1.0,-1.0,0.3168,crisis
2017-07-28,BTC,0.0513627540306393,-1.0,-1.0,0.3168,crisis
2017-07-29,BTC,-0.029391158560036,1.0,1.0,0.3168,crisis
2017-07-30,BTC,0.011271059810044,-1.0,-1.0,0.3168,crisis
2017-07-31,BTC,0.042855438955589,1.0,1.0,0.3168,crisis
2017-08-01,BTC,-0.0546300866414154,1.0,1.0,0.3168,crisis
2017-08-02,BTC,-0.0027922597041331,1.0,1.0,0.3168,crisis
2017-08-03,BTC,0.0346999307568542,-1.0,-1.0,0.3168,crisis
2017-08-04,BTC,0.0325022061817656,1.0,1.0,0.3168,crisis
2017-08-05,BTC,0.1232850808472574,1.0,1.0,0.3168,crisis
2017-08-06,BTC,-0.011980033802367,1.0,1.0,0.3168,crisis
2017-08-07,BTC,0.0513388560483818,1.0,1.0,0.3168,crisis
2017-08-08,BTC,0.0121339830571054,1.0,1.0,0.3168,crisis
2017-08-09,BTC,-0.0226524360165429,1.0,1.0,0.3168,crisis
2017-08-10,BTC,0.0116111914045367,1.0,1.0,0.3168,crisis
2017-08-11,BTC,0.0796562501647144,1.0,1.0,0.3168,crisis
2017-08-12,BTC,0.0641233095297646,1.0,1.0,0.3168,crisis
2017-08-13,BTC,0.0485364546450264,1.0,1.0,0.3168,crisis
2017-08-14,BTC,0.0618349608036359,1.0,1.0,0.3168,crisis
2017-08-15,BTC,-0.0331087645715119,1.0,1.0,0.3168,crisis
2017-08-16,BTC,0.0465573787335837,1.0,1.0,0.3168,crisis
2017-08-17,BTC,-0.0102681612586739,1.0,1.0,0.3168,crisis
2017-08-18,BTC,-0.0394926290969047,1.0,1.0,0.3168,crisis
2017-08-19,BTC,0.0079507566644563,1.0,1.0,0.3168,crisis
2017-08-20,BTC,-0.0252856137216607,-1.0,-1.0,0.3168,crisis
2017-08-21,BTC,-0.0210193420495841,-1.0,-1.0,0.3168,crisis
2017-08-22,BTC,0.0246842697271518,-1.0,-1.0,0.3168,crisis
2017-08-23,BTC,0.0124374468987058,-1.0,-1.0,0.3168,crisis
2017-08-24,BTC,0.044118818020461,-1.0,-1.0,0.3168,crisis
2017-08-25,BTC,0.0085173347000959,1.0,1.0,0.3168,crisis
2017-08-26,BTC,-0.0043920292075192,1.0,1.0,0.3168,crisis
2017-08-27,BTC,0.0070030284791471,1.0,1.0,0.3168,crisis
2017-08-28,BTC,-5.01329190794042e-05,1.0,1.0,0.3168,crisis
2017-08-29,BTC,0.0448038077972408,1.0,1.0,0.3168,crisis
2017-08-30,BTC,-0.0029963212183454,1.0,1.0,0.3168,crisis
2017-08-31,BTC,0.0302478123976575,1.0,1.0,0.3168,crisis
2017-09-01,BTC,0.0401029094809128,1.0,1.0,0.3168,crisis
2017-09-02,BTC,-0.0640308914129346,1.0,1.0,0.3168,crisis
2017-09-03,BTC,0.0009150801172317,1.0,1.0,0.3168,crisis
2017-09-04,BTC,-0.075638867740149,1.0,1.0,0.3168,crisis
2017-09-05,BTC,0.033099495698633,-1.0,-1.0,0.3168,crisis
2017-09-06,BTC,0.0504030231393419,-1.0,-1.0,0.3168,crisis
2017-09-07,BTC,0.0006003248892021,-1.0,-1.0,0.3168,crisis
2017-09-08,BTC,-0.0806825161237863,1.0,1.0,0.3168,crisis
2017-09-09,BTC,-0.0006361079293526,-1.0,-1.0,0.3168,crisis
2017-09-10,BTC,-0.0244010060807829,1.0,1.0,0.3168,crisis
2017-09-11,BTC,0.009296783040678,-1.0,-1.0,0.3168,crisis
2017-09-12,BTC,-0.0073198712879802,-1.0,-1.0,0.3168,crisis
2017-09-13,BTC,-0.0600899017825153,-1.0,-1.0,0.3168,crisis
2017-09-14,BTC,-0.1874110117851947,-1.0,-1.0,0.3168,crisis
2017-09-15,BTC,0.1529564892717645,-1.0,-1.0,0.3168,crisis
2017-09-16,BTC,-0.0034309035831391,-1.0,-1.0,0.3168,crisis
2017-09-17,BTC,-0.0116302594718108,-1.0,-1.0,0.3168,crisis
2017-09-18,BTC,0.1346179844524293,-1.0,-1.0,0.3168,crisis
2017-09-19,BTC,-0.0344952233969022,1.0,1.0,0.3168,crisis
2017-09-20,BTC,-0.0048459019236375,1.0,1.0,0.3168,crisis
2017-09-21,BTC,-0.0703823437437788,1.0,1.0,0.3168,crisis
2017-09-22,BTC,-9.366128904286786e-05,1.0,1.0,0.3168,crisis
2017-09-23,BTC,0.0445368533193395,1.0,1.0,0.3168,crisis
2017-09-24,BTC,-0.0288893094806313,-1.0,-1.0,0.3168,crisis
2017-09-25,BTC,0.0660441329691461,-1.0,-1.0,0.3168,crisis
2017-09-26,BTC,-0.0085887338014871,1.0,1.0,0.3168,crisis
2017-09-27,BTC,0.0792117400755914,1.0,1.0,0.3168,crisis
2017-09-28,BTC,-0.0061751915500829,1.0,1.0,0.3168,crisis
2017-09-29,BTC,-0.0027930324367207,1.0,1.0,0.3168,crisis
2017-09-30,BTC,0.0421900530461822,1.0,1.0,0.3168,crisis
2017-10-01,BTC,0.0149883891808819,1.0,1.0,0.3168,crisis
2017-10-02,BTC,0.0012670115735247,1.0,1.0,0.3168,crisis
2017-10-03,BTC,-0.020828573886965,1.0,1.0,0.3168,crisis
2017-10-04,BTC,-0.0204100812478886,1.0,1.0,0.3168,crisis
2017-10-05,BTC,0.0234196890713158,1.0,1.0,0.3218,crisis
2017-10-06,BTC,0.0097957219425073,-1.0,-1.0,0.3218,crisis
2017-10-07,BTC,0.0128305914403068,-1.0,-1.0,0.3265,crisis
2017-10-08,BTC,0.0414715156870999,1.0,1.0,0.3265,crisis
2017-10-09,BTC,0.0350375752084006,1.0,1.0,0.3255,crisis
2017-10-10,BTC,0.002089307002683,1.0,1.0,0.3237,crisis
2017-10-11,BTC,0.009303604548152,1.0,1.0,0.3363,crisis
2017-10-12,BTC,0.1285471354469378,1.0,1.0,0.3447,crisis
2017-10-13,BTC,0.0367731060255636,1.0,1.0,0.3168,crisis
2017-10-14,BTC,0.0326851807178703,1.0,1.0,0.3185,crisis
2017-10-15,BTC,-0.02633841352782,1.0,1.0,0.3204,crisis
2017-10-16,BTC,0.0083477134144638,1.0,1.0,0.3217,crisis
2017-10-17,BTC,-0.0209725253470746,1.0,1.0,0.3222,crisis
2017-10-18,BTC,-0.0026437959861618,1.0,1.0,0.3253,crisis
2017-10-19,BTC,0.0210761246572299,-1.0,-1.0,0.3252,crisis
2017-10-20,BTC,0.0530663245017619,-1.0,-1.0,0.327,crisis
2017-10-21,BTC,0.003351920366813,1.0,1.0,0.3241,crisis
2017-10-22,BTC,-0.0038431221244686,1.0,1.0,0.3247,crisis
2017-10-23,BTC,-0.0129984419650679,1.0,1.0,0.3244,crisis
2017-10-24,BTC,-0.0680704750275723,1.0,1.0,0.3267,crisis
2017-10-25,BTC,0.0405598451180932,-1.0,-1.0,0.3247,crisis
2017-10-26,BTC,0.0267841480609269,-1.0,-1.0,0.3222,crisis
2017-10-27,BTC,-0.0209879326147522,-1.0,-1.0,0.3213,crisis
2017-10-28,BTC,-0.0048106798359326,-1.0,-1.0,0.3197,crisis
2017-10-29,BTC,0.0696600026751927,-1.0,-1.0,0.3229,crisis
2017-10-30,BTC,-0.0037895483526454,1.0,1.0,0.3168,crisis
2017-10-31,BTC,0.0551127111404921,1.0,1.0,0.3168,crisis
2017-11-01,BTC,0.0462108343273106,1.0,1.0,0.3168,crisis
2017-11-02,BTC,0.0459842889880703,1.0,1.0,0.3168,crisis
2017-11-03,BTC,0.018260897877375,1.0,1.0,0.3168,crisis
2017-11-04,BTC,0.0238895905644225,1.0,1.0,0.3168,crisis
2017-11-05,BTC,0.0037208870264384,1.0,1.0,0.3168,crisis
2017-11-06,BTC,-0.0519277834642991,1.0,1.0,0.3168,crisis
2017-11-07,BTC,0.0173179948120689,1.0,1.0,0.3168,crisis
2017-11-08,BTC,0.0441339995584926,1.0,1.0,0.3168,crisis
2017-11-09,BTC,-0.0423757375660655,1.0,1.0,0.3168,crisis
2017-11-10,BTC,-0.0735541473126685,-1.0,-1.0,0.3168,crisis
2017-11-11,BTC,-0.0393675615324269,-1.0,-1.0,0.3168,crisis
2017-11-12,BTC,-0.0641012751946662,-1.0,-1.0,0.3168,crisis
2017-11-13,BTC,0.1024223964020905,-1.0,-1.0,0.3168,crisis
2017-11-14,BTC,0.0116258676970599,-1.0,-1.0,0.3168,crisis
2017-11-15,BTC,0.1024435879987191,-1.0,-1.0,0.3168,crisis
2017-11-16,BTC,0.0760230822843013,1.0,1.0,0.3168,crisis
2017-11-17,BTC,-0.0206689679398353,1.0,1.0,0.3168,crisis
2017-11-18,BTC,0.0105279246050737,1.0,1.0,0.3168,crisis
2017-11-19,BTC,0.0316220271906624,1.0,1.0,0.3168,crisis
2017-11-20,BTC,0.0204255103005503,1.0,1.0,0.3168,crisis
2017-11-21,BTC,-0.0157768038054386,1.0,1.0,0.3168,crisis
2017-11-22,BTC,0.0225850789537045,1.0,1.0,0.3168,crisis
2017-11-23,BTC,-0.0260227163146539,1.0,1.0,0.3168,crisis
2017-11-24,BTC,0.0267354843631641,1.0,1.0,0.3168,crisis
2017-11-25,BTC,0.0650896101282345,1.0,1.0,0.3168,crisis
2017-11-26,BTC,0.0613849162099298,1.0,1.0,0.3168,crisis
2017-11-27,BTC,0.0522798564820303,1.0,1.0,0.3168,crisis
2017-11-28,BTC,0.0244898791425096,1.0,1.0,0.3168,crisis
2017-11-29,BTC,-0.0169194592227285,1.0,1.0,0.3168,crisis
2017-11-30,BTC,0.0348875368274561,1.0,1.0,0.3168,crisis
2017-12-01,BTC,0.0725062566763168,1.0,1.0,0.3168,crisis
2017-12-02,BTC,0.0090200083388098,1.0,1.0,0.3168,crisis
2017-12-03,BTC,0.0224478170503836,1.0,1.0,0.3168,crisis
2017-12-04,BTC,0.029496961480754,1.0,1.0,0.3168,crisis
2017-12-05,BTC,0.0222609199166321,1.0,1.0,0.3168,crisis
2017-12-06,BTC,0.1992833389919166,1.0,1.0,0.3168,crisis
2017-12-07,BTC,0.2524716942763181,1.0,1.0,0.3168,crisis
2017-12-08,BTC,-0.0743196191102198,1.0,1.0,0.3168,crisis
2017-12-09,BTC,-0.083962012053233,1.0,1.0,0.3168,crisis
2017-12-10,BTC,0.0182630477754608,1.0,1.0,0.3168,crisis
2017-12-11,BTC,0.0958500170285845,1.0,1.0,0.3168,crisis
2017-12-12,BTC,0.0282579700591882,1.0,1.0,0.3168,crisis
2017-12-13,BTC,-0.0578339371638675,-1.0,-1.0,0.3168,crisis
2017-12-14,BTC,0.009495300439305,1.0,1.0,0.3168,crisis
2017-12-15,BTC,0.0689990576325163,1.0,1.0,0.3168,crisis
2017-12-16,BTC,0.1011187706769949,1.0,1.0,0.3168,crisis
2017-12-17,BTC,-0.0182895977017769,1.0,1.0,0.3168,crisis
2017-12-18,BTC,-0.0013897831550526,1.0,1.0,0.3168,crisis
2017-12-19,BTC,-0.0699741582000456,1.0,1.0,0.3168,crisis
2017-12-20,BTC,-0.0648095349534755,1.0,1.0,0.3168,crisis
2017-12-21,BTC,-0.049426707292645,-1.0,-1.0,0.3168,crisis
2017-12-22,BTC,-0.1247303050208964,-1.0,-1.0,0.3168,crisis
2017-12-23,BTC,0.0627105946350556,-1.0,-1.0,0.3168,crisis
2017-12-24,BTC,-0.0526151341806769,-1.0,-1.0,0.3168,crisis
2017-12-25,BTC,0.0072383494019188,-1.0,-1.0,0.3168,crisis
2017-12-26,BTC,0.1478049030448427,-1.0,-1.0,0.3168,crisis
2017-12-27,BTC,-0.016230003345223,1.0,1.0,0.3168,crisis
2017-12-28,BTC,-0.0777851437951826,1.0,1.0,0.3168,crisis
2017-12-29,BTC,0.0034026081068359,1.0,1.0,0.3168,crisis
2017-12-30,BTC,-0.1162647874136566,1.0,1.0,0.3168,crisis
2017-12-31,BTC,0.0929726360891418,-1.0,-1.0,0.3168,crisis
2018-01-01,BTC,-0.0352632153328392,-1.0,-1.0,0.3168,crisis
2018-01-02,BTC,0.0970110560814097,-1.0,-1.0,0.3168,crisis
2018-01-03,BTC,0.0146107953045528,1.0,1.0,0.3168,crisis
2018-01-04,BTC,0.026195657872015,1.0,1.0,0.3168,crisis
2018-01-05,BTC,0.1173329261610154,1.0,1.0,0.3168,crisis
2018-01-06,BTC,0.0055939642560027,1.0,1.0,0.3168,crisis
2018-01-07,BTC,-0.059873360565128,1.0,1.0,0.3168,crisis
2018-01-08,BTC,-0.0793501499609259,1.0,1.0,0.3168,crisis
2018-01-09,BTC,-0.0378836812907175,1.0,1.0,0.3168,crisis
2018-01-10,BTC,0.0258916784705156,-1.0,-1.0,0.3168,crisis
2018-01-11,BTC,-0.104686343053739,-1.0,-1.0,0.3168,crisis
2018-01-12,BTC,0.0428769497577097,-1.0,-1.0,0.3168,crisis
2018-01-13,BTC,0.0271519531739503,-1.0,-1.0,0.3168,crisis
2018-01-14,BTC,-0.040960445349815,-1.0,-1.0,0.3168,crisis
2018-01-15,BTC,0.0034707961579654,-1.0,-1.0,0.3168,crisis
2018-01-16,BTC,-0.1685480135462911,-1.0,-1.0,0.3168,crisis
2018-01-17,BTC,-0.0262739124167791,-1.0,-1.0,0.3168,crisis
2018-01-18,BTC,0.0255886162027021,-1.0,-1.0,0.3168,crisis
2018-01-19,BTC,0.0115469411924702,-1.0,-1.0,0.3168,crisis
2018-01-20,BTC,0.111291052364391,-1.0,-1.0,0.3168,crisis
2018-01-21,BTC,-0.1007117159410849,-1.0,-1.0,0.3168,crisis
2018-01-22,BTC,-0.0576459893680196,1.0,1.0,0.3168,crisis
2018-01-23,BTC,-0.005763214020962,-1.0,-1.0,0.3168,crisis
2018-01-24,BTC,0.0451768413338482,-1.0,-1.0,0.3168,crisis
2018-01-25,BTC,-0.008803281560753,-1.0,-1.0,0.3168,crisis
2018-01-26,BTC,-0.0078156915063853,-1.0,-1.0,0.3168,crisis
2018-01-27,BTC,0.0241061814339316,-1.0,-1.0,0.3168,crisis
2018-01-28,BTC,0.0302079071625878,1.0,1.0,0.3168,crisis
2018-01-29,BTC,-0.0415651580377807,1.0,1.0,0.3168,crisis
2018-01-30,BTC,-0.1053521958132058,-1.0,-1.0,0.3168,crisis
2018-01-31,BTC,0.0113592320538773,-1.0,-1.0,0.3168,crisis
2018-02-01,BTC,-0.1027834196380305,-1.0,-1.0,0.3168,crisis
2018-02-02,BTC,-0.037052347802326,-1.0,-1.0,0.3168,crisis
2018-02-03,BTC,0.0389729248648189,-1.0,-1.0,0.3168,crisis
2018-02-04,BTC,-0.0978647611075892,-1.0,-1.0,0.3168,crisis
2018-02-05,BTC,-0.1596880737755109,-1.0,-1.0,0.3168,crisis
2018-02-06,BTC,0.1148380980502292,-1.0,-1.0,0.3654,crisis
2018-02-07,BTC,-0.0171137729317126,-1.0,-1.0,0.3503,crisis
2018-02-08,BTC,0.0845380782246918,-1.0,-1.0,0.3571,crisis
2018-02-09,BTC,0.0570304883149312,-1.0,-1.0,0.3473,crisis
2018-02-10,BTC,-0.0131716075750212,1.0,1.0,0.3554,crisis
2018-02-11,BTC,-0.057055887158723,1.0,1.0,0.3571,crisis
2018-02-12,BTC,0.0979831508117721,1.0,1.0,0.3572,crisis
2018-02-13,BTC,-0.0367734449733546,1.0,1.0,0.3438,crisis
2018-02-14,BTC,0.1042437824749573,1.0,1.0,0.35,crisis
2018-02-15,BTC,0.0707526797888733,1.0,1.0,0.3492,crisis
2018-02-16,BTC,0.0066395181584866,1.0,1.0,0.3418,crisis
2018-02-17,BTC,0.0858714440383399,1.0,1.0,0.3416,crisis
2018-02-18,BTC,-0.0504738165132535,1.0,1.0,0.3363,crisis
2018-02-19,BTC,0.063827973660077,1.0,1.0,0.3381,crisis
2018-02-20,BTC,0.0158927060950748,1.0,1.0,0.3352,crisis
2018-02-21,BTC,-0.0625498559652333,1.0,1.0,0.332,crisis
2018-02-22,BTC,-0.0641136314432212,1.0,1.0,0.3325,crisis
2018-02-23,BTC,0.029595163355822,-1.0,-1.0,0.331,crisis
2018-02-24,BTC,-0.0473764273117839,-1.0,-1.0,0.3299,crisis
2018-02-25,BTC,-0.0151165577159926,-1.0,-1.0,0.3565,crisis
2018-02-26,BTC,0.0726321058649543,-1.0,-1.0,0.3565,crisis
2018-02-27,BTC,0.0346204102849221,-1.0,-1.0,0.3557,crisis
2018-02-28,BTC,-0.0305529975651492,1.0,1.0,0.3539,crisis
2018-03-01,BTC,0.0531933937233797,1.0,1.0,0.355,crisis
2018-03-02,BTC,0.0123642033261801,1.0,1.0,0.3633,crisis
2018-03-03,BTC,0.0363778855604512,1.0,1.0,0.3646,crisis
2018-03-04,BTC,0.0019930384320943,1.0,1.0,0.3767,crisis
2018-03-05,BTC,0.0052725012049468,1.0,1.0,0.3771,crisis
2018-03-06,BTC,-0.0685542954431329,1.0,1.0,0.3783,crisis
2018-03-07,BTC,-0.0755415215926486,-1.0,-1.0,0.3949,crisis
2018-03-08,BTC,-0.0572531755818666,-1.0,-1.0,0.3876,crisis
2018-03-09,BTC,-0.0061160086440503,-1.0,-1.0,0.388,crisis
2018-03-10,BTC,-0.0505003790663348,-1.0,-1.0,0.3964,crisis
2018-03-11,BTC,0.0803778347408639,-1.0,-1.0,0.3949,crisis
2018-03-12,BTC,-0.0389940701535206,-1.0,-1.0,0.3848,crisis
2018-03-13,BTC,-0.00111573859784,-1.0,-1.0,0.3916,crisis
2018-03-14,BTC,-0.1006041510585813,-1.0,-1.0,0.3952,crisis
2018-03-15,BTC,0.0037547153880626,-1.0,-1.0,0.3855,crisis
2018-03-16,BTC,0.0045163099033997,-1.0,-1.0,0.3872,crisis
2018-03-17,BTC,-0.0505459409004189,-1.0,-1.0,0.3872,crisis
2018-03-18,BTC,0.0387526158320983,-1.0,-1.0,0.3513,crisis
2018-03-19,BTC,0.0494876647182156,-1.0,-1.0,0.3491,crisis
2018-03-20,BTC,0.0327691799733553,1.0,1.0,0.3459,crisis
2018-03-21,BTC,0.0017737814072429,1.0,1.0,0.3442,crisis
2018-03-22,BTC,-0.022488995834565,1.0,1.0,0.3665,crisis
2018-03-23,BTC,0.0173169404672413,1.0,1.0,0.3542,crisis
2018-03-24,BTC,-0.0238185865170761,1.0,1.0,0.3591,crisis
2018-03-25,BTC,-0.0198820322538306,1.0,1.0,0.3582,crisis
2018-03-26,BTC,-0.0337084851061746,-1.0,-1.0,0.3619,crisis
2018-03-27,BTC,-0.0458450475862155,-1.0,-1.0,0.3603,crisis
2018-03-28,BTC,0.015503551724572,-1.0,-1.0,0.357,crisis
2018-03-29,BTC,-0.0991617034794232,-1.0,-1.0,0.3578,crisis
2018-03-30,BTC,-0.0384024126436746,-1.0,-1.0,0.371,crisis
2018-03-31,BTC,0.0120469522459418,-1.0,-1.0,0.3714,crisis
2018-04-01,BTC,-0.0185415146519809,-1.0,-1.0,0.355,crisis
2018-04-02,BTC,0.0350031814977587,-1.0,-1.0,0.3551,crisis
2018-04-03,BTC,0.0525579588439786,-1.0,-1.0,0.3305,crisis
2018-04-04,BTC,-0.0807753681979956,1.0,1.0,0.3272,crisis
2018-04-05,BTC,-0.0061818819628367,1.0,1.0,0.3333,crisis
2018-04-06,BTC,-0.0257140360451562,-1.0,-1.0,0.3168,crisis
2018-04-07,BTC,0.0414039749152079,-1.0,-1.0,0.3168,crisis
2018-04-08,BTC,0.0162680819267493,-1.0,-1.0,0.3168,crisis
2018-04-09,BTC,-0.0359919297388677,-1.0,-1.0,0.3168,crisis
2018-04-10,BTC,0.009456851084145,-1.0,-1.0,0.3168,crisis
2018-04-11,BTC,0.01954129525744,1.0,1.0,0.3168,crisis
2018-04-12,BTC,0.1321595734714284,1.0,1.0,0.3168,crisis
2018-04-13,BTC,0.0008505194964667,1.0,1.0,0.3168,crisis
2018-04-14,BTC,0.0114337298927718,1.0,1.0,0.3168,crisis
2018-04-15,BTC,0.042932607475504,1.0,1.0,0.3168,crisis
2018-04-16,BTC,-0.0324693056367979,1.0,1.0,0.3168,crisis
2018-04-17,BTC,-0.0194300150822617,1.0,1.0,0.3168,crisis
2018-04-18,BTC,0.0330710082133138,1.0,1.0,0.3168,crisis
2018-04-19,BTC,0.0160336782488381,1.0,1.0,0.3308,crisis
2018-04-20,BTC,0.0664938417281331,1.0,1.0,0.336,crisis
2018-04-21,BTC,0.0056241188854653,1.0,1.0,0.335,crisis
2018-04-22,BTC,-0.0104681332043191,1.0,1.0,0.3358,crisis
2018-04-23,BTC,0.0145890946899942,1.0,1.0,0.3463,crisis
2018-04-24,BTC,0.0858392596526644,1.0,1.0,0.3473,crisis
2018-04-25,BTC,-0.0878329224671307,1.0,1.0,0.3275,crisis
2018-04-26,BTC,0.0492632068887324,1.0,1.0,0.3564,crisis
2018-04-27,BTC,-0.0317254378191855,1.0,1.0,0.3501,crisis
2018-04-28,BTC,0.040216831097785,1.0,1.0,0.3627,crisis
2018-04-29,BTC,0.0075519876851644,1.0,1.0,0.3614,crisis
2018-04-30,BTC,-0.0189541093139361,-1.0,-1.0,0.3638,crisis
2018-05-01,BTC,-0.0131529012484566,1.0,1.0,0.3718,crisis
2018-05-02,BTC,0.01282048810724,-1.0,-1.0,0.372,crisis
2018-05-03,BTC,0.0549961924728752,1.0,1.0,0.376,crisis
2018-05-04,BTC,-0.0044233583387295,1.0,1.0,0.366,crisis
2018-05-05,BTC,0.0162245668177165,1.0,1.0,0.3661,crisis
2018-05-06,BTC,-0.0206276611615586,1.0,1.0,0.3624,crisis
2018-05-07,BTC,-0.0291865232592071,1.0,1.0,0.3412,crisis
2018-05-08,BTC,-0.0147433382211765,1.0,1.0,0.3387,crisis
2018-05-09,BTC,0.0097846381350477,-1.0,-1.0,0.3381,crisis
2018-05-10,BTC,-0.0301591247822805,-1.0,-1.0,0.3393,crisis
2018-05-11,BTC,-0.0666136845986851,-1.0,-1.0,0.3576,crisis
2018-05-12,BTC,0.007510452811321,-1.0,-1.0,0.3802,crisis
2018-05-13,BTC,0.0257558640152659,-1.0,-1.0,0.38,crisis
2018-05-14,BTC,-0.0008196285477451,-1.0,-1.0,0.3263,crisis
2018-05-15,BTC,-0.0236796062914232,-1.0,-1.0,0.3263,crisis
2018-05-16,BTC,-0.0166326070794292,-1.0,-1.0,0.3241,crisis
2018-05-17,BTC,-0.0328015088541208,-1.0,-1.0,0.3168,crisis
2018-05-18,BTC,0.0193530655750768,-1.0,-1.0,0.3168,crisis
2018-05-19,BTC,-0.0004593446816679,-1.0,-1.0,0.321,crisis
2018-05-20,BTC,0.0322619759216928,-1.0,-1.0,0.3252,crisis
2018-05-21,BTC,-0.0110721247026693,1.0,1.0,0.3212,crisis
2018-05-22,BTC,-0.044804713952344,1.0,1.0,0.3226,crisis
2018-05-23,BTC,-0.0601807030118889,-1.0,-1.0,0.3271,crisis
2018-05-24,BTC,0.0039058908809461,-1.0,-1.0,0.3417,crisis
2018-05-25,BTC,-0.0141287604402687,-1.0,-1.0,0.3428,crisis
2018-05-26,BTC,-0.0166120221860921,-1.0,-1.0,0.2216,crisis
2018-05-27,BTC,0.0016776146739541,-1.0,-1.0,0.2267,crisis
2018-05-28,BTC,-0.0315177849870593,-1.0,-1.0,0.2276,crisis
2018-05-29,BTC,0.0471692923223963,-1.0,-1.0,0.1921,crisis
2018-05-30,BTC,-0.0088416232658627,-1.0,-1.0,0.1921,crisis
2018-05-31,BTC,0.011834154516914,-1.0,-1.0,0.1921,crisis
2018-06-01,BTC,0.0063089406739353,1.0,1.0,0.1921,crisis
2018-06-02,BTC,0.0135252500989,1.0,1.0,0.1921,crisis
2018-06-03,BTC,0.010047792910929,1.0,1.0,0.1921,crisis
2018-06-04,BTC,-0.026654549419546,1.0,1.0,0.1921,crisis
2018-06-05,BTC,0.0158746455000393,1.0,1.0,0.1921,crisis
2018-06-06,BTC,0.0026487884691894,1.0,1.0,0.1921,crisis
2018-06-07,BTC,0.0031696259943396,1.0,1.0,0.1921,crisis
2018-06-08,BTC,-0.006944340222814,1.0,1.0,0.1921,crisis
2018-06-09,BTC,-0.0121889727837818,-1.0,-1.0,0.1921,crisis
2018-06-10,BTC,-0.0990390259761517,1.0,1.0,0.1921,crisis
2018-06-11,BTC,0.0178160250037253,-1.0,-1.0,0.1927,crisis
2018-06-12,BTC,-0.0469905634153701,-1.0,-1.0,0.2795,crisis
2018-06-13,BTC,-0.0353155958905019,-1.0,-1.0,0.2958,crisis
2018-06-14,BTC,0.0512528071808464,-1.0,-1.0,0.2909,crisis
2018-06-15,BTC,-0.0327728158569632,-1.0,-1.0,0.286,crisis
2018-06-16,BTC,0.0144937531932811,-1.0,-1.0,0.4106,crisis
2018-06-17,BTC,-0.0077692965522669,-1.0,-1.0,0.4104,crisis
2018-06-18,BTC,0.0362425016932115,-1.0,-1.0,0.2931,crisis
2018-06-19,BTC,0.00521470775821,1.0,1.0,0.4109,crisis
2018-06-20,BTC,0.0009763547887364,1.0,1.0,0.3153,crisis
2018-06-21,BTC,-0.006907581536569,1.0,1.0,0.3157,crisis
2018-06-22,BTC,-0.0959992912755791,1.0,1.0,0.3159,crisis
2018-06-23,BTC,0.0129510280473446,-1.0,-1.0,0.4924,crisis
2018-06-24,BTC,0.0017444275736506,-1.0,-1.0,0.546,crisis
2018-06-25,BTC,0.0123031533820698,-1.0,-1.0,0.5052,crisis
2018-06-26,BTC,-0.024884904824625,-1.0,-1.0,0.5267,crisis
2018-06-27,BTC,0.0104140791593736,-1.0,-1.0,0.5292,crisis
2018-06-28,BTC,-0.0412026295099637,1.0,1.0,0.5453,crisis
2018-06-29,BTC,0.0533349820454425,-1.0,-1.0,0.5369,crisis
2018-06-30,BTC,0.0298634998544964,1.0,1.0,0.5088,crisis
2018-07-01,BTC,-0.0028388781669659,1.0,1.0,0.4995,crisis
2018-07-02,BTC,0.0357605378555192,1.0,1.0,0.502,crisis
2018-07-03,BTC,-0.0127892391472776,1.0,1.0,0.5173,crisis
2018-07-04,BTC,0.0104079984445806,1.0,1.0,0.517,crisis
2018-07-05,BTC,0.0063039057320493,1.0,1.0,0.5188,crisis
2018-07-06,BTC,0.0051753483995944,1.0,1.0,0.5193,crisis
2018-07-07,BTC,0.0274863528555107,1.0,1.0,0.523,crisis
2018-07-08,BTC,-0.0121118767202974,1.0,1.0,0.5154,crisis
2018-07-09,BTC,-0.0047432023254536,1.0,1.0,0.5166,crisis
2018-07-10,BTC,-0.0610820342919123,1.0,1.0,0.5218,crisis
2018-07-11,BTC,0.0102306911787326,-1.0,-1.0,0.5151,crisis
2018-07-12,BTC,-0.025943303661489,-1.0,-1.0,0.5145,crisis
2018-07-13,BTC,0.0014833886419449,-1.0,-1.0,0.5184,crisis
2018-07-14,BTC,0.0061029189717902,-1.0,-1.0,0.3935,crisis
2018-07-15,BTC,0.0133075878045301,-1.0,-1.0,0.3955,crisis
2018-07-16,BTC,0.0600835668476045,1.0,1.0,0.3942,crisis
2018-07-17,BTC,0.0859257669095561,1.0,1.0,0.3692,crisis
2018-07-18,BTC,0.0067940819649061,1.0,1.0,0.4433,crisis
2018-07-19,BTC,0.0130352664067501,1.0,1.0,0.4429,crisis
2018-07-20,BTC,-0.0150973746036278,1.0,1.0,0.4488,crisis
2018-07-21,BTC,0.0088603488500096,1.0,1.0,0.4482,crisis
2018-07-22,BTC,-0.000107800703745,1.0,1.0,0.4526,crisis
2018-07-23,BTC,0.0394446335657814,1.0,1.0,0.3002,crisis
2018-07-24,BTC,0.0924846981320643,1.0,1.0,0.29,crisis
2018-07-25,BTC,-0.0288309144941628,1.0,1.0,0.3665,crisis
2018-07-26,BTC,-0.0280893655911045,1.0,1.0,0.3632,crisis
2018-07-27,BTC,0.0268411668376642,1.0,1.0,0.3583,crisis
2018-07-28,BTC,0.0033240162325662,1.0,1.0,0.3612,crisis
2018-07-29,BTC,0.0032115585112559,1.0,1.0,0.3722,crisis
2018-07-30,BTC,-0.0046213013933594,-1.0,-1.0,0.3728,crisis
2018-07-31,BTC,-0.0489017808267501,1.0,1.0,0.3731,crisis
2018-08-01,BTC,-0.0199898445753106,-1.0,-1.0,0.3859,crisis
2018-08-02,BTC,-0.0075752045234139,-1.0,-1.0,0.3844,crisis
2018-08-03,BTC,-0.0175442230348682,-1.0,-1.0,0.3845,crisis
2018-08-04,BTC,-0.0540111605226738,-1.0,-1.0,0.3868,crisis
2018-08-05,BTC,0.0050662081969263,-1.0,-1.0,0.3972,crisis
2018-08-06,BTC,-0.0165071098883571,-1.0,-1.0,0.3971,crisis
2018-08-07,BTC,-0.0285796042869406,-1.0,-1.0,0.3958,crisis
2018-08-08,BTC,-0.0662390576115351,-1.0,-1.0,0.392,crisis
2018-08-09,BTC,0.0416172704350952,-1.0,-1.0,0.4072,crisis
2018-08-10,BTC,-0.0583901630533161,-1.0,-1.0,0.3482,crisis
2018-08-11,BTC,0.0179507236770115,-1.0,-1.0,0.3548,crisis
2018-08-12,BTC,0.0042822613138011,-1.0,-1.0,0.3641,crisis
2018-08-13,BTC,-0.0039730110791915,-1.0,-1.0,0.3708,crisis
2018-08-14,BTC,-0.015539305797755,1.0,1.0,0.3853,crisis
2018-08-15,BTC,0.0175508304871243,-1.0,-1.0,0.3901,crisis
2018-08-16,BTC,0.0041546925200131,1.0,1.0,0.3895,crisis
2018-08-17,BTC,0.038817740156551,1.0,1.0,0.3898,crisis
2018-08-18,BTC,-0.0238381613889604,1.0,1.0,0.3887,crisis
2018-08-19,BTC,0.0128133774606904,1.0,1.0,0.3856,crisis
2018-08-20,BTC,-0.0303624222302626,1.0,1.0,0.3846,crisis
2018-08-21,BTC,0.0285692525210587,1.0,1.0,0.3797,crisis
2018-08-22,BTC,-0.0172682929765866,1.0,1.0,0.3168,crisis
2018-08-23,BTC,0.0248043148965404,-1.0,-1.0,0.3168,crisis
2018-08-24,BTC,0.028321879123101,1.0,1.0,0.1921,crisis
2018-08-25,BTC,0.0064330711373343,1.0,1.0,0.1921,crisis
2018-08-26,BTC,-0.0082697922527399,1.0,1.0,0.1921,crisis
2018-08-27,BTC,0.0264460267370039,1.0,1.0,0.1921,crisis
2018-08-28,BTC,0.0307408439997807,1.0,1.0,0.1921,crisis
2018-08-29,BTC,-0.0069218844793854,1.0,1.0,0.1921,crisis
2018-08-30,BTC,-0.0097812699375247,1.0,1.0,0.1921,crisis
2018-08-31,BTC,0.008505036065358,1.0,1.0,0.1921,crisis
2018-09-01,BTC,0.0221198082504057,1.0,1.0,0.1934,crisis
2018-09-02,BTC,0.0110478872336912,1.0,1.0,0.1922,crisis
2018-09-03,BTC,-0.001740773173724,1.0,1.0,0.1921,crisis
2018-09-04,BTC,0.0139943880403559,1.0,1.0,0.1921,crisis
2018-09-05,BTC,-0.0772692661779649,1.0,1.0,0.1921,crisis
2018-09-06,BTC,-0.038814478386419,-1.0,-1.0,0.2573,crisis
2018-09-07,BTC,-0.0095111780516222,-1.0,-1.0,0.2488,crisis
2018-09-08,BTC,-0.0372796104422955,-1.0,-1.0,0.2484,crisis
2018-09-09,BTC,0.01202700346731,-1.0,-1.0,0.2161,crisis
2018-09-10,BTC,0.0045772057555697,-1.0,-1.0,0.2159,crisis
2018-09-11,BTC,-0.0013428756082783,-1.0,-1.0,0.22,crisis
2018-09-12,BTC,0.0048407910570038,-1.0,-1.0,0.22,crisis
2018-09-13,BTC,0.0260572214168504,-1.0,-1.0,0.2201,crisis
2018-09-14,BTC,-0.0007058276520363,1.0,1.0,0.2172,crisis
2018-09-15,BTC,0.0046816508884746,1.0,1.0,0.2397,crisis
2018-09-16,BTC,-0.003976650378188,1.0,1.0,0.295,crisis
2018-09-17,BTC,-0.0362089084702129,1.0,1.0,0.2955,crisis
2018-09-18,BTC,0.0143443301556029,-1.0,-1.0,0.2879,crisis
2018-09-19,BTC,0.0042754595153344,-1.0,-1.0,0.287,crisis
2018-09-20,BTC,0.0189308626769564,-1.0,-1.0,0.2876,crisis
2018-09-21,BTC,0.033020118505568,-1.0,-1.0,0.2842,crisis
2018-09-22,BTC,-0.0019258070910126,1.0,1.0,0.2881,crisis
2018-09-23,BTC,-0.0016885051263509,1.0,1.0,0.3722,crisis
2018-09-24,BTC,-0.017169733478761,1.0,1.0,0.3794,crisis
2018-09-25,BTC,-0.0225823622606867,1.0,1.0,0.3842,crisis
2018-09-26,BTC,0.0075281174873815,-1.0,-1.0,0.3902,crisis
2018-09-27,BTC,0.027983063895304,-1.0,-1.0,0.3893,crisis
2018-09-28,BTC,-0.0048856280656757,-1.0,-1.0,0.3788,crisis
2018-09-29,BTC,-0.0063469442378133,-1.0,-1.0,0.3788,crisis
2018-09-30,BTC,0.0035747108125294,1.0,1.0,0.3723,crisis
2018-10-01,BTC,-0.0054244382495082,1.0,1.0,0.3756,crisis
2018-10-02,BTC,-0.0050867908825003,1.0,1.0,0.3759,crisis
2018-10-03,BTC,-0.0081619031297858,-1.0,-1.0,0.3786,crisis
2018-10-04,BTC,0.0113954746396116,-1.0,-1.0,0.3634,crisis
2018-10-05,BTC,0.0069624749639192,-1.0,-1.0,0.362,crisis
2018-10-06,BTC,-0.0051596866998125,-1.0,-1.0,0.3644,crisis
2018-10-07,BTC,0.0022221383918707,-1.0,-1.0,0.3743,crisis
2018-10-08,BTC,0.0074632980256665,1.0,1.0,0.3306,crisis
2018-10-09,BTC,-0.0014415983479458,1.0,1.0,0.3548,crisis
2018-10-10,BTC,-0.0085975380853178,1.0,1.0,0.3006,crisis
2018-10-11,BTC,-0.0500019833671494,-1.0,-1.0,0.3037,crisis
2018-10-12,BTC,0.0029314481322555,-1.0,-1.0,0.3469,crisis
2018-10-13,BTC,0.0018184732855317,-1.0,-1.0,0.347,crisis
2018-10-14,BTC,0.0007858652689651,-1.0,-1.0,0.351,crisis
2018-10-15,BTC,0.0485794397238397,-1.0,-1.0,0.3559,crisis
2018-10-16,BTC,-6.521233536105342e-05,1.0,1.0,0.3202,crisis
2018-10-17,BTC,-0.0078348736711749,1.0,1.0,0.3424,crisis
2018-10-18,BTC,-0.0103477633689729,1.0,1.0,0.3508,crisis
2018-10-19,BTC,-0.0017446828336689,1.0,1.0,0.3514,crisis
2018-10-20,BTC,0.0036780010210586,1.0,1.0,0.342,crisis
2018-10-21,BTC,-0.0010540366073054,-1.0,-1.0,0.3554,crisis
2018-10-22,BTC,0.0007420238835125,-1.0,-1.0,0.3609,crisis
2018-10-23,BTC,-0.0017603884596555,-1.0,-1.0,0.3718,crisis
2018-10-24,BTC,0.0031038319400622,-1.0,-1.0,0.3873,crisis
2018-10-25,BTC,-0.0030095884685811,1.0,1.0,0.3879,crisis
2018-10-26,BTC,-0.0002377964935497,-1.0,-1.0,0.389,crisis
2018-10-27,BTC,0.0008695135429939,-1.0,-1.0,0.4038,crisis
2018-10-28,BTC,0.0009274539479067,-1.0,-1.0,0.4254,crisis
2018-10-29,BTC,-0.0237050579236407,1.0,1.0,0.426,crisis
2018-10-30,BTC,0.0002589977227631,-1.0,-1.0,0.4205,crisis
2018-10-31,BTC,-0.0026301619916153,-1.0,-1.0,0.4226,crisis
2018-11-01,BTC,0.0095241591641666,-1.0,-1.0,0.4353,crisis
2018-11-02,BTC,0.0016714525444749,-1.0,-1.0,0.4362,crisis
2018-11-03,BTC,-0.0042545873531788,-1.0,-1.0,0.4359,crisis
2018-11-04,BTC,0.0023376057157507,1.0,1.0,0.4417,crisis
2018-11-05,BTC,0.0068270681804711,1.0,1.0,0.3779,trend
2018-11-06,BTC,0.0064410900839888,1.0,1.0,0.3268,trend
2018-11-07,BTC,0.0106996233718064,1.0,1.0,0.3283,range
2018-11-08,BTC,-0.0117026465397417,1.0,1.0,0.2462,range
2018-11-09,BTC,-0.010552068479761,1.0,1.0,0.2518,range
2018-11-10,BTC,0.00369581923496,1.0,1.0,0.2486,range
2018-11-11,BTC,0.0003198212292272,-1.0,-1.0,0.2483,range
2018-11-12,BTC,-0.0062390134681808,-1.0,-1.0,0.249,range
2018-11-13,BTC,-0.0018488912132336,-1.0,-1.0,0.2698,range
2018-11-14,BTC,-0.0976713720482337,-1.0,-1.0,0.2698,range
2018-11-15,BTC,-0.0157397703107884,-1.0,-1.0,0.3785,crisis
2018-11-16,BTC,-0.0128327900570277,-1.0,-1.0,0.3746,crisis
2018-11-17,BTC,-0.0038058536477711,-1.0,-1.0,0.3227,crisis
2018-11-18,BTC,0.0124605415889982,-1.0,-1.0,0.3283,crisis
2018-11-19,BTC,-0.1337324531280254,-1.0,-1.0,0.3246,crisis
2018-11-20,BTC,-0.0861379366474982,-1.0,-1.0,0.4264,crisis
2018-11-21,BTC,0.0337610488920672,-1.0,-1.0,0.6677,crisis
2018-11-22,BTC,-0.0513301300210371,-1.0,-1.0,0.6482,crisis
2018-11-23,BTC,-0.0043129494170125,-1.0,-1.0,0.6949,crisis
2018-11-24,BTC,-0.1072781383913814,-1.0,-1.0,0.6962,crisis
2018-11-25,BTC,0.033295014536419,-1.0,-1.0,0.7795,crisis
2018-11-26,BTC,-0.0575665377988225,-1.0,-1.0,0.7644,crisis
2018-11-27,BTC,0.011005202038643,-1.0,-1.0,0.7694,crisis
2018-11-28,BTC,0.1142978167781056,-1.0,-1.0,0.7656,crisis
2018-11-29,BTC,0.0050328034832569,-1.0,-1.0,0.6409,crisis
2018-11-30,BTC,-0.0611328576557232,-1.0,1.0,0.6406,crisis
2018-12-01,BTC,0.0491386915326241,-1.0,1.0,0.6391,crisis
2018-12-02,BTC,-0.0177460897385991,-1.0,1.0,0.6183,crisis
2018-12-03,BTC,-0.0593609460197417,-1.0,1.0,0.6175,crisis
2018-12-04,BTC,0.0161173164743617,-1.0,-1.0,0.6062,crisis
2018-12-05,BTC,-0.0512773241074452,-1.0,-1.0,0.604,crisis
2018-12-06,BTC,-0.0620387278838305,-1.0,-1.0,0.593,crisis
2018-12-07,BTC,-0.0287309360355496,-1.0,-1.0,0.5825,crisis
2018-12-08,BTC,0.0164264680991226,-1.0,-1.0,0.5822,crisis
2018-12-09,BTC,0.0397339095498676,-1.0,-1.0,0.5787,crisis
2018-12-10,BTC,-0.0308719240546277,-1.0,-1.0,0.5654,crisis
2018-12-11,BTC,-0.0222881924354418,-1.0,-1.0,0.5719,crisis
2018-12-12,BTC,0.0182100907007736,-1.0,-1.0,0.5718,crisis
2018-12-13,BTC,-0.0496918336980208,1.0,1.0,0.5684,crisis
2018-12-14,BTC,-0.021484404643338,-1.0,-1.0,0.5603,crisis
2018-12-15,BTC,-0.001765048958612,-1.0,-1.0,0.5784,crisis
2018-12-16,BTC,0.0049671226908645,-1.0,-1.0,0.5786,crisis
2018-12-17,BTC,0.0900830396883611,-1.0,-1.0,0.5773,crisis
2018-12-18,BTC,0.042357604334164,1.0,1.0,0.5262,crisis
2018-12-19,BTC,0.0134985941661627,1.0,1.0,0.5144,crisis
2018-12-20,BTC,0.1037095134107701,1.0,1.0,0.5129,crisis
2018-12-21,BTC,-0.0575404708163228,1.0,1.0,0.4623,crisis
2018-12-22,BTC,0.0301905804316386,1.0,1.0,0.453,crisis
2018-12-23,BTC,-0.0037871701484214,1.0,1.0,0.448,crisis
2018-12-24,BTC,0.0199098000021122,1.0,1.0,0.4484,crisis
2018-12-25,BTC,-0.0645095020681862,1.0,1.0,0.4459,crisis
2018-12-26,BTC,0.0109571449138579,-1.0,-1.0,0.4396,crisis
2018-12-27,BTC,-0.0524885896640594,-1.0,-1.0,0.4387,crisis
2018-12-28,BTC,0.0736244771111243,-1.0,-1.0,0.4323,crisis
2018-12-29,BTC,-0.0263792442322293,-1.0,-1.0,0.4118,crisis
2018-12-30,BTC,0.0119212233536554,-1.0,-1.0,0.4108,crisis
2018-12-31,BTC,-0.0318814555809551,1.0,1.0,0.4098,crisis
2019-01-01,BTC,0.0269376568360508,-1.0,-1.0,0.4088,crisis
2019-01-02,BTC,0.0259890422813662,1.0,1.0,0.4055,crisis
2019-01-03,BTC,-0.0270497433632126,1.0,1.0,0.4022,crisis
2019-01-04,BTC,0.0054672226262164,1.0,1.0,0.4013,crisis
2019-01-05,BTC,-0.0032462068888264,-1.0,-1.0,0.4014,crisis
2019-01-06,BTC,0.0601888886144605,1.0,1.0,0.4019,crisis
2019-01-07,BTC,-0.0126045888321079,1.0,1.0,0.3896,crisis
2019-01-08,BTC,0.0013911214837352,1.0,1.0,0.3896,crisis
2019-01-09,BTC,0.0011036105648376,1.0,1.0,0.3895,crisis
2019-01-10,BTC,-0.0883136681966635,1.0,1.0,0.3896,crisis
2019-01-11,BTC,0.0022943982214995,-1.0,-1.0,0.4077,crisis
2019-01-12,BTC,-0.0070685841359811,-1.0,-1.0,0.4074,crisis
2019-01-13,BTC,-0.0295927321023994,-1.0,-1.0,0.4075,crisis
2019-01-14,BTC,0.0430906673146018,-1.0,-1.0,0.3795,crisis
2019-01-15,BTC,-0.0203388803286431,-1.0,-1.0,0.3729,crisis
2019-01-16,BTC,0.0067016576822143,-1.0,-1.0,0.3725,crisis
2019-01-17,BTC,0.006445166852939,-1.0,-1.0,0.3721,crisis
2019-01-18,BTC,-0.0056338858242146,1.0,1.0,0.3726,crisis
2019-01-19,BTC,0.0193362794351548,1.0,1.0,0.3168,crisis
2019-01-20,BTC,-0.0342100976046959,1.0,1.0,0.3168,crisis
2019-01-21,BTC,-0.0069372691825597,-1.0,-1.0,0.3168,crisis
2019-01-22,BTC,0.0079822199513648,-1.0,-1.0,0.3168,crisis
2019-01-23,BTC,-0.0053970551222445,-1.0,-1.0,0.3168,crisis
2019-01-24,BTC,0.0043910436084884,-1.0,-1.0,0.3168,crisis
2019-01-25,BTC,-0.0003053736335224,-1.0,-1.0,0.3168,crisis
2019-01-26,BTC,0.00074854314866,-1.0,-1.0,0.3168,crisis
2019-01-27,BTC,-0.0051338881208983,1.0,1.0,0.1921,crisis
2019-01-28,BTC,-0.0316731203785524,-1.0,-1.0,0.1986,crisis
2019-01-29,BTC,-0.0064353306532939,-1.0,-1.0,0.1952,crisis
2019-01-30,BTC,0.0110392709675732,-1.0,-1.0,0.1944,crisis
2019-01-31,BTC,-0.0081432693250416,-1.0,-1.0,0.2055,crisis
2019-02-01,BTC,0.008720183739189,-1.0,-1.0,0.2064,crisis
2019-02-02,BTC,0.009494265405179,-1.0,-1.0,0.2063,crisis
2019-02-03,BTC,-0.0162017547174455,1.0,1.0,0.2072,crisis
2019-02-04,BTC,-0.0014028164443861,1.0,1.0,0.2156,crisis
2019-02-05,BTC,0.0020824077305636,-1.0,-1.0,0.1921,crisis
2019-02-06,BTC,-0.0151714301812906,1.0,1.0,0.1921,crisis
2019-02-07,BTC,-0.0041877899501193,-1.0,-1.0,0.1921,crisis
2019-02-08,BTC,0.0786323931883947,-1.0,-1.0,0.1932,crisis
2019-02-09,BTC,0.0012063280354683,1.0,1.0,0.1921,crisis
2019-02-10,BTC,0.005171224791767,1.0,1.0,0.1921,crisis
2019-02-11,BTC,-0.011315836951756,1.0,1.0,0.1921,crisis
2019-02-12,BTC,0.001397285808619,1.0,1.0,0.1921,crisis
2019-02-13,BTC,-0.005873228423961,1.0,1.0,0.1921,crisis
2019-02-14,BTC,-0.0041821041273146,-1.0,-1.0,0.1921,crisis
2019-02-15,BTC,0.0010865526937218,-1.0,-1.0,0.1921,crisis
2019-02-16,BTC,0.0024792255543701,-1.0,-1.0,0.1929,crisis
2019-02-17,BTC,0.0121353062126325,-1.0,-1.0,0.2036,crisis
2019-02-18,BTC,0.0658380400946754,1.0,1.0,0.2038,crisis
2019-02-19,BTC,0.0080138958321356,1.0,1.0,0.2477,crisis
2019-02-20,BTC,0.0133581991648696,1.0,1.0,0.2119,crisis
2019-02-21,BTC,-0.0114261107294547,1.0,1.0,0.2174,crisis
2019-02-22,BTC,0.0130012420298555,1.0,1.0,0.2165,crisis
2019-02-23,BTC,0.0342028046332711,1.0,1.0,0.2182,crisis
2019-02-24,BTC,-0.0801683071277992,1.0,1.0,0.1921,crisis
2019-02-25,BTC,0.0189660606358053,-1.0,-1.0,0.2299,crisis
2019-02-26,BTC,-0.0072986339379875,-1.0,-1.0,0.1948,crisis
2019-02-27,BTC,-0.0008589100836423,-1.0,-1.0,0.2375,crisis
2019-02-28,BTC,0.0009706546704713,-1.0,-1.0,0.2438,crisis
2019-03-01,BTC,0.0012447748305945,-1.0,-1.0,0.245,crisis
2019-03-02,BTC,0.0012517668104363,1.0,1.0,0.2424,crisis
2019-03-03,BTC,-0.0044610264783262,-1.0,-1.0,0.2489,crisis
2019-03-04,BTC,-0.0222549364032259,-1.0,-1.0,0.2552,crisis
2019-03-05,BTC,0.0358409739566951,-1.0,-1.0,0.2449,crisis
2019-03-06,BTC,0.001942222438324,1.0,1.0,0.2331,crisis
2019-03-07,BTC,0.0019318286070102,1.0,1.0,0.2332,crisis
2019-03-08,BTC,-0.0026467658337827,1.0,1.0,0.2693,crisis
2019-03-09,BTC,0.0159395107401667,1.0,1.0,0.2709,crisis
2019-03-10,BTC,-0.0029555740506511,1.0,1.0,0.2681,crisis
2019-03-11,BTC,-0.0117351352142838,1.0,1.0,0.2681,crisis
2019-03-12,BTC,0.0010060759032475,1.0,1.0,0.1921,range
2019-03-13,BTC,-0.000623910810357,-1.0,-1.0,0.1921,range
2019-03-14,BTC,0.0045183344942361,1.0,1.0,0.1921,range
2019-03-15,BTC,0.0093115583366554,-1.0,-1.0,0.1921,range
2019-03-16,BTC,0.0221703275638176,1.0,1.0,0.1921,range
2019-03-17,BTC,-0.0058035113164038,1.0,1.0,0.1921,trend
2019-03-18,BTC,0.0018081754616785,1.0,1.0,0.1921,range
2019-03-19,BTC,0.0095927566196347,1.0,1.0,0.1921,trend
2019-03-20,BTC,0.0040003370194585,1.0,1.0,0.1921,trend
2019-03-21,BTC,-0.0142262387677489,1.0,1.0,0.1921,trend
2019-03-22,BTC,-0.0013299101079167,-1.0,-1.0,0.1921,range
2019-03-23,BTC,0.0029468806724162,-1.0,-1.0,0.1921,range
2019-03-24,BTC,-0.0033842394882989,1.0,1.0,0.1921,trend
2019-03-25,BTC,-0.0146929847589661,-1.0,-1.0,0.1921,trend
2019-03-26,BTC,0.0055538385178051,-1.0,-1.0,0.1921,range
2019-03-27,BTC,0.0255917900817936,-1.0,-1.0,0.1921,range
2019-03-28,BTC,-0.004394101700994,1.0,1.0,0.1921,trend
2019-03-29,BTC,0.0071925689607101,1.0,1.0,0.1921,trend
2019-03-30,BTC,0.0020216904305738,1.0,1.0,0.1921,range
2019-03-31,BTC,-0.0003058103975535,1.0,1.0,0.1921,trend
2019-04-01,BTC,0.0128559344651937,1.0,1.0,0.1921,trend
2019-04-02,BTC,0.1735601357404375,1.0,1.0,0.1921,trend
2019-04-03,BTC,0.0190873715102777,1.0,1.0,0.3168,trend
2019-04-04,BTC,-0.010099119772122,1.0,1.0,0.3168,trend
2019-04-05,BTC,0.0231336538816324,1.0,1.0,0.3168,trend
2019-04-06,BTC,0.0045935467759328,1.0,1.0,0.3168,trend
2019-04-07,BTC,0.0274870769676756,1.0,1.0,0.3168,trend
2019-04-08,BTC,0.0174794814968357,1.0,1.0,0.3168,trend
2019-04-09,BTC,-0.0160333027767421,1.0,1.0,0.3168,trend
2019-04-10,BTC,0.0229767944948078,1.0,1.0,0.3168,trend
2019-04-11,BTC,-0.0488424146618855,1.0,1.0,0.3168,trend
2019-04-12,BTC,0.0049464566912431,1.0,1.0,0.3168,trend
2019-04-13,BTC,0.0013846761356397,-1.0,-1.0,0.3168,trend
2019-04-14,BTC,0.0139575269101015,-1.0,-1.0,0.3168,trend
2019-04-15,BTC,-0.0194696553454223,-1.0,-1.0,0.3168,trend
2019-04-16,BTC,0.0332440434720013,-1.0,-1.0,0.3168,trend
2019-04-17,BTC,0.0031283032403301,1.0,1.0,0.3168,trend
2019-04-18,BTC,0.0088439265676574,1.0,1.0,0.3168,trend
2019-04-19,BTC,0.0010242285247921,1.0,1.0,0.3168,trend
2019-04-20,BTC,0.0064243844345459,1.0,1.0,0.3168,trend
2019-04-21,BTC,-0.004375323763073,1.0,1.0,0.3168,trend
2019-04-22,BTC,0.0159626466351101,1.0,1.0,0.3168,trend
2019-04-23,BTC,0.0320402608090144,1.0,1.0,0.3168,trend
2019-04-24,BTC,-0.0192908500185503,1.0,1.0,0.3168,trend
2019-04-25,BTC,-0.046542960371771,1.0,1.0,0.3168,trend
2019-04-26,BTC,0.0132103086306838,-1.0,-1.0,0.3168,range
2019-04-27,BTC,-0.0020944117727306,-1.0,-1.0,0.3168,range
2019-04-28,BTC,0.00319802844628,-1.0,-1.0,0.3168,range
2019-04-29,BTC,-0.0071495981370967,-1.0,-1.0,0.3168,range
2019-04-30,BTC,0.0197002245738131,-1.0,-1.0,0.3168,range
2019-05-01,BTC,0.009712831055362,1.0,1.0,0.3168,range
2019-05-02,BTC,0.0189880018697257,1.0,1.0,0.3168,trend
2019-05-03,BTC,0.0477733526767298,1.0,1.0,0.1921,trend
2019-05-04,BTC,0.0109006195222955,1.0,1.0,0.1921,trend
2019-05-05,BTC,-0.0060809408225314,1.0,1.0,0.1921,trend
2019-05-06,BTC,-0.0084375132428518,1.0,1.0,0.1921,trend
2019-05-07,BTC,0.0143896139338921,1.0,1.0,0.1921,trend
2019-05-08,BTC,0.0262382736516904,1.0,1.0,0.1921,trend
2019-05-09,BTC,0.0321057505942055,1.0,1.0,0.1921,trend
2019-05-10,BTC,0.0330908347557834,1.0,1.0,0.1921,trend
2019-05-11,BTC,0.129478272271728,1.0,1.0,0.1921,trend
2019-05-12,BTC,-0.0322563877074736,1.0,1.0,0.1921,trend
2019-05-13,BTC,0.1208402976115901,1.0,1.0,0.1921,trend
2019-05-14,BTC,0.0229690247002396,1.0,1.0,0.3168,trend
2019-05-15,BTC,0.0263623950408744,1.0,1.0,0.3168,trend
2019-05-16,BTC,-0.0390313507635955,1.0,1.0,0.3168,trend
2019-05-17,BTC,-0.0686138114651615,1.0,1.0,0.3168,trend
2019-05-18,BTC,-0.0098976762295533,1.0,1.0,0.3168,trend
2019-05-19,BTC,0.1274178161753931,-1.0,-1.0,0.3168,trend
2019-05-20,BTC,-0.0267612444150493,1.0,1.0,0.3168,trend
2019-05-21,BTC,-0.0018777719888342,-1.0,-1.0,0.3168,trend
2019-05-22,BTC,-0.0355707115656823,1.0,1.0,0.3168,trend
2019-05-23,BTC,0.0262732459283545,1.0,1.0,0.3168,trend
2019-05-24,BTC,0.0133883475068985,1.0,1.0,0.3168,trend
2019-05-25,BTC,0.0081594254895895,-1.0,-1.0,0.3168,trend
2019-05-26,BTC,0.077077738316635,1.0,1.0,0.3168,trend
2019-05-27,BTC,0.0152841232994043,1.0,1.0,0.3168,trend
2019-05-28,BTC,-0.0097454652080037,1.0,1.0,0.3168,trend
2019-05-29,BTC,-0.0069351919160878,1.0,1.0,0.3168,trend
2019-05-30,BTC,-0.0392649860752662,1.0,1.0,0.3168,trend
2019-05-31,BTC,0.0306545026845432,1.0,1.0,0.3168,trend
2019-06-01,BTC,-0.0012228525481504,-1.0,-1.0,0.3168,trend
2019-06-02,BTC,0.0208945655496921,-1.0,-1.0,0.3168,trend
2019-06-03,BTC,-0.0610734822411206,1.0,1.0,0.3168,range
2019-06-04,BTC,-0.0610579143900715,-1.0,-1.0,0.3168,range
2019-06-05,BTC,0.0151094848663473,-1.0,-1.0,0.3168,range
2019-06-06,BTC,-0.0002822012395636,-1.0,-1.0,0.3168,range
2019-06-07,BTC,0.0283721643316796,-1.0,-1.0,0.3168,range
2019-06-08,BTC,-0.0111665573631972,-1.0,-1.0,0.3168,range
2019-06-09,BTC,-0.0334481395825944,-1.0,-1.0,0.3168,range
2019-06-10,BTC,0.0406151545279056,-1.0,-1.0,0.3168,range
2019-06-11,BTC,-0.0090765303553472,1.0,1.0,0.3168,range
2019-06-12,BTC,0.0275165144233242,1.0,1.0,0.3168,range
2019-06-13,BTC,0.0104429039012592,1.0,1.0,0.3168,range
2019-06-14,BTC,0.0562402458525668,1.0,1.0,0.3168,range
2019-06-15,BTC,0.0166258072886391,1.0,1.0,0.3168,range
2019-06-16,BTC,0.0176631203416917,1.0,1.0,0.3168,range
2019-06-17,BTC,0.036229327074871,1.0,1.0,0.3168,range
2019-06-18,BTC,-0.0255988003404428,1.0,1.0,0.3168,range
2019-06-19,BTC,0.021114710381221,1.0,1.0,0.3168,range
2019-06-20,BTC,0.0273508474965369,1.0,1.0,0.3168,trend
2019-06-21,BTC,0.0648038318081569,1.0,1.0,0.3168,trend
2019-06-22,BTC,0.0549195775982847,1.0,1.0,0.3168,trend
2019-06-23,BTC,0.0143603176045843,1.0,1.0,0.3168,trend
2019-06-24,BTC,0.0143460268624222,1.0,1.0,0.3168,trend
2019-06-25,BTC,0.0708207420972208,1.0,1.0,0.3168,trend
2019-06-26,BTC,0.103920200094435,1.0,1.0,0.3168,trend
2019-06-27,BTC,-0.140856807317126,1.0,1.0,0.3168,trend
2019-06-28,BTC,0.1095007210601795,1.0,1.0,0.3168,trend
2019-06-29,BTC,-0.0361045337040818,1.0,1.0,0.3168,trend
2019-06-30,BTC,-0.0955080172158404,1.0,1.0,0.3168,trend
2019-07-01,BTC,-0.0216342006652302,-1.0,-1.0,0.3168,crisis
2019-07-02,BTC,0.0206501167744597,-1.0,-1.0,0.3168,crisis
2019-07-03,BTC,0.1073529339969792,-1.0,-1.0,0.3168,crisis
2019-07-04,BTC,-0.0623539189800413,-1.0,-1.0,0.3168,crisis
2019-07-05,BTC,-0.021129584919224,-1.0,-1.0,0.3168,crisis
2019-07-06,BTC,0.0209583877093131,1.0,1.0,0.3168,crisis
2019-07-07,BTC,0.0216170585445194,1.0,1.0,0.3168,crisis
2019-07-08,BTC,0.0729300942965547,1.0,1.0,0.3168,crisis
2019-07-09,BTC,0.0234295520141332,1.0,1.0,0.3168,crisis
2019-07-10,BTC,-0.0331880091807874,1.0,1.0,0.3168,crisis
2019-07-11,BTC,-0.0656315347941147,1.0,1.0,0.3168,crisis
2019-07-12,BTC,0.0402621553794211,1.0,1.0,0.3168,crisis
2019-07-13,BTC,-0.035850364930324,1.0,1.0,0.3168,crisis
2019-07-14,BTC,-0.0997439008876891,-1.0,-1.0,0.3168,crisis
2019-07-15,BTC,0.0623076832253497,-1.0,-1.0,0.3168,crisis
2019-07-16,BTC,-0.130099729558506,-1.0,-1.0,0.3168,crisis
2019-07-17,BTC,0.0228074812173593,-1.0,-1.0,0.3522,crisis
2019-07-18,BTC,0.1003403632354513,-1.0,-1.0,0.3521,crisis
2019-07-19,BTC,-0.0127267823290648,-1.0,-1.0,0.3648,crisis
2019-07-20,BTC,0.0224492672581275,1.0,1.0,0.3664,crisis
2019-07-21,BTC,-0.0156062041706577,1.0,1.0,0.366,crisis
2019-07-22,BTC,-0.0241528895237694,1.0,1.0,0.3688,crisis
2019-07-23,BTC,-0.0427665391946119,1.0,1.0,0.3676,crisis
2019-07-24,BTC,-0.0089732231540602,-1.0,-1.0,0.3626,crisis
2019-07-25,BTC,0.01018311979244,-1.0,-1.0,0.3622,crisis
2019-07-26,BTC,-0.0041907535237897,-1.0,-1.0,0.3741,crisis
2019-07-27,BTC,-0.0397785101716193,-1.0,-1.0,0.3743,crisis
2019-07-28,BTC,0.0079325990284324,-1.0,-1.0,0.3705,crisis
2019-07-29,BTC,-0.0035292930608459,-1.0,-1.0,0.3706,crisis
2019-07-30,BTC,0.0092737651966816,-1.0,-1.0,0.3747,crisis
2019-07-31,BTC,0.049774435906803,-1.0,-1.0,0.3763,crisis
2019-08-01,BTC,0.0311374777866439,1.0,1.0,0.3715,crisis
2019-08-02,BTC,0.0113951569033756,1.0,1.0,0.3705,crisis
2019-08-03,BTC,0.0288597369267165,1.0,1.0,0.3805,crisis
2019-08-04,BTC,0.013718514042569,1.0,1.0,0.3901,crisis
2019-08-05,BTC,0.0761581306718344,1.0,1.0,0.3902,crisis
2019-08-06,BTC,-0.0277396232224216,1.0,1.0,0.379,crisis
2019-08-07,BTC,0.0404071247685291,1.0,1.0,0.3771,crisis
2019-08-08,BTC,0.0020464361508649,1.0,1.0,0.3754,crisis
2019-08-09,BTC,-0.0086467643266661,1.0,1.0,0.3794,crisis
2019-08-10,BTC,-0.0428993368016044,1.0,1.0,0.3812,crisis
2019-08-11,BTC,0.0149334439769213,-1.0,-1.0,0.3759,crisis
2019-08-12,BTC,-0.0122325615490318,1.0,1.0,0.3767,crisis
2019-08-13,BTC,-0.0427657511938907,-1.0,-1.0,0.3759,crisis
2019-08-14,BTC,-0.0774723881071904,-1.0,-1.0,0.3762,crisis
2019-08-15,BTC,0.0258505218865932,-1.0,-1.0,0.3804,crisis
2019-08-16,BTC,0.0060895785528642,-1.0,-1.0,0.3797,crisis
2019-08-17,BTC,-0.0137449459081683,-1.0,-1.0,0.3821,crisis
2019-08-18,BTC,0.0111482856375484,-1.0,-1.0,0.3834,crisis
2019-08-19,BTC,0.0551182685473343,-1.0,-1.0,0.3839,crisis
2019-08-20,BTC,-0.013999682770833,1.0,1.0,0.3792,crisis
2019-08-21,BTC,-0.0580850243386819,1.0,1.0,0.3872,crisis
2019-08-22,BTC,-0.0006898901425563,-1.0,-1.0,0.3856,crisis
2019-08-23,BTC,0.0273327073574147,-1.0,-1.0,0.3861,crisis
2019-08-24,BTC,-0.0238282805498643,1.0,1.0,0.3849,crisis
2019-08-25,BTC,-0.002110574982218,-1.0,-1.0,0.3954,crisis
2019-08-26,BTC,0.0229128896394301,-1.0,-1.0,0.4236,crisis
2019-08-27,BTC,-0.017869397686568,1.0,1.0,0.3676,crisis
2019-08-28,BTC,-0.0423226300562074,1.0,1.0,0.4038,crisis
2019-08-29,BTC,-0.0250371200804442,-1.0,-1.0,0.4023,crisis
2019-08-30,BTC,0.0092504501488688,-1.0,-1.0,0.373,crisis
2019-08-31,BTC,0.0033850433381186,-1.0,-1.0,0.3741,crisis
2019-09-01,BTC,0.0132188849905696,-1.0,-1.0,0.3756,crisis
2019-09-02,BTC,0.0603393940170304,-1.0,-1.0,0.4182,crisis
2019-09-03,BTC,0.0267503331498204,1.0,1.0,0.3862,crisis
2019-09-04,BTC,-0.0027341992305008,1.0,1.0,0.3851,crisis
2019-09-05,BTC,-0.0017896052830365,1.0,1.0,0.3867,crisis
2019-09-06,BTC,-0.0210136420057129,1.0,1.0,0.2639,crisis
2019-09-07,BTC,0.0158357340303734,1.0,1.0,0.2843,crisis
2019-09-08,BTC,-0.0072241774561502,1.0,1.0,0.2857,crisis
2019-09-09,BTC,-0.0101809160177543,-1.0,-1.0,0.2897,crisis
2019-09-10,BTC,-0.0211900881922673,-1.0,-1.0,0.2681,crisis
2019-09-11,BTC,0.0061681133811493,-1.0,-1.0,0.2739,crisis
2019-09-12,BTC,0.0227693467296665,-1.0,-1.0,0.2789,crisis
2019-09-13,BTC,-0.004762677568511,-1.0,-1.0,0.2197,crisis
2019-09-14,BTC,-0.0002411114881423,-1.0,-1.0,0.2381,crisis
2019-09-15,BTC,-0.0009978652998753,1.0,1.0,0.1921,crisis
2019-09-16,BTC,-0.0068535864941471,1.0,1.0,0.1921,crisis
2019-09-17,BTC,-0.0034564752941458,1.0,1.0,0.2221,crisis
2019-09-18,BTC,-0.0042010808936686,-1.0,-1.0,0.2232,crisis
2019-09-19,BTC,0.0066841865263698,-1.0,-1.0,0.2272,crisis
2019-09-20,BTC,-0.0082573553842745,-1.0,-1.0,0.2286,crisis
2019-09-21,BTC,-0.0159036048433143,-1.0,-1.0,0.2328,crisis
2019-09-22,BTC,0.005057606145695,-1.0,-1.0,0.2387,crisis
2019-09-23,BTC,-0.0338684273457096,-1.0,-1.0,0.2393,crisis
2019-09-24,BTC,-0.1139604136496184,-1.0,-1.0,0.2303,crisis
2019-09-25,BTC,-0.0154947176197909,-1.0,-1.0,0.3029,crisis
2019-09-26,BTC,-0.0433634602397672,-1.0,-1.0,0.312,crisis
2019-09-27,BTC,0.0163663575709995,-1.0,-1.0,0.3026,crisis
2019-09-28,BTC,-0.0007187075808087,-1.0,-1.0,0.3003,crisis
2019-09-29,BTC,-0.0171878428914317,-1.0,-1.0,0.3011,crisis
2019-09-30,BTC,0.0234055126317587,-1.0,-1.0,0.3192,crisis
2019-10-01,BTC,0.005957196587605,-1.0,-1.0,0.3228,crisis
2019-10-02,BTC,0.0059647580650352,1.0,1.0,0.3237,crisis
2019-10-03,BTC,-0.0158523935435265,1.0,1.0,0.3311,crisis
2019-10-04,BTC,-0.0065439207626368,1.0,1.0,0.3324,crisis
2019-10-05,BTC,-0.0066340929219284,1.0,1.0,0.3886,crisis
2019-10-06,BTC,-0.020038608449736,-1.0,-1.0,0.3934,crisis
2019-10-07,BTC,0.0322311297921977,-1.0,-1.0,0.4124,crisis
2019-10-08,BTC,-0.0020422766908295,-1.0,-1.0,0.3985,crisis
2019-10-09,BTC,0.0445943248463081,-1.0,-1.0,0.3984,crisis
2019-10-10,BTC,-0.0010780457889411,1.0,1.0,0.3873,crisis
2019-10-11,BTC,-0.0308295125793441,1.0,1.0,0.3908,crisis
2019-10-12,BTC,0.0017783297946283,1.0,1.0,0.3848,crisis
2019-10-13,BTC,-0.0018652553061611,1.0,1.0,0.3772,crisis
2019-10-14,BTC,0.0064512229614668,1.0,1.0,0.3155,crisis
2019-10-15,BTC,-0.0202177576842603,-1.0,-1.0,0.3231,crisis
2019-10-16,BTC,-0.0192364636436365,-1.0,-1.0,0.3211,crisis
2019-10-17,BTC,0.0070064105850649,-1.0,-1.0,0.3196,crisis
2019-10-18,BTC,-0.0161284608307259,-1.0,-1.0,0.3207,crisis
2019-10-19,BTC,0.001925577291967,-1.0,-1.0,0.3579,crisis
2019-10-20,BTC,0.0292314963070974,-1.0,-1.0,0.3583,crisis
2019-10-21,BTC,0.0026322515787333,1.0,1.0,0.2896,crisis
2019-10-22,BTC,-0.0200780186624052,1.0,1.0,0.2893,crisis
2019-10-23,BTC,-0.0697594800823976,-1.0,-1.0,0.2971,crisis
2019-10-24,BTC,-0.0028188995901766,-1.0,-1.0,0.373,crisis
2019-10-25,BTC,0.1557634183061922,-1.0,-1.0,0.373,crisis
2019-10-26,BTC,0.0674624969992299,1.0,1.0,0.3168,crisis
2019-10-27,BTC,0.0331793504324351,1.0,1.0,0.3168,crisis
2019-10-28,BTC,-0.0309438054930417,1.0,1.0,0.3168,crisis
2019-10-29,BTC,0.0185324450724053,1.0,1.0,0.3168,crisis
2019-10-30,BTC,-0.0235435187579138,1.0,1.0,0.3168,crisis
2019-10-31,BTC,-0.0006671501180056,1.0,1.0,0.3168,crisis
2019-11-01,BTC,0.0066872072502421,-1.0,-1.0,0.3168,crisis
2019-11-02,BTC,0.0068688655120632,-1.0,-1.0,0.3168,crisis
2019-11-03,BTC,-0.0095834837494558,1.0,1.0,0.3168,crisis
2019-11-04,BTC,0.0191933956243854,-1.0,-1.0,0.3168,crisis
2019-11-05,BTC,-0.0074458565453288,1.0,1.0,0.3168,crisis
2019-11-06,BTC,0.0019644083862144,1.0,1.0,0.3168,crisis
2019-11-07,BTC,-0.009968973060571,1.0,1.0,0.3168,crisis
2019-11-08,BTC,-0.0499247469674076,-1.0,-1.0,0.3168,crisis
2019-11-09,BTC,0.0009882214210468,-1.0,-1.0,0.3168,crisis
2019-11-10,BTC,0.0274513058458691,-1.0,-1.0,0.3168,crisis
2019-11-11,BTC,-0.0328791799810608,-1.0,-1.0,0.3168,crisis
2019-11-12,BTC,0.0066082922844901,-1.0,-1.0,0.3168,crisis
2019-11-13,BTC,-0.0008393486468396,-1.0,-1.0,0.3168,crisis
2019-11-14,BTC,-0.0113720460225722,1.0,1.0,0.3168,crisis
2019-11-15,BTC,-0.024816282533459,-1.0,-1.0,0.3168,crisis
2019-11-16,BTC,0.006920467352055,-1.0,-1.0,0.3168,crisis
2019-11-17,BTC,0.0031827394743637,-1.0,-1.0,0.3168,crisis
2019-11-18,BTC,-0.031323177646423,-1.0,-1.0,0.3168,crisis
2019-11-19,BTC,-0.0124126938646038,-1.0,-1.0,0.3168,crisis
2019-11-20,BTC,-0.0217979855750733,-1.0,-1.0,0.3168,crisis
2019-11-21,BTC,-0.0479014856891898,-1.0,-1.0,0.3168,crisis
2019-11-22,BTC,-0.0452942152080403,-1.0,-1.0,0.3168,crisis
2019-11-23,BTC,0.013872152579023,-1.0,-1.0,0.335,crisis
2019-11-24,BTC,-0.047295145936607,-1.0,-1.0,0.3168,crisis
2019-11-25,BTC,0.0139355779847962,-1.0,-1.0,0.1921,crisis
2019-11-26,BTC,0.0101085855400668,-1.0,-1.0,0.1921,crisis
2019-11-27,BTC,0.0434021022748487,-1.0,-1.0,0.1921,crisis
2019-11-28,BTC,-0.0091025862363497,1.0,1.0,0.1921,crisis
2019-11-29,BTC,0.0399482061529106,1.0,1.0,0.1921,crisis
2019-11-30,BTC,-0.0246885393777562,1.0,1.0,0.1921,crisis
2019-12-01,BTC,-0.0192000671887209,1.0,1.0,0.1921,crisis
2019-12-02,BTC,-0.0137796563763999,1.0,1.0,0.1921,crisis
2019-12-03,BTC,-0.0002516766439273,-1.0,-1.0,0.1921,crisis
2019-12-04,BTC,-0.0093045745840787,-1.0,-1.0,0.1921,crisis
2019-12-05,BTC,0.0270645354310923,-1.0,-1.0,0.1921,crisis
2019-12-06,BTC,0.0132498508273233,-1.0,-1.0,0.1921,crisis
2019-12-07,BTC,0.0012244885547587,1.0,1.0,0.1921,crisis
2019-12-08,BTC,0.0010729442478032,1.0,1.0,0.1921,crisis
2019-12-09,BTC,-0.0216073957677811,1.0,1.0,0.1921,crisis
2019-12-10,BTC,-0.0165898464885166,1.0,1.0,0.1921,crisis
2019-12-11,BTC,-0.0083390196791284,-1.0,-1.0,0.1921,crisis
2019-12-12,BTC,0.0035617998454939,-1.0,-1.0,0.1921,crisis
2019-12-13,BTC,0.0036655806660659,-1.0,-1.0,0.1921,crisis
2019-12-14,BTC,-0.0199473224436292,-1.0,-1.0,0.1921,crisis
2019-12-15,BTC,0.0038777816857296,-1.0,-1.0,0.1921,crisis
2019-12-16,BTC,-0.0307343421049577,-1.0,-1.0,0.1921,crisis
2019-12-17,BTC,-0.0421155650343858,-1.0,-1.0,0.1921,crisis
2019-12-18,BTC,0.0958190117115909,-1.0,-1.0,0.1921,crisis
2019-12-19,BTC,-0.010163597776861,1.0,1.0,0.1921,crisis
2019-12-20,BTC,0.0022174806840695,1.0,1.0,0.1921,crisis
2019-12-21,BTC,-0.003831336508268,1.0,1.0,0.1921,crisis
2019-12-22,BTC,0.0445589076158448,1.0,1.0,0.1921,crisis
2019-12-23,BTC,-0.0207626444919029,1.0,1.0,0.1921,crisis
2019-12-24,BTC,-0.004499437644974,1.0,1.0,0.1921,crisis
2019-12-25,BTC,-0.0064699564819792,1.0,1.0,0.1921,crisis
2019-12-26,BTC,-0.0049743216542762,1.0,1.0,0.1934,crisis
2019-12-27,BTC,0.007061999794407,1.0,1.0,0.2064,crisis
2019-12-28,BTC,0.0038273686159255,-1.0,-1.0,0.2124,crisis
2019-12-29,BTC,0.0143020958356319,-1.0,-1.0,0.2168,crisis
2019-12-30,BTC,-0.0174678403769921,1.0,1.0,0.2176,crisis
2019-12-31,BTC,-0.0136289678652742,1.0,1.0,0.2156,crisis
2020-01-01,BTC,0.0009140341575637,-1.0,-1.0,0.2158,crisis
2020-01-02,BTC,-0.0298192921625907,-1.0,-1.0,0.2167,crisis
2020-01-03,BTC,0.0514516634451127,-1.0,-1.0,0.2104,crisis
2020-01-04,BTC,0.0089548668779415,-1.0,-1.0,0.1921,crisis
2020-01-05,BTC,8.914790612779555e-05,1.0,1.0,0.1921,crisis
2020-01-06,BTC,0.0482912601069758,1.0,1.0,0.1921,crisis
2020-01-07,BTC,0.0507738464358893,1.0,1.0,0.1921,crisis
2020-01-08,BTC,-0.0102685875352482,1.0,1.0,0.1921,crisis
2020-01-09,BTC,-0.0248508556458387,1.0,1.0,0.1921,crisis
2020-01-10,BTC,0.0364869030383474,1.0,1.0,0.1921,crisis
2020-01-11,BTC,-0.0157981687765988,1.0,1.0,0.1921,crisis
2020-01-12,BTC,0.0192791064534409,1.0,1.0,0.1921,crisis
2020-01-13,BTC,-0.0058956166288836,1.0,1.0,0.1921,crisis
2020-01-14,BTC,0.0839334480862816,1.0,1.0,0.1921,crisis
2020-01-15,BTC,-0.0023509809194645,1.0,1.0,0.3168,crisis
2020-01-16,BTC,-0.0094498135418793,1.0,1.0,0.3168,crisis
2020-01-17,BTC,0.0235278524714164,1.0,1.0,0.1921,crisis
2020-01-18,BTC,0.0015422162701026,1.0,1.0,0.1921,crisis
2020-01-19,BTC,-0.0264529285271554,1.0,1.0,0.1921,crisis
2020-01-20,BTC,-0.0055824914654137,-1.0,-1.0,0.1921,crisis
2020-01-21,BTC,0.0101935315911496,-1.0,-1.0,0.1921,crisis
2020-01-22,BTC,-0.0074341800550168,1.0,1.0,0.1921,crisis
2020-01-23,BTC,-0.0316051458750529,-1.0,-1.0,0.1921,crisis
2020-01-24,BTC,0.0046296167221482,-1.0,-1.0,0.1921,crisis
2020-01-25,BTC,-0.0091868468598684,-1.0,-1.0,0.1921,crisis
2020-01-26,BTC,0.027364554337216,-1.0,-1.0,0.1921,crisis
2020-01-27,BTC,0.0364075193958892,-1.0,-1.0,0.1921,crisis
2020-01-28,BTC,0.0503680816514873,1.0,1.0,0.1921,crisis
2020-01-29,BTC,-0.0044835772950903,1.0,1.0,0.1921,crisis
2020-01-30,BTC,0.020647303120292,1.0,1.0,0.1921,trend
2020-01-31,BTC,-0.016664631518128,1.0,1.0,0.1921,trend
2020-02-01,BTC,0.0045286958396197,1.0,1.0,0.1921,trend
2020-02-02,BTC,-0.0051645279666768,1.0,1.0,0.1921,trend
2020-02-03,BTC,-0.0054411133046214,-1.0,-1.0,0.1921,trend
2020-02-04,BTC,-0.0121115116524175,-1.0,-1.0,0.1921,range
2020-02-05,BTC,0.0471040938354734,-1.0,-1.0,0.1921,range
2020-02-06,BTC,0.0121057733194935,1.0,1.0,0.1921,trend
2020-02-07,BTC,0.0067978365036462,1.0,1.0,0.1921,trend
2020-02-08,BTC,0.0070616763196977,1.0,1.0,0.1921,trend
2020-02-09,BTC,0.0254994069421916,1.0,1.0,0.1921,trend
2020-02-10,BTC,-0.0257063244716865,1.0,1.0,0.1921,trend
2020-02-11,BTC,0.035674025108068,1.0,1.0,0.1921,trend
2020-02-12,BTC,0.0115414999798149,1.0,1.0,0.1921,trend
2020-02-13,BTC,-0.0108148569872175,1.0,1.0,0.1921,trend
2020-02-14,BTC,0.0095685033498174,1.0,1.0,0.1921,trend
2020-02-15,BTC,-0.0409897830477971,1.0,1.0,0.1921,trend
2020-02-16,BTC,0.0045512039326256,1.0,1.0,0.1921,trend
2020-02-17,BTC,-0.0245903315291864,-1.0,-1.0,0.1921,trend
2020-02-18,BTC,0.0466302236506857,-1.0,-1.0,0.1921,range
2020-02-19,BTC,-0.0501488435115282,-1.0,-1.0,0.1921,trend
2020-02-20,BTC,-0.0025859164113087,-1.0,-1.0,0.1921,range
2020-02-21,BTC,0.0081142757365806,-1.0,-1.0,0.1921,range
2020-02-22,BTC,-0.0024012704614092,-1.0,-1.0,0.1921,range
2020-02-23,BTC,0.0270443001170883,-1.0,-1.0,0.1921,range
2020-02-24,BTC,-0.0276427415380788,-1.0,-1.0,0.1921,range
2020-02-25,BTC,-0.0319651957405645,1.0,1.0,0.1921,range
2020-02-26,BTC,-0.0557909517404833,-1.0,-1.0,0.1921,range
2020-02-27,BTC,-0.0040846016176541,-1.0,-1.0,0.1921,crisis
2020-02-28,BTC,-0.0127541848974389,-1.0,-1.0,0.1921,crisis
2020-02-29,BTC,-0.0084112616791174,-1.0,-1.0,0.1921,crisis
2020-03-01,BTC,-0.0043089307085921,-1.0,-1.0,0.1921,crisis
2020-03-02,BTC,0.0358794122185646,-1.0,-1.0,0.1921,crisis
2020-03-03,BTC,-0.0092318868440135,1.0,1.0,0.1921,crisis
2020-03-04,BTC,-0.0037028710724991,1.0,1.0,0.1921,crisis
2020-03-05,BTC,0.0369511716859043,1.0,1.0,0.1921,crisis
2020-03-06,BTC,0.0048225958309942,1.0,1.0,0.1921,crisis
2020-03-07,BTC,-0.0233039986032201,1.0,1.0,0.1921,crisis
2020-03-08,BTC,-0.0899934928379019,1.0,1.0,0.1921,crisis
2020-03-09,BTC,-0.022751484424786,-1.0,-1.0,0.2032,crisis
2020-03-10,BTC,-0.0017561412564156,-1.0,-1.0,0.204,crisis
2020-03-11,BTC,0.0002150116000085,-1.0,-1.0,0.2141,crisis
2020-03-12,BTC,-0.3716953856011707,-1.0,-1.0,0.216,crisis
2020-03-13,BTC,0.1192806724128683,-1.0,-1.0,0.3937,crisis
2020-03-14,BTC,-0.0653055271012118,-1.0,-1.0,0.3624,crisis
2020-03-15,BTC,0.0369106179609119,-1.0,-1.0,0.4102,crisis
2020-03-16,BTC,-0.0700691567616348,-1.0,-1.0,0.4064,crisis
2020-03-17,BTC,0.0421079383874141,-1.0,-1.0,0.4321,crisis
2020-03-18,BTC,0.0024512036855608,1.0,1.0,0.429,crisis
2020-03-19,BTC,0.1818775573663802,-1.0,-1.0,0.429,crisis
2020-03-20,BTC,0.0012251999536576,1.0,1.0,0.3668,crisis
2020-03-21,BTC,-0.0022120349130034,1.0,1.0,0.3668,crisis
2020-03-22,BTC,-0.057365838963178,1.0,1.0,0.3671,crisis
2020-03-23,BTC,0.1005204867323117,1.0,1.0,0.3702,crisis
2020-03-24,BTC,0.0496373342704787,1.0,1.0,0.3549,crisis
2020-03-25,BTC,-0.0079795529257925,1.0,1.0,0.351,crisis
2020-03-26,BTC,0.0052951815404678,1.0,1.0,0.3511,crisis
2020-03-27,BTC,-0.0367221435856948,1.0,1.0,0.3522,crisis
2020-03-28,BTC,-0.0351795342346012,1.0,1.0,0.3527,crisis
2020-03-29,BTC,-0.051288198783903,-1.0,-1.0,0.3555,crisis
2020-03-30,BTC,0.0857472380400818,-1.0,-1.0,0.3523,crisis
2020-03-31,BTC,0.0013690436954885,-1.0,-1.0,0.3414,crisis
2020-04-01,BTC,0.0261129240978394,-1.0,-1.0,0.3416,crisis
2020-04-02,BTC,0.0282812878999854,1.0,1.0,0.3405,crisis
2020-04-03,BTC,-0.0088667403657051,1.0,1.0,0.3391,crisis
2020-04-04,BTC,0.0199216430890349,1.0,1.0,0.3391,crisis
2020-04-05,BTC,-0.0111245205726451,1.0,1.0,0.3385,crisis
2020-04-06,BTC,0.0707764242948763,1.0,1.0,0.3419,crisis
2020-04-07,BTC,-0.0131146270686772,1.0,1.0,0.3346,crisis
2020-04-08,BTC,0.0219725436588782,1.0,1.0,0.3346,crisis
2020-04-09,BTC,-0.0043644459866604,1.0,1.0,0.3339,crisis
2020-04-10,BTC,-0.0597905846056608,1.0,1.0,0.335,crisis
2020-04-11,BTC,-0.0009336774645052,1.0,1.0,0.3353,crisis
2020-04-12,BTC,0.0163299946851382,-1.0,-1.0,0.3374,crisis
2020-04-13,BTC,-0.0180824184922163,-1.0,-1.0,0.3372,crisis
2020-04-14,BTC,-0.0003812781513637,-1.0,-1.0,0.337,crisis
2020-04-15,BTC,-0.029275847531044,-1.0,-1.0,0.3372,crisis
2020-04-16,BTC,0.0714674020316485,-1.0,-1.0,0.3382,crisis
2020-04-17,BTC,-0.0028973157514314,1.0,1.0,0.3307,crisis
2020-04-18,BTC,0.0227559566905246,1.0,1.0,0.3313,crisis
2020-04-19,BTC,-0.0094025053523019,1.0,1.0,0.3337,crisis
2020-04-20,BTC,-0.0427664683819047,1.0,1.0,0.3367,crisis
2020-04-21,BTC,-0.0002376146132206,1.0,1.0,0.3345,crisis
2020-04-22,BTC,0.034429236680519,-1.0,-1.0,0.3347,crisis
2020-04-23,BTC,0.0439100713286961,1.0,1.0,0.3328,crisis
2020-04-24,BTC,0.0163096582850927,1.0,1.0,0.3311,crisis
2020-04-25,BTC,0.0025209119488212,1.0,1.0,0.3316,crisis
2020-04-26,BTC,0.0145220714987825,1.0,1.0,0.3328,crisis
2020-04-27,BTC,0.0150697771059273,1.0,1.0,0.3367,crisis
2020-04-28,BTC,0.0014697416430327,1.0,1.0,0.3364,crisis
2020-04-29,BTC,0.1273180520232342,1.0,1.0,0.3367,crisis
2020-04-30,BTC,-0.0161894964672024,1.0,1.0,0.3168,crisis
2020-05-01,BTC,0.0238160895582955,1.0,1.0,0.3168,crisis
2020-05-02,BTC,0.0139687916998485,1.0,1.0,0.3168,crisis
2020-05-03,BTC,-0.0101381709442399,1.0,1.0,0.3168,crisis
2020-05-04,BTC,0.0017067266322232,1.0,1.0,0.3168,crisis
2020-05-05,BTC,0.0101446788592149,1.0,1.0,0.3179,crisis
2020-05-06,BTC,0.0295111997382837,1.0,1.0,0.3179,crisis
2020-05-07,BTC,0.0736621413577107,1.0,1.0,0.3178,crisis
2020-05-08,BTC,-0.0109382842894089,1.0,1.0,0.3168,crisis
2020-05-09,BTC,-0.0252746086126547,1.0,1.0,0.3168,crisis
2020-05-10,BTC,-0.0872915214038874,1.0,1.0,0.3168,crisis
2020-05-11,BTC,-0.0176595660443747,-1.0,-1.0,0.3168,crisis
2020-05-12,BTC,0.0235627121380335,-1.0,-1.0,0.3168,trend
2020-05-13,BTC,0.052871935167043,-1.0,-1.0,0.3168,trend
2020-05-14,BTC,0.0500253516814965,-1.0,-1.0,0.3168,trend
2020-05-15,BTC,-0.0416618049505931,1.0,1.0,0.3168,trend
2020-05-16,BTC,0.0052332090392097,1.0,1.0,0.3168,trend
2020-05-17,BTC,0.0313240010322781,1.0,1.0,0.3168,trend
2020-05-18,BTC,0.0057736989915111,1.0,1.0,0.3168,trend
2020-05-19,BTC,0.0002532125209073,1.0,1.0,0.3168,trend
2020-05-20,BTC,-0.0211795491810066,1.0,1.0,0.3168,range
2020-05-21,BTC,-0.0463320997836955,1.0,1.0,0.3168,range
2020-05-22,BTC,0.011100867079496,-1.0,-1.0,0.3168,range
2020-05-23,BTC,0.0029087652089092,-1.0,-1.0,0.3168,range
2020-05-24,BTC,-0.0454887485140997,-1.0,-1.0,0.3168,range
2020-05-25,BTC,0.0132606967164989,-1.0,-1.0,0.3168,range
2020-05-26,BTC,-0.0080703226648916,-1.0,-1.0,0.3168,range
2020-05-27,BTC,0.039158209254817,-1.0,-1.0,0.3168,range
2020-05-28,BTC,0.0375484956328668,1.0,1.0,0.3168,range
2020-05-29,BTC,-0.0090939762479766,1.0,1.0,0.3168,range
2020-05-30,BTC,0.0276815982514597,1.0,1.0,0.3168,range
2020-05-31,BTC,-0.0246747682323483,1.0,1.0,0.3168,trend
2020-06-01,BTC,0.074643862939822,1.0,1.0,0.3168,range
2020-06-02,BTC,-0.0626977482025989,1.0,1.0,0.3168,trend
2020-06-03,BTC,0.0133175946063126,1.0,1.0,0.3168,range
2020-06-04,BTC,0.0149035053823747,1.0,1.0,0.3168,range
2020-06-05,BTC,-0.0137851773820498,1.0,1.0,0.3168,range
2020-06-06,BTC,-0.0012263695520872,1.0,1.0,0.3168,range
2020-06-07,BTC,0.0108945868277234,-1.0,-1.0,0.3168,range
2020-06-08,BTC,0.001294898011771,1.0,1.0,0.3168,range
2020-06-09,BTC,0.0024777121338637,1.0,1.0,0.3168,range
2020-06-10,BTC,0.0075946108768825,-1.0,-1.0,0.1921,range
2020-06-11,BTC,-0.0555530105589435,1.0,1.0,0.1921,range
2020-06-12,BTC,0.0170635306422792,-1.0,-1.0,0.3168,range
2020-06-13,BTC,-0.0005871213994007,-1.0,-1.0,0.1921,range
2020-06-14,BTC,-0.0093389622912587,-1.0,-1.0,0.1921,range
2020-06-15,BTC,0.0068089384691394,-1.0,-1.0,0.1921,range
2020-06-16,BTC,0.0092397648612212,-1.0,-1.0,0.1921,range
2020-06-17,BTC,-0.0060567606814705,1.0,1.0,0.1921,range
2020-06-18,BTC,-0.0072164792345439,1.0,1.0,0.1921,range
2020-06-19,BTC,-0.0131560093279274,-1.0,-1.0,0.1921,range
2020-06-20,BTC,0.004771982890003,-1.0,-1.0,0.1921,range
2020-06-21,BTC,-0.0030764990320015,-1.0,-1.0,0.1921,range
2020-06-22,BTC,0.0370917475191607,-1.0,-1.0,0.1921,trend
2020-06-23,BTC,-0.0019753474772544,1.0,1.0,0.1921,range
2020-06-24,BTC,-0.0328202564302787,1.0,1.0,0.1921,range
2020-06-25,BTC,-0.0052393081907075,1.0,1.0,0.1921,range
2020-06-26,BTC,-0.010998117562784,-1.0,-1.0,0.1921,range
2020-06-27,BTC,-0.0128264101185697,-1.0,-1.0,0.1921,range
2020-06-28,BTC,0.0108554080548621,-1.0,-1.0,0.1921,trend
2020-06-29,BTC,0.0051700155120757,-1.0,-1.0,0.2653,range
2020-06-30,BTC,-0.0057515139827242,-1.0,-1.0,0.2674,range
2020-07-01,BTC,0.0098853248878816,-1.0,-1.0,0.271,trend
2020-07-02,BTC,-0.0113688060229814,1.0,1.0,0.2717,range
2020-07-03,BTC,-0.0039575602427306,1.0,1.0,0.2715,range
2020-07-04,BTC,0.0049722746977318,-1.0,-1.0,0.2713,range
2020-07-05,BTC,-0.0064107280113023,-1.0,-1.0,0.2718,range
2020-07-06,BTC,0.0332305643833104,-1.0,-1.0,0.2781,range
2020-07-07,BTC,-0.0131403764351096,1.0,1.0,0.315,range
2020-07-08,BTC,0.0190283599941398,1.0,1.0,0.3145,range
2020-07-09,BTC,-0.0159482311719796,1.0,1.0,0.3168,range
2020-07-10,BTC,9.052022711308894e-05,1.0,1.0,0.2499,range
2020-07-11,BTC,-0.0041450301683976,1.0,1.0,0.2536,range
2020-07-12,BTC,0.0039125502067984,-1.0,-1.0,0.2584,range
2020-07-13,BTC,-0.0035450592559155,1.0,1.0,0.2883,range
2020-07-14,BTC,-4.331537576462985e-05,-1.0,-1.0,0.3193,range
2020-07-15,BTC,-0.0054501555247826,-1.0,-1.0,0.292,range
2020-07-16,BTC,-0.0065931089136678,-1.0,-1.0,0.2919,range
2020-07-17,BTC,0.002098616025556,-1.0,-1.0,0.3052,range
2020-07-18,BTC,0.0008356608977502,-1.0,-1.0,0.3057,range
2020-07-19,BTC,0.0029235971931333,-1.0,-1.0,0.3057,range
2020-07-20,BTC,-0.0023499201650132,-1.0,-1.0,0.3116,range
2020-07-21,BTC,0.0229867885001693,-1.0,-1.0,0.2475,range
2020-07-22,BTC,0.0160509214433297,1.0,1.0,0.2419,range
2020-07-23,BTC,0.0058484892103443,1.0,1.0,0.2387,trend
2020-07-24,BTC,-0.00461114228921,1.0,1.0,0.1921,trend
2020-07-25,BTC,0.0147029760455337,1.0,1.0,0.1921,trend
2020-07-26,BTC,0.0235662954756732,1.0,1.0,0.1921,trend
2020-07-27,BTC,0.1096100707382146,1.0,1.0,0.1921,trend
2020-07-28,BTC,-0.0071013289257937,1.0,1.0,0.1921,trend
2020-07-29,BTC,0.0171948658092977,1.0,1.0,0.1921,trend
2020-07-30,BTC,0.0009680757576464,1.0,1.0,0.1921,trend
2020-07-31,BTC,0.0191025870102548,1.0,1.0,0.1921,trend
2020-08-01,BTC,0.038515234281683,1.0,1.0,0.1921,trend
2020-08-02,BTC,-0.0600342655759016,1.0,1.0,0.1921,trend
2020-08-03,BTC,0.017436321777176,1.0,1.0,0.1921,trend
2020-08-04,BTC,-0.0035972612986107,1.0,1.0,0.1921,trend
2020-08-05,BTC,0.0482897617516733,1.0,1.0,0.1921,trend
2020-08-06,BTC,0.0027880236605835,1.0,1.0,0.1921,trend
2020-08-07,BTC,-0.0151361808608638,1.0,1.0,0.1921,trend
2020-08-08,BTC,0.013151196120374,1.0,1.0,0.1921,trend
2020-08-09,BTC,-0.0066621009737088,1.0,1.0,0.1921,trend
2020-08-10,BTC,0.0173326986706292,1.0,1.0,0.1921,trend
2020-08-11,BTC,-0.0393653439156483,1.0,1.0,0.1921,trend
2020-08-12,BTC,0.015284938573538,-1.0,-1.0,0.1921,trend
2020-08-13,BTC,0.0171950151113047,-1.0,-1.0,0.1921,trend
2020-08-14,BTC,-0.0012955213149429,1.0,1.0,0.1921,trend
2020-08-15,BTC,0.0082273947659194,1.0,1.0,0.1921,trend
2020-08-16,BTC,0.0022843551383793,1.0,1.0,0.1921,trend
2020-08-17,BTC,0.0304048264481104,1.0,1.0,0.1921,range
2020-08-18,BTC,-0.0214754614652196,1.0,1.0,0.1921,trend
2020-08-19,BTC,-0.0194267084604369,1.0,1.0,0.1921,range
2020-08-20,BTC,0.0102131293414997,1.0,1.0,0.1921,range
2020-08-21,BTC,-0.0240675078039106,1.0,1.0,0.1921,range
2020-08-22,BTC,0.0077063636215832,-1.0,-1.0,0.1921,range
2020-08-23,BTC,-0.0014533293195752,-1.0,-1.0,0.1921,range
2020-08-24,BTC,0.0094084423653999,-1.0,-1.0,0.1921,range
2020-08-25,BTC,-0.034690018052305,1.0,1.0,0.1921,range
2020-08-26,BTC,0.0107537450633314,-1.0,-1.0,0.1921,range
2020-08-27,BTC,-0.0143593840370401,-1.0,-1.0,0.1921,range
2020-08-28,BTC,0.0193495406143202,-1.0,-1.0,0.1921,range
2020-08-29,BTC,-0.0030872658111327,-1.0,-1.0,0.1921,range
2020-08-30,BTC,0.0177842201878464,-1.0,-1.0,0.1921,range
2020-08-31,BTC,-0.002620119670643,1.0,1.0,0.1921,range
2020-09-01,BTC,0.0247977620899644,1.0,1.0,0.1921,range
2020-09-02,BTC,-0.0464847194881287,1.0,1.0,0.1921,range
2020-09-03,BTC,-0.1023947612464131,-1.0,-1.0,0.1921,range
2020-09-04,BTC,0.0260135557626288,-1.0,-1.0,0.2416,crisis
2020-09-05,BTC,-0.0325582350289114,-1.0,-1.0,0.2449,crisis
2020-09-06,BTC,0.0108936964098134,-1.0,-1.0,0.2574,crisis
2020-09-07,BTC,0.0086779049840981,-1.0,-1.0,0.2592,crisis
2020-09-08,BTC,-0.0229563062647756,-1.0,-1.0,0.2616,crisis
2020-09-09,BTC,0.0109392363499072,-1.0,-1.0,0.2563,crisis
2020-09-10,BTC,0.0117932938500961,-1.0,-1.0,0.2559,crisis
2020-09-11,BTC,0.0036452631180188,1.0,1.0,0.2552,crisis
2020-09-12,BTC,0.0039665605593408,1.0,1.0,0.2554,crisis
2020-09-13,BTC,-0.0113400786306053,1.0,1.0,0.2555,crisis
2020-09-14,BTC,0.0345883839286778,1.0,1.0,0.2544,crisis
2020-09-15,BTC,0.0108711771903136,1.0,1.0,0.2467,crisis
2020-09-16,BTC,0.0164818844440135,1.0,1.0,0.2463,crisis
2020-09-17,BTC,-0.0023612995663134,1.0,1.0,0.2449,crisis
2020-09-18,BTC,-0.0004022559871478,1.0,1.0,0.2446,crisis
2020-09-19,BTC,0.0136835457314439,1.0,1.0,0.2448,crisis
2020-09-20,BTC,-0.0140679933500055,1.0,1.0,0.247,crisis
2020-09-21,BTC,-0.0435180018552262,1.0,1.0,0.2461,crisis
2020-09-22,BTC,0.0072833400259153,-1.0,-1.0,0.2554,crisis
2020-09-23,BTC,-0.0277339799727245,-1.0,-1.0,0.2555,crisis
2020-09-24,BTC,0.0501532820661649,-1.0,-1.0,0.2501,crisis
2020-09-25,BTC,-0.0062592187475608,-1.0,-1.0,0.2362,crisis
2020-09-26,BTC,0.0054248921990014,-1.0,-1.0,0.3397,crisis
2020-09-27,BTC,0.0022831856976197,1.0,1.0,0.3399,crisis
2020-09-28,BTC,-0.0060896098524217,1.0,1.0,0.3431,crisis
2020-09-29,BTC,0.0126043569779159,1.0,1.0,0.3427,crisis
2020-09-30,BTC,-0.0055464644834646,1.0,1.0,0.345,crisis
2020-10-01,BTC,-0.0153033703001788,1.0,1.0,0.3621,crisis
2020-10-02,BTC,-0.0040941414354315,-1.0,-1.0,0.3264,crisis
2020-10-03,BTC,-0.0025194375739971,-1.0,-1.0,0.3302,crisis
2020-10-04,BTC,0.0113991994270221,-1.0,-1.0,0.3303,crisis
2020-10-05,BTC,0.0115990321127716,-1.0,-1.0,0.3599,crisis
2020-10-06,BTC,-0.017504646058134,1.0,1.0,0.3579,crisis
2020-10-07,BTC,0.0060882710901424,-1.0,-1.0,0.3569,crisis
2020-10-08,BTC,0.0231247089251245,1.0,1.0,0.359,crisis
2020-10-09,BTC,0.0136292365970629,1.0,1.0,0.3515,crisis
2020-10-10,BTC,0.0209593023127527,1.0,1.0,0.3531,crisis
2020-10-11,BTC,0.0077742124166433,1.0,1.0,0.3336,crisis
2020-10-12,BTC,0.0150367980790231,1.0,1.0,0.336,crisis
2020-10-13,BTC,-0.0112037903124665,1.0,1.0,0.3369,crisis
2020-10-14,BTC,0.0003157232305546,1.0,1.0,0.3353,crisis
2020-10-15,BTC,0.0057607711673501,1.0,1.0,0.3363,crisis
2020-10-16,BTC,-0.0150692730875036,1.0,1.0,0.3358,crisis
2020-10-17,BTC,0.0031777181254826,-1.0,-1.0,0.3464,crisis
2020-10-18,BTC,0.0110280588539155,-1.0,-1.0,0.3522,crisis
2020-10-19,BTC,0.0225263118507079,1.0,1.0,0.3556,crisis
2020-10-20,BTC,0.0148439193249814,1.0,1.0,0.3498,crisis
2020-10-21,BTC,0.0761437552034132,1.0,1.0,0.3554,crisis
2020-10-22,BTC,0.011089019970212,1.0,1.0,0.2841,crisis
2020-10-23,BTC,-0.0026494544392426,1.0,1.0,0.2833,crisis
2020-10-24,BTC,0.0136506131750318,1.0,1.0,0.2836,crisis
2020-10-25,BTC,-0.0058657541398662,1.0,1.0,0.265,crisis
2020-10-26,BTC,0.0033822140147401,1.0,1.0,0.265,crisis
2020-10-27,BTC,0.0442799020752324,1.0,1.0,0.2683,crisis
2020-10-28,BTC,-0.0280450753544577,1.0,1.0,0.2521,crisis
2020-10-29,BTC,0.0125532421531566,1.0,1.0,0.2562,crisis
2020-10-30,BTC,0.0080845807299676,1.0,1.0,0.2576,crisis
2020-10-31,BTC,0.0173086972635316,1.0,1.0,0.2576,crisis
2020-11-01,BTC,-0.0031845118450674,1.0,1.0,0.2605,crisis
2020-11-02,BTC,-0.0135851081980266,1.0,1.0,0.2213,trend
2020-11-03,BTC,0.02950532012761,1.0,1.0,0.1921,trend
2020-11-04,BTC,0.0131471179636863,1.0,1.0,0.1921,trend
2020-11-05,BTC,0.1023186343374065,1.0,1.0,0.1921,trend
2020-11-06,BTC,-0.0008965281862933,1.0,1.0,0.1921,trend
2020-11-07,BTC,-0.0470340843373509,1.0,1.0,0.1921,trend
2020-11-08,BTC,0.0435367527764092,1.0,1.0,0.1921,trend
2020-11-09,BTC,-0.0095126659216909,1.0,1.0,0.1921,trend
2020-11-10,BTC,-0.0027010327388199,1.0,1.0,0.1921,trend
2020-11-11,BTC,0.026841941094978,-1.0,-1.0,0.1921,trend
2020-11-12,BTC,0.0366213273499003,1.0,1.0,0.1921,trend
2020-11-13,BTC,0.0025475527174214,1.0,1.0,0.1921,trend
2020-11-14,BTC,-0.0153004565803417,1.0,1.0,0.1921,trend
2020-11-15,BTC,-0.0070045935965815,1.0,1.0,0.1921,trend
2020-11-16,BTC,0.0476650213526046,1.0,1.0,0.1921,trend
2020-11-17,BTC,0.0555927693728297,1.0,1.0,0.1921,trend
2020-11-18,BTC,0.0089881529009852,1.0,1.0,0.1921,trend
2020-11-19,BTC,0.0007348899162549,1.0,1.0,0.1921,trend
2020-11-20,BTC,0.045137820846602,1.0,1.0,0.1921,trend
2020-11-21,BTC,0.0011233347035009,1.0,1.0,0.1921,trend
2020-11-22,BTC,-0.0146028899645388,1.0,1.0,0.1921,trend
2020-11-23,BTC,-0.0003201338459302,1.0,1.0,0.1921,trend
2020-11-24,BTC,0.0404780466326257,1.0,1.0,0.1921,trend
2020-11-25,BTC,-0.0196438278478776,1.0,1.0,0.1921,trend
2020-11-26,BTC,-0.0844270672263948,1.0,1.0,0.1921,trend
2020-11-27,BTC,-0.0024617591448197,-1.0,-1.0,0.3168,range
2020-11-28,BTC,0.0355972291575479,-1.0,-1.0,0.3168,trend
2020-11-29,BTC,0.0259671253873197,-1.0,-1.0,0.3168,trend
2020-11-30,BTC,0.0796783280139663,-1.0,-1.0,0.3168,trend
2020-12-01,BTC,-0.0419262595104428,1.0,1.0,0.3168,trend
2020-12-02,BTC,0.0211718231851947,1.0,1.0,0.3168,trend
2020-12-03,BTC,0.0127235806801757,1.0,1.0,0.3168,trend
2020-12-04,BTC,-0.0383449490580797,1.0,1.0,0.3168,trend
2020-12-05,BTC,0.0243032374235974,1.0,1.0,0.3168,trend
2020-12-06,BTC,0.0099659772451541,-1.0,-1.0,0.3168,trend
2020-12-07,BTC,-0.0079343124104087,1.0,1.0,0.3168,trend
2020-12-08,BTC,-0.0453576006387062,1.0,1.0,0.3168,range
2020-12-09,BTC,0.0127050733090372,-1.0,-1.0,0.3168,range
2020-12-10,BTC,-0.0155721211566165,-1.0,-1.0,0.3168,range
2020-12-11,BTC,-0.0112832181097805,-1.0,-1.0,0.3168,range
2020-12-12,BTC,0.0412401517213796,-1.0,-1.0,0.3168,range
2020-12-13,BTC,0.0180138669839808,-1.0,-1.0,0.3168,range
2020-12-14,BTC,0.0054466426552663,1.0,1.0,0.3168,range
2020-12-15,BTC,0.0088551352599814,1.0,1.0,0.3168,range
2020-12-16,BTC,0.0975183630951452,1.0,1.0,0.3168,range
2020-12-17,BTC,0.0701324513386734,1.0,1.0,0.3168,trend
2020-12-18,BTC,0.0145931358228841,1.0,1.0,0.3168,trend
2020-12-19,BTC,0.031630751548372,1.0,1.0,0.3168,trend
2020-12-20,BTC,-0.0164449045498559,1.0,1.0,0.3168,trend
2020-12-21,BTC,-0.0287176564791031,1.0,1.0,0.3168,trend
2020-12-22,BTC,0.0429743340958057,1.0,1.0,0.3168,trend
2020-12-23,BTC,-0.0227760554380335,1.0,1.0,0.3168,trend
2020-12-24,BTC,0.0212811909406129,1.0,1.0,0.3168,trend
2020-12-25,BTC,0.0391322794093809,-1.0,-1.0,0.3168,trend
2020-12-26,BTC,0.0718532783280949,1.0,1.0,0.3168,trend
2020-12-27,BTC,-0.0062314920850786,1.0,1.0,0.3168,trend
2020-12-28,BTC,0.0309266348558869,1.0,1.0,0.3168,trend
2020-12-29,BTC,0.010250355112868,1.0,1.0,0.3168,trend
2020-12-30,BTC,0.0540344998503878,1.0,1.0,0.3168,trend
2020-12-31,BTC,0.0055742810380854,1.0,1.0,0.3168,trend
2021-01-01,BTC,0.0128417084088692,1.0,1.0,0.3168,trend
2021-01-02,BTC,0.0937257763954093,1.0,1.0,0.3168,trend
2021-01-03,BTC,0.0203800668009754,1.0,1.0,0.3168,trend
2021-01-04,BTC,-0.0247120003603347,1.0,1.0,0.3168,trend
2021-01-05,BTC,0.0631965800061333,1.0,1.0,0.3168,trend
2021-01-06,BTC,0.0833107141732614,1.0,1.0,0.3168,trend
2021-01-07,BTC,0.0691574669750421,1.0,1.0,0.3168,trend
2021-01-08,BTC,0.0362338992996023,1.0,1.0,0.3168,trend
2021-01-09,BTC,-0.0133111353414933,1.0,1.0,0.3168,trend
2021-01-10,BTC,-0.0471525732147494,1.0,1.0,0.3168,trend
2021-01-11,BTC,-0.072733159124491,1.0,1.0,0.3168,trend
2021-01-12,BTC,-0.0462145021715387,-1.0,-1.0,0.3168,trend
2021-01-13,BTC,0.1000324955050955,-1.0,-1.0,0.3168,crisis
2021-01-14,BTC,0.0501380301116258,-1.0,-1.0,0.3168,crisis
2021-01-15,BTC,-0.0602735897167012,-1.0,-1.0,0.3168,crisis
2021-01-16,BTC,-0.0175755630406774,-1.0,-1.0,0.3168,crisis
2021-01-17,BTC,-0.0106932881172634,1.0,1.0,0.3168,crisis
2021-01-18,BTC,0.0234357904285993,1.0,1.0,0.3168,crisis
2021-01-19,BTC,-0.0152953425074746,-1.0,-1.0,0.3168,crisis
2021-01-20,BTC,-0.0144734547919778,-1.0,-1.0,0.3168,crisis
2021-01-21,BTC,-0.1328368400602007,-1.0,-1.0,0.3168,crisis
2021-01-22,BTC,0.0707222400546216,-1.0,-1.0,0.3168,crisis
2021-01-23,BTC,-0.0284228901795673,-1.0,-1.0,0.3168,crisis
2021-01-24,BTC,0.0069146438683416,-1.0,-1.0,0.3168,crisis
2021-01-25,BTC,0.0023851084933719,-1.0,-1.0,0.3168,crisis
2021-01-26,BTC,0.0062860583167834,-1.0,-1.0,0.3168,crisis
2021-01-27,BTC,-0.0656221247567502,1.0,1.0,0.3168,crisis
2021-01-28,BTC,0.0996811339422276,-1.0,-1.0,0.3168,crisis
2021-01-29,BTC,0.0254074756858064,1.0,1.0,0.3168,crisis
2021-01-30,BTC,-0.0013656239986477,1.0,1.0,0.3168,crisis
2021-01-31,BTC,-0.0337082032846696,1.0,1.0,0.3168,crisis
2021-02-01,BTC,0.0127683704057766,1.0,1.0,0.3168,crisis
2021-02-02,BTC,0.0588336147957078,1.0,1.0,0.3168,crisis
2021-02-03,BTC,0.0552459817434074,1.0,1.0,0.3168,crisis
2021-02-04,BTC,-0.0145714701202092,1.0,1.0,0.3168,crisis
2021-02-05,BTC,0.0329913880914702,1.0,1.0,0.3168,crisis
2021-02-06,BTC,0.0294068280787711,1.0,1.0,0.3168,crisis
2021-02-07,BTC,-0.0092336933808551,1.0,1.0,0.3168,crisis
2021-02-08,BTC,0.1874647376652993,1.0,1.0,0.3168,crisis
2021-02-09,BTC,0.0061615239599552,1.0,1.0,0.3168,crisis
2021-02-10,BTC,-0.0336248860529098,1.0,1.0,0.3168,crisis
2021-02-11,BTC,0.0665910372634968,1.0,1.0,0.3168,crisis
2021-02-12,BTC,-0.0084426238396763,1.0,1.0,0.3168,crisis
2021-02-13,BTC,-0.0084062137732313,1.0,1.0,0.3168,crisis
2021-02-14,BTC,0.0342162359569755,1.0,1.0,0.3168,crisis
2021-02-15,BTC,-0.0158512610945837,1.0,1.0,0.3168,crisis
2021-02-16,BTC,0.0261718837520321,1.0,1.0,0.3168,crisis
2021-02-17,BTC,0.0599419602773032,1.0,1.0,0.3168,crisis
2021-02-18,BTC,-0.0089975045965789,1.0,1.0,0.3168,crisis
2021-02-19,BTC,0.0814309690047518,1.0,1.0,0.3168,crisis
2021-02-20,BTC,0.003782318501482,1.0,1.0,0.3168,crisis
2021-02-21,BTC,0.0256762587859173,1.0,1.0,0.3168,crisis
2021-02-22,BTC,-0.0579184596353103,1.0,1.0,0.3168,crisis
2021-02-23,BTC,-0.0993019854185399,1.0,1.0,0.3168,crisis
2021-02-24,BTC,0.0180423268866849,-1.0,-1.0,0.3168,crisis
2021-02-25,BTC,-0.0525392420094518,-1.0,-1.0,0.3168,crisis
2021-02-26,BTC,-0.0160124903512981,-1.0,-1.0,0.3168,crisis
2021-02-27,BTC,-0.0032652000816995,-1.0,-1.0,0.3168,crisis
2021-02-28,BTC,-0.0227477545287462,-1.0,-1.0,0.3168,crisis
2021-03-01,BTC,0.0995501705758645,-1.0,-1.0,0.3168,crisis
2021-03-02,BTC,-0.0252311618862803,1.0,1.0,0.3168,crisis
2021-03-03,BTC,0.0446320599698619,1.0,1.0,0.3168,crisis
2021-03-04,BTC,-0.0391203598141568,1.0,1.0,0.3168,crisis
2021-03-05,BTC,0.0075397016600922,1.0,1.0,0.3168,crisis
2021-03-06,BTC,-0.0003049805235605,1.0,1.0,0.3168,crisis
2021-03-07,BTC,0.0469064981467979,-1.0,-1.0,0.3168,crisis
2021-03-08,BTC,0.020306565464276,1.0,1.0,0.3168,crisis
2021-03-09,BTC,0.049335220420617,1.0,1.0,0.3168,crisis
2021-03-10,BTC,0.0216042437983854,1.0,1.0,0.3168,crisis
2021-03-11,BTC,0.0320767148487162,1.0,1.0,0.3168,crisis
2021-03-12,BTC,-0.0081832066268457,1.0,1.0,0.3168,crisis
2021-03-13,BTC,0.0682165276795043,1.0,1.0,0.3168,crisis
2021-03-14,BTC,-0.0316896103705583,1.0,1.0,0.3168,crisis
2021-03-15,BTC,-0.0572510045685531,1.0,1.0,0.3168,crisis
2021-03-16,BTC,0.0160570219496691,1.0,1.0,0.3168,crisis
2021-03-17,BTC,0.0363699628422531,-1.0,-1.0,0.3168,crisis
2021-03-18,BTC,-0.0171896938938616,1.0,1.0,0.3168,crisis
2021-03-19,BTC,0.0084296501376868,-1.0,-1.0,0.3168,crisis
2021-03-20,BTC,-0.0005657190459794,-1.0,-1.0,0.3168,crisis
2021-03-21,BTC,-0.0135512479558111,1.0,1.0,0.3168,crisis
2021-03-22,BTC,-0.052053185400838,1.0,1.0,0.3168,crisis
2021-03-23,BTC,0.0038474981233158,-1.0,-1.0,0.3168,crisis
2021-03-24,BTC,-0.035891807492523,-1.0,-1.0,0.3168,crisis
2021-03-25,BTC,-0.0202770319222229,-1.0,-1.0,0.3168,crisis
2021-03-26,BTC,0.0663999247521864,-1.0,-1.0,0.3168,crisis
2021-03-27,BTC,0.0151657594618888,-1.0,-1.0,0.3168,crisis
2021-03-28,BTC,-0.0004067213991215,1.0,1.0,0.3168,crisis
2021-03-29,BTC,0.0321613785450665,1.0,1.0,0.3168,crisis
2021-03-30,BTC,0.0202162451955827,1.0,1.0,0.3168,crisis
2021-03-31,BTC,1.9359634988669328e-05,1.0,1.0,0.3168,crisis
2021-04-01,BTC,0.0030037350775407,1.0,1.0,0.3168,crisis
2021-04-02,BTC,0.0048819690112593,1.0,1.0,0.3168,crisis
2021-04-03,BTC,-0.0299813502934802,1.0,1.0,0.3168,crisis
2021-04-04,BTC,0.0200448971410081,-1.0,-1.0,0.1921,crisis
2021-04-05,BTC,0.0050941385529632,-1.0,-1.0,0.1921,crisis
2021-04-06,BTC,-0.0146554455947182,1.0,1.0,0.1921,crisis
2021-04-07,BTC,-0.0368333901223608,-1.0,-1.0,0.1921,crisis
2021-04-08,BTC,0.0405898082367752,-1.0,-1.0,0.1921,crisis
2021-04-09,BTC,-0.0013536328475677,1.0,1.0,0.1921,crisis
2021-04-10,BTC,0.0265813437190596,-1.0,-1.0,0.1921,crisis
2021-04-11,BTC,0.0068859039497308,1.0,1.0,0.1921,crisis
2021-04-12,BTC,-0.0051741865402374,1.0,1.0,0.1921,crisis
2021-04-13,BTC,0.0602737647922182,1.0,1.0,0.1921,crisis
2021-04-14,BTC,-0.006200634377373,1.0,1.0,0.1921,crisis
2021-04-15,BTC,0.0032374804732979,1.0,1.0,0.1921,crisis
2021-04-16,BTC,-0.0275013793784661,1.0,1.0,0.1921,crisis
2021-04-17,BTC,-0.0144376885233774,1.0,1.0,0.1921,crisis
2021-04-18,BTC,-0.0736215468265391,1.0,1.0,0.1921,crisis
2021-04-19,BTC,-0.0087504689451151,-1.0,-1.0,0.2003,crisis
2021-04-20,BTC,0.0134369760929442,-1.0,-1.0,0.2004,crisis
2021-04-21,BTC,-0.0454542876384026,-1.0,-1.0,0.2291,crisis
2021-04-22,BTC,-0.0397694659817468,-1.0,-1.0,0.2191,crisis
2021-04-23,BTC,-0.0129171508387729,-1.0,-1.0,0.2152,crisis
2021-04-24,BTC,-0.0204092897731074,-1.0,-1.0,0.2065,crisis
2021-04-25,BTC,-0.0209109919580251,-1.0,-1.0,0.1921,crisis
2021-04-26,BTC,0.1023890703366074,-1.0,-1.0,0.1921,crisis
2021-04-27,BTC,0.0187214077315063,1.0,1.0,0.3168,crisis
2021-04-28,BTC,-0.0037870662821065,1.0,1.0,0.3168,crisis
2021-04-29,BTC,-0.0231573301383015,1.0,1.0,0.3168,crisis
2021-04-30,BTC,0.0783317680648467,1.0,1.0,0.3168,crisis
2021-05-01,BTC,0.0013484807439372,1.0,1.0,0.3168,crisis
2021-05-02,BTC,-0.0206988241878991,1.0,1.0,0.3168,crisis
2021-05-03,BTC,0.0100512803675323,1.0,1.0,0.3168,crisis
2021-05-04,BTC,-0.0676002465295502,1.0,1.0,0.3168,crisis
2021-05-05,BTC,0.0766959932136981,1.0,1.0,0.3168,crisis
2021-05-06,BTC,-0.0178930768965995,-1.0,-1.0,0.3168,crisis
2021-05-07,BTC,0.0170203195731561,-1.0,-1.0,0.3168,crisis
2021-05-08,BTC,0.0252347591699624,1.0,1.0,0.3168,crisis
2021-05-09,BTC,-0.0097180991309351,1.0,1.0,0.3168,crisis
2021-05-10,BTC,-0.0407423176282123,1.0,1.0,0.3168,crisis
2021-05-11,BTC,0.0151231724963196,-1.0,-1.0,0.3168,crisis
2021-05-12,BTC,-0.1332174549686006,1.0,1.0,0.3168,crisis
2021-05-13,BTC,0.0115086488519764,-1.0,-1.0,0.3715,crisis
2021-05-14,BTC,0.0033056383715535,-1.0,-1.0,0.3744,crisis
2021-05-15,BTC,-0.0625564189813834,-1.0,-1.0,0.3586,crisis
2021-05-16,BTC,-0.0065040138312105,-1.0,-1.0,0.3824,crisis
2021-05-17,BTC,-0.0628238159530961,-1.0,-1.0,0.3893,crisis
2021-05-18,BTC,-0.0144268551463747,-1.0,-1.0,0.4048,crisis
2021-05-19,BTC,-0.1376612260916373,-1.0,-1.0,0.405,crisis
2021-05-20,BTC,0.1021634446629102,-1.0,-1.0,0.473,crisis
2021-05-21,BTC,-0.0852823282981722,-1.0,-1.0,0.4294,crisis
2021-05-22,BTC,0.0062174862599491,-1.0,-1.0,0.4488,crisis
2021-05-23,BTC,-0.0736893688644572,-1.0,-1.0,0.4487,crisis
2021-05-24,BTC,0.1131818395781545,-1.0,-1.0,0.4521,crisis
2021-05-25,BTC,-0.0078478263260955,1.0,1.0,0.4097,crisis
2021-05-26,BTC,0.023227211885217,-1.0,-1.0,0.4244,crisis
2021-05-27,BTC,-0.0218157001744154,1.0,1.0,0.4232,crisis
2021-05-28,BTC,-0.0712689728232016,1.0,1.0,0.4224,crisis
2021-05-29,BTC,-0.0302972439831233,1.0,1.0,0.4192,crisis
2021-05-30,BTC,0.0306812012530759,-1.0,-1.0,0.4199,crisis
2021-05-31,BTC,0.0463792977162018,-1.0,-1.0,0.4158,crisis
2021-06-01,BTC,-0.0173554816358035,-1.0,-1.0,0.408,crisis
2021-06-02,BTC,0.0242675673261145,-1.0,-1.0,0.4081,crisis
2021-06-03,BTC,0.0434751330821563,1.0,1.0,0.407,crisis
2021-06-04,BTC,-0.0590265808705882,1.0,1.0,0.4021,crisis
2021-06-05,BTC,-0.0363862535055703,1.0,1.0,0.3948,crisis
2021-06-06,BTC,0.008731498936251,-1.0,-1.0,0.3927,crisis
2021-06-07,BTC,-0.064180680289418,-1.0,-1.0,0.3945,crisis
2021-06-08,BTC,-0.0026243254847995,-1.0,-1.0,0.3918,crisis
2021-06-09,BTC,0.1156911768172552,-1.0,-1.0,0.3919,crisis
2021-06-10,BTC,-0.0172050168450927,1.0,1.0,0.3574,crisis
2021-06-11,BTC,0.0172140617175746,1.0,1.0,0.3576,crisis
2021-06-12,BTC,-0.0477276422568579,1.0,1.0,0.3563,crisis
2021-06-13,BTC,0.0997213189467518,1.0,1.0,0.3632,crisis
2021-06-14,BTC,0.0286618552885926,1.0,1.0,0.3375,crisis
2021-06-15,BTC,0.0046693207898655,1.0,1.0,0.3351,crisis
2021-06-16,BTC,-0.0509625623730847,1.0,1.0,0.3358,crisis
2021-06-17,BTC,-0.0076553085063556,1.0,1.0,0.3317,crisis
2021-06-18,BTC,-0.0595545108824469,1.0,1.0,0.3339,crisis
2021-06-19,BTC,-0.0047887171745782,-1.0,-1.0,0.3278,crisis
2021-06-20,BTC,0.0023142991795155,-1.0,-1.0,0.3286,crisis
2021-06-21,BTC,-0.1126553328218126,-1.0,-1.0,0.3317,crisis
2021-06-22,BTC,0.026169612701373,-1.0,-1.0,0.366,crisis
2021-06-23,BTC,0.0374509295196066,-1.0,-1.0,0.3639,crisis
2021-06-24,BTC,0.0278566377411577,-1.0,-1.0,0.3605,crisis
2021-06-25,BTC,-0.0872604012088013,-1.0,-1.0,0.3589,crisis
2021-06-26,BTC,0.0173368061559611,-1.0,-1.0,0.3891,crisis
2021-06-27,BTC,0.076534703320648,1.0,1.0,0.3892,crisis
2021-06-28,BTC,-0.0062138759765866,1.0,1.0,0.3745,crisis
2021-06-29,BTC,0.0416282575871875,1.0,1.0,0.3752,crisis
2021-06-30,BTC,-0.0230552732143045,1.0,1.0,0.3854,crisis
2021-07-01,BTC,-0.0419144895007543,1.0,1.0,0.3849,crisis
2021-07-02,BTC,0.0096785581226608,1.0,1.0,0.3827,crisis
2021-07-03,BTC,0.0227600947907058,-1.0,-1.0,0.3827,crisis
2021-07-04,BTC,0.0178615612945272,1.0,1.0,0.389,crisis
2021-07-05,BTC,-0.0436915354022151,-1.0,-1.0,0.403,crisis
2021-07-06,BTC,0.0144962765846001,-1.0,-1.0,0.4002,crisis
2021-07-07,BTC,-0.0110958089776488,1.0,1.0,0.4005,crisis
2021-07-08,BTC,-0.0288863551296624,1.0,1.0,0.4029,crisis
2021-07-09,BTC,0.0280022579169967,-1.0,-1.0,0.4019,crisis
2021-07-10,BTC,-0.0082103110031782,-1.0,-1.0,0.4015,crisis
2021-07-11,BTC,0.0214694753784792,-1.0,-1.0,0.4026,crisis
2021-07-12,BTC,-0.0316686304287907,1.0,1.0,0.3596,crisis
2021-07-13,BTC,-0.0136875482819831,-1.0,-1.0,0.3586,crisis
2021-07-14,BTC,0.0036793520947939,-1.0,-1.0,0.3586,crisis
2021-07-15,BTC,-0.0317349995316881,-1.0,-1.0,0.3664,crisis
2021-07-16,BTC,-0.0113021759082344,-1.0,-1.0,0.3646,crisis
2021-07-17,BTC,0.0035494536614886,-1.0,-1.0,0.3729,crisis
2021-07-18,BTC,0.008363987433579,-1.0,-1.0,0.373,crisis
2021-07-19,BTC,-0.030788575922789,-1.0,-1.0,0.3188,crisis
2021-07-20,BTC,-0.0327889506950178,-1.0,-1.0,0.3474,crisis
2021-07-21,BTC,0.0772744267516882,-1.0,-1.0,0.3266,crisis
2021-07-22,BTC,0.006303573302191,1.0,1.0,0.3168,crisis
2021-07-23,BTC,0.039254825375008,1.0,1.0,0.3168,crisis
2021-07-24,BTC,0.0211691990009861,1.0,1.0,0.3374,crisis
2021-07-25,BTC,0.0308447583093305,1.0,1.0,0.3359,crisis
2021-07-26,BTC,0.0562188717174414,1.0,1.0,0.2098,crisis
2021-07-27,BTC,0.0554242866150631,1.0,1.0,0.3255,crisis
2021-07-28,BTC,0.01494571318485,1.0,1.0,0.1921,crisis
2021-07-29,BTC,0.0003129226506775,1.0,1.0,0.1921,crisis
2021-07-30,BTC,0.0556664046124664,1.0,1.0,0.1921,crisis
2021-07-31,BTC,-0.0144274576177131,1.0,1.0,0.3168,crisis
2021-08-01,BTC,-0.0396697504745078,1.0,1.0,0.1921,crisis
2021-08-02,BTC,-0.0193358663684717,1.0,1.0,0.3168,crisis
2021-08-03,BTC,-0.0267579793652619,-1.0,-1.0,0.3168,crisis
2021-08-04,BTC,0.0417928931871005,-1.0,-1.0,0.3168,crisis
2021-08-05,BTC,0.0282294652740084,-1.0,-1.0,0.3168,crisis
2021-08-06,BTC,0.0476380358774859,-1.0,-1.0,0.3168,crisis
2021-08-07,BTC,0.0406222082900282,1.0,1.0,0.3168,crisis
2021-08-08,BTC,-0.0170052738468309,1.0,1.0,0.3168,crisis
2021-08-09,BTC,0.0586163360689555,1.0,1.0,0.3168,crisis
2021-08-10,BTC,-0.0168308923098386,1.0,1.0,0.3168,crisis
2021-08-11,BTC,0.000188778388739,1.0,1.0,0.3168,crisis
2021-08-12,BTC,-0.0255594363625475,1.0,1.0,0.3168,crisis
2021-08-13,BTC,0.0757407345861598,-1.0,-1.0,0.3299,crisis
2021-08-14,BTC,-0.0145705507683229,1.0,1.0,0.3168,crisis
2021-08-15,BTC,-0.0010603958689597,1.0,1.0,0.3168,crisis
2021-08-16,BTC,-0.0221591056749844,1.0,1.0,0.3168,crisis
2021-08-17,BTC,-0.0284564650117329,1.0,1.0,0.3168,crisis
2021-08-18,BTC,0.0023677653895135,1.0,1.0,0.3168,crisis
2021-08-19,BTC,0.0427754426152209,-1.0,-1.0,0.3168,crisis
2021-08-20,BTC,0.0561158724717174,-1.0,-1.0,0.3168,crisis
2021-08-21,BTC,-0.0087898426936189,1.0,1.0,0.3168,crisis
2021-08-22,BTC,0.008509476904035,1.0,1.0,0.3168,crisis
2021-08-23,BTC,0.0045516742258624,1.0,1.0,0.3168,crisis
2021-08-24,BTC,-0.0371377252930388,1.0,1.0,0.3168,crisis
2021-08-25,BTC,0.0263000208142856,1.0,1.0,0.3168,crisis
2021-08-26,BTC,-0.0412283043462234,-1.0,-1.0,0.3168,crisis
2021-08-27,BTC,0.0450862629655739,-1.0,-1.0,0.3168,crisis
2021-08-28,BTC,-0.0031852806337819,-1.0,-1.0,0.3168,crisis
2021-08-29,BTC,-0.001483982565721,-1.0,-1.0,0.3168,crisis
2021-08-30,BTC,-0.0363476092875793,1.0,1.0,0.3168,crisis
2021-08-31,BTC,0.0023738850726162,-1.0,-1.0,0.3168,crisis
2021-09-01,BTC,0.0356255639904752,1.0,1.0,0.3168,crisis
2021-09-02,BTC,0.0098408304177286,-1.0,-1.0,0.3168,crisis
2021-09-03,BTC,0.0141432100689449,1.0,1.0,0.3168,crisis
2021-09-04,BTC,-0.0016141808032423,1.0,1.0,0.1921,range
2021-09-05,BTC,0.0362158121369415,1.0,1.0,0.1921,range
2021-09-06,BTC,0.0170061257285807,1.0,1.0,0.1921,trend
2021-09-07,BTC,-0.1106216071695616,1.0,1.0,0.1921,trend
2021-09-08,BTC,-0.0153753668853284,-1.0,-1.0,0.3168,range
2021-09-09,BTC,0.0065094857397784,-1.0,-1.0,0.3168,range
2021-09-10,BTC,-0.0324954842473235,-1.0,-1.0,0.3168,range
2021-09-11,BTC,0.007074848735205,-1.0,-1.0,0.3168,crisis
2021-09-12,BTC,0.0190660336325925,-1.0,-1.0,0.3168,crisis
2021-09-13,BTC,-0.0238844381585552,-1.0,-1.0,0.3168,crisis
2021-09-14,BTC,0.0473592610325122,-1.0,-1.0,0.3168,crisis
2021-09-15,BTC,0.0230154620918043,1.0,1.0,0.3168,crisis
2021-09-16,BTC,-0.0081572867261351,1.0,1.0,0.3168,crisis
2021-09-17,BTC,-0.0107953867308016,1.0,1.0,0.3168,crisis
2021-09-18,BTC,0.021385589090024,1.0,1.0,0.3168,crisis
2021-09-19,BTC,-0.021089044077959,1.0,1.0,0.3168,crisis
2021-09-20,BTC,-0.0934489531695195,1.0,1.0,0.3168,crisis
2021-09-21,BTC,-0.0501852067461991,-1.0,-1.0,0.3168,crisis
2021-09-22,BTC,0.0707931140636199,-1.0,-1.0,0.3168,crisis
2021-09-23,BTC,0.0303064775724482,-1.0,-1.0,0.3168,crisis
2021-09-24,BTC,-0.0457811156128283,-1.0,-1.0,0.3168,crisis
2021-09-25,BTC,-0.0028748125280843,-1.0,-1.0,0.3168,crisis
2021-09-26,BTC,0.0115164920540977,1.0,1.0,0.3234,crisis
2021-09-27,BTC,-0.0225142671994269,1.0,1.0,0.3237,crisis
2021-09-28,BTC,-0.0284400787359118,-1.0,-1.0,0.3211,crisis
2021-09-29,BTC,0.0129115685022613,-1.0,-1.0,0.331,crisis
2021-09-30,BTC,0.0535682751816484,-1.0,-1.0,0.3313,crisis
2021-10-01,BTC,0.0987887304268892,1.0,1.0,0.3217,crisis
2021-10-02,BTC,-0.0084264110134676,1.0,1.0,0.3168,crisis
2021-10-03,BTC,0.010237887379882,1.0,1.0,0.3168,crisis
2021-10-04,BTC,0.0189408735809843,1.0,1.0,0.3168,crisis
2021-10-05,BTC,0.0489058891172546,1.0,1.0,0.3168,crisis
2021-10-06,BTC,0.0746704982911468,1.0,1.0,0.3168,crisis
2021-10-07,BTC,-0.02809653406297,1.0,1.0,0.3168,crisis
2021-10-08,BTC,0.0030082765538104,1.0,1.0,0.3168,crisis
2021-10-09,BTC,0.0185364998502797,1.0,1.0,0.3168,crisis
2021-10-10,BTC,-0.003577422040362,1.0,1.0,0.3168,crisis
2021-10-11,BTC,0.0495368406458527,1.0,1.0,0.3168,crisis
2021-10-12,BTC,-0.0251149998511834,1.0,1.0,0.3168,crisis
2021-10-13,BTC,0.0242686183421181,1.0,1.0,0.3168,crisis
2021-10-14,BTC,-0.0013862839213726,1.0,1.0,0.3168,crisis
2021-10-15,BTC,0.0745344074099565,1.0,1.0,0.3168,crisis
2021-10-16,BTC,-0.0113934816674552,1.0,1.0,0.3168,crisis
2021-10-17,BTC,0.0108624375641421,1.0,1.0,0.3168,crisis
2021-10-18,BTC,0.0076755998930302,1.0,1.0,0.3168,crisis
2021-10-19,BTC,0.036047967727284,1.0,1.0,0.3168,crisis
2021-10-20,BTC,0.0269341751022882,1.0,1.0,0.3168,crisis
2021-10-21,BTC,-0.0573193136612958,1.0,1.0,0.3168,crisis
2021-10-22,BTC,-0.0243996472642762,1.0,1.0,0.3206,crisis
2021-10-23,BTC,0.011555863919028,-1.0,-1.0,0.3172,crisis
2021-10-24,BTC,-0.007537937512081,-1.0,-1.0,0.3242,crisis
2021-10-25,BTC,0.0346128236844363,-1.0,-1.0,0.3255,crisis
2021-10-26,BTC,-0.0424498526632005,-1.0,-1.0,0.3221,crisis
2021-10-27,BTC,-0.0311677937629597,-1.0,-1.0,0.3304,crisis
2021-10-28,BTC,0.0365879390369336,-1.0,-1.0,0.3254,crisis
2021-10-29,BTC,0.026489137663525,-1.0,-1.0,0.3211,crisis
2021-10-30,BTC,-0.0054498457944356,1.0,1.0,0.3262,crisis
2021-10-31,BTC,-0.0092080425707864,-1.0,-1.0,0.3258,crisis
2021-11-01,BTC,-0.0051297477399965,1.0,1.0,0.3289,crisis
2021-11-02,BTC,0.0364235344680532,1.0,1.0,0.3287,crisis
2021-11-03,BTC,-0.0040545635881074,1.0,1.0,0.3248,crisis
2021-11-04,BTC,-0.0241037839667321,1.0,1.0,0.3246,crisis
2021-11-05,BTC,-0.0053139598841096,-1.0,-1.0,0.3256,crisis
2021-11-06,BTC,0.0065734191461201,-1.0,-1.0,0.2014,crisis
2021-11-07,BTC,0.0292472208969125,1.0,1.0,0.1921,crisis
2021-11-08,BTC,0.0669515471811146,1.0,1.0,0.1921,crisis
2021-11-09,BTC,-0.0088060963717171,1.0,1.0,0.1921,crisis
2021-11-10,BTC,-0.0295138674213993,1.0,1.0,0.1921,crisis
2021-11-11,BTC,-0.0006965054346836,1.0,1.0,0.1921,crisis
2021-11-12,BTC,-0.0122250963632459,1.0,1.0,0.1921,crisis
2021-11-13,BTC,0.004887870563917,1.0,1.0,0.1921,crisis
2021-11-14,BTC,0.0154695177875643,-1.0,-1.0,0.1921,crisis
2021-11-15,BTC,-0.0291593233239323,-1.0,-1.0,0.1921,crisis
2021-11-16,BTC,-0.0534414533015095,-1.0,-1.0,0.1921,crisis
2021-11-17,BTC,0.0034368574194389,-1.0,-1.0,0.1921,crisis
2021-11-18,BTC,-0.0567498398980057,-1.0,-1.0,0.1921,crisis
2021-11-19,BTC,0.0206778578061734,-1.0,-1.0,0.1921,crisis
2021-11-20,BTC,0.0271443330869842,-1.0,-1.0,0.1921,crisis
2021-11-21,BTC,-0.0161937046613239,-1.0,-1.0,0.1921,crisis
2021-11-22,BTC,-0.0415659405964827,-1.0,-1.0,0.1921,crisis
2021-11-23,BTC,0.022735855747423,-1.0,-1.0,0.1921,crisis
2021-11-24,BTC,-0.0223843870166022,1.0,1.0,0.1921,crisis
2021-11-25,BTC,0.0176660693740031,-1.0,-1.0,0.1921,crisis
2021-11-26,BTC,-0.064686770536555,-1.0,-1.0,0.1921,crisis
2021-11-27,BTC,0.023246554945143,-1.0,-1.0,0.1921,crisis
2021-11-28,BTC,0.0443925100444249,-1.0,-1.0,0.1921,crisis
2021-11-29,BTC,0.009748898117819,-1.0,-1.0,0.1921,crisis
2021-11-30,BTC,-0.0138589899868777,1.0,1.0,0.1921,crisis
2021-12-01,BTC,0.0039365085108058,-1.0,-1.0,0.1921,crisis
2021-12-02,BTC,-0.0131402057875741,1.0,1.0,0.1921,crisis
2021-12-03,BTC,-0.0509858648179134,1.0,1.0,0.1921,crisis
2021-12-04,BTC,-0.0820463968365335,-1.0,-1.0,0.1921,crisis
2021-12-05,BTC,0.003417522933012,-1.0,-1.0,0.3558,crisis
2021-12-06,BTC,0.0245858957900213,-1.0,-1.0,0.3903,crisis
2021-12-07,BTC,0.0023221597831271,-1.0,-1.0,0.3908,crisis
2021-12-08,BTC,-0.0038518487471744,-1.0,-1.0,0.3908,crisis
2021-12-09,BTC,-0.0560872621319695,-1.0,-1.0,0.2686,crisis
2021-12-10,BTC,-0.0089951190845213,-1.0,-1.0,0.3848,crisis
2021-12-11,BTC,0.0448572160440061,-1.0,-1.0,0.4017,crisis
2021-12-12,BTC,0.0149066195703628,-1.0,-1.0,0.3908,crisis
2021-12-13,BTC,-0.0670851717099511,-1.0,-1.0,0.3933,crisis
2021-12-14,BTC,-0.0026712534564946,-1.0,-1.0,0.3954,crisis
2021-12-15,BTC,0.049001519672527,-1.0,-1.0,0.4348,crisis
2021-12-16,BTC,-0.0251815828978184,1.0,1.0,0.4165,crisis
2021-12-17,BTC,-0.0306990072157418,-1.0,-1.0,0.4148,crisis
2021-12-18,BTC,0.0139957315631233,-1.0,-1.0,0.4111,crisis
2021-12-19,BTC,-0.0030259427628138,1.0,1.0,0.4196,crisis
2021-12-20,BTC,0.0037095437683511,1.0,1.0,0.4263,crisis
2021-12-21,BTC,0.0438635616940126,-1.0,-1.0,0.4368,crisis
2021-12-22,BTC,-0.0062959314476722,1.0,1.0,0.424,crisis
2021-12-23,BTC,0.0443366919436007,1.0,1.0,0.4255,crisis
2021-12-24,BTC,0.0007414904357732,1.0,1.0,0.4107,crisis
2021-12-25,BTC,-0.007719775485643,1.0,1.0,0.4198,crisis
2021-12-26,BTC,0.0075284019171428,1.0,1.0,0.4305,crisis
2021-12-27,BTC,-0.0033280706216139,1.0,1.0,0.4357,crisis
2021-12-28,BTC,-0.0602594256209162,1.0,1.0,0.4466,crisis
2021-12-29,BTC,-0.0240422788062495,-1.0,-1.0,0.4442,crisis
2021-12-30,BTC,0.0157911212643124,-1.0,-1.0,0.4414,crisis
2021-12-31,BTC,-0.0184763529177982,-1.0,-1.0,0.4388,crisis
2022-01-01,BTC,0.0298093964713672,-1.0,-1.0,0.4374,crisis
2022-01-02,BTC,-0.0071632749620244,-1.0,-1.0,0.4408,crisis
2022-01-03,BTC,-0.0187368774698079,-1.0,-1.0,0.4408,crisis
2022-01-04,BTC,-0.0120655550135126,1.0,1.0,0.3174,crisis
2022-01-05,BTC,-0.0507340606150975,-1.0,-1.0,0.317,crisis
2022-01-06,BTC,-0.0093661590158929,-1.0,-1.0,0.3034,crisis
2022-01-07,BTC,-0.0371407046918699,-1.0,-1.0,0.3115,crisis
2022-01-08,BTC,0.0042359949028196,-1.0,-1.0,0.3444,crisis
2022-01-09,BTC,0.0042569704720818,-1.0,-1.0,0.3434,crisis
2022-01-10,BTC,-0.0021554853640055,-1.0,-1.0,0.3463,crisis
2022-01-11,BTC,0.0218691094532414,-1.0,-1.0,0.3464,crisis
2022-01-12,BTC,0.0283894186846727,-1.0,-1.0,0.3404,crisis
2022-01-13,BTC,-0.0308887144841734,1.0,1.0,0.3324,crisis
2022-01-14,BTC,0.0119302693589786,1.0,1.0,0.3314,crisis
2022-01-15,BTC,0.0018027786773091,1.0,1.0,0.3328,crisis
2022-01-16,BTC,-0.0014711291913973,1.0,1.0,0.35,crisis
2022-01-17,BTC,-0.0200243667909649,1.0,1.0,0.3504,crisis
2022-01-18,BTC,0.0029604828561313,-1.0,-1.0,0.3576,crisis
2022-01-19,BTC,-0.0148978232441587,-1.0,-1.0,0.3625,crisis
2022-01-20,BTC,-0.025486340397292,-1.0,-1.0,0.3707,crisis
2022-01-21,BTC,-0.1038116561571248,-1.0,-1.0,0.3682,crisis
2022-01-22,BTC,-0.0391434846807691,-1.0,-1.0,0.4167,crisis
2022-01-23,BTC,0.035585092527173,-1.0,-1.0,0.4158,crisis
2022-01-24,BTC,0.010406744495611,-1.0,-1.0,0.4034,crisis
2022-01-25,BTC,0.0081757270308715,-1.0,-1.0,0.4057,crisis
2022-01-26,BTC,-0.0027570168785626,-1.0,-1.0,0.4014,crisis
2022-01-27,BTC,0.0077638212607122,1.0,1.0,0.4081,crisis
2022-01-28,BTC,0.017397102127314,1.0,1.0,0.4282,crisis
2022-01-29,BTC,0.0093649308384582,1.0,1.0,0.4255,crisis
2022-01-30,BTC,-0.0057836563466686,1.0,1.0,0.4239,crisis
2022-01-31,BTC,0.0149145361045013,1.0,1.0,0.4248,crisis
2022-02-01,BTC,0.0067600652883568,1.0,1.0,0.4214,crisis
2022-02-02,BTC,-0.0462090294303103,1.0,1.0,0.4377,crisis
2022-02-03,BTC,0.0054560461329451,-1.0,-1.0,0.3943,crisis
2022-02-04,BTC,0.116978066100073,-1.0,-1.0,0.394,crisis
2022-02-05,BTC,-0.0014387874352046,1.0,1.0,0.4127,crisis
2022-02-06,BTC,0.0234373129525311,1.0,1.0,0.4129,crisis
2022-02-07,BTC,0.0336658720453715,1.0,1.0,0.4086,crisis
2022-02-08,BTC,0.0063448528050995,1.0,1.0,0.3842,crisis
2022-02-09,BTC,0.0049945450466173,1.0,1.0,0.3843,crisis
2022-02-10,BTC,-0.0174493592131327,1.0,1.0,0.3977,crisis
2022-02-11,BTC,-0.0265619826070333,1.0,1.0,0.3978,crisis
2022-02-12,BTC,-0.0038546734323026,1.0,1.0,0.3575,crisis
2022-02-13,BTC,-0.0011114620775056,-1.0,-1.0,0.3575,crisis
2022-02-14,BTC,0.0092280869615768,-1.0,-1.0,0.3753,crisis
2022-02-15,BTC,0.0466876977974548,-1.0,-1.0,0.3784,crisis
2022-02-16,BTC,-0.0137597522164965,1.0,1.0,0.3687,crisis
2022-02-17,BTC,-0.0778822302997733,1.0,1.0,0.3689,crisis
2022-02-18,BTC,-0.0125076473845776,-1.0,-1.0,0.417,crisis
2022-02-19,BTC,0.0022777282826873,-1.0,-1.0,0.4165,crisis
2022-02-20,BTC,-0.0421407397253231,-1.0,-1.0,0.4312,crisis
2022-02-21,BTC,-0.0352862086879078,-1.0,-1.0,0.427,crisis
2022-02-22,BTC,0.0326564237122273,-1.0,-1.0,0.4366,crisis
2022-02-23,BTC,-0.0258438156136229,-1.0,-1.0,0.4272,crisis
2022-02-24,BTC,0.0277784003681638,-1.0,-1.0,0.4241,crisis
2022-02-25,BTC,0.0229989397897596,-1.0,-1.0,0.4181,crisis
2022-02-26,BTC,-0.0027813970538428,1.0,1.0,0.4133,crisis
2022-02-27,BTC,-0.0356823420189836,1.0,1.0,0.39,crisis
2022-02-28,BTC,0.1454118392886461,-1.0,-1.0,0.3859,crisis
2022-03-01,BTC,0.026888524570001,1.0,1.0,0.3168,crisis
2022-03-02,BTC,-0.0097063027250092,1.0,1.0,0.3168,crisis
2022-03-03,BTC,-0.0335198114219356,1.0,1.0,0.3168,crisis
2022-03-04,BTC,-0.0780693503604916,1.0,1.0,0.3168,crisis
2022-03-05,BTC,0.0067193806468304,1.0,1.0,0.3193,crisis
2022-03-06,BTC,-0.0248879944083952,-1.0,-1.0,0.3194,crisis
2022-03-07,BTC,-0.0093166438852826,-1.0,-1.0,0.3168,crisis
2022-03-08,BTC,0.0177402599908331,-1.0,-1.0,0.3168,crisis
2022-03-09,BTC,0.083786397164149,-1.0,-1.0,0.3168,crisis
2022-03-10,BTC,-0.0606309540457713,1.0,1.0,0.3168,crisis
2022-03-11,BTC,-0.0162913196229393,1.0,1.0,0.3168,crisis
2022-03-12,BTC,0.0028106492938184,1.0,1.0,0.3168,crisis
2022-03-13,BTC,-0.0271012579338149,1.0,1.0,0.3168,crisis
2022-03-14,BTC,0.0480080837903738,-1.0,-1.0,0.3168,crisis
2022-03-15,BTC,-0.0082681015637209,-1.0,-1.0,0.3168,crisis
2022-03-16,BTC,0.045887144813449,-1.0,-1.0,0.3168,crisis
2022-03-17,BTC,-0.0046799317107646,1.0,1.0,0.3168,crisis
2022-03-18,BTC,0.0207508847429873,1.0,1.0,0.3168,crisis
2022-03-19,BTC,0.0093178306222092,1.0,1.0,0.3168,crisis
2022-03-20,BTC,-0.022346848712323,1.0,1.0,0.3168,crisis
2022-03-21,BTC,-0.0041172626245532,1.0,1.0,0.3168,crisis
2022-03-22,BTC,0.0311800141632243,-1.0,-1.0,0.3168,crisis
2022-03-23,BTC,0.0126100911530078,1.0,1.0,0.3168,crisis
2022-03-24,BTC,0.024898646221148,1.0,1.0,0.3168,crisis
2022-03-25,BTC,0.0088213976205258,1.0,1.0,0.3168,crisis
2022-03-26,BTC,0.003429583093865,1.0,1.0,0.3168,crisis
2022-03-27,BTC,0.0521263122561272,1.0,1.0,0.3168,crisis
2022-03-28,BTC,0.0065678873583499,1.0,1.0,0.3168,crisis
2022-03-29,BTC,0.007166154611,1.0,1.0,0.3168,crisis
2022-03-30,BTC,-0.0084917350321905,1.0,1.0,0.3168,crisis
2022-03-31,BTC,-0.0323821082297023,1.0,1.0,0.3168,crisis
2022-04-01,BTC,0.0163151153882676,1.0,1.0,0.3168,crisis
2022-04-02,BTC,-0.0089170407983524,-1.0,-1.0,0.3168,crisis
2022-04-03,BTC,0.0127453799892374,-1.0,-1.0,0.3168,crisis
2022-04-04,BTC,0.0036403959498199,-1.0,-1.0,0.1921,crisis
2022-04-05,BTC,-0.0228790728090081,-1.0,-1.0,0.1921,crisis
2022-04-06,BTC,-0.0515684939224001,1.0,1.0,0.1921,crisis
2022-04-07,BTC,0.0068764592473051,-1.0,-1.0,0.1921,crisis
2022-04-08,BTC,-0.0279557707943397,-1.0,-1.0,0.1921,crisis
2022-04-09,BTC,0.0116930709513578,-1.0,-1.0,0.1921,crisis
2022-04-10,BTC,-0.0134276800508243,-1.0,-1.0,0.1921,crisis
2022-04-11,BTC,-0.0636322595381245,-1.0,-1.0,0.1921,crisis
2022-04-12,BTC,0.0153150838928612,-1.0,-1.0,0.1921,crisis
2022-04-13,BTC,0.0259063004651518,-1.0,-1.0,0.1921,crisis
2022-04-14,BTC,-0.0299080065317459,-1.0,-1.0,0.1921,crisis
2022-04-15,BTC,0.0154736757264544,-1.0,-1.0,0.1921,crisis
2022-04-16,BTC,-0.0031805042860567,-1.0,-1.0,0.1921,crisis
2022-04-17,BTC,-0.0175025423561756,1.0,1.0,0.1921,crisis
2022-04-18,BTC,0.0279291746086074,-1.0,-1.0,0.1921,crisis
2022-04-19,BTC,0.0165710967533785,-1.0,-1.0,0.1921,crisis
2022-04-20,BTC,-0.003093074404708,1.0,1.0,0.1921,crisis
2022-04-21,BTC,-0.0204719840488541,1.0,1.0,0.1921,crisis
2022-04-22,BTC,-0.0194200388337162,1.0,1.0,0.1921,crisis
2022-04-23,BTC,-0.0063811726165236,1.0,1.0,0.1921,crisis
2022-04-24,BTC,-0.0004416040475622,-1.0,-1.0,0.1921,crisis
2022-04-25,BTC,0.0250578500553089,-1.0,-1.0,0.1921,crisis
2022-04-26,BTC,-0.0578582678716236,-1.0,-1.0,0.1921,crisis
2022-04-27,BTC,0.029478882606909,-1.0,-1.0,0.1921,crisis
2022-04-28,BTC,0.013575224570606,-1.0,-1.0,0.1921,crisis
2022-04-29,BTC,-0.0292655738992938,1.0,1.0,0.1921,crisis
2022-04-30,BTC,-0.0231793134741956,-1.0,-1.0,0.2814,crisis
2022-05-01,BTC,0.0199979119644437,-1.0,-1.0,0.2843,crisis
2022-05-02,BTC,0.0015657861708791,1.0,1.0,0.281,crisis
2022-05-03,BTC,-0.0202151202188917,-1.0,-1.0,0.2863,crisis
2022-05-04,BTC,0.0515998566242374,-1.0,-1.0,0.217,crisis
2022-05-05,BTC,-0.0786740206890179,1.0,1.0,0.1966,crisis
2022-05-06,BTC,-0.0146060614086839,-1.0,-1.0,0.268,crisis
2022-05-07,BTC,-0.0149543552706363,-1.0,-1.0,0.2671,crisis
2022-05-08,BTC,-0.0406368487649226,-1.0,-1.0,0.2681,crisis
2022-05-09,BTC,-0.1104636999935314,-1.0,-1.0,0.3352,crisis
2022-05-10,BTC,0.0239612584805093,-1.0,-1.0,0.5044,crisis
2022-05-11,BTC,-0.0672583917327216,-1.0,-1.0,0.4996,crisis
2022-05-12,BTC,0.0038497067986085,-1.0,-1.0,0.5259,crisis
2022-05-13,BTC,0.0081022298345081,-1.0,-1.0,0.5294,crisis
2022-05-14,BTC,0.0279397335374114,-1.0,-1.0,0.55,crisis
2022-05-15,BTC,0.0399932571356789,-1.0,-1.0,0.5417,crisis
2022-05-16,BTC,-0.0460690015571287,1.0,1.0,0.5462,crisis
2022-05-17,BTC,0.01885078523519,1.0,1.0,0.5323,crisis
2022-05-18,BTC,-0.0560571198980821,1.0,1.0,0.5331,crisis
2022-05-19,BTC,0.0555030442824064,-1.0,-1.0,0.5245,crisis
2022-05-20,BTC,-0.036734890846488,1.0,1.0,0.5003,crisis
2022-05-21,BTC,0.0079274130130611,-1.0,-1.0,0.4934,crisis
2022-05-22,BTC,0.0302897944828226,-1.0,-1.0,0.5012,crisis
2022-05-23,BTC,-0.0403912314422766,1.0,1.0,0.4948,crisis
2022-05-24,BTC,0.0191304684010797,1.0,1.0,0.493,crisis
2022-05-25,BTC,-0.0031435767133879,-1.0,-1.0,0.4903,crisis
2022-05-26,BTC,-0.0099835299174566,1.0,1.0,0.4908,crisis
2022-05-27,BTC,-0.021855519242508,-1.0,-1.0,0.5147,crisis
2022-05-28,BTC,0.0065435572865377,-1.0,-1.0,0.5147,crisis
2022-05-29,BTC,0.0219003582198853,-1.0,-1.0,0.5148,crisis
2022-05-30,BTC,0.0774447096873045,-1.0,-1.0,0.5086,crisis
2022-05-31,BTC,0.0020777630413166,1.0,1.0,0.467,crisis
2022-06-01,BTC,-0.0626953635789118,1.0,1.0,0.4696,crisis
2022-06-02,BTC,0.0224304979003586,1.0,1.0,0.4632,crisis
2022-06-03,BTC,-0.0250462935836958,1.0,1.0,0.4605,crisis
2022-06-04,BTC,0.0043267488339528,1.0,1.0,0.4592,crisis
2022-06-05,BTC,0.0024720363126611,-1.0,-1.0,0.46,crisis
2022-06-06,BTC,0.0489526300284133,-1.0,-1.0,0.4719,crisis
2022-06-07,BTC,-0.0068596987731873,1.0,1.0,0.4555,crisis
2022-06-08,BTC,-0.030207305158321,1.0,1.0,0.4586,crisis
2022-06-09,BTC,-0.0033877082693644,1.0,1.0,0.4565,crisis
2022-06-10,BTC,-0.0341456371568045,1.0,1.0,0.4569,crisis
2022-06-11,BTC,-0.0248589944951643,-1.0,-1.0,0.4575,crisis
2022-06-12,BTC,-0.0563510731378267,-1.0,-1.0,0.4575,crisis
2022-06-13,BTC,-0.159747260276172,-1.0,-1.0,0.4491,crisis
2022-06-14,BTC,-0.0124779140530416,-1.0,-1.0,0.5163,crisis
2022-06-15,BTC,0.0164835541770984,-1.0,-1.0,0.5191,crisis
2022-06-16,BTC,-0.0970719443496029,-1.0,-1.0,0.5162,crisis
2022-06-17,BTC,0.0044074954445947,-1.0,-1.0,0.5454,crisis
2022-06-18,BTC,-0.0710178097408561,-1.0,-1.0,0.5511,crisis
2022-06-19,BTC,0.0807475952890373,-1.0,-1.0,0.5518,crisis
2022-06-20,BTC,0.002251010260589,-1.0,-1.0,0.5162,crisis
2022-06-21,BTC,0.0053914098304885,-1.0,-1.0,0.516,crisis
2022-06-22,BTC,-0.0349371066631987,1.0,1.0,0.5154,crisis
2022-06-23,BTC,0.0549780380029665,-1.0,-1.0,0.513,crisis
2022-06-24,BTC,0.0069135989553137,1.0,1.0,0.4971,crisis
2022-06-25,BTC,0.0127489649153018,1.0,1.0,0.5006,crisis
2022-06-26,BTC,-0.0220926194707933,1.0,1.0,0.5079,crisis
2022-06-27,BTC,-0.0138779813254257,1.0,1.0,0.513,crisis
2022-06-28,BTC,-0.0219355318787197,1.0,1.0,0.5151,crisis
2022-06-29,BTC,-0.0087083727982888,-1.0,-1.0,0.516,crisis
2022-06-30,BTC,-0.0158822375029873,-1.0,-1.0,0.5168,crisis
2022-07-01,BTC,-0.0260483445839889,-1.0,-1.0,0.5202,crisis
2022-07-02,BTC,-0.0014069651515379,-1.0,-1.0,0.5197,crisis
2022-07-03,BTC,0.0028489545560892,-1.0,-1.0,0.5198,crisis
2022-07-04,BTC,0.0484107301310523,-1.0,-1.0,0.5351,crisis
2022-07-05,BTC,-0.0020338071321012,1.0,1.0,0.5155,crisis
2022-07-06,BTC,0.0177379304287108,1.0,1.0,0.5154,crisis
2022-07-07,BTC,0.0530138578205141,1.0,1.0,0.5127,crisis
2022-07-08,BTC,0.0043225380457274,1.0,1.0,0.5023,crisis
2022-07-09,BTC,-0.0063922234209801,1.0,1.0,0.461,crisis
2022-07-10,BTC,-0.0338899034934659,1.0,1.0,0.4645,crisis
2022-07-11,BTC,-0.04265931997884,1.0,1.0,0.4593,crisis
2022-07-12,BTC,-0.0323797974068269,-1.0,-1.0,0.4534,crisis
2022-07-13,BTC,0.0459617111407861,-1.0,-1.0,0.4511,crisis
2022-07-14,BTC,0.0177045512129101,-1.0,-1.0,0.4446,crisis
2022-07-15,BTC,0.012951348577769,-1.0,-1.0,0.4512,crisis
2022-07-16,BTC,0.0169889953319211,1.0,1.0,0.4568,crisis
2022-07-17,BTC,-0.0193943614796041,1.0,1.0,0.4571,crisis
2022-07-18,BTC,0.0821174009946776,1.0,1.0,0.4453,crisis
2022-07-19,BTC,0.0401919693193753,1.0,1.0,0.4285,crisis
2022-07-20,BTC,-0.0067424108943424,1.0,1.0,0.3005,crisis
2022-07-21,BTC,-0.0028884421706671,1.0,1.0,0.3009,crisis
2022-07-22,BTC,-0.0194110767949181,1.0,1.0,0.3057,crisis
2022-07-23,BTC,-0.0109839417117817,1.0,1.0,0.3104,crisis
2022-07-24,BTC,0.0063958373633157,1.0,1.0,0.3123,crisis
2022-07-25,BTC,-0.0551751001132353,-1.0,-1.0,0.3119,crisis
2022-07-26,BTC,-0.0057086869928485,-1.0,-1.0,0.3217,crisis
2022-07-27,BTC,0.0796052030234431,-1.0,-1.0,0.323,crisis
2022-07-28,BTC,0.0398306162434614,1.0,1.0,0.42,crisis
2022-07-29,BTC,-0.0016462880701044,1.0,1.0,0.4154,crisis
2022-07-30,BTC,-0.0062351636515082,1.0,1.0,0.4413,crisis
2022-07-31,BTC,-0.0134979604487392,1.0,1.0,0.4414,crisis
2022-08-01,BTC,-0.0009725914343493,1.0,1.0,0.4224,crisis
2022-08-02,BTC,-0.014415336683737,1.0,1.0,0.4253,crisis
2022-08-03,BTC,-0.0057275961266136,-1.0,-1.0,0.4267,crisis
2022-08-04,BTC,-0.0094347365041087,-1.0,-1.0,0.427,crisis
2022-08-05,BTC,0.0290910110856517,-1.0,-1.0,0.427,crisis
2022-08-06,BTC,-0.0140852216543447,-1.0,-1.0,0.4344,crisis
2022-08-07,BTC,0.0093466624986442,-1.0,-1.0,0.434,crisis
2022-08-08,BTC,0.0273385697825798,1.0,1.0,0.4363,crisis
2022-08-09,BTC,-0.0270970973442586,1.0,1.0,0.4321,crisis
2022-08-10,BTC,0.0338159839887097,1.0,1.0,0.4338,crisis
2022-08-11,BTC,0.0004128472653517,1.0,1.0,0.3056,crisis
2022-08-12,BTC,0.0185866020231928,1.0,1.0,0.2823,crisis
2022-08-13,BTC,0.0008708010561344,1.0,1.0,0.1921,crisis
2022-08-14,BTC,-0.0042881625394648,1.0,1.0,0.1921,crisis
2022-08-15,BTC,-0.0074986152269698,1.0,1.0,0.1921,crisis
2022-08-16,BTC,-0.010510085263709,1.0,1.0,0.1921,trend
2022-08-17,BTC,-0.0229153079611996,-1.0,-1.0,0.1921,range
2022-08-18,BTC,-0.005281958173694,-1.0,-1.0,0.1921,range
2022-08-19,BTC,-0.1005993139879252,-1.0,-1.0,0.1921,range
2022-08-20,BTC,0.0138190436480118,-1.0,-1.0,0.1921,crisis
2022-08-21,BTC,0.0173891852033534,-1.0,-1.0,0.1921,crisis
2022-08-22,BTC,-0.006279006699941,-1.0,-1.0,0.1921,crisis
2022-08-23,BTC,0.0060367419811229,-1.0,-1.0,0.1921,crisis
2022-08-24,BTC,-0.006181150878381,-1.0,-1.0,0.1921,crisis
2022-08-25,BTC,0.0096230230275919,1.0,1.0,0.1921,crisis
2022-08-26,BTC,-0.0620753995849602,1.0,1.0,0.1921,crisis
2022-08-27,BTC,-0.0107739901071325,-1.0,-1.0,0.2161,crisis
2022-08-28,BTC,-0.021201944769558,-1.0,-1.0,0.2186,crisis
2022-08-29,BTC,0.0347242764174429,-1.0,-1.0,0.2161,crisis
2022-08-30,BTC,-0.0246913829712814,-1.0,-1.0,0.2101,crisis
2022-08-31,BTC,0.0127775685119702,-1.0,-1.0,0.2106,crisis
2022-09-01,BTC,0.0038592451457939,-1.0,-1.0,0.2097,crisis
2022-09-02,BTC,-0.0078187529742566,1.0,1.0,0.2097,crisis
2022-09-03,BTC,-0.0068946003642419,1.0,1.0,0.2244,crisis
2022-09-04,BTC,0.0077967080850369,-1.0,-1.0,0.2241,crisis
2022-09-05,BTC,-0.0087228849400632,1.0,1.0,0.2258,crisis
2022-09-06,BTC,-0.0491966923286369,-1.0,-1.0,0.2461,crisis
2022-09-07,BTC,0.024029314602578,-1.0,-1.0,0.2677,crisis
2022-09-08,BTC,0.0020481649337233,-1.0,-1.0,0.263,crisis
2022-09-09,BTC,0.1061218819071676,-1.0,-1.0,0.2674,crisis
2022-09-10,BTC,0.0140023659125891,1.0,1.0,0.3168,crisis
2022-09-11,BTC,0.004092001431295,1.0,1.0,0.3168,crisis
2022-09-12,BTC,0.0276166242548017,1.0,1.0,0.3168,crisis
2022-09-13,BTC,-0.0927000690608337,1.0,1.0,0.3168,crisis
2022-09-14,BTC,-0.0027402074343571,1.0,1.0,0.3867,crisis
2022-09-15,BTC,-0.0266724228002328,-1.0,-1.0,0.3883,crisis
2022-09-16,BTC,0.0036227746152976,-1.0,-1.0,0.3864,crisis
2022-09-17,BTC,0.0179537579802684,-1.0,-1.0,0.429,crisis
2022-09-18,BTC,-0.0351791147852871,-1.0,-1.0,0.4384,crisis
2022-09-19,BTC,0.006417415961943,-1.0,-1.0,0.4481,crisis
2022-09-20,BTC,-0.0334289569457899,-1.0,-1.0,0.4476,crisis
2022-09-21,BTC,-0.0181775716588069,-1.0,-1.0,0.443,crisis
2022-09-22,BTC,0.0466992878992791,-1.0,-1.0,0.4418,crisis
2022-09-23,BTC,-0.005970680514919,-1.0,-1.0,0.4265,crisis
2022-09-24,BTC,-0.0186876207631864,-1.0,-1.0,0.3997,crisis
2022-09-25,BTC,-0.0071243586107314,-1.0,-1.0,0.3979,crisis
2022-09-26,BTC,0.0223684732650133,-1.0,-1.0,0.4445,crisis
2022-09-27,BTC,-0.0058329560390522,1.0,1.0,0.4537,crisis
2022-09-28,BTC,0.0165444678372135,-1.0,-1.0,0.4537,crisis
2022-09-29,BTC,0.0075324127196341,1.0,1.0,0.4508,crisis
2022-09-30,BTC,-0.0072171538473359,1.0,1.0,0.4509,crisis
2022-10-01,BTC,-0.0061596674907298,1.0,1.0,0.4507,crisis
2022-10-02,BTC,-0.0138767063590429,1.0,1.0,0.4517,crisis
2022-10-03,BTC,0.0304279241559197,-1.0,-1.0,0.4508,crisis
2022-10-04,BTC,0.0363472755244134,1.0,1.0,0.443,crisis
2022-10-05,BTC,-0.00866048612509,1.0,1.0,0.4392,crisis
2022-10-06,BTC,-0.0101818521418751,1.0,1.0,0.44,crisis
2022-10-07,BTC,-0.020475303035953,1.0,1.0,0.4404,crisis
2022-10-08,BTC,-0.0066650766033169,1.0,1.0,0.4446,crisis
2022-10-09,BTC,0.0015377290838616,-1.0,-1.0,0.4491,crisis
2022-10-10,BTC,-0.0156811030304613,-1.0,-1.0,0.3349,crisis
2022-10-11,BTC,-0.0047052989457616,-1.0,-1.0,0.3338,crisis
2022-10-12,BTC,0.0055653255796452,-1.0,-1.0,0.3377,crisis
2022-10-13,BTC,0.0117687395525483,-1.0,-1.0,0.3372,crisis
2022-10-14,BTC,-0.0101763927558988,-1.0,-1.0,0.3353,crisis
2022-10-15,BTC,-0.0061515479500473,-1.0,-1.0,0.335,crisis
2022-10-16,BTC,0.0105130493026006,-1.0,-1.0,0.3354,crisis
2022-10-17,BTC,0.0146700585002084,1.0,1.0,0.3371,crisis
2022-10-18,BTC,-0.011065647631146,1.0,1.0,0.3348,crisis
2022-10-19,BTC,-0.0100794799914053,-1.0,-1.0,0.2408,crisis
2022-10-20,BTC,-0.0044826021726542,-1.0,-1.0,0.2421,crisis
2022-10-21,BTC,0.0062312445831922,-1.0,-1.0,0.2452,crisis
2022-10-22,BTC,0.0018631248583989,-1.0,-1.0,0.2448,crisis
2022-10-23,BTC,0.0186804883537121,-1.0,-1.0,0.2452,crisis
2022-10-24,BTC,-0.0113167812369114,1.0,1.0,0.2419,crisis
2022-10-25,BTC,0.0387833012096094,1.0,1.0,0.242,crisis
2022-10-26,BTC,0.0335683106330508,1.0,1.0,0.1921,crisis
2022-10-27,BTC,-0.0233314959115013,1.0,1.0,0.1921,crisis
2022-10-28,BTC,0.0152577210006827,1.0,1.0,0.1921,crisis
2022-10-29,BTC,0.0108337553414852,1.0,1.0,0.1921,crisis
2022-10-30,BTC,-0.0087841704615604,1.0,1.0,0.1921,crisis
2022-10-31,BTC,-0.0067761564627427,1.0,1.0,0.1921,crisis
2022-11-01,BTC,-0.0005123007449325,-1.0,-1.0,0.1921,crisis
2022-11-02,BTC,-0.0159026205944438,1.0,1.0,0.1921,crisis
2022-11-03,BTC,0.002504246891926,-1.0,-1.0,0.1921,crisis
2022-11-04,BTC,0.0463751969796804,-1.0,-1.0,0.1921,crisis
2022-11-05,BTC,0.006405611254872,1.0,1.0,0.1921,crisis
2022-11-06,BTC,-0.0167368436315528,1.0,1.0,0.1921,crisis
2022-11-07,BTC,-0.0154669979852274,1.0,1.0,0.1921,crisis
2022-11-08,BTC,-0.1000613159494843,1.0,1.0,0.1921,crisis
2022-11-09,BTC,-0.1434902246687631,-1.0,-1.0,0.3164,crisis
2022-11-10,BTC,0.1074248986235879,-1.0,-1.0,0.547,crisis
2022-11-11,BTC,-0.0314144364766353,-1.0,-1.0,0.4608,crisis
2022-11-12,BTC,-0.0138020064763657,-1.0,-1.0,0.4712,crisis
2022-11-13,BTC,-0.0265382099183333,-1.0,-1.0,0.3869,crisis
2022-11-14,BTC,0.0161944639882631,-1.0,-1.0,0.3834,crisis
2022-11-15,BTC,0.0160314639987833,1.0,1.0,0.3845,crisis
2022-11-16,BTC,-0.0127437818409466,-1.0,-1.0,0.3827,crisis
2022-11-17,BTC,0.0010845070736082,-1.0,-1.0,0.3845,crisis
2022-11-18,BTC,0.0006148167681003,-1.0,-1.0,0.3665,crisis
2022-11-19,BTC,0.0008246325823211,1.0,1.0,0.3669,crisis
2022-11-20,BTC,-0.0251152599390952,1.0,1.0,0.3457,crisis
2022-11-21,BTC,-0.0309693747513911,-1.0,-1.0,0.3538,crisis
2022-11-22,BTC,0.0254942741881059,-1.0,-1.0,0.38,crisis
2022-11-23,BTC,0.0260002157033485,-1.0,-1.0,0.3749,crisis
2022-11-24,BTC,-0.0003757930043709,-1.0,-1.0,0.3717,crisis
2022-11-25,BTC,-0.0049759536156385,-1.0,-1.0,0.3719,crisis
2022-11-26,BTC,-0.0034839061881034,1.0,1.0,0.3755,crisis
2022-11-27,BTC,-0.0011937537130568,1.0,1.0,0.3756,crisis
2022-11-28,BTC,-0.0138224289397337,1.0,1.0,0.3778,crisis
2022-11-29,BTC,0.0140380854817543,-1.0,-1.0,0.3776,crisis
2022-11-30,BTC,0.0440002893169708,-1.0,-1.0,0.376,crisis
2022-12-01,BTC,-0.0117326973600236,1.0,1.0,0.363,crisis
2022-12-02,BTC,0.0071625150279055,1.0,1.0,0.3633,crisis
2022-12-03,BTC,-0.0105581026525951,1.0,1.0,0.3691,crisis
2022-12-04,BTC,0.013144481522908,1.0,1.0,0.3781,crisis
2022-12-05,BTC,-0.0090867330482284,1.0,1.0,0.3768,crisis
2022-12-06,BTC,0.0067557530907154,-1.0,-1.0,0.3769,crisis
2022-12-07,BTC,-0.0141242808714139,1.0,1.0,0.3787,crisis
2022-12-08,BTC,0.022871839541696,-1.0,-1.0,0.3778,crisis
2022-12-09,BTC,-0.0058213603407883,1.0,1.0,0.374,crisis
2022-12-10,BTC,-0.00025843080632,1.0,1.0,0.2506,crisis
2022-12-11,BTC,-0.0014321702613265,1.0,1.0,0.2506,crisis
2022-12-12,BTC,0.0059777236188083,1.0,1.0,0.2509,crisis
2022-12-13,BTC,0.0334108010083435,1.0,1.0,0.2517,crisis
2022-12-14,BTC,0.001930792225645,1.0,1.0,0.2447,crisis
2022-12-15,BTC,-0.0253027616935732,1.0,1.0,0.2448,crisis
2022-12-16,BTC,-0.041312204252233,1.0,1.0,0.2423,crisis
2022-12-17,BTC,0.0088666502727983,-1.0,-1.0,0.2676,crisis
2022-12-18,BTC,-0.0022098857704312,-1.0,-1.0,0.2674,crisis
2022-12-19,BTC,-0.0189937534411085,-1.0,-1.0,0.2678,crisis
2022-12-20,BTC,0.0283840688425822,-1.0,-1.0,0.266,crisis
2022-12-21,BTC,-0.0052506761761861,-1.0,-1.0,0.2608,crisis
2022-12-22,BTC,0.0007615052090579,1.0,1.0,0.2608,crisis
2022-12-23,BTC,-0.0019838380157674,1.0,1.0,0.2633,crisis
2022-12-24,BTC,0.0030245208161823,1.0,1.0,0.2639,crisis
2022-12-25,BTC,-0.0003424510242288,1.0,1.0,0.2742,crisis
2022-12-26,BTC,0.0046204977167716,-1.0,-1.0,0.2828,crisis
2022-12-27,BTC,-0.0119759573539699,1.0,1.0,0.2853,crisis
2022-12-28,BTC,-0.0098462553654299,-1.0,-1.0,0.2869,crisis
2022-12-29,BTC,0.0054232979508825,-1.0,-1.0,0.2879,crisis
2022-12-30,BTC,-0.0023888380529755,-1.0,-1.0,0.2876,crisis
2022-12-31,BTC,-0.0033181483870876,-1.0,-1.0,0.2877,crisis
2023-01-01,BTC,0.0046885633896178,-1.0,-1.0,0.2877,crisis
2023-01-02,BTC,0.0038129515588565,-1.0,-1.0,0.2885,crisis
2023-01-03,BTC,-0.0005161216628667,1.0,1.0,0.2884,crisis
2023-01-04,BTC,0.0109941502937851,1.0,1.0,0.3054,crisis
2023-01-05,BTC,-0.0015715814888571,1.0,1.0,0.3046,crisis
2023-01-06,BTC,0.0068441068167415,1.0,1.0,0.3059,crisis
2023-01-07,BTC,0.0001834226481807,1.0,1.0,0.3064,crisis
2023-01-08,BTC,0.0080251123142494,1.0,1.0,0.2077,range
2023-01-09,BTC,0.0061675305628166,1.0,1.0,0.1921,trend
2023-01-10,BTC,0.014522576515372,1.0,1.0,0.2639,range
2023-01-11,BTC,0.0280061510201732,1.0,1.0,0.231,trend
2023-01-12,BTC,0.0521157959882461,1.0,1.0,0.2175,trend
2023-01-13,BTC,0.0551144166026911,1.0,1.0,0.1921,trend
2023-01-14,BTC,0.0535784742383091,1.0,1.0,0.1921,trend
2023-01-15,BTC,-0.0045527574136173,1.0,1.0,0.1921,trend
2023-01-16,BTC,0.0138325160235708,1.0,1.0,0.1921,trend
2023-01-17,BTC,-0.0003832509199314,1.0,1.0,0.1921,trend
2023-01-18,BTC,-0.022339524368838,1.0,1.0,0.1921,trend
2023-01-19,BTC,0.0192380456799503,1.0,1.0,0.1921,trend
2023-01-20,BTC,0.0753912540413792,1.0,1.0,0.1921,trend
2023-01-21,BTC,0.0044571265663226,1.0,1.0,0.1921,trend
2023-01-22,BTC,-0.0025116307944748,1.0,1.0,0.1921,trend
2023-01-23,BTC,0.009419529327844,1.0,1.0,0.1921,trend
2023-01-24,BTC,-0.0129919457039084,1.0,1.0,0.1921,trend
2023-01-25,BTC,0.0212661537590752,1.0,1.0,0.1921,trend
2023-01-26,BTC,-0.0036803594082767,1.0,1.0,0.1921,trend
2023-01-27,BTC,0.0019950339114214,1.0,1.0,0.1921,trend
2023-01-28,BTC,-0.002064180955322,1.0,1.0,0.1921,trend
2023-01-29,BTC,0.032281432079158,1.0,1.0,0.1921,trend
2023-01-30,BTC,-0.0393036709232834,1.0,1.0,0.1921,trend
2023-01-31,BTC,0.0130973167697252,-1.0,-1.0,0.1921,trend
2023-02-01,BTC,0.0252594828886516,1.0,1.0,0.1921,trend
2023-02-02,BTC,-0.0106179769268196,1.0,1.0,0.1921,trend
2023-02-03,BTC,-0.0009606745041729,1.0,1.0,0.1921,trend
2023-02-04,BTC,-0.0050097230122172,-1.0,-1.0,0.1921,trend
2023-02-05,BTC,-0.0161230969003104,1.0,1.0,0.1921,trend
2023-02-06,BTC,-0.0085188833332865,-1.0,-1.0,0.1921,trend
2023-02-07,BTC,0.0221519867201869,-1.0,-1.0,0.1921,range
2023-02-08,BTC,-0.0139652903201216,-1.0,-1.0,0.1921,trend
2023-02-09,BTC,-0.0488399631774345,-1.0,-1.0,0.1921,trend
2023-02-10,BTC,-0.0076930733873835,-1.0,-1.0,0.1921,range
2023-02-11,BTC,0.0101468543416451,-1.0,-1.0,0.1921,range
2023-02-12,BTC,-0.0037799985140054,-1.0,-1.0,0.1921,range
2023-02-13,BTC,0.0009132665684197,-1.0,-1.0,0.1921,range
2023-02-14,BTC,0.0189243031456558,-1.0,-1.0,0.1921,range
2023-02-15,BTC,0.0939226611603778,1.0,1.0,0.1921,range
2023-02-16,BTC,-0.028154173176657,1.0,1.0,0.1921,range
2023-02-17,BTC,0.0398809645364834,1.0,1.0,0.1921,range
2023-02-18,BTC,0.003080558848008,1.0,1.0,0.1921,range
2023-02-19,BTC,-0.0127280238459127,1.0,1.0,0.1921,range
2023-02-20,BTC,0.020614650916729,1.0,1.0,0.1921,range
2023-02-21,BTC,-0.0158199111364509,1.0,1.0,0.1921,range
2023-02-22,BTC,-0.0101287520442335,1.0,1.0,0.1921,range
2023-02-23,BTC,-0.0099778048506349,-1.0,-1.0,0.1921,range
2023-02-24,BTC,-0.0312920128967053,-1.0,-1.0,0.1921,range
2023-02-25,BTC,-0.0009807668166905,-1.0,-1.0,0.1921,range
2023-02-26,BTC,0.0166486147743025,-1.0,-1.0,0.1921,range
2023-02-27,BTC,-0.001627326956935,-1.0,-1.0,0.1921,range
2023-02-28,BTC,-0.0159639347011842,-1.0,-1.0,0.1921,range
2023-03-01,BTC,0.0215660621974789,-1.0,-1.0,0.1921,range
2023-03-02,BTC,-0.0072350503021632,1.0,1.0,0.1921,range
2023-03-03,BTC,-0.0474021291675925,1.0,1.0,0.1921,range
2023-03-04,BTC,-0.0004172164631153,-1.0,-1.0,0.1921,range
2023-03-05,BTC,0.0036756935285233,-1.0,-1.0,0.1921,range
2023-03-06,BTC,-0.0002565512632864,-1.0,-1.0,0.1921,range
2023-03-07,BTC,-0.0093620396174306,-1.0,-1.0,0.1921,range
2023-03-08,BTC,-0.0225785174062863,-1.0,-1.0,0.1921,trend
2023-03-09,BTC,-0.0623931115860858,-1.0,-1.0,0.1921,trend
2023-03-10,BTC,-0.0086321837790565,-1.0,-1.0,0.1921,crisis
2023-03-11,BTC,0.022051846825845,-1.0,-1.0,0.1921,crisis
2023-03-12,BTC,0.0742297700996441,-1.0,-1.0,0.1921,crisis
2023-03-13,BTC,0.0917518788869382,1.0,1.0,0.1921,crisis
2023-03-14,BTC,0.0226692948830899,1.0,1.0,0.3168,crisis
2023-03-15,BTC,-0.0149564443223711,1.0,1.0,0.3168,crisis
2023-03-16,BTC,0.0277662130627542,1.0,1.0,0.3168,crisis
2023-03-17,BTC,0.0946457745317153,1.0,1.0,0.3168,crisis
2023-03-18,BTC,-0.016702594648891,1.0,1.0,0.3168,crisis
2023-03-19,BTC,0.0397834937525938,1.0,1.0,0.3168,crisis
2023-03-20,BTC,-0.0096808941778383,1.0,1.0,0.3168,crisis
2023-03-21,BTC,0.0147144668377081,1.0,1.0,0.3168,crisis
2023-03-22,BTC,-0.0308200086815363,1.0,1.0,0.3168,crisis
2023-03-23,BTC,0.0375917790254027,-1.0,-1.0,0.3168,crisis
2023-03-24,BTC,-0.0296706540307385,1.0,1.0,0.3168,crisis
2023-03-25,BTC,5.17171735541222e-05,-1.0,-1.0,0.3168,crisis
2023-03-26,BTC,0.0181716083138161,-1.0,-1.0,0.3168,crisis
2023-03-27,BTC,-0.0305219451176532,-1.0,-1.0,0.3168,crisis
2023-03-28,BTC,0.0047252289443948,-1.0,-1.0,0.3168,crisis
2023-03-29,BTC,0.0396180637553154,-1.0,-1.0,0.3168,crisis
2023-03-30,BTC,-0.0111074503792854,1.0,1.0,0.3168,crisis
2023-03-31,BTC,0.0158710429685844,1.0,1.0,0.3168,crisis
2023-04-01,BTC,-0.0023684272611504,1.0,1.0,0.3168,crisis
2023-04-02,BTC,-0.007452264985615,1.0,1.0,0.3168,crisis
2023-04-03,BTC,-0.0145070184705049,1.0,1.0,0.3168,crisis
2023-04-04,BTC,0.0135971982612757,-1.0,-1.0,0.3168,crisis
2023-04-05,BTC,0.0003512673846499,1.0,1.0,0.3168,crisis
2023-04-06,BTC,-0.004749940528704,-1.0,-1.0,0.3168,crisis
2023-04-07,BTC,-0.0042176813895504,-1.0,-1.0,0.3168,crisis
2023-04-08,BTC,0.0007854922772632,-1.0,-1.0,0.3168,crisis
2023-04-09,BTC,0.0137848392136818,1.0,1.0,0.3168,crisis
2023-04-10,BTC,0.0465862182541065,1.0,1.0,0.3168,crisis
2023-04-11,BTC,0.0196296667585718,1.0,1.0,0.3168,crisis
2023-04-12,BTC,-0.0031753158035832,1.0,1.0,0.1921,crisis
2023-04-13,BTC,0.0086271348395248,1.0,1.0,0.1921,crisis
2023-04-14,BTC,0.0028498510889198,1.0,1.0,0.1921,crisis
2023-04-15,BTC,-0.0054846413001793,1.0,1.0,0.1921,crisis
2023-04-16,BTC,-0.0001035877568033,1.0,1.0,0.1921,crisis
2023-04-17,BTC,-0.0287085713961738,1.0,1.0,0.1921,crisis
2023-04-18,BTC,0.032348662229154,-1.0,-1.0,0.1921,crisis
2023-04-19,BTC,-0.0518092051895368,1.0,1.0,0.1921,crisis
2023-04-20,BTC,-0.020008250880993,-1.0,-1.0,0.1921,crisis
2023-04-21,BTC,-0.0343085225183388,-1.0,-1.0,0.1921,crisis
2023-04-22,BTC,0.0198185879798462,-1.0,-1.0,0.1921,crisis
2023-04-23,BTC,-0.0081285246472544,-1.0,-1.0,0.1921,crisis
2023-04-24,BTC,-0.0023936791297725,-1.0,-1.0,0.1921,crisis
2023-04-25,BTC,0.0284195514729537,-1.0,-1.0,0.1921,crisis
2023-04-26,BTC,0.0040661703978821,1.0,1.0,0.1921,crisis
2023-04-27,BTC,0.0369805083318428,1.0,1.0,0.1921,crisis
2023-04-28,BTC,-0.0045303099370805,1.0,1.0,0.1921,crisis
2023-04-29,BTC,-0.0031279011203009,1.0,1.0,0.1921,crisis
2023-04-30,BTC,0.0006946806679244,1.0,1.0,0.1921,crisis
2023-05-01,BTC,-0.0402216016424802,1.0,1.0,0.1921,crisis
2023-05-02,BTC,0.0209660330268972,-1.0,-1.0,0.1921,range
2023-05-03,BTC,0.0113586256468158,-1.0,-1.0,0.1921,range
2023-05-04,BTC,-0.005467695268338,-1.0,-1.0,0.1921,range
2023-05-05,BTC,0.0238034078202153,-1.0,-1.0,0.1921,range
2023-05-06,BTC,-0.021323001096775,1.0,1.0,0.1921,range
2023-05-07,BTC,-0.0155561458290186,1.0,1.0,0.1921,range
2023-05-08,BTC,-0.0267336374092599,-1.0,-1.0,0.1921,range
2023-05-09,BTC,-0.0012817829272578,-1.0,-1.0,0.1921,trend
2023-05-10,BTC,-0.0013384371045779,-1.0,-1.0,0.1921,range
2023-05-11,BTC,-0.0224810761501332,-1.0,-1.0,0.1921,range
2023-05-12,BTC,-0.0072515965245228,-1.0,-1.0,0.1921,range
2023-05-13,BTC,-0.0007801573211611,-1.0,-1.0,0.1921,range
2023-05-14,BTC,0.0054719279936015,-1.0,-1.0,0.1921,range
2023-05-15,BTC,0.0097307268012798,-1.0,-1.0,0.1921,range
2023-05-16,BTC,-0.0057384153414947,-1.0,-1.0,0.1921,range
2023-05-17,BTC,0.0133948672826562,1.0,1.0,0.1921,range
2023-05-18,BTC,-0.0206795076227598,1.0,1.0,0.1932,trend
2023-05-19,BTC,0.0021585968530852,1.0,1.0,0.2096,trend
2023-05-20,BTC,0.0089050161152013,-1.0,-1.0,0.2108,trend
2023-05-21,BTC,-0.0138505529163128,-1.0,-1.0,0.2129,trend
2023-05-22,BTC,0.0036425134576618,-1.0,-1.0,0.2171,range
2023-05-23,BTC,0.0139453037543169,-1.0,-1.0,0.2402,trend
2023-05-24,BTC,-0.0327230276510641,1.0,1.0,0.2412,trend
2023-05-25,BTC,0.0053688873014257,-1.0,-1.0,0.2441,trend
2023-05-26,BTC,0.0091812238848294,-1.0,-1.0,0.2495,trend
2023-05-27,BTC,0.0055788344051805,-1.0,-1.0,0.2504,trend
2023-05-28,BTC,0.0453058267244435,1.0,1.0,0.2502,trend
2023-05-29,BTC,-0.0120973437068298,1.0,1.0,0.2418,range
2023-05-30,BTC,-0.0015690671469931,1.0,1.0,0.2414,range
2023-05-31,BTC,-0.0174242045550767,1.0,1.0,0.2458,range
2023-06-01,BTC,-0.0146837092476463,1.0,1.0,0.2409,range
2023-06-02,BTC,0.0160185542694759,-1.0,-1.0,0.2383,range
2023-06-03,BTC,-0.0064023326039167,-1.0,-1.0,0.2371,range
2023-06-04,BTC,0.001622799291266,-1.0,-1.0,0.2397,range
2023-06-05,BTC,-0.0501111922380486,-1.0,-1.0,0.2397,range
2023-06-06,BTC,0.0574021716302086,-1.0,-1.0,0.279,crisis
2023-06-07,BTC,-0.0327762495700458,1.0,1.0,0.2298,crisis
2023-06-08,BTC,0.0061572444403654,-1.0,-1.0,0.2287,crisis
2023-06-09,BTC,-0.0010503081775867,-1.0,-1.0,0.2308,crisis
2023-06-10,BTC,-0.0237585293118016,-1.0,-1.0,0.2622,crisis
2023-06-11,BTC,0.0034399794195076,1.0,1.0,0.2622,crisis
2023-06-12,BTC,-0.0014521096700444,-1.0,-1.0,0.2617,crisis
2023-06-13,BTC,0.0006265231396582,-1.0,-1.0,0.2635,crisis
2023-06-14,BTC,-0.0306362533909141,-1.0,-1.0,0.2638,crisis
2023-06-15,BTC,0.0179790877276557,-1.0,-1.0,0.2526,crisis
2023-06-16,BTC,0.029365685552642,-1.0,-1.0,0.2467,crisis
2023-06-17,BTC,0.0069590029007406,1.0,1.0,0.2429,crisis
2023-06-18,BTC,-0.0065808541458755,1.0,1.0,0.2581,crisis
2023-06-19,BTC,0.0195478525476706,1.0,1.0,0.2263,crisis
2023-06-20,BTC,0.0549870534961889,1.0,1.0,0.2254,crisis
2023-06-21,BTC,0.0600056234027324,1.0,1.0,0.1921,crisis
2023-06-22,BTC,-0.0038303689299371,1.0,1.0,0.1921,crisis
2023-06-23,BTC,0.0261828074379983,1.0,1.0,0.1921,crisis
2023-06-24,BTC,-0.0047815994828226,1.0,1.0,0.1921,crisis
2023-06-25,BTC,-0.0022401478377375,1.0,1.0,0.1921,crisis
2023-06-26,BTC,-0.0068611897530509,1.0,1.0,0.1921,crisis
2023-06-27,BTC,0.0137765980749888,1.0,1.0,0.1921,crisis
2023-06-28,BTC,-0.0196140103892863,1.0,1.0,0.1921,crisis
2023-06-29,BTC,0.0119358682246701,-1.0,-1.0,0.1921,crisis
2023-06-30,BTC,0.0010477918298796,-1.0,-1.0,0.1921,crisis
2023-07-01,BTC,0.0037019798257575,1.0,1.0,0.1921,crisis
2023-07-02,BTC,0.0010033124506771,1.0,1.0,0.1921,crisis
2023-07-03,BTC,0.017493679292688,-1.0,-1.0,0.1921,crisis
2023-07-04,BTC,-0.0121598433108826,1.0,1.0,0.1921,crisis
2023-07-05,BTC,-0.0085586975402272,1.0,1.0,0.1921,crisis
2023-07-06,BTC,-0.0198212241714321,1.0,1.0,0.1921,trend
2023-07-07,BTC,0.0144746679434417,-1.0,-1.0,0.1921,trend
2023-07-08,BTC,-0.0016387902600796,-1.0,-1.0,0.1921,trend
2023-07-09,BTC,-0.0040045052860514,-1.0,-1.0,0.1921,trend
2023-07-10,BTC,0.0080618620074273,-1.0,-1.0,0.1921,trend
2023-07-11,BTC,0.0067888891036589,-1.0,-1.0,0.1921,trend
2023-07-12,BTC,-0.0074884900280502,1.0,1.0,0.1921,range
2023-07-13,BTC,0.0356809343747637,1.0,1.0,0.1921,range
2023-07-14,BTC,-0.0362809345920698,1.0,1.0,0.1921,range
2023-07-15,BTC,-0.0012613447789694,1.0,1.0,0.1921,range
2023-07-16,BTC,-0.00154060357853,-1.0,-1.0,0.1921,range
2023-07-17,BTC,-0.0034131272874816,-1.0,-1.0,0.1921,range
2023-07-18,BTC,-0.0095975333493794,-1.0,-1.0,0.1921,range
2023-07-19,BTC,0.0019212301525,-1.0,-1.0,0.1921,range
2023-07-20,BTC,-0.0040752996439197,-1.0,-1.0,0.1921,range
2023-07-21,BTC,0.0039181140710413,-1.0,-1.0,0.1921,range
2023-07-22,BTC,-0.0045786411360546,-1.0,-1.0,0.1921,range
2023-07-23,BTC,0.0105044471413182,-1.0,-1.0,0.1921,range
2023-07-24,BTC,-0.030169086020877,1.0,1.0,0.1921,range
2023-07-25,BTC,0.0017299501204297,-1.0,-1.0,0.1921,range
2023-07-26,BTC,0.0043651529788248,-1.0,-1.0,0.1921,range
2023-07-27,BTC,-0.0049151196567127,-1.0,-1.0,0.1921,range
2023-07-28,BTC,0.0037163327075591,-1.0,-1.0,0.1921,range
2023-07-29,BTC,0.0012848855280773,-1.0,-1.0,0.1921,range
2023-07-30,BTC,-0.0027799026821164,1.0,1.0,0.1921,range
2023-07-31,BTC,-0.0015438698273756,1.0,1.0,0.1921,range
2023-08-01,BTC,0.0152452752829999,-1.0,-1.0,0.1921,range
2023-08-02,BTC,-0.0176498908284369,1.0,1.0,0.1921,range
2023-08-03,BTC,0.0009166006009861,-1.0,-1.0,0.1921,trend
2023-08-04,BTC,-0.0035843942133476,-1.0,-1.0,0.1921,trend
2023-08-05,BTC,-0.0010994270766331,-1.0,-1.0,0.1921,trend
2023-08-06,BTC,-9.347950838400898e-06,-1.0,-1.0,0.1921,trend
2023-08-07,BTC,0.0047766457759308,-1.0,-1.0,0.1921,trend
2023-08-08,BTC,0.0200446358531494,1.0,1.0,0.1921,range
2023-08-09,BTC,-0.0068535082702468,1.0,1.0,0.1921,range
2023-08-10,BTC,-0.0044619647140478,1.0,1.0,0.1921,range
2023-08-11,BTC,-0.0010831598801986,1.0,1.0,0.1921,range
2023-08-12,BTC,0.0006207965516027,1.0,1.0,0.1921,range
2023-08-13,BTC,-0.0045230806453818,1.0,1.0,0.1921,range
2023-08-14,BTC,0.0042867761250493,-1.0,-1.0,0.1921,range
2023-08-15,BTC,-0.008096168172366,-1.0,-1.0,0.1921,range
2023-08-16,BTC,-0.0160631736342917,-1.0,-1.0,0.1921,range
2023-08-17,BTC,-0.070979171519405,-1.0,-1.0,0.1921,range
2023-08-18,BTC,-0.0230641103114871,-1.0,-1.0,0.2003,crisis
2023-08-19,BTC,0.0017907574452629,-1.0,-1.0,0.2173,crisis
2023-08-20,BTC,0.0035782561476065,-1.0,-1.0,0.2801,crisis
2023-08-21,BTC,-0.0024988315741878,-1.0,-1.0,0.3844,crisis
2023-08-22,BTC,-0.0035401882238949,-1.0,-1.0,0.3845,crisis
2023-08-23,BTC,0.0153653064237893,-1.0,-1.0,0.4129,crisis
2023-08-24,BTC,-0.0101873198847262,1.0,1.0,0.4017,crisis
2023-08-25,BTC,-0.0043843529759125,1.0,1.0,0.3995,crisis
2023-08-26,BTC,-0.0015051281432193,-1.0,-1.0,0.4001,crisis
2023-08-27,BTC,0.0031232321991347,-1.0,-1.0,0.4095,crisis
2023-08-28,BTC,0.0006307866874213,1.0,1.0,0.4101,crisis
2023-08-29,BTC,0.0621019247664413,-1.0,-1.0,0.4174,crisis
2023-08-30,BTC,-0.0155127083050838,1.0,1.0,0.2929,crisis
2023-08-31,BTC,-0.0500340578984273,1.0,1.0,0.2888,crisis
2023-09-01,BTC,-0.0050420602257421,1.0,1.0,0.361,crisis
2023-09-02,BTC,0.0026384615075991,-1.0,-1.0,0.3705,crisis
2023-09-03,BTC,0.0038953327054152,-1.0,-1.0,0.3719,crisis
2023-09-04,BTC,-0.0060513290120692,-1.0,-1.0,0.3717,crisis
2023-09-05,BTC,-0.0012565113521479,-1.0,-1.0,0.3704,crisis
2023-09-06,BTC,-0.0010374752516241,-1.0,-1.0,0.3774,crisis
2023-09-07,BTC,0.018908652030005,-1.0,-1.0,0.3774,crisis
2023-09-08,BTC,-0.0127491816139658,1.0,1.0,0.3664,crisis
2023-09-09,BTC,-0.0003851113886439,-1.0,-1.0,0.3664,crisis
2023-09-10,BTC,-0.002450261102484,1.0,1.0,0.3684,crisis
2023-09-11,BTC,-0.025920036896742,1.0,1.0,0.3689,crisis
2023-09-12,BTC,0.0266541615686504,-1.0,-1.0,0.4264,crisis
2023-09-13,BTC,0.0152895603671128,-1.0,-1.0,0.3584,crisis
2023-09-14,BTC,0.011870739692642,1.0,1.0,0.3505,crisis
2023-09-15,BTC,0.0026006171627044,1.0,1.0,0.3457,crisis
2023-09-16,BTC,-0.0015187558753523,1.0,1.0,0.3452,crisis
2023-09-17,BTC,-0.0012832501161511,1.0,1.0,0.3467,crisis
2023-09-18,BTC,0.0082947235523982,1.0,1.0,0.347,crisis
2023-09-19,BTC,0.0170752461346723,1.0,1.0,0.3447,crisis
2023-09-20,BTC,-0.0029072446550022,1.0,1.0,0.337,crisis
2023-09-21,BTC,-0.0208010776017831,1.0,1.0,0.3372,crisis
2023-09-22,BTC,0.000449251424063,1.0,1.0,0.3442,crisis
2023-09-23,BTC,-6.686879658768241e-06,1.0,1.0,0.3146,crisis
2023-09-24,BTC,-0.0121358859454664,-1.0,-1.0,0.3148,crisis
2023-09-25,BTC,0.001586417817688,-1.0,-1.0,0.313,crisis
2023-09-26,BTC,-0.0030887894396227,-1.0,-1.0,0.313,crisis
2023-09-27,BTC,0.005167086436411,-1.0,-1.0,0.3137,crisis
2023-09-28,BTC,0.0253799288809688,-1.0,-1.0,0.3127,crisis
2023-09-29,BTC,-0.0040643924784561,1.0,1.0,0.2962,crisis
2023-09-30,BTC,0.0020881352448591,1.0,1.0,0.296,crisis
2023-10-01,BTC,0.0376682419133327,1.0,1.0,0.302,crisis
2023-10-02,BTC,-0.0161867099209362,1.0,1.0,0.2695,crisis
2023-10-03,BTC,-0.0036615970105057,1.0,1.0,0.2651,crisis
2023-10-04,BTC,0.0134676013477212,1.0,1.0,0.2651,crisis
2023-10-05,BTC,-0.0137946321616435,1.0,1.0,0.2611,crisis
2023-10-06,BTC,0.0193568444762239,1.0,1.0,0.2577,crisis
2023-10-07,BTC,0.0007958817661306,-1.0,-1.0,0.2505,crisis
2023-10-08,BTC,-0.0012067000343434,1.0,1.0,0.2588,crisis
2023-10-09,BTC,-0.0125795947441215,1.0,1.0,0.2595,crisis
2023-10-10,BTC,-0.0069845002171304,-1.0,-1.0,0.2571,range
2023-10-11,BTC,-0.0189003267351682,-1.0,-1.0,0.2564,range
2023-10-12,BTC,-0.0043359541366684,-1.0,-1.0,0.2603,range
2023-10-13,BTC,0.0039457699163931,-1.0,-1.0,0.2603,range
2023-10-14,BTC,-2.486633255627257e-05,-1.0,-1.0,0.2604,range
2023-10-15,BTC,0.0110918234702426,-1.0,-1.0,0.2613,range
2023-10-16,BTC,0.050067446958242,-1.0,-1.0,0.2628,range
2023-10-17,BTC,-0.0036367703063566,1.0,1.0,0.1921,trend
2023-10-18,BTC,-0.0030759792019486,1.0,1.0,0.1921,trend
2023-10-19,BTC,0.0138188407410837,1.0,1.0,0.1921,range
2023-10-20,BTC,0.0335358308702053,1.0,1.0,0.1921,trend
2023-10-21,BTC,0.0079325975626527,1.0,1.0,0.1921,trend
2023-10-22,BTC,0.0025230073950464,1.0,1.0,0.1921,trend
2023-10-23,BTC,0.1030989052134629,1.0,1.0,0.1921,trend
2023-10-24,BTC,0.0246414554013447,1.0,1.0,0.1921,trend
2023-10-25,BTC,0.017736456610143,1.0,1.0,0.1921,trend
2023-10-26,BTC,-0.0100331471996967,1.0,1.0,0.1921,trend
2023-10-27,BTC,-0.0072269285056373,1.0,1.0,0.1921,trend
2023-10-28,BTC,0.0053015185391298,1.0,1.0,0.1921,trend
2023-10-29,BTC,0.0131684322930936,1.0,1.0,0.1921,trend
2023-10-30,BTC,-0.0010457086417764,1.0,1.0,0.1921,trend
2023-10-31,BTC,0.0047943953114624,1.0,1.0,0.1921,trend
2023-11-01,BTC,0.0221956130016252,1.0,1.0,0.1921,trend
2023-11-02,BTC,-0.0140815572242178,1.0,1.0,0.1921,trend
2023-11-03,BTC,-0.0058937701457594,1.0,1.0,0.1921,trend
2023-11-04,BTC,0.0100733567827611,1.0,1.0,0.1921,trend
2023-11-05,BTC,-0.0009360829177728,1.0,1.0,0.1921,trend
2023-11-06,BTC,-0.0003419285416157,1.0,1.0,0.1921,trend
2023-11-07,BTC,0.0115930902796088,-1.0,-1.0,0.1921,trend
2023-11-08,BTC,0.0059732946920896,1.0,1.0,0.1921,trend
2023-11-09,BTC,0.0291078273278926,1.0,1.0,0.1921,trend
2023-11-10,BTC,0.0169198930317326,1.0,1.0,0.1921,trend
2023-11-11,BTC,-0.0047145338500075,1.0,1.0,0.1921,trend
2023-11-12,BTC,-0.0022492093215127,1.0,1.0,0.1921,trend
2023-11-13,BTC,-0.0149013958212123,1.0,1.0,0.1921,trend
2023-11-14,BTC,-0.0264288381218549,1.0,1.0,0.1921,trend
2023-11-15,BTC,0.0659284455874031,-1.0,-1.0,0.1921,range
2023-11-16,BTC,-0.0455592920556572,1.0,1.0,0.1921,trend
2023-11-17,BTC,0.0122228427460457,-1.0,-1.0,0.1921,range
2023-11-18,BTC,-0.0003000399946588,-1.0,-1.0,0.1921,range
2023-11-19,BTC,0.021889527372586,1.0,1.0,0.1921,range
2023-11-20,BTC,0.0024182537251242,1.0,1.0,0.1921,trend
2023-11-21,BTC,-0.0443777900607883,-1.0,-1.0,0.1921,trend
2023-11-22,BTC,0.0451928245212653,-1.0,-1.0,0.1921,range
2023-11-23,BTC,-0.0038127124992917,1.0,1.0,0.1921,range
2023-11-24,BTC,0.0115490622757274,1.0,1.0,0.1921,range
2023-11-25,BTC,0.0020283973558654,1.0,1.0,0.1921,range
2023-11-26,BTC,-0.0084047309321361,1.0,1.0,0.1921,range
2023-11-27,BTC,-0.0060020917896475,1.0,1.0,0.1921,range
2023-11-28,BTC,0.0154859979488453,-1.0,-1.0,0.1921,range
2023-11-29,BTC,0.0007244373065387,1.0,1.0,0.1921,range
2023-11-30,BTC,-0.0038497596002547,1.0,1.0,0.1921,range
2023-12-01,BTC,0.0258799479577476,-1.0,-1.0,0.1921,range
2023-12-02,BTC,0.0203568745759425,1.0,1.0,0.1921,range
2023-12-03,BTC,0.0127179646111132,1.0,1.0,0.1921,range
2023-12-04,BTC,0.0500697251679325,1.0,1.0,0.1921,trend
2023-12-05,BTC,0.0500368245555349,1.0,1.0,0.1921,trend
2023-12-06,BTC,-0.0075816290559757,1.0,1.0,0.1921,trend
2023-12-07,BTC,-0.0103729856622278,1.0,1.0,0.1921,trend
2023-12-08,BTC,0.0201867341482688,1.0,1.0,0.1921,trend
2023-12-09,BTC,-0.0099762529131086,1.0,1.0,0.1921,trend
2023-12-10,BTC,0.0012284421841561,1.0,1.0,0.1921,trend
2023-12-11,BTC,-0.0579233579205116,-1.0,-1.0,0.1921,trend
2023-12-12,BTC,0.0050041573451182,-1.0,-1.0,0.1921,trend
2023-12-13,BTC,0.0347529986315475,-1.0,-1.0,0.1921,trend
2023-12-14,BTC,0.0031062756659134,-1.0,-1.0,0.1921,trend
2023-12-15,BTC,-0.0254326780209833,-1.0,-1.0,0.1921,trend
2023-12-16,BTC,0.0074018880907409,-1.0,-1.0,0.1921,trend
2023-12-17,BTC,-0.0207256320126656,1.0,1.0,0.1921,trend
2023-12-18,BTC,0.0304335845227197,-1.0,-1.0,0.1921,trend
2023-12-19,BTC,-0.0082820837151126,-1.0,-1.0,0.1921,trend
2023-12-20,BTC,0.0326876134052842,-1.0,-1.0,0.1921,trend
2023-12-21,BTC,0.0049688697318006,1.0,1.0,0.1921,trend
2023-12-22,BTC,0.0029348640929083,1.0,1.0,0.1921,trend
2023-12-23,BTC,-0.005872083923035,1.0,1.0,0.1921,trend
2023-12-24,BTC,-0.0165393996404319,1.0,1.0,0.1921,trend
2023-12-25,BTC,0.0138790638610564,1.0,1.0,0.1921,range
2023-12-26,BTC,-0.0250552532009955,-1.0,-1.0,0.1921,range
2023-12-27,BTC,0.0216943649202225,-1.0,-1.0,0.1921,range
2023-12-28,BTC,-0.018760276947869,-1.0,-1.0,0.1921,range
2023-12-29,BTC,-0.0123968967987939,-1.0,-1.0,0.1921,range
2023-12-30,BTC,0.0013658151137276,-1.0,-1.0,0.1921,range
2023-12-31,BTC,0.0025686222238776,-1.0,-1.0,0.1921,range
2024-01-01,BTC,0.0450049945064126,-1.0,-1.0,0.1921,range
2024-01-02,BTC,0.0179009390513014,1.0,1.0,0.1921,range
2024-01-03,BTC,-0.0469281203624218,1.0,1.0,0.1921,range
2024-01-04,BTC,0.0310805785653249,1.0,1.0,0.1921,range
2024-01-05,BTC,-0.0003900067727314,1.0,1.0,0.1921,range
2024-01-06,BTC,-0.0039285670375933,1.0,1.0,0.1921,range
2024-01-07,BTC,-0.0010479313368322,-1.0,-1.0,0.1921,range
2024-01-08,BTC,0.0688937833577922,-1.0,-1.0,0.1921,range
2024-01-09,BTC,-0.0176871306119723,1.0,1.0,0.1921,trend
2024-01-10,BTC,0.0105775840049726,1.0,1.0,0.1921,range
2024-01-11,BTC,-0.0055587338924432,1.0,1.0,0.1921,range
2024-01-12,BTC,-0.075814646870802,1.0,1.0,0.1921,range
2024-01-13,BTC,-0.0002516769882185,-1.0,-1.0,0.2146,range
2024-01-14,BTC,-0.0244177193838242,-1.0,-1.0,0.2193,range
2024-01-15,BTC,0.0171235190790146,-1.0,-1.0,0.2476,range
2024-01-16,BTC,0.0151246009395882,-1.0,-1.0,0.214,range
2024-01-17,BTC,-0.0095537826722856,-1.0,-1.0,0.2134,range
2024-01-18,BTC,-0.0346397256326677,-1.0,-1.0,0.2121,range
2024-01-19,BTC,0.0086362064423022,-1.0,-1.0,0.2278,range
2024-01-20,BTC,0.0011336255217606,-1.0,-1.0,0.2274,range
2024-01-21,BTC,-0.0028752933279206,-1.0,-1.0,0.1971,range
2024-01-22,BTC,-0.0490643746672181,-1.0,-1.0,0.2144,range
2024-01-23,BTC,0.0085600134310392,-1.0,-1.0,0.2533,crisis
2024-01-24,BTC,0.0058105217009309,-1.0,-1.0,0.2539,crisis
2024-01-25,BTC,-0.0035747525934159,-1.0,-1.0,0.2537,crisis
2024-01-26,BTC,0.0471545932209109,-1.0,-1.0,0.2544,crisis
2024-01-27,BTC,0.0072502697074174,1.0,1.0,0.2354,crisis
2024-01-28,BTC,-0.00200524282617,1.0,1.0,0.2368,crisis
2024-01-29,BTC,0.0297998013588187,1.0,1.0,0.2366,crisis
2024-01-30,BTC,-0.007753530092744,1.0,1.0,0.2301,crisis
2024-01-31,BTC,-0.008614235820219,1.0,1.0,0.2342,crisis
2024-02-01,BTC,0.0115814418427713,1.0,1.0,0.2364,crisis
2024-02-02,BTC,0.0025556346111748,1.0,1.0,0.2366,crisis
2024-02-03,BTC,-0.0044831659668692,1.0,1.0,0.2596,crisis
2024-02-04,BTC,-0.0095056194721141,-1.0,-1.0,0.2856,crisis
2024-02-05,BTC,0.0017632602500394,-1.0,-1.0,0.2852,crisis
2024-02-06,BTC,0.0099863386864791,1.0,1.0,0.2863,crisis
2024-02-07,BTC,0.0286308500811809,1.0,1.0,0.2898,crisis
2024-02-08,BTC,0.0221882487848668,1.0,1.0,0.282,crisis
2024-02-09,BTC,0.0407410374279104,1.0,1.0,0.2769,crisis
2024-02-10,BTC,0.0132368016624795,1.0,1.0,0.2082,crisis
2024-02-11,BTC,0.0109404783388815,1.0,1.0,0.2071,crisis
2024-02-12,BTC,0.0344619935076904,1.0,1.0,0.2174,crisis
2024-02-13,BTC,-0.0043192339224062,1.0,1.0,0.2066,crisis
2024-02-14,BTC,0.0419009169499291,1.0,1.0,0.2116,crisis
2024-02-15,BTC,0.0021583350882306,1.0,1.0,0.1965,crisis
2024-02-16,BTC,0.0042675126182003,1.0,1.0,0.2026,crisis
2024-02-17,BTC,-0.0095323062691773,1.0,1.0,0.21,crisis
2024-02-18,BTC,0.0088951631921632,1.0,1.0,0.2097,crisis
2024-02-19,BTC,-0.0065883646202773,1.0,1.0,0.2185,crisis
2024-02-20,BTC,0.0097670688329889,-1.0,-1.0,0.2175,crisis
2024-02-21,BTC,-0.0085243641205989,1.0,1.0,0.2171,crisis
2024-02-22,BTC,-0.0103050826511981,-1.0,-1.0,0.2165,crisis
2024-02-23,BTC,-0.0111689648747954,-1.0,-1.0,0.2187,crisis
2024-02-24,BTC,0.0165409048276792,-1.0,-1.0,0.2178,crisis
2024-02-25,BTC,0.0031439452297428,-1.0,-1.0,0.2066,crisis
2024-02-26,BTC,0.0539143528448111,-1.0,-1.0,0.2104,crisis
2024-02-27,BTC,0.0470076269538002,1.0,1.0,0.1921,crisis
2024-02-28,BTC,0.0949353199412474,1.0,1.0,0.1921,crisis
2024-02-29,BTC,-0.0209008984686548,1.0,1.0,0.1921,crisis
2024-03-01,BTC,0.0202987390010944,1.0,1.0,0.1921,crisis
2024-03-02,BTC,-0.0065788115486197,1.0,1.0,0.1921,crisis
2024-03-03,BTC,0.0183383238953576,1.0,1.0,0.1921,crisis
2024-03-04,BTC,0.0817359164921911,1.0,1.0,0.1921,crisis
2024-03-05,BTC,-0.0662840245576039,1.0,1.0,0.1921,crisis
2024-03-06,BTC,0.036137337494942,1.0,1.0,0.1921,crisis
2024-03-07,BTC,0.0123841969275335,1.0,1.0,0.1921,crisis
2024-03-08,BTC,0.0205394012137098,1.0,1.0,0.1921,crisis
2024-03-09,BTC,0.0029105240064184,1.0,1.0,0.1921,crisis
2024-03-10,BTC,0.0076045948285881,1.0,1.0,0.1921,crisis
2024-03-11,BTC,0.0449743070742958,1.0,1.0,0.1921,crisis
2024-03-12,BTC,-0.0089099054795025,1.0,1.0,0.1921,crisis
2024-03-13,BTC,0.0224144102395678,1.0,1.0,0.3168,trend
2024-03-14,BTC,-0.0230819028918976,1.0,1.0,0.1921,trend
2024-03-15,BTC,-0.0279119802196445,1.0,1.0,0.3168,trend
2024-03-16,BTC,-0.058911152052589,1.0,1.0,0.3168,trend
2024-03-17,BTC,0.0470872279639511,-1.0,-1.0,0.3168,trend
2024-03-18,BTC,-0.0123120859035869,-1.0,-1.0,0.3168,trend
2024-03-19,BTC,-0.0834335698143234,-1.0,-1.0,0.3168,trend
2024-03-20,BTC,0.0969250463889783,-1.0,-1.0,0.3168,crisis
2024-03-21,BTC,-0.035667063539995,-1.0,-1.0,0.3168,crisis
2024-03-22,BTC,-0.026150443438534,1.0,1.0,0.3168,crisis
2024-03-23,BTC,0.0044441346713488,-1.0,-1.0,0.3168,crisis
2024-03-24,BTC,0.0495138879911882,-1.0,-1.0,0.3168,crisis
2024-03-25,BTC,0.0405246402092314,1.0,1.0,0.3168,crisis
2024-03-26,BTC,0.0004148646391046,1.0,1.0,0.3168,crisis
2024-03-27,BTC,-0.0076083533712275,1.0,1.0,0.3168,crisis
2024-03-28,BTC,0.0185674608370216,1.0,1.0,0.3168,crisis
2024-03-29,BTC,-0.0120450288304576,1.0,1.0,0.3168,crisis
2024-03-30,BTC,-0.0035414711944022,1.0,1.0,0.3168,crisis
2024-03-31,BTC,0.024242032647795,-1.0,-1.0,0.3168,crisis
2024-04-01,BTC,-0.022871394296192,1.0,1.0,0.3168,crisis
2024-04-02,BTC,-0.0610479859894921,1.0,1.0,0.3168,crisis
2024-04-03,BTC,0.0081568302105263,-1.0,-1.0,0.3168,crisis
2024-04-04,BTC,0.0383146426091676,-1.0,-1.0,0.3168,crisis
2024-04-05,BTC,-0.0097973208750877,-1.0,-1.0,0.3168,crisis
2024-04-06,BTC,0.0156029711565459,-1.0,-1.0,0.3168,crisis
2024-04-07,BTC,0.0067702707269166,-1.0,-1.0,0.3168,crisis
2024-04-08,BTC,0.032709358784746,1.0,1.0,0.3168,crisis
2024-04-09,BTC,-0.0347940311582283,1.0,1.0,0.3168,crisis
2024-04-10,BTC,0.0209558550176423,1.0,1.0,0.3168,crisis
2024-04-11,BTC,-0.0074697443313405,1.0,1.0,0.3168,crisis
2024-04-12,BTC,-0.0408894843058877,1.0,1.0,0.3168,crisis
2024-04-13,BTC,-0.0502172927069198,-1.0,-1.0,0.3168,crisis
2024-04-14,BTC,0.0300408910426832,-1.0,-1.0,0.3168,crisis
2024-04-15,BTC,-0.0351773717855853,-1.0,-1.0,0.3168,crisis
2024-04-16,BTC,0.0060803307977836,-1.0,-1.0,0.3168,crisis
2024-04-17,BTC,-0.0397288489105271,-1.0,-1.0,0.3168,crisis
2024-04-18,BTC,0.0364912407749862,-1.0,-1.0,0.3168,crisis
2024-04-19,BTC,0.0052086610311106,-1.0,-1.0,0.3168,crisis
2024-04-20,BTC,0.0180264212686844,-1.0,-1.0,0.1921,crisis
2024-04-21,BTC,-0.0010431180502996,1.0,1.0,0.1921,crisis
2024-04-22,BTC,0.0294337582058501,1.0,1.0,0.1921,crisis
2024-04-23,BTC,-0.0064395749824405,1.0,1.0,0.1921,crisis
2024-04-24,BTC,-0.0320804467601734,1.0,1.0,0.1921,crisis
2024-04-25,BTC,0.0031863484195515,1.0,1.0,0.1921,crisis
2024-04-26,BTC,-0.0112650044825576,-1.0,-1.0,0.1921,crisis
2024-04-27,BTC,-0.0052729668026479,-1.0,-1.0,0.1921,crisis
2024-04-28,BTC,-0.0048236250639039,-1.0,-1.0,0.1921,crisis
2024-04-29,BTC,0.0115330909160229,-1.0,-1.0,0.2053,crisis
2024-04-30,BTC,-0.0501912493092746,-1.0,-1.0,0.2072,crisis
2024-05-01,BTC,-0.0392969544937571,-1.0,-1.0,0.214,crisis
2024-05-02,BTC,0.0149246695523317,-1.0,-1.0,0.2065,crisis
2024-05-03,BTC,0.0637040529416774,-1.0,-1.0,0.207,crisis
2024-05-04,BTC,0.015926845790239,1.0,1.0,0.2207,crisis
2024-05-05,BTC,0.0021858966532419,1.0,1.0,0.1921,crisis
2024-05-06,BTC,-0.0135743903874885,1.0,1.0,0.199,crisis
2024-05-07,BTC,-0.0130954288575765,1.0,1.0,0.1989,crisis
2024-05-08,BTC,-0.0183986264197131,1.0,1.0,0.2005,crisis
2024-05-09,BTC,0.0304311517670996,-1.0,-1.0,0.199,crisis
2024-05-10,BTC,-0.0357999205739,-1.0,-1.0,0.1939,crisis
2024-05-11,BTC,1.5356984674586016e-05,-1.0,-1.0,0.1995,crisis
2024-05-12,BTC,0.0107689361885321,-1.0,-1.0,0.1997,crisis
2024-05-13,BTC,0.0236467477886836,-1.0,-1.0,0.2021,crisis
2024-05-14,BTC,-0.0214408439392201,1.0,1.0,0.201,crisis
2024-05-15,BTC,0.0765960925054549,-1.0,-1.0,0.2026,crisis
2024-05-16,BTC,-0.0156322522862183,1.0,1.0,0.1921,crisis
2024-05-17,BTC,0.0279050869543215,1.0,1.0,0.1921,crisis
2024-05-18,BTC,-0.0016564833198177,1.0,1.0,0.1921,crisis
2024-05-19,BTC,-0.0098958699868109,1.0,1.0,0.1921,crisis
2024-05-20,BTC,0.0780017424143035,1.0,1.0,0.1921,crisis
2024-05-21,BTC,-0.0183582532317723,1.0,1.0,0.1921,crisis
2024-05-22,BTC,-0.0144603004229696,1.0,1.0,0.1921,crisis
2024-05-23,BTC,-0.0172559769765087,1.0,1.0,0.1921,crisis
2024-05-24,BTC,0.0087817297881169,1.0,1.0,0.1921,crisis
2024-05-25,BTC,0.0107965247275187,1.0,1.0,0.1921,crisis
2024-05-26,BTC,-0.0107968144970229,-1.0,-1.0,0.1921,crisis
2024-05-27,BTC,0.0127916713605302,-1.0,-1.0,0.1921,crisis
2024-05-28,BTC,-0.0158274081078272,1.0,1.0,0.1921,crisis
2024-05-29,BTC,-0.0105148573836674,1.0,1.0,0.1921,crisis
2024-05-30,BTC,0.0116442828412868,-1.0,-1.0,0.1921,crisis
2024-05-31,BTC,-0.0127781500011598,-1.0,-1.0,0.1921,crisis
2024-06-01,BTC,0.0031933460054698,-1.0,-1.0,0.1921,crisis
2024-06-02,BTC,0.0006596674454519,-1.0,-1.0,0.1921,crisis
2024-06-03,BTC,0.0155447201720899,-1.0,-1.0,0.1921,crisis
2024-06-04,BTC,0.0256229922248316,1.0,1.0,0.1921,crisis
2024-06-05,BTC,0.0072987246080176,1.0,1.0,0.1921,crisis
2024-06-06,BTC,-0.0045813636623915,1.0,1.0,0.1921,crisis
2024-06-07,BTC,-0.0199920127345761,1.0,1.0,0.1921,crisis
2024-06-08,BTC,-0.0005308786729295,1.0,1.0,0.1921,crisis
2024-06-09,BTC,0.0049378101278765,1.0,1.0,0.1921,crisis
2024-06-10,BTC,-0.001948526199214,-1.0,-1.0,0.1921,crisis
2024-06-11,BTC,-0.0313649611377125,-1.0,-1.0,0.1921,crisis
2024-06-12,BTC,0.0135025816557405,-1.0,-1.0,0.1921,range
2024-06-13,BTC,-0.0217579605058895,-1.0,-1.0,0.1921,range
2024-06-14,BTC,-0.0111645430991574,-1.0,-1.0,0.1921,range
2024-06-15,BTC,0.0027253941690672,-1.0,-1.0,0.1921,range
2024-06-16,BTC,0.0067689999395688,-1.0,-1.0,0.1921,range
2024-06-17,BTC,-0.002232174783037,-1.0,-1.0,0.1921,range
2024-06-18,BTC,-0.0202969582732819,-1.0,-1.0,0.1921,range
2024-06-19,BTC,-0.0027701435671353,-1.0,-1.0,0.1921,range
2024-06-20,BTC,-0.002026478192569,-1.0,-1.0,0.1921,range
2024-06-21,BTC,-0.0112983528214036,-1.0,-1.0,0.1921,range
2024-06-22,BTC,0.0024397531859308,-1.0,-1.0,0.1921,trend
2024-06-23,BTC,-0.0166807508939937,-1.0,-1.0,0.1921,trend
2024-06-24,BTC,-0.0459535643123367,-1.0,-1.0,0.1921,trend
2024-06-25,BTC,0.0253366304154398,-1.0,-1.0,0.1921,crisis
2024-06-26,BTC,-0.0160726325920611,-1.0,-1.0,0.1921,crisis
2024-06-27,BTC,0.0130489519734049,-1.0,-1.0,0.1921,crisis
2024-06-28,BTC,-0.0208533108817551,-1.0,-1.0,0.1921,crisis
2024-06-29,BTC,0.0094038611043745,-1.0,-1.0,0.1921,crisis
2024-06-30,BTC,0.0294135516205669,1.0,1.0,0.1921,crisis
2024-07-01,BTC,0.0027710949321257,1.0,1.0,0.1921,crisis
2024-07-02,BTC,-0.0130936978852905,1.0,1.0,0.1921,crisis
2024-07-03,BTC,-0.0299068707008841,1.0,1.0,0.1921,crisis
2024-07-04,BTC,-0.0531163442635422,-1.0,-1.0,0.1921,crisis
2024-07-05,BTC,-0.005534237213954,-1.0,-1.0,0.1921,crisis
2024-07-06,BTC,0.0289639123404199,-1.0,-1.0,0.1921,crisis
2024-07-07,BTC,-0.0420974391429121,-1.0,-1.0,0.1921,crisis
2024-07-08,BTC,0.0153268027159116,-1.0,-1.0,0.1921,crisis
2024-07-09,BTC,0.0229984421181268,-1.0,-1.0,0.1921,crisis
2024-07-10,BTC,-0.004598069730556,1.0,1.0,0.1921,crisis
2024-07-11,BTC,-0.0068854320153477,1.0,1.0,0.1921,crisis
2024-07-12,BTC,0.0096704440195969,-1.0,-1.0,0.1921,crisis
2024-07-13,BTC,0.02301382724082,1.0,1.0,0.1921,crisis
2024-07-14,BTC,0.0262669009152312,1.0,1.0,0.1921,crisis
2024-07-15,BTC,0.0671575521272613,1.0,1.0,0.2044,crisis
2024-07-16,BTC,0.0034992378705562,1.0,1.0,0.1921,crisis
2024-07-17,BTC,-0.0150291601434634,1.0,1.0,0.1921,crisis
2024-07-18,BTC,-0.002257162928356,1.0,1.0,0.1921,crisis
2024-07-19,BTC,0.0427687342301363,1.0,1.0,0.1921,crisis
2024-07-20,BTC,0.0067979482134701,1.0,1.0,0.2125,crisis
2024-07-21,BTC,0.014753144342986,1.0,1.0,0.2161,crisis
2024-07-22,BTC,-0.0083526875222309,1.0,1.0,0.2157,crisis
2024-07-23,BTC,-0.0245257378644009,1.0,1.0,0.219,crisis
2024-07-24,BTC,-0.0084264929535705,1.0,1.0,0.2206,crisis
2024-07-25,BTC,0.0061967344887139,-1.0,-1.0,0.2216,crisis
2024-07-26,BTC,0.0324555480531172,-1.0,-1.0,0.2224,crisis
2024-07-27,BTC,-0.0014537411892032,-1.0,-1.0,0.2099,crisis
2024-07-28,BTC,0.0065257260077553,1.0,1.0,0.2133,crisis
2024-07-29,BTC,-0.0210377976893241,1.0,1.0,0.2143,crisis
2024-07-30,BTC,-0.0092621854754424,1.0,1.0,0.2101,crisis
2024-07-31,BTC,-0.0238933739923268,1.0,1.0,0.2111,crisis
2024-08-01,BTC,0.0114246141823064,-1.0,-1.0,0.2039,crisis
2024-08-02,BTC,-0.0603210586964005,-1.0,-1.0,0.202,crisis
2024-08-03,BTC,-0.0119673021500665,-1.0,-1.0,0.269,crisis
2024-08-04,BTC,-0.0422398356545057,-1.0,-1.0,0.2776,crisis
2024-08-05,BTC,-0.070986478913151,-1.0,-1.0,0.295,crisis
2024-08-06,BTC,0.0378367150532277,-1.0,-1.0,0.3505,crisis
2024-08-07,BTC,-0.0179685509402894,-1.0,-1.0,0.3336,crisis
2024-08-08,BTC,0.121442560994049,-1.0,-1.0,0.3313,crisis
2024-08-09,BTC,-0.0134503581037733,1.0,1.0,0.3238,crisis
2024-08-10,BTC,0.0010791573012765,1.0,1.0,0.3229,crisis
2024-08-11,BTC,-0.0365296323680974,1.0,1.0,0.3289,crisis
2024-08-12,BTC,0.0108146598485863,1.0,1.0,0.3222,crisis
2024-08-13,BTC,0.0211449923907958,1.0,1.0,0.3238,crisis
2024-08-14,BTC,-0.0308911115194338,-1.0,-1.0,0.3211,crisis
2024-08-15,BTC,-0.0200413108132939,-1.0,-1.0,0.3168,crisis
2024-08-16,BTC,0.0231759129469639,-1.0,-1.0,0.3168,crisis
2024-08-17,BTC,0.0099308272507905,1.0,1.0,0.3168,crisis
2024-08-18,BTC,-0.0167287323244552,1.0,1.0,0.3168,crisis
2024-08-19,BTC,0.0172609412502557,-1.0,-1.0,0.3168,crisis
2024-08-20,BTC,-0.0080792109215798,1.0,1.0,0.3168,crisis
2024-08-21,BTC,0.0366428757006145,1.0,1.0,0.3168,crisis
2024-08-22,BTC,-0.0129673046461273,1.0,1.0,0.3168,crisis
2024-08-23,BTC,0.0614826718213559,1.0,1.0,0.3168,crisis
2024-08-24,BTC,0.0013205019089592,1.0,1.0,0.3168,crisis
2024-08-25,BTC,0.0024081210374646,1.0,1.0,0.3168,crisis
2024-08-26,BTC,-0.0225835970701276,1.0,1.0,0.3168,crisis
2024-08-27,BTC,-0.0536973901889672,1.0,1.0,0.3168,crisis
2024-08-28,BTC,-0.008007978437422,-1.0,-1.0,0.3168,crisis
2024-08-29,BTC,0.0061082363977882,-1.0,-1.0,0.3168,crisis
2024-08-30,BTC,-0.0045245219909738,-1.0,-1.0,0.3168,crisis
2024-08-31,BTC,-0.0025300989402683,-1.0,-1.0,0.3168,crisis
2024-09-01,BTC,-0.0278855856940782,-1.0,-1.0,0.3168,crisis
2024-09-02,BTC,0.031172733823612,-1.0,-1.0,0.3168,crisis
2024-09-03,BTC,-0.0284450427036115,1.0,1.0,0.3168,crisis
2024-09-04,BTC,0.0094115617770285,-1.0,-1.0,0.3168,crisis
2024-09-05,BTC,-0.0312403432880655,-1.0,-1.0,0.3168,crisis
2024-09-06,BTC,-0.0393823921886807,-1.0,-1.0,0.3168,crisis
2024-09-07,BTC,0.003539165966313,-1.0,-1.0,0.3168,crisis
2024-09-08,BTC,0.0129642216026828,-1.0,-1.0,0.1921,crisis
2024-09-09,BTC,0.0397138319111138,-1.0,-1.0,0.1921,crisis
2024-09-10,BTC,0.0110343898722757,-1.0,-1.0,0.1921,crisis
2024-09-11,BTC,-0.0053000155169341,1.0,1.0,0.1921,crisis
2024-09-12,BTC,0.0136692794995481,1.0,1.0,0.1921,crisis
2024-09-13,BTC,0.0420508295579824,1.0,1.0,0.1921,crisis
2024-09-14,BTC,-0.0093473258820168,1.0,1.0,0.1921,crisis
2024-09-15,BTC,-0.0137035829819472,1.0,1.0,0.1921,crisis
2024-09-16,BTC,-0.0167333671885179,1.0,1.0,0.1921,crisis
2024-09-17,BTC,0.0363626062794542,1.0,1.0,0.1921,crisis
2024-09-18,BTC,0.0222379889456469,1.0,1.0,0.1921,crisis
2024-09-19,BTC,0.0209372919744741,1.0,1.0,0.1921,crisis
2024-09-20,BTC,0.0040120384115518,1.0,1.0,0.1921,crisis
2024-09-21,BTC,0.003194394254405,1.0,1.0,0.1921,crisis
2024-09-22,BTC,0.0040046018631125,1.0,1.0,0.1921,crisis
2024-09-23,BTC,-0.0050104731353185,1.0,1.0,0.1921,crisis
2024-09-24,BTC,0.0153508767871859,1.0,1.0,0.1921,crisis
2024-09-25,BTC,-0.0180215978029444,1.0,1.0,0.1921,crisis
2024-09-26,BTC,0.0322738915701519,-1.0,-1.0,0.1921,crisis
2024-09-27,BTC,0.0093530990407064,1.0,1.0,0.1921,crisis
2024-09-28,BTC,0.0014741358273548,1.0,1.0,0.1921,crisis
2024-09-29,BTC,-0.0038299097931742,1.0,1.0,0.1921,crisis
2024-09-30,BTC,-0.0351305550949797,1.0,1.0,0.1921,crisis
2024-10-01,BTC,-0.0393575219684348,1.0,1.0,0.1921,crisis
2024-10-02,BTC,-0.003356881996554,-1.0,-1.0,0.1921,crisis
2024-10-03,BTC,0.0020882627636797,-1.0,-1.0,0.1921,crisis
2024-10-04,BTC,0.0215287538766344,-1.0,-1.0,0.1921,crisis
2024-10-05,BTC,0.0003620681473552,-1.0,-1.0,0.1921,crisis
2024-10-06,BTC,0.0117410936137447,-1.0,-1.0,0.1921,crisis
2024-10-07,BTC,-0.0092693835185588,1.0,1.0,0.1921,crisis
2024-10-08,BTC,-0.0016821501344571,1.0,1.0,0.1921,crisis
2024-10-09,BTC,-0.0249447622324054,1.0,1.0,0.1921,crisis
2024-10-10,BTC,-0.0050774330134892,-1.0,-1.0,0.1921,crisis
2024-10-11,BTC,0.0360117436685496,-1.0,-1.0,0.1921,crisis
2024-10-12,BTC,0.0119774604475944,-1.0,-1.0,0.1921,crisis
2024-10-13,BTC,-0.0054064265153874,1.0,1.0,0.1921,crisis
2024-10-14,BTC,0.0508302324332601,1.0,1.0,0.1921,crisis
2024-10-15,BTC,0.0150649924579224,1.0,1.0,0.1921,crisis
2024-10-16,BTC,0.0085262517331365,1.0,1.0,0.1921,crisis
2024-10-17,BTC,-0.0031485616380424,1.0,1.0,0.1921,crisis
2024-10-18,BTC,0.0151180356869842,1.0,1.0,0.1921,crisis
2024-10-19,BTC,-0.0008192879217548,1.0,1.0,0.1921,crisis
2024-10-20,BTC,0.0093467406744582,1.0,1.0,0.1921,crisis
2024-10-21,BTC,-0.023678423698328,1.0,1.0,0.1921,crisis
2024-10-22,BTC,-9.56734161845496e-05,-1.0,-1.0,0.1921,crisis
2024-10-23,BTC,-0.0137944112100539,-1.0,-1.0,0.2135,crisis
2024-10-24,BTC,0.0260244203411819,-1.0,-1.0,0.2106,crisis
2024-10-25,BTC,-0.0222801808446562,-1.0,-1.0,0.2023,crisis
2024-10-26,BTC,0.0055862509670021,-1.0,-1.0,0.2025,trend
2024-10-27,BTC,0.0136477761815534,-1.0,-1.0,0.1921,range
2024-10-28,BTC,0.029125296867722,1.0,1.0,0.1921,trend
2024-10-29,BTC,0.0402349390541754,1.0,1.0,0.1921,trend
2024-10-30,BTC,-0.0052385938755442,1.0,1.0,0.1921,trend
2024-10-31,BTC,-0.0293663961649603,1.0,1.0,0.1921,trend
2024-11-01,BTC,-0.0104353313875292,1.0,1.0,0.1921,trend
2024-11-02,BTC,-0.0027804900426771,1.0,1.0,0.1921,trend
2024-11-03,BTC,-0.0079111271168753,-1.0,-1.0,0.1921,trend
2024-11-04,BTC,-0.0135233381858542,-1.0,-1.0,0.1921,range
2024-11-05,BTC,0.0228287902369077,-1.0,-1.0,0.1921,range
2024-11-06,BTC,0.0905356867699389,-1.0,-1.0,0.1921,range
2024-11-07,BTC,0.0035138086897459,1.0,1.0,0.1921,trend
2024-11-08,BTC,0.0084397388095418,1.0,1.0,0.1921,trend
2024-11-09,BTC,0.0030490452928257,1.0,1.0,0.1921,trend
2024-11-10,BTC,0.0481293935149595,1.0,1.0,0.1921,trend
2024-11-11,BTC,0.1022352276001543,1.0,1.0,0.1921,trend
2024-11-12,BTC,-0.0084065320919269,1.0,1.0,0.1921,trend
2024-11-13,BTC,0.0298826363806257,1.0,1.0,0.1921,trend
2024-11-14,BTC,-0.036802617869276,1.0,1.0,0.1921,trend
2024-11-15,BTC,0.0437313390738136,1.0,1.0,0.1921,trend
2024-11-16,BTC,-0.0055732238866227,1.0,1.0,0.3168,trend
2024-11-17,BTC,-0.0078692246938162,1.0,1.0,0.3168,trend
2024-11-18,BTC,0.0077553838088482,1.0,1.0,0.3168,trend
2024-11-19,BTC,0.0198928198367862,1.0,1.0,0.3168,trend
2024-11-20,BTC,0.0216116659849128,1.0,1.0,0.3168,trend
2024-11-21,BTC,0.044151545428309,1.0,1.0,0.1921,trend
2024-11-22,BTC,0.0050042014957245,1.0,1.0,0.3168,trend
2024-11-23,BTC,-0.0123273899849751,1.0,1.0,0.1921,trend
2024-11-24,BTC,0.0024191617876467,1.0,1.0,0.3168,trend
2024-11-25,BTC,-0.0501105193312582,1.0,1.0,0.1921,trend
2024-11-26,BTC,-0.0119973040407334,-1.0,-1.0,0.3168,trend
2024-11-27,BTC,0.0432374527151537,-1.0,-1.0,0.3168,trend
2024-11-28,BTC,-0.0032310787967048,-1.0,-1.0,0.3168,trend
2024-11-29,BTC,0.018912786163713,-1.0,-1.0,0.3168,trend
2024-11-30,BTC,-0.0103883944585503,-1.0,-1.0,0.3168,trend
2024-12-01,BTC,0.0086131935423485,1.0,1.0,0.3168,trend
2024-12-02,BTC,-0.014540372554583,1.0,1.0,0.3168,trend
2024-12-03,BTC,0.0014276215513644,-1.0,-1.0,0.3168,trend
2024-12-04,BTC,0.028815675297684,1.0,1.0,0.3168,range
2024-12-05,BTC,-0.0220207885039295,1.0,1.0,0.3168,trend
2024-12-06,BTC,0.0344447421731697,1.0,1.0,0.3168,range
2024-12-07,BTC,2.627082989481444e-05,1.0,1.0,0.1921,trend
2024-12-08,BTC,0.0131368681317951,1.0,1.0,0.1921,trend
2024-12-09,BTC,-0.037568614800964,1.0,1.0,0.1921,trend
2024-12-10,BTC,-0.0077724307831654,-1.0,-1.0,0.1921,range
2024-12-11,BTC,0.0465226953429465,1.0,1.0,0.1921,range
2024-12-12,BTC,-0.0111692932003557,1.0,1.0,0.1921,range
2024-12-13,BTC,0.0141564908339413,1.0,1.0,0.1921,range
2024-12-14,BTC,-0.0008504799301751,1.0,1.0,0.1921,range
2024-12-15,BTC,0.028861012936449,1.0,1.0,0.1921,range
2024-12-16,BTC,0.0165967889848814,1.0,1.0,0.1921,trend
2024-12-17,BTC,0.0010457710706697,1.0,1.0,0.1921,trend
2024-12-18,BTC,-0.0574621060198967,1.0,1.0,0.1921,trend
2024-12-19,BTC,-0.0254952688793256,-1.0,-1.0,0.1921,range
2024-12-20,BTC,0.0027179605287093,-1.0,-1.0,0.1921,range
2024-12-21,BTC,-0.0054339734346358,-1.0,-1.0,0.1921,range
2024-12-22,BTC,-0.0218029830213748,-1.0,-1.0,0.1921,range
2024-12-23,BTC,-0.0044024561027654,-1.0,-1.0,0.1921,range
2024-12-24,BTC,0.0421376059533464,-1.0,-1.0,0.1921,range
2024-12-25,BTC,0.0063146152104343,1.0,1.0,0.1921,range
2024-12-26,BTC,-0.0352840692865005,1.0,1.0,0.1921,range
2024-12-27,BTC,-0.017022260795415,-1.0,-1.0,0.1921,range
2024-12-28,BTC,0.0106097998672873,-1.0,-1.0,0.1921,range
2024-12-29,BTC,-0.0171672516085114,1.0,1.0,0.1921,range
2024-12-30,BTC,-0.0094837322393019,-1.0,-1.0,0.1921,range
2024-12-31,BTC,0.0084840775653842,-1.0,-1.0,0.1921,range
2025-01-01,BTC,0.0106021956130217,-1.0,-1.0,0.1921,range
2025-01-02,BTC,0.0261292471476068,1.0,1.0,0.1921,range
2025-01-03,BTC,0.0125977299556827,1.0,1.0,0.1921,range
2025-01-04,BTC,0.0013128146911018,1.0,1.0,0.1921,range
2025-01-05,BTC,0.0008014800420892,1.0,1.0,0.1921,range
2025-01-06,BTC,0.0382762192459422,1.0,1.0,0.1921,range
2025-01-07,BTC,-0.0505043052595688,1.0,1.0,0.1921,range
2025-01-08,BTC,-0.0193884366295112,1.0,1.0,0.1921,range
2025-01-09,BTC,-0.0269296032220764,-1.0,-1.0,0.1921,range
2025-01-10,BTC,0.0239761810251548,-1.0,-1.0,0.1921,range
2025-01-11,BTC,-0.0014240475784673,-1.0,-1.0,0.2275,range
2025-01-12,BTC,-0.0008264678561502,-1.0,-1.0,0.2284,range
2025-01-13,BTC,0.000297242056733,-1.0,-1.0,0.2371,range
2025-01-14,BTC,0.0213457220401691,-1.0,-1.0,0.2252,range
2025-01-15,BTC,0.0411299996325777,1.0,1.0,0.2412,range
2025-01-16,BTC,-0.007438333563293,1.0,1.0,0.2239,range
2025-01-17,BTC,0.0471659856883341,1.0,1.0,0.224,range
2025-01-18,BTC,-0.0005166350425891,1.0,1.0,0.2031,trend
2025-01-19,BTC,-0.0317835673771925,1.0,1.0,0.2061,trend
2025-01-20,BTC,0.0091706229080479,1.0,1.0,0.2118,trend
2025-01-21,BTC,0.0404796765356885,1.0,1.0,0.2306,trend
2025-01-22,BTC,-0.0234882998268456,1.0,1.0,0.2144,trend
2025-01-23,BTC,0.0029627830760259,-1.0,-1.0,0.21,range
2025-01-24,BTC,0.0082657856802432,-1.0,-1.0,0.21,range
2025-01-25,BTC,-0.0010001569662844,1.0,1.0,0.1921,range
2025-01-26,BTC,-0.0194065344994488,1.0,1.0,0.1921,range
2025-01-27,BTC,-0.0057927348866652,-1.0,-1.0,0.1921,range
2025-01-28,BTC,-0.0073976691606418,-1.0,-1.0,0.1921,range
2025-01-29,BTC,0.023395602825692,-1.0,-1.0,0.1921,range
2025-01-30,BTC,0.0099523798797513,-1.0,-1.0,0.1921,trend
2025-01-31,BTC,-0.0222492430508784,1.0,1.0,0.1921,trend
2025-02-01,BTC,-0.0170803846216345,-1.0,-1.0,0.1921,trend
2025-02-02,BTC,-0.0294759621967042,-1.0,-1.0,0.1921,range
2025-02-03,BTC,0.0380436508117398,-1.0,-1.0,0.1921,range
2025-02-04,BTC,-0.0348462784056634,-1.0,-1.0,0.1921,range
2025-02-05,BTC,-0.0128369432180627,-1.0,-1.0,0.1921,range
2025-02-06,BTC,-0.0002292432377489,-1.0,-1.0,0.1921,range
2025-02-07,BTC,-0.0006647556256734,-1.0,-1.0,0.1921,range
2025-02-08,BTC,-0.0004830959709924,-1.0,-1.0,0.1921,range
2025-02-09,BTC,0.0001828376500454,-1.0,-1.0,0.1921,range
2025-02-10,BTC,0.0097146116762192,-1.0,-1.0,0.2075,range
2025-02-11,BTC,-0.0173457247097439,1.0,1.0,0.2076,trend
2025-02-12,BTC,0.0223340688567765,-1.0,-1.0,0.2068,trend
2025-02-13,BTC,-0.0128924871841327,1.0,1.0,0.2006,range
2025-02-14,BTC,0.0091602788033979,1.0,1.0,0.2092,trend
2025-02-15,BTC,0.0007320640697474,1.0,1.0,0.2117,trend
2025-02-16,BTC,-0.0144016729802401,1.0,1.0,0.2117,range
2025-02-17,BTC,-0.00417622362353,1.0,1.0,0.1921,range
2025-02-18,BTC,-0.0024415545387781,-1.0,-1.0,0.1921,range
2025-02-19,BTC,0.0114723435043504,-1.0,-1.0,0.1921,trend
2025-02-20,BTC,0.0175745580328421,-1.0,-1.0,0.1921,trend
2025-02-21,BTC,-0.0224580717618472,1.0,1.0,0.1921,range
2025-02-22,BTC,0.0047043783073406,-1.0,-1.0,0.1921,range
2025-02-23,BTC,-0.0031460239332733,1.0,1.0,0.1921,range
2025-02-24,BTC,-0.0504368151357187,1.0,1.0,0.1921,range
2025-02-25,BTC,-0.0293377120214919,-1.0,-1.0,0.2126,trend
2025-02-26,BTC,-0.0494629004695273,-1.0,-1.0,0.2126,crisis
2025-02-27,BTC,0.0042349227090945,-1.0,-1.0,0.2461,crisis
2025-02-28,BTC,-0.0039102977908145,-1.0,-1.0,0.2488,crisis
2025-03-01,BTC,0.0196615753427511,-1.0,-1.0,0.2496,crisis
2025-03-02,BTC,0.0955045297961285,-1.0,-1.0,0.2451,crisis
2025-03-03,BTC,-0.0868204011194161,1.0,1.0,0.1921,crisis
2025-03-04,BTC,0.0134376855754954,1.0,1.0,0.2371,crisis
2025-03-05,BTC,0.0389965785120813,1.0,1.0,0.2368,crisis
2025-03-06,BTC,-0.0073031330841799,1.0,1.0,0.2237,crisis
2025-03-07,BTC,-0.0357824911826653,1.0,1.0,0.2234,crisis
2025-03-08,BTC,-0.00677957125701,-1.0,-1.0,0.2365,crisis
2025-03-09,BTC,-0.0644603432710168,1.0,1.0,0.2099,crisis
2025-03-10,BTC,-0.0256701289036189,-1.0,-1.0,0.3843,crisis
2025-03-11,BTC,0.0551394455444913,-1.0,-1.0,0.3848,crisis
2025-03-12,BTC,0.0103804668952023,-1.0,-1.0,0.3644,crisis
2025-03-13,BTC,-0.0317197970748182,-1.0,-1.0,0.3633,crisis
2025-03-14,BTC,0.0358025962030881,-1.0,-1.0,0.3567,crisis
2025-03-15,BTC,0.0044541123525254,1.0,1.0,0.3465,crisis
2025-03-16,BTC,-0.0209077171575404,1.0,1.0,0.35,crisis
2025-03-17,BTC,0.0181158350835366,-1.0,-1.0,0.3613,crisis
2025-03-18,BTC,-0.0161424490284424,1.0,1.0,0.3583,crisis
2025-03-19,BTC,0.0499976010505509,1.0,1.0,0.3762,crisis
2025-03-20,BTC,-0.0309372537911718,1.0,1.0,0.3548,crisis
2025-03-21,BTC,-0.0014727011460912,1.0,1.0,0.3552,crisis
2025-03-22,BTC,-0.0025077306278807,1.0,1.0,0.3562,crisis
2025-03-23,BTC,0.0265039339053942,-1.0,-1.0,0.3705,crisis
2025-03-24,BTC,0.0167863523789464,1.0,1.0,0.367,crisis
2025-03-25,BTC,-0.0003109860024155,1.0,1.0,0.3644,crisis
2025-03-26,BTC,-0.0065257711020474,1.0,1.0,0.3652,crisis
2025-03-27,BTC,0.0031785494123917,1.0,1.0,0.3651,crisis
2025-03-28,BTC,-0.0323932899165662,1.0,1.0,0.3671,crisis
2025-03-29,BTC,-0.0208120566039186,-1.0,-1.0,0.3604,crisis
2025-03-30,BTC,-0.0031848691098436,-1.0,-1.0,0.3582,crisis
2025-03-31,BTC,0.0026038970780313,-1.0,-1.0,0.3634,crisis
2025-04-01,BTC,0.0317418810684309,-1.0,-1.0,0.3645,crisis
2025-04-02,BTC,-0.0315074208005501,-1.0,-1.0,0.3582,crisis
2025-04-03,BTC,0.0074815041355174,-1.0,-1.0,0.229,crisis
2025-04-04,BTC,0.0089163820199409,1.0,1.0,0.2336,crisis
2025-04-05,BTC,-0.0040433257264926,1.0,1.0,0.245,crisis
2025-04-06,BTC,-0.0633533964272636,1.0,1.0,0.2474,crisis
2025-04-07,BTC,0.0130519502961308,-1.0,-1.0,0.2912,crisis
2025-04-08,BTC,-0.037399763343434,-1.0,-1.0,0.2892,crisis
2025-04-09,BTC,0.0826253916648998,-1.0,-1.0,0.284,crisis
2025-04-10,BTC,-0.0356990599146636,-1.0,-1.0,0.2343,crisis
2025-04-11,BTC,0.0474554622745788,-1.0,-1.0,0.2276,crisis
2025-04-12,BTC,0.0225679172717334,1.0,1.0,0.2139,crisis
2025-04-13,BTC,-0.0187851695788582,1.0,1.0,0.2119,crisis
2025-04-14,BTC,0.0102457346314681,1.0,1.0,0.2136,crisis
2025-04-15,BTC,-0.0103308935439746,1.0,1.0,0.2134,crisis
2025-04-16,BTC,0.0043609345644122,1.0,1.0,0.2137,crisis
2025-04-17,BTC,0.0102563744993067,1.0,1.0,0.2135,crisis
2025-04-18,BTC,-0.005241078764249,-1.0,-1.0,0.2136,crisis
2025-04-19,BTC,0.0072540383394437,1.0,1.0,0.2136,crisis
2025-04-20,BTC,0.0013036230231544,1.0,1.0,0.2131,crisis
2025-04-21,BTC,0.0275270995296317,1.0,1.0,0.214,crisis
2025-04-22,BTC,0.0676766270145201,1.0,1.0,0.2113,crisis
2025-04-23,BTC,0.0027527134594511,1.0,1.0,0.1921,crisis
2025-04-24,BTC,0.0026114175645013,1.0,1.0,0.1921,crisis
2025-04-25,BTC,0.0082677425315635,1.0,1.0,0.1921,crisis
2025-04-26,BTC,-0.0007767095032226,1.0,1.0,0.1921,crisis
2025-04-27,BTC,-0.0094254080977105,1.0,1.0,0.1921,crisis
2025-04-28,BTC,0.0130543255265145,1.0,1.0,0.1921,crisis
2025-04-29,BTC,-0.0073064863193083,1.0,1.0,0.1921,crisis
2025-04-30,BTC,-0.0008217291810309,1.0,1.0,0.1921,crisis
2025-05-01,BTC,0.0242552661450776,-1.0,-1.0,0.1921,crisis
2025-05-02,BTC,0.0043291974532626,1.0,1.0,0.214,crisis
2025-05-03,BTC,-0.0105074058270356,1.0,1.0,0.1921,crisis
2025-05-04,BTC,-0.0164333171747127,1.0,1.0,0.1921,crisis
2025-05-05,BTC,0.0045811763897039,1.0,1.0,0.1921,crisis
2025-05-06,BTC,0.0216829979441366,1.0,1.0,0.1921,crisis
2025-05-07,BTC,0.0023743581586117,1.0,1.0,0.1921,trend
2025-05-08,BTC,0.0639904374645787,1.0,1.0,0.1921,trend
2025-05-09,BTC,-0.0026211308184007,1.0,1.0,0.1921,trend
2025-05-10,BTC,0.0167569417589277,1.0,1.0,0.1921,trend
2025-05-11,BTC,-0.0056350471937813,1.0,1.0,0.1921,trend
2025-05-12,BTC,-0.0124238928127439,1.0,1.0,0.1921,trend
2025-05-13,BTC,0.013197358248725,1.0,1.0,0.1921,trend
2025-05-14,BTC,-0.0060516422404043,1.0,1.0,0.1921,trend
2025-05-15,BTC,0.0019821105262978,1.0,1.0,0.1921,trend
2025-05-16,BTC,-0.002461347024402,-1.0,-1.0,0.1921,trend
2025-05-17,BTC,-0.0028814878109744,-1.0,-1.0,0.1921,trend
2025-05-18,BTC,0.0315426651965986,1.0,1.0,0.1921,trend
2025-05-19,BTC,-0.007889709931436,1.0,1.0,0.1921,trend
2025-05-20,BTC,0.0112200465304801,1.0,1.0,0.1921,trend
2025-05-21,BTC,0.0270340184497199,1.0,1.0,0.1921,trend
2025-05-22,BTC,0.0181914486386793,1.0,1.0,0.1921,trend
2025-05-23,BTC,-0.0392706682020235,1.0,1.0,0.1921,trend
2025-05-24,BTC,0.0046916740734872,1.0,1.0,0.1921,trend
2025-05-25,BTC,0.0115430098190454,1.0,1.0,0.1921,trend
2025-05-26,BTC,0.0037141753716718,1.0,1.0,0.1921,trend
2025-05-27,BTC,-0.0040727802177084,-1.0,-1.0,0.1921,trend
2025-05-28,BTC,-0.0109391846531444,-1.0,-1.0,0.1921,trend
2025-05-29,BTC,-0.0200419633794435,1.0,1.0,0.1921,range
2025-05-30,BTC,-0.0155543369783418,-1.0,-1.0,0.1921,range
2025-05-31,BTC,0.0061493483571777,-1.0,-1.0,0.1921,range
2025-06-01,BTC,0.009690618169351,-1.0,-1.0,0.1921,range
2025-06-02,BTC,0.0021715582000447,-1.0,-1.0,0.1921,range
2025-06-03,BTC,-0.0042411787466475,-1.0,-1.0,0.1921,range
2025-06-04,BTC,-0.0066439151364365,-1.0,-1.0,0.1921,range
2025-06-05,BTC,-0.030134359325224,1.0,1.0,0.1921,range
2025-06-06,BTC,0.0277072529315731,-1.0,-1.0,0.1921,range
2025-06-07,BTC,0.0117374960746787,-1.0,-1.0,0.1921,range
2025-06-08,BTC,0.0016855786016509,-1.0,-1.0,0.1921,range
2025-06-09,BTC,0.0425399179579173,1.0,1.0,0.1921,range
2025-06-10,BTC,-0.0003342625487465,1.0,1.0,0.1921,range
2025-06-11,BTC,-0.0142449552984263,1.0,1.0,0.1921,range
2025-06-12,BTC,-0.0253717539991695,1.0,1.0,0.1921,range
2025-06-13,BTC,0.0015285141831733,1.0,1.0,0.1921,range
2025-06-14,BTC,-0.0058304915798971,1.0,1.0,0.1921,range
2025-06-15,BTC,0.0007548627203146,-1.0,-1.0,0.1921,range
2025-06-16,BTC,0.011792615001237,-1.0,-1.0,0.1921,range
2025-06-17,BTC,-0.0205590569411744,-1.0,-1.0,0.1921,range
2025-06-18,BTC,0.0026979724986506,-1.0,-1.0,0.1921,range
2025-06-19,BTC,-0.0018977187896134,-1.0,-1.0,0.1921,range
2025-06-20,BTC,-0.0131317460557932,-1.0,-1.0,0.1921,range
2025-06-21,BTC,-0.0101848743639132,-1.0,-1.0,0.1921,range
2025-06-22,BTC,-0.0124222359199532,-1.0,-1.0,0.1921,range
2025-06-23,BTC,0.0454575977108471,-1.0,-1.0,0.1921,range
2025-06-24,BTC,0.0044314192255339,1.0,1.0,0.1921,range
2025-06-25,BTC,0.0124062157498381,1.0,1.0,0.1921,range
2025-06-26,BTC,-0.0037374544661238,1.0,1.0,0.1921,range
2025-06-27,BTC,0.0012007263229245,1.0,1.0,0.1921,range
2025-06-28,BTC,0.0022343537784448,1.0,1.0,0.1921,range
2025-06-29,BTC,0.0098564224957646,1.0,1.0,0.1921,range
2025-06-30,BTC,-0.0115350629368401,1.0,1.0,0.1921,range
2025-07-01,BTC,-0.0134134520130533,-1.0,-1.0,0.1921,range
2025-07-02,BTC,0.0299062484755399,-1.0,-1.0,0.1921,range
2025-07-03,BTC,0.0072447287722909,1.0,1.0,0.1921,range
2025-07-04,BTC,-0.0147165563432009,1.0,1.0,0.1921,range
2025-07-05,BTC,0.0018220480395592,-1.0,-1.0,0.1921,range
2025-07-06,BTC,0.0092477105755468,1.0,1.0,0.1921,range
2025-07-07,BTC,-0.0085342953523908,1.0,1.0,0.1921,range
2025-07-08,BTC,0.0060057503829968,-1.0,-1.0,0.1921,range
2025-07-09,BTC,0.0218106956047536,-1.0,-1.0,0.1921,range
2025-07-10,BTC,0.0418646606874946,1.0,1.0,0.1921,trend
2025-07-11,BTC,0.0131892917604998,1.0,1.0,0.1921,trend
2025-07-12,BTC,-0.0006957770402219,1.0,1.0,0.1921,trend
2025-07-13,BTC,0.0143133425480761,1.0,1.0,0.1921,trend
2025-07-14,BTC,0.0061585783252593,1.0,1.0,0.1921,trend
2025-07-15,BTC,-0.0172926221005188,1.0,1.0,0.1921,trend
2025-07-16,BTC,0.0081621945039229,1.0,1.0,0.1921,trend
2025-07-17,BTC,0.004643278306736,1.0,1.0,0.1921,trend
2025-07-18,BTC,-0.0107856389702077,1.0,1.0,0.1921,trend
2025-07-19,BTC,-0.0005360022928398,-1.0,-1.0,0.1921,trend
2025-07-20,BTC,-0.0054196000256221,-1.0,-1.0,0.1921,trend
2025-07-21,BTC,0.0011828564931994,-1.0,-1.0,0.1921,trend
2025-07-22,BTC,0.021763326222183,-1.0,-1.0,0.1921,trend
2025-07-23,BTC,-0.010337504434577,1.0,1.0,0.1921,trend
2025-07-24,BTC,-0.0032584822936673,1.0,1.0,0.1921,trend
2025-07-25,BTC,-0.0061850938387063,1.0,1.0,0.1921,trend
2025-07-26,BTC,0.0026478687246855,1.0,1.0,0.1921,trend
2025-07-27,BTC,0.0127270750996388,1.0,1.0,0.1921,trend
2025-07-28,BTC,-0.0127587682112196,-1.0,-1.0,0.1921,trend
2025-07-29,BTC,-1.974250866199068e-05,-1.0,-1.0,0.1921,trend
2025-07-30,BTC,-0.0007713643170961,-1.0,-1.0,0.1921,trend
2025-07-31,BTC,-0.0175928327549105,1.0,1.0,0.1921,range
2025-08-01,BTC,-0.0210621547474024,-1.0,-1.0,0.1921,range
2025-08-02,BTC,-0.0069993935182635,-1.0,-1.0,0.1921,range
2025-08-03,BTC,0.015025363723748,-1.0,-1.0,0.1921,trend
2025-08-04,BTC,0.0074787983634865,-1.0,-1.0,0.1921,trend
2025-08-05,BTC,-0.0080857067535434,-1.0,-1.0,0.1921,range
2025-08-06,BTC,0.0077671584153571,-1.0,-1.0,0.1921,range
2025-08-07,BTC,0.0214634561802344,1.0,1.0,0.1921,range
2025-08-08,BTC,-0.0068782400705657,1.0,1.0,0.1921,range
2025-08-09,BTC,-0.0016142706587778,1.0,1.0,0.1921,range
2025-08-10,BTC,0.0240891826648066,1.0,1.0,0.1921,range
2025-08-11,BTC,-0.0048221283567536,1.0,1.0,0.1921,range
2025-08-12,BTC,0.0121405153765801,1.0,1.0,0.1921,range
2025-08-13,BTC,0.0263882795960923,1.0,1.0,0.1921,range
2025-08-14,BTC,-0.0404112226723519,1.0,1.0,0.1921,range
2025-08-15,BTC,-0.0081212401879706,1.0,1.0,0.1921,range
2025-08-16,BTC,0.0007921746665282,-1.0,-1.0,0.1921,range
2025-08-17,BTC,-0.0003258883482979,-1.0,-1.0,0.1921,range
2025-08-18,BTC,-0.010223232791397,-1.0,-1.0,0.1921,range
2025-08-19,BTC,-0.0294285140564407,-1.0,-1.0,0.1921,range
2025-08-20,BTC,0.0127940034305953,-1.0,-1.0,0.1921,range
2025-08-21,BTC,-0.0162390297451311,-1.0,-1.0,0.1921,range
2025-08-22,BTC,0.0396290079888053,-1.0,-1.0,0.1921,range
2025-08-23,BTC,-0.0128322527656131,-1.0,-1.0,0.1921,range
2025-08-24,BTC,-0.0166059336477717,-1.0,-1.0,0.1921,range
2025-08-25,BTC,-0.0293859004939791,1.0,1.0,0.1921,range
2025-08-26,BTC,0.0152400868989226,-1.0,-1.0,0.1921,range
2025-08-27,BTC,-0.0051930228625494,-1.0,-1.0,0.1921,range
2025-08-28,BTC,0.0118928039794263,-1.0,-1.0,0.1921,range
2025-08-29,BTC,-0.0367317599553232,-1.0,-1.0,0.1921,range
2025-08-30,BTC,0.0036641574761864,-1.0,-1.0,0.1927,range
2025-08-31,BTC,-0.0052510753417374,-1.0,-1.0,0.1966,trend
2025-09-01,BTC,0.0093672729309508,-1.0,-1.0,0.2155,trend
2025-09-02,BTC,0.0178488017370614,-1.0,-1.0,0.2147,trend
2025-09-03,BTC,0.0046998403434108,-1.0,-1.0,0.2128,trend
2025-09-04,BTC,-0.0089471951854229,1.0,1.0,0.2125,range
2025-09-05,BTC,-0.0006558419928113,1.0,1.0,0.2122,range
2025-09-06,BTC,-0.0038525555367432,1.0,1.0,0.214,range
2025-09-07,BTC,0.0085545428120867,1.0,1.0,0.2143,range
2025-09-08,BTC,0.0081301778599391,-1.0,-1.0,0.2237,range
2025-09-09,BTC,-0.0048262328231931,1.0,1.0,0.2683,range
2025-09-10,BTC,0.0217412410137076,1.0,1.0,0.2734,range
2025-09-11,BTC,0.0136209450438582,1.0,1.0,0.2592,range
2025-09-12,BTC,0.0051428596550617,1.0,1.0,0.2597,range
2025-09-13,BTC,-0.0013011908618274,1.0,1.0,0.26,range
2025-09-14,BTC,-0.0046817523505617,1.0,1.0,0.2682,range
2025-09-15,BTC,0.0003224981011604,1.0,1.0,0.2697,trend
2025-09-16,BTC,0.0121123826414988,1.0,1.0,0.2704,range
2025-09-17,BTC,-0.0032066883445814,1.0,1.0,0.2692,trend
2025-09-18,BTC,0.0057414259447414,1.0,1.0,0.2689,range
2025-09-19,BTC,-0.0123645068463384,1.0,1.0,0.2688,trend
2025-09-20,BTC,0.0002861257573012,1.0,1.0,0.2645,trend
2025-09-21,BTC,-0.0035936756008188,1.0,1.0,0.2787,trend
2025-09-22,BTC,-0.0221808393149213,-1.0,-1.0,0.2813,trend
2025-09-23,BTC,-0.0065101332757383,-1.0,-1.0,0.2881,range
2025-09-24,BTC,0.0117318098326555,-1.0,-1.0,0.288,range
2025-09-25,BTC,-0.0377604815640906,-1.0,-1.0,0.2839,range
2025-09-26,BTC,0.0060847628462732,-1.0,-1.0,0.3229,range
2025-09-27,BTC,-0.0002814877077529,-1.0,-1.0,0.3252,range
2025-09-28,BTC,0.0222524801647718,-1.0,-1.0,0.3252,range
2025-09-29,BTC,0.0203147390643254,1.0,1.0,0.3105,range
2025-09-30,BTC,-0.003009577997342,1.0,1.0,0.3069,range
2025-10-01,BTC,0.0402682917991483,1.0,1.0,0.3188,range
2025-10-02,BTC,0.0171289208453273,1.0,1.0,0.2799,range
2025-10-03,BTC,0.0131360367486641,1.0,1.0,0.2784,range
2025-10-04,BTC,0.0012996069805488,1.0,1.0,0.2759,range
2025-10-05,BTC,0.0088874254129824,1.0,1.0,0.278,trend
2025-10-06,BTC,0.0100317367949158,1.0,1.0,0.2776,trend
2025-10-07,BTC,-0.0264615748027157,1.0,1.0,0.2856,trend
2025-10-08,BTC,0.015672809406696,1.0,1.0,0.2862,range
2025-10-09,BTC,-0.0133702162517275,1.0,1.0,0.2814,range
2025-10-10,BTC,-0.0697685211783174,-1.0,-1.0,0.2894,range
2025-10-11,BTC,-0.0212559981103326,-1.0,-1.0,0.3467,range
2025-10-12,BTC,0.039364372838716,-1.0,-1.0,0.3419,range
2025-10-13,BTC,0.0008796796576793,-1.0,-1.0,0.3253,range
2025-10-14,BTC,-0.0186726288806453,-1.0,-1.0,0.3064,range
2025-10-15,BTC,-0.02064646024028,-1.0,-1.0,0.3011,range
2025-10-16,BTC,-0.0234433185040173,-1.0,-1.0,0.2937,range
2025-10-17,BTC,-0.0158823635183403,-1.0,-1.0,0.2846,range
2025-10-18,BTC,0.0068610099724264,-1.0,-1.0,0.2823,crisis
2025-10-19,BTC,0.0136984055100004,-1.0,-1.0,0.2748,crisis
2025-10-20,BTC,0.0176891223946731,-1.0,-1.0,0.2743,crisis
2025-10-21,BTC,-0.0190981056464526,-1.0,-1.0,0.273,crisis
2025-10-22,BTC,-0.0072670287925667,1.0,1.0,0.2968,crisis
2025-10-23,BTC,0.0221113556675538,1.0,1.0,0.2988,crisis
2025-10-24,BTC,0.0087598592511493,1.0,1.0,0.2936,crisis
2025-10-25,BTC,0.0054740450236843,1.0,1.0,0.2829,crisis
2025-10-26,BTC,0.0253553831274302,1.0,1.0,0.2869,crisis
2025-10-27,BTC,-0.0030847352525406,1.0,1.0,0.2752,crisis
2025-10-28,BTC,-0.010192524628483,1.0,1.0,0.2775,crisis
2025-10-29,BTC,-0.0256812844086571,1.0,1.0,0.2455,crisis
2025-10-30,BTC,-0.0158988957185517,-1.0,-1.0,0.2486,crisis
2025-10-31,BTC,0.0115471203791934,-1.0,-1.0,0.2442,crisis
2025-11-01,BTC,0.0046355361822478,-1.0,-1.0,0.2434,crisis
2025-11-02,BTC,0.0052297689824543,-1.0,-1.0,0.249,crisis
2025-11-03,BTC,-0.036985858931644,-1.0,-1.0,0.2489,crisis
2025-11-04,BTC,-0.046523840630681,-1.0,-1.0,0.2783,crisis
2025-11-05,BTC,0.0226528264854919,-1.0,-1.0,0.3204,crisis
2025-11-06,BTC,-0.0249350379808326,-1.0,-1.0,0.3106,crisis
2025-11-07,BTC,0.020445121741957,-1.0,-1.0,0.3025,crisis
2025-11-08,BTC,-0.010547196317199,-1.0,-1.0,0.2961,crisis
2025-11-09,BTC,0.0238313744819302,-1.0,-1.0,0.2949,crisis
2025-11-10,BTC,0.0121940174486727,1.0,1.0,0.2932,crisis
2025-11-11,BTC,-0.0282945413045407,1.0,1.0,0.2939,crisis
2025-11-12,BTC,-0.0129545052533147,1.0,1.0,0.2916,crisis
2025-11-13,BTC,-0.0193353696735113,-1.0,-1.0,0.2897,crisis
2025-11-14,BTC,-0.05315783786249,-1.0,-1.0,0.2851,crisis
2025-11-15,BTC,0.0121968892114379,-1.0,-1.0,0.3307,crisis
2025-11-16,BTC,-0.014359838208265,-1.0,-1.0,0.3306,crisis
2025-11-17,BTC,-0.0221200653755151,-1.0,-1.0,0.3288,crisis
2025-11-18,BTC,0.0092840050437665,-1.0,-1.0,0.325,crisis
2025-11-19,BTC,-0.0159537467505658,-1.0,-1.0,0.3237,crisis
2025-11-20,BTC,-0.0528512689185111,-1.0,-1.0,0.3217,crisis
2025-11-21,BTC,-0.0177903401090984,-1.0,-1.0,0.3612,crisis
2025-11-22,BTC,-0.0051983141515926,-1.0,-1.0,0.3631,crisis
2025-11-23,BTC,0.0254777346356571,-1.0,-1.0,0.3632,crisis
2025-11-24,BTC,0.0168832965336012,-1.0,-1.0,0.3545,crisis
2025-11-25,BTC,-0.0105207426881414,-1.0,-1.0,0.3369,crisis
2025-11-26,BTC,0.0363683055149117,1.0,1.0,0.3374,crisis
2025-11-27,BTC,0.0084735047298325,1.0,1.0,0.3168,crisis
2025-11-28,BTC,-0.0040106027389381,1.0,1.0,0.3233,crisis
2025-11-29,BTC,-0.0007425028351905,1.0,1.0,0.3307,crisis
2025-11-30,BTC,-0.0050350738776466,1.0,1.0,0.3306,crisis
2025-12-01,BTC,-0.0450552924720789,1.0,1.0,0.358,crisis
2025-12-02,BTC,0.0582546493801656,-1.0,-1.0,0.3912,crisis
2025-12-03,BTC,0.0238379498677223,1.0,1.0,0.3416,crisis
2025-12-04,BTC,-0.0148210437755016,1.0,1.0,0.3323,crisis
2025-12-05,BTC,-0.0298873303732162,1.0,1.0,0.3331,crisis
2025-12-06,BTC,-0.0012908122468182,-1.0,-1.0,0.3284,crisis
2025-12-07,BTC,0.0126944715540502,1.0,1.0,0.3337,crisis
2025-12-08,BTC,0.0025945560296725,-1.0,-1.0,0.335,crisis
2025-12-09,BTC,0.0226335306163294,-1.0,-1.0,0.3353,crisis
2025-12-10,BTC,-0.0072365222112718,1.0,1.0,0.2666,crisis
2025-12-11,BTC,0.0053291196187417,1.0,1.0,0.2705,crisis
2025-12-12,BTC,-0.0242232138612067,1.0,1.0,0.2934,crisis
2025-12-13,BTC,0.0003134678764229,-1.0,-1.0,0.2879,crisis
2025-12-14,BTC,-0.0235167393637523,-1.0,-1.0,0.2908,crisis
2025-12-15,BTC,-0.019908078936967,-1.0,-1.0,0.2893,crisis
2025-12-16,BTC,0.0164800593614091,-1.0,-1.0,0.291,crisis
2025-12-17,BTC,-0.0193550710910589,-1.0,-1.0,0.288,crisis
2025-12-18,BTC,-0.0079082921072796,-1.0,-1.0,0.2858,crisis
2025-12-19,BTC,0.0309009771371784,-1.0,-1.0,0.2896,crisis
2025-12-20,BTC,0.0027310777386615,1.0,1.0,0.2797,crisis
2025-12-21,BTC,0.0031439599746445,1.0,1.0,0.2825,crisis
2025-12-22,BTC,-0.0014864790528285,1.0,1.0,0.2822,crisis
2025-12-23,BTC,-0.0121597404791959,1.0,1.0,0.2908,crisis
2025-12-24,BTC,0.0022646365284737,1.0,1.0,0.2918,crisis
2025-12-25,BTC,-0.0043055622310417,-1.0,-1.0,0.2925,crisis
2025-12-26,BTC,0.0007644603322913,-1.0,-1.0,0.3046,crisis
2025-12-27,BTC,0.0057356055255037,-1.0,-1.0,0.3043,crisis
2025-12-28,BTC,0.0003835861092533,-1.0,-1.0,0.3035,crisis
2025-12-29,BTC,-0.0079431738202667,1.0,1.0,0.3102,crisis
2025-12-30,BTC,0.0148269423496205,-1.0,-1.0,0.3122,crisis
2025-12-31,BTC,-0.0104184474024646,1.0,1.0,0.3106,crisis
2026-01-01,BTC,0.0139775183396675,1.0,1.0,0.3108,crisis
2026-01-02,BTC,0.013667122921255,1.0,1.0,0.3075,crisis
2026-01-03,BTC,0.007321078638514,1.0,1.0,0.2933,crisis
2026-01-04,BTC,0.0089434456983095,1.0,1.0,0.2524,crisis
2026-01-05,BTC,0.0270098258026907,1.0,1.0,0.2598,crisis
2026-01-06,BTC,-0.0016352711961346,1.0,1.0,0.2534,crisis
2026-01-07,BTC,-0.0258295272042513,1.0,1.0,0.2607,crisis
2026-01-08,BTC,-0.0030767240465419,1.0,1.0,0.2581,crisis
2026-01-09,BTC,-0.0056469259849742,1.0,1.0,0.2684,crisis
2026-01-10,BTC,-0.0013970698475367,-1.0,-1.0,0.2715,crisis
2026-01-11,BTC,0.0048769647688045,-1.0,-1.0,0.269,crisis
2026-01-12,BTC,0.0040244574298022,-1.0,-1.0,0.2703,crisis
2026-01-13,BTC,0.0452752888512626,-1.0,-1.0,0.2751,crisis
2026-01-14,BTC,0.0168644233659869,1.0,1.0,0.1921,trend
2026-01-15,BTC,-0.0142179941990596,1.0,1.0,0.1921,trend
2026-01-16,BTC,-0.0002728413239239,1.0,1.0,0.1921,trend
2026-01-17,BTC,-0.0044511362562938,1.0,1.0,0.1921,trend
2026-01-18,BTC,-0.0154100251462483,1.0,1.0,0.1921,trend
2026-01-19,BTC,-0.0115431464804904,-1.0,-1.0,0.1921,trend
2026-01-20,BTC,-0.0458403323749921,-1.0,-1.0,0.1921,range
2026-01-21,BTC,0.0120716085109815,-1.0,-1.0,0.1921,range
2026-01-22,BTC,0.0009565349571438,-1.0,-1.0,0.1921,range
2026-01-23,BTC,0.0004630084862766,-1.0,-1.0,0.1921,range
2026-01-24,BTC,-0.0043924425059809,-1.0,-1.0,0.1949,range
2026-01-25,BTC,-0.0284872035092573,-1.0,-1.0,0.1966,range
2026-01-26,BTC,0.0195781267879311,-1.0,-1.0,0.224,trend
2026-01-27,BTC,0.0094647870270239,-1.0,-1.0,0.2181,range
2026-01-28,BTC,0.0009202877056453,-1.0,-1.0,0.2166,range
2026-01-29,BTC,-0.0518361456337257,-1.0,-1.0,0.2166,range
2026-01-30,BTC,-0.0051196968777286,-1.0,-1.0,0.2683,range
2026-01-31,BTC,-0.0654656725543503,-1.0,-1.0,0.2294,range
2026-02-01,BTC,-0.0209443967970198,-1.0,-1.0,0.365,crisis
2026-02-02,BTC,0.0222712915376035,-1.0,-1.0,0.3726,crisis
2026-02-03,BTC,-0.0388266193494505,-1.0,-1.0,0.3627,crisis
2026-02-04,BTC,-0.034559317366405,-1.0,-1.0,0.3825,crisis
2026-02-05,BTC,-0.1412989238135854,-1.0,-1.0,0.3926,crisis
2026-02-06,BTC,0.1252476912623226,-1.0,-1.0,0.5741,crisis
2026-02-07,BTC,-0.0180485412059895,-1.0,-1.0,0.4244,crisis
2026-02-08,BTC,0.0141849002017571,-1.0,-1.0,0.4279,crisis
2026-02-09,BTC,-0.0020486141417196,-1.0,-1.0,0.4256,crisis
2026-02-10,BTC,-0.018921927121284,-1.0,-1.0,0.4262,crisis
2026-02-11,BTC,-0.0261940461479914,1.0,1.0,0.4275,crisis
2026-02-12,BTC,-0.0114957809774772,-1.0,-1.0,0.4243,crisis
2026-02-13,BTC,0.0398055966238481,-1.0,-1.0,0.4265,crisis
2026-02-14,BTC,0.0132124562788098,-1.0,-1.0,0.4153,crisis
2026-02-15,BTC,-0.0140385673154274,-1.0,-1.0,0.4161,crisis
2026-02-16,BTC,0.0007991015899351,1.0,1.0,0.4171,crisis
2026-02-17,BTC,-0.0195943587348234,1.0,1.0,0.4171,crisis
2026-02-18,BTC,-0.0158368888076062,1.0,1.0,0.4234,crisis
2026-02-19,BTC,0.0080120520683413,-1.0,-1.0,0.4228,crisis
2026-02-20,BTC,0.0156501970757347,-1.0,-1.0,0.4221,crisis
2026-02-21,BTC,-2.435467576455963e-05,-1.0,-1.0,0.4195,crisis
2026-02-22,BTC,-0.0050640578037842,-1.0,-1.0,0.4199,crisis
2026-02-23,BTC,-0.0449701411089231,1.0,1.0,0.4202,crisis
2026-02-24,BTC,-0.0083058248802962,-1.0,-1.0,0.4309,crisis
2026-02-25,BTC,0.0605505528943264,-1.0,-1.0,0.431,crisis
2026-02-26,BTC,-0.0074507155850581,1.0,1.0,0.4048,crisis
2026-02-27,BTC,-0.0233045014739839,-1.0,-1.0,0.4048,crisis
2026-02-28,BTC,0.0169100199576182,-1.0,-1.0,0.4027,crisis
2026-03-01,BTC,-0.018773664883674,1.0,1.0,0.4022,crisis
2026-03-02,BTC,0.0462098832761679,1.0,1.0,0.4011,crisis
2026-03-03,BTC,-0.0070112272555694,1.0,1.0,0.3883,crisis
2026-03-04,BTC,0.0646755560517786,1.0,1.0,0.39,crisis
2026-03-05,BTC,-0.0257108824218965,1.0,1.0,0.3651,crisis
2026-03-06,BTC,-0.0381788517968906,1.0,1.0,0.3633,crisis
2026-03-07,BTC,-0.0126789391376752,1.0,1.0,0.3624,crisis
2026-03-08,BTC,-0.019366170194679,-1.0,-1.0,0.3621,crisis
2026-03-09,BTC,0.0368744827769154,-1.0,-1.0,0.2387,crisis
2026-03-10,BTC,0.0222878063572575,-1.0,-1.0,0.23,crisis
2026-03-11,BTC,0.0039750203504864,-1.0,-1.0,0.2266,crisis
2026-03-12,BTC,0.0041105135916361,1.0,1.0,0.2263,crisis
2026-03-13,BTC,0.0067354429926622,1.0,1.0,0.2264,crisis
2026-03-14,BTC,0.003471401940436,1.0,1.0,0.2262,crisis
2026-03-15,BTC,0.0221203027116971,1.0,1.0,0.2381,crisis
2026-03-16,BTC,0.0284541052380089,1.0,1.0,0.2368,crisis
2026-03-17,BTC,-0.0125380144202507,1.0,1.0,0.232,crisis
2026-03-18,BTC,-0.0362122396594321,1.0,1.0,0.2317,crisis
2026-03-19,BTC,-0.0187069723844703,1.0,1.0,0.2265,crisis
2026-03-20,BTC,0.0087222507237532,-1.0,-1.0,0.2261,crisis
2026-03-21,BTC,-0.0256806025463252,-1.0,-1.0,0.2255,crisis
2026-03-22,BTC,-0.012607965253281,-1.0,-1.0,0.2174,crisis
2026-03-23,BTC,0.045244880148251,-1.0,-1.0,0.2182,crisis
2026-03-24,BTC,-0.005598262529164,-1.0,-1.0,0.2068,crisis
2026-03-25,BTC,0.0112315297786931,1.0,1.0,0.2068,crisis
2026-03-26,BTC,-0.035314289032299,1.0,1.0,0.2058,crisis
2026-03-27,BTC,-0.035662044616623,1.0,1.0,0.204,crisis
2026-03-28,BTC,-0.0002815819275042,-1.0,-1.0,0.2017,crisis
2026-03-29,BTC,-0.0055002278852636,-1.0,-1.0,0.2025,crisis
2026-03-30,BTC,0.0111670731548418,-1.0,-1.0,0.2027,crisis
2026-03-31,BTC,0.0231194147956335,-1.0,-1.0,0.1921,crisis
2026-04-01,BTC,-0.0022680682914228,-1.0,-1.0,0.1921,crisis
2026-04-02,BTC,-0.0174795775330772,1.0,1.0,0.1921,crisis
2026-04-03,BTC,0.0006358522809097,1.0,1.0,0.1921,crisis
2026-04-04,BTC,0.0053699110594254,1.0,1.0,0.1921,crisis
2026-04-05,BTC,0.0251355305690601,1.0,1.0,0.1921,crisis
2026-04-06,BTC,-0.0017695992030517,1.0,1.0,0.1921,range
2026-04-07,BTC,0.0447412531208666,1.0,1.0,0.1921,range
2026-04-08,BTC,-0.0113613533715375,1.0,1.0,0.1921,range
2026-04-09,BTC,0.0090612810708508,1.0,1.0,0.1921,range
2026-04-10,BTC,0.016876904061948,1.0,1.0,0.1921,range
2026-04-11,BTC,0.0010307967248304,1.0,1.0,0.1921,range
2026-04-12,BTC,-0.031495312720733,1.0,1.0,0.1921,trend
2026-04-13,BTC,0.0527357560965484,-1.0,-1.0,0.1921,range
2026-04-14,BTC,-0.004068372317531,1.0,1.0,0.1921,range
2026-04-15,BTC,0.0084046269048743,1.0,1.0,0.1921,range
2026-04-16,BTC,0.0046394535798768,1.0,1.0,0.1921,trend
2026-04-17,BTC,0.0262765954018477,1.0,1.0,0.1921,trend
2026-04-18,BTC,-0.0181605187880359,1.0,1.0,0.1921,trend
2026-04-19,BTC,-0.0246923667756633,1.0,1.0,0.1921,trend
2026-04-20,BTC,0.0272985577048689,-1.0,-1.0,0.1921,trend
2026-04-21,BTC,0.0063296958930805,1.0,1.0,0.1921,trend
2026-04-22,BTC,0.0242339346915094,1.0,1.0,0.1921,trend
2026-04-23,BTC,0.000842058194423,1.0,1.0,0.1921,trend
2026-04-24,BTC,-0.0103954453523936,1.0,1.0,0.1921,trend
2026-04-25,BTC,0.0020231423764509,1.0,1.0,0.1921,trend
2026-04-26,BTC,0.0134711542933207,1.0,1.0,0.1921,trend
2026-04-27,BTC,-0.0164118287691947,1.0,1.0,0.1921,trend
2026-04-28,BTC,-0.0131316717641489,-1.0,-1.0,0.1921,trend
2026-04-29,BTC,-0.0075250033613407,-1.0,-1.0,0.1921,trend
2026-04-30,BTC,0.0069703675866772,-1.0,-1.0,0.1921,range
2026-05-01,BTC,0.0245684606038341,-1.0,-1.0,0.1921,range
2026-05-02,BTC,0.0061173716726998,-1.0,-1.0,0.1921,range
2026-05-03,BTC,-0.0015131909328128,1.0,1.0,0.1921,trend
2026-05-04,BTC,0.0164210441710659,1.0,1.0,0.1921,range
2026-05-05,BTC,0.0137689749003031,1.0,1.0,0.1921,trend
2026-05-06,BTC,0.0061842923164892,1.0,1.0,0.1921,trend
2026-05-07,BTC,-0.0174085968313082,1.0,1.0,0.1921,trend
2026-05-08,BTC,0.0022093920105095,1.0,1.0,0.1921,range
2026-05-09,BTC,0.0059561145630133,1.0,1.0,0.1921,trend
2026-05-10,BTC,0.0182802215081221,1.0,1.0,0.1921,trend
2026-05-11,BTC,-0.0049992471786796,1.0,1.0,0.1921,trend
2026-05-12,BTC,-0.0153044261941864,1.0,1.0,0.1921,trend
2026-05-13,BTC,-0.0149156611043906,1.0,1.0,0.1921,range
2026-05-14,BTC,0.0223788764707975,-1.0,-1.0,0.1921,range
2026-05-15,BTC,-0.0244977136379759,1.0,1.0,0.1921,range
2026-05-16,BTC,-0.0118160267665125,-1.0,-1.0,0.1921,range
2026-05-17,BTC,-0.0089859595569324,-1.0,-1.0,0.1921,range
2026-05-18,BTC,-0.0061369452011545,-1.0,-1.0,0.1921,range
2026-05-19,BTC,-0.0026413853862292,-1.0,-1.0,0.1921,range
2026-05-20,BTC,0.0092098871796708,-1.0,-1.0,0.1921,range
2026-05-21,BTC,0.0010508749979196,-1.0,-1.0,0.1921,range
2026-05-22,BTC,-0.0264502397679237,-1.0,-1.0,0.1921,range
2026-05-23,BTC,0.0156994647862689,-1.0,-1.0,0.1921,range
2026-05-24,BTC,0.0040138815313457,-1.0,-1.0,0.1921,range
2026-05-25,BTC,0.0038815318365379,1.0,1.0,0.1921,range
2026-05-26,BTC,-0.0188172442493205,-1.0,-1.0,0.1921,range
2026-05-27,BTC,-0.0195320396460056,-1.0,-1.0,0.1921,trend
2026-05-28,BTC,-0.0108702893888917,-1.0,-1.0,0.1921,trend
2026-05-29,BTC,-0.0022306083103439,-1.0,-1.0,0.1921,trend
2026-05-30,BTC,0.0052105676905831,-1.0,-1.0,0.1921,trend
2026-05-31,BTC,-0.0023747383513729,-1.0,-1.0,0.1921,trend
2026-06-01,BTC,-0.0307138306682805,-1.0,-1.0,0.1921,trend
2026-06-02,BTC,-0.0647242267468118,-1.0,-1.0,0.1921,trend
2026-06-03,BTC,-0.040316966320718,-1.0,-1.0,0.2032,crisis
2026-06-04,BTC,-0.0033241439086123,-1.0,-1.0,0.2323,crisis
2026-06-05,BTC,-0.0451228090411904,-1.0,-1.0,0.2433,crisis
2026-06-06,BTC,-0.0009069515189049,-1.0,-1.0,0.2809,crisis
2026-06-07,BTC,0.0389716814043434,-1.0,-1.0,0.319,crisis
2026-06-08,BTC,-0.0023550097882448,-1.0,-1.0,0.2906,crisis
2026-06-09,BTC,-0.0229322407245384,-1.0,-1.0,0.2926,crisis
2026-06-10,BTC,-0.0031550982687325,-1.0,-1.0,0.2916,crisis
2026-06-11,BTC,0.0343659895373587,1.0,1.0,0.2918,crisis
2026-06-12,BTC,-0.0002809183837144,1.0,1.0,0.2615,crisis
2026-06-13,BTC,0.0138193388245533,1.0,1.0,0.3139,crisis
2026-06-14,BTC,0.0200100546578769,1.0,1.0,0.309,crisis
2026-06-15,BTC,0.0088129364038296,1.0,1.0,0.3019,crisis
2026-06-16,BTC,-0.0103916815634451,1.0,1.0,0.3006,crisis
2026-06-17,BTC,-0.0180210940203756,1.0,1.0,0.3147,crisis
2026-06-18,BTC,-0.0236263487711752,1.0,1.0,0.3147,crisis
2026-06-19,BTC,0.0102448238197976,-1.0,-1.0,0.3149,crisis
2026-06-20,BTC,0.0109982790348774,-1.0,-1.0,0.3295,crisis
2026-06-21,BTC,-0.0155999653884072,-1.0,-1.0,0.3273,crisis
2026-06-22,BTC,0.0112997187563508,-1.0,-1.0,0.3395,crisis
2026-06-23,BTC,-0.0200788688361083,-1.0,-1.0,0.3354,crisis
2026-06-24,BTC,-0.0266944245448158,-1.0,-1.0,0.3306,crisis
2026-06-25,BTC,-0.0208780106302026,-1.0,-1.0,0.3283,crisis
2026-06-26,BTC,0.0049354594022048,-1.0,-1.0,0.3289,crisis
2026-06-27,BTC,-0.0012718522519159,-1.0,-1.0,0.3302,crisis
2026-06-28,BTC,-0.0068027552246986,-1.0,-1.0,0.3317,crisis
2026-06-29,BTC,0.0101799973609406,-1.0,-1.0,0.3318,crisis
2026-06-30,BTC,-0.0262647507295187,-1.0,-1.0,0.3302,crisis
2026-07-01,BTC,0.0246742927188376,-1.0,-1.0,0.3372,crisis
2026-07-02,BTC,0.0246908364202711,1.0,1.0,0.3223,crisis
2026-07-03,BTC,0.0172219770261401,1.0,1.0,0.3067,crisis
2026-07-04,BTC,0.0086995352973819,1.0,1.0,0.3061,crisis
2026-07-05,BTC,0.0072846802157144,1.0,1.0,0.3089,crisis
2026-07-06,BTC,0.0070361559301554,1.0,1.0,0.3085,crisis
2026-07-07,BTC,-0.0109011785829999,1.0,1.0,0.3098,crisis
2026-07-08,BTC,-0.0164275373449477,1.0,1.0,0.3095,crisis
2026-07-09,BTC,0.0150274762627715,-1.0,-1.0,0.3084,crisis
2026-07-10,BTC,0.0147799597043933,1.0,1.0,0.3109,crisis
2026-07-11,BTC,-0.005069823448876,1.0,1.0,0.3044,crisis
2026-07-12,BTC,-0.0006866332556169,-1.0,-1.0,0.3068,crisis
2026-07-13,BTC,-0.0238259111692953,1.0,1.0,0.309,crisis
2026-07-14,BTC,0.0436540898996216,1.0,1.0,0.3144,crisis
2026-07-15,BTC,-0.0037523532264722,1.0,1.0,0.2821,crisis
2026-07-16,BTC,-0.0142645629989627,1.0,1.0,0.2834,crisis
2026-07-17,BTC,0.0017272445360874,1.0,1.0,0.2819,crisis
2026-07-18,BTC,0.0140398778305421,1.0,1.0,0.2817,crisis
2026-07-19,BTC,-0.0016327534538667,1.0,1.0,0.277,crisis
2026-07-20,BTC,0.0083353833493771,-1.0,-1.0,0.2793,crisis
2026-07-21,BTC,0.0195477099761198,1.0,1.0,0.2775,crisis
2026-07-22,BTC,-0.006079653635716,1.0,1.0,0.2787,crisis
2026-07-23,BTC,-0.0159753652742934,1.0,1.0,0.2837,crisis
2026-07-24,BTC,-0.0145486837439957,1.0,1.0,0.2813,crisis
2026-07-25,BTC,0.003327947132145,-1.0,-1.0,0.2797,crisis
2026-07-26,BTC,0.0159922142024842,-1.0,-1.0,0.2835,crisis
2026-07-27,BTC,-0.0247229095127391,-1.0,-1.0,0.2829,crisis
2026-07-28,BTC,0.0022983927372384,-1.0,-1.0,0.2756,crisis
2026-07-29,BTC,0.0005762314378343,-1.0,-1.0,0.2753,crisis
2026-07-30,BTC,0.0127861688258623,-1.0,-1.0,0.2761,crisis
2026-07-31,BTC,-0.0295334628993114,1.0,1.0,0.2725,crisis
2026-08-01,BTC,-0.0008027825816142,-1.0,-1.0,0.2696,crisis
2026-08-02,BTC,0.0114506320558198,-1.0,-1.0,0.1979,range
2026-08-03,BTC,0.004888135120979,-1.0,-1.0,0.1921,range
2017-12-10,ETH,-0.0671190510472157,1.0,1.0,0.3168,trend
2017-12-11,ETH,0.1662021426369497,-1.0,-1.0,0.3168,trend
2017-12-12,ETH,0.2645807079346558,1.0,1.0,0.3168,trend
2017-12-13,ETH,0.0788049634565428,1.0,1.0,0.3168,trend
2017-12-14,ETH,-0.0098909731386682,1.0,1.0,0.3168,trend
2017-12-15,ETH,-0.0163376256080021,1.0,1.0,0.3168,trend
2017-12-16,ETH,0.0171831700314499,1.0,1.0,0.3168,trend
2017-12-17,ETH,0.034136289166496,1.0,1.0,0.3168,trend
2017-12-18,ETH,0.1037119989962758,1.0,1.0,0.3168,trend
2017-12-19,ETH,0.0404935256935308,1.0,1.0,0.3168,trend
2017-12-20,ETH,-0.0093575040002457,1.0,1.0,0.3168,trend
2017-12-21,ETH,0.0024136534498566,1.0,1.0,0.3168,trend
2017-12-22,ETH,-0.1780655138721301,1.0,1.0,0.3168,trend
2017-12-23,ETH,0.0659796691768928,-1.0,-1.0,0.3168,crisis
2017-12-24,ETH,-0.0350840546638479,-1.0,-1.0,0.3168,crisis
2017-12-25,ETH,0.1032718859121593,-1.0,-1.0,0.3168,crisis
2017-12-26,ETH,0.0104487582471111,-1.0,-1.0,0.3168,crisis
2017-12-27,ETH,-0.0142071686707503,-1.0,-1.0,0.3168,crisis
2017-12-28,ETH,-0.0338457641348258,1.0,1.0,0.3168,crisis
2017-12-29,ETH,0.0224809395311205,1.0,1.0,0.3168,crisis
2017-12-30,ETH,-0.0482156948358735,1.0,1.0,0.3168,crisis
2017-12-31,ETH,0.0550373870179896,-1.0,-1.0,0.3168,crisis
2018-01-01,ETH,0.0210219729087335,-1.0,-1.0,0.3168,crisis
2018-01-02,ETH,0.1447023647300922,1.0,1.0,0.3168,crisis
2018-01-03,ETH,0.0885030636827819,1.0,1.0,0.3168,crisis
2018-01-04,ETH,0.0189068752296617,1.0,1.0,0.3168,crisis
2018-01-05,ETH,0.0171246782955041,1.0,1.0,0.3168,crisis
2018-01-06,ETH,0.0440605423351729,1.0,1.0,0.3168,crisis
2018-01-07,ETH,0.1070290151349226,1.0,1.0,0.3168,crisis
2018-01-08,ETH,-0.004023703765806,1.0,1.0,0.3168,crisis
2018-01-09,ETH,0.1316552089021738,1.0,1.0,0.3168,crisis
2018-01-10,ETH,-0.0337914077240883,1.0,1.0,0.3168,crisis
2018-01-11,ETH,-0.0803378644177883,1.0,1.0,0.3168,crisis
2018-01-12,ETH,0.102404381183883,1.0,1.0,0.3168,crisis
2018-01-13,ETH,0.0967798440928493,1.0,1.0,0.3168,crisis
2018-01-14,ETH,-0.0212328837176327,1.0,1.0,0.3168,crisis
2018-01-15,ETH,-0.0547641333335715,1.0,1.0,0.3168,crisis
2018-01-16,ETH,-0.1844000359430501,1.0,1.0,0.3168,crisis
2018-01-17,ETH,-0.0374303102425117,-1.0,-1.0,0.3168,crisis
2018-01-18,ETH,0.0217205120008627,-1.0,-1.0,0.3168,crisis
2018-01-19,ETH,0.0027212203355648,-1.0,-1.0,0.3168,crisis
2018-01-20,ETH,0.1116832369885156,-1.0,-1.0,0.3168,crisis
2018-01-21,ETH,-0.0913907857232001,-1.0,-1.0,0.3168,crisis
2018-01-22,ETH,-0.0441318891637151,1.0,1.0,0.3168,crisis
2018-01-23,ETH,-0.0169756650256135,1.0,1.0,0.3168,crisis
2018-01-24,ETH,0.0735640759937756,-1.0,-1.0,0.3168,crisis
2018-01-25,ETH,-0.0025973289294342,1.0,1.0,0.3168,crisis
2018-01-26,ETH,-0.0008143569100351,-1.0,-1.0,0.3168,crisis
2018-01-27,ETH,0.0491862924289385,1.0,1.0,0.3168,crisis
2018-01-28,ETH,0.1255025158458094,1.0,1.0,0.3168,crisis
2018-01-29,ETH,-0.0510830763117505,1.0,1.0,0.3168,crisis
2018-01-30,ETH,-0.0940745473855637,1.0,1.0,0.3168,crisis
2018-01-31,ETH,0.0440469910243055,1.0,1.0,0.3168,crisis
2018-02-01,ETH,-0.072895722348916,1.0,1.0,0.3168,crisis
2018-02-02,ETH,-0.1167112543127686,-1.0,-1.0,0.3168,crisis
2018-02-03,ETH,0.0526695787805311,-1.0,-1.0,0.3168,crisis
2018-02-04,ETH,-0.1341643448122119,-1.0,-1.0,0.3168,crisis
2018-02-05,ETH,-0.1638121068222352,-1.0,-1.0,0.3168,crisis
2018-02-06,ETH,0.1363577415021597,-1.0,-1.0,0.3168,crisis
2018-02-07,ETH,-0.0454583477592962,-1.0,-1.0,0.3168,crisis
2018-02-08,ETH,0.0802292716378414,-1.0,-1.0,0.3168,crisis
2018-02-09,ETH,0.0807745383033744,-1.0,-1.0,0.3168,crisis
2018-02-10,ETH,-0.0265312151359372,1.0,1.0,0.3168,crisis
2018-02-11,ETH,-0.0531778340118092,1.0,1.0,0.366,crisis
2018-02-12,ETH,0.0663430128544242,1.0,1.0,0.3677,crisis
2018-02-13,ETH,-0.0269929624296392,1.0,1.0,0.3642,crisis
2018-02-14,ETH,0.0926379625188114,1.0,1.0,0.3636,crisis
2018-02-15,ETH,0.0145253420601345,1.0,1.0,0.3563,crisis
2018-02-16,ETH,0.0077205912288866,1.0,1.0,0.357,crisis
2018-02-17,ETH,0.0316719453996483,1.0,1.0,0.3666,crisis
2018-02-18,ETH,-0.0515277664647021,1.0,1.0,0.3671,crisis
2018-02-19,ETH,0.0215862279176208,1.0,1.0,0.364,crisis
2018-02-20,ETH,-0.0513781304068134,1.0,1.0,0.3637,crisis
2018-02-21,ETH,-0.0507051990905371,-1.0,-1.0,0.3198,crisis
2018-02-22,ETH,-0.0436791810956902,-1.0,-1.0,0.3201,crisis
2018-02-23,ETH,0.0631658643730892,-1.0,-1.0,0.3193,crisis
2018-02-24,ETH,-0.0273944825975909,-1.0,-1.0,0.326,crisis
2018-02-25,ETH,0.005109941922873,-1.0,-1.0,0.3249,crisis
2018-02-26,ETH,0.0290065280401856,-1.0,-1.0,0.3253,crisis
2018-02-27,ETH,0.0102954765325524,1.0,1.0,0.3263,crisis
2018-02-28,ETH,-0.0262631889627251,1.0,1.0,0.3266,crisis
2018-03-01,ETH,0.0198796281361559,-1.0,-1.0,0.3287,crisis
2018-03-02,ETH,-0.0175957173222767,1.0,1.0,0.3312,crisis
2018-03-03,ETH,0.0004340863955869,1.0,1.0,0.3309,crisis
2018-03-04,ETH,0.0110274469350664,-1.0,-1.0,0.3542,crisis
2018-03-05,ETH,-0.014992832218705,-1.0,-1.0,0.3635,crisis
2018-03-06,ETH,-0.0430288389182941,-1.0,-1.0,0.3636,crisis
2018-03-07,ETH,-0.0784869545402757,-1.0,-1.0,0.3617,crisis
2018-03-08,ETH,-0.0640714659176709,-1.0,-1.0,0.357,crisis
2018-03-09,ETH,0.0345162434043153,-1.0,-1.0,0.3682,crisis
2018-03-10,ETH,-0.0576554775525515,-1.0,-1.0,0.3661,crisis
2018-03-11,ETH,0.0530637712473229,-1.0,-1.0,0.3882,crisis
2018-03-12,ETH,-0.0324992789751169,-1.0,-1.0,0.3841,crisis
2018-03-13,ETH,-0.01286591672393,-1.0,-1.0,0.3908,crisis
2018-03-14,ETH,-0.110788964271799,-1.0,-1.0,0.4082,crisis
2018-03-15,ETH,-0.0048625153807266,-1.0,-1.0,0.4295,crisis
2018-03-16,ETH,-0.0157662966940089,-1.0,-1.0,0.4296,crisis
2018-03-17,ETH,-0.081252759265451,-1.0,-1.0,0.4326,crisis
2018-03-18,ETH,-0.0255708157833107,-1.0,-1.0,0.3764,crisis
2018-03-19,ETH,0.033569541026134,-1.0,-1.0,0.3773,crisis
2018-03-20,ETH,0.0008064552378423,-1.0,-1.0,0.3759,crisis
2018-03-21,ETH,0.0081787713658654,-1.0,-1.0,0.376,crisis
2018-03-22,ETH,-0.0392179339477934,-1.0,-1.0,0.4003,crisis
2018-03-23,ETH,-0.000153803040279,-1.0,-1.0,0.3996,crisis
2018-03-24,ETH,-0.0244246259353172,1.0,1.0,0.4017,crisis
2018-03-25,ETH,-0.004087916108852,-1.0,-1.0,0.4014,crisis
2018-03-26,ETH,-0.0654908463619792,-1.0,-1.0,0.4143,crisis
2018-03-27,ETH,-0.0813040331954838,-1.0,-1.0,0.4086,crisis
2018-03-28,ETH,-0.0085244817738699,-1.0,-1.0,0.3999,crisis
2018-03-29,ETH,-0.1351419308559343,-1.0,-1.0,0.407,crisis
2018-03-30,ETH,0.0224811441467134,-1.0,-1.0,0.4791,crisis
2018-03-31,ETH,0.0045914981038495,-1.0,-1.0,0.4783,crisis
2018-04-01,ETH,-0.0425014719689313,-1.0,-1.0,0.4759,crisis
2018-04-02,ETH,0.0179606626340687,-1.0,-1.0,0.482,crisis
2018-04-03,ETH,0.0788458783479306,-1.0,-1.0,0.4869,crisis
2018-04-04,ETH,-0.0871926504767307,1.0,1.0,0.4503,crisis
2018-04-05,ETH,0.0070662063590805,-1.0,-1.0,0.4544,crisis
2018-04-06,ETH,-0.0337836901622313,-1.0,-1.0,0.4229,crisis
2018-04-07,ETH,0.0405876326358951,-1.0,-1.0,0.3687,crisis
2018-04-08,ETH,0.0394327754170789,1.0,1.0,0.419,crisis
2018-04-09,ETH,-0.0049487017753789,-1.0,-1.0,0.4155,crisis
2018-04-10,ETH,0.0394378546431934,1.0,1.0,0.4401,crisis
2018-04-11,ETH,0.0393416343037362,1.0,1.0,0.4595,crisis
2018-04-12,ETH,0.1449365906491631,1.0,1.0,0.4518,crisis
2018-04-13,ETH,-0.0004179489349483,1.0,1.0,0.3882,crisis
2018-04-14,ETH,0.0177438414858472,1.0,1.0,0.4028,crisis
2018-04-15,ETH,0.0602699016353696,1.0,1.0,0.402,crisis
2018-04-16,ETH,-0.0386589145311331,1.0,1.0,0.4174,crisis
2018-04-17,ETH,-0.0161460219299175,1.0,1.0,0.4163,crisis
2018-04-18,ETH,0.0435379791199994,1.0,1.0,0.417,crisis
2018-04-19,ETH,0.0821281990774054,1.0,1.0,0.4138,crisis
2018-04-20,ETH,0.0842225196476509,1.0,1.0,0.3964,crisis
2018-04-21,ETH,-0.0167657884813565,1.0,1.0,0.3772,crisis
2018-04-22,ETH,0.0271970619002797,1.0,1.0,0.3822,crisis
2018-04-23,ETH,0.0332679200600987,1.0,1.0,0.385,crisis
2018-04-24,ETH,0.1021091795150721,1.0,1.0,0.3858,crisis
2018-04-25,ETH,-0.130962301877162,1.0,1.0,0.3692,crisis
2018-04-26,ETH,0.0770097042777846,1.0,1.0,0.3991,crisis
2018-04-27,ETH,-0.0238032948774723,1.0,1.0,0.385,crisis
2018-04-28,ETH,0.0566370706384282,1.0,1.0,0.3863,crisis
2018-04-29,ETH,0.0076103123008057,1.0,1.0,0.379,crisis
2018-04-30,ETH,-0.0275184984423156,-1.0,-1.0,0.38,crisis
2018-05-01,ETH,0.0055065422076368,1.0,1.0,0.3797,crisis
2018-05-02,ETH,0.0200946407254127,1.0,1.0,0.3801,crisis
2018-05-03,ETH,0.1344599857402337,1.0,1.0,0.379,crisis
2018-05-04,ETH,0.0078007158296569,1.0,1.0,0.3432,crisis
2018-05-05,ETH,0.0388175141924151,1.0,1.0,0.3435,crisis
2018-05-06,ETH,-0.0291734317729527,1.0,1.0,0.3444,crisis
2018-05-07,ETH,-0.0487005731278169,1.0,1.0,0.3547,crisis
2018-05-08,ETH,-0.001151588424354,1.0,1.0,0.3582,crisis
2018-05-09,ETH,-0.000773015617834,-1.0,-1.0,0.3602,crisis
2018-05-10,ETH,-0.0332299306287227,-1.0,-1.0,0.3674,crisis
2018-05-11,ETH,-0.0655747129041284,-1.0,-1.0,0.3701,crisis
2018-05-12,ETH,0.0095086936923141,-1.0,-1.0,0.3634,crisis
2018-05-13,ETH,0.0691613412916662,-1.0,-1.0,0.3636,crisis
2018-05-14,ETH,-0.0040176913889115,-1.0,-1.0,0.3261,crisis
2018-05-15,ETH,-0.0296736279394435,-1.0,-1.0,0.3261,crisis
2018-05-16,ETH,-0.0025688509749579,-1.0,-1.0,0.3246,crisis
2018-05-17,ETH,-0.0486429615513469,1.0,1.0,0.32,crisis
2018-05-18,ETH,0.0322750265588416,-1.0,-1.0,0.3168,crisis
2018-05-19,ETH,0.003115103235975,-1.0,-1.0,0.3168,crisis
2018-05-20,ETH,0.0270469160918014,-1.0,-1.0,0.3168,crisis
2018-05-21,ETH,-0.0225716144711288,1.0,1.0,0.3168,crisis
2018-05-22,ETH,-0.0736260560247058,-1.0,-1.0,0.3177,crisis
2018-05-23,ETH,-0.099045765364135,-1.0,-1.0,0.3168,crisis
2018-05-24,ETH,0.0311351083835862,-1.0,-1.0,0.3369,crisis
2018-05-25,ETH,-0.0249619794964152,-1.0,-1.0,0.3356,crisis
2018-05-26,ETH,0.0009306099520962,-1.0,-1.0,0.3432,crisis
2018-05-27,ETH,-0.024880804357017,-1.0,-1.0,0.3391,crisis
2018-05-28,ETH,-0.0988915324367155,-1.0,-1.0,0.3376,crisis
2018-05-29,ETH,0.0956367166607488,-1.0,-1.0,0.3168,crisis
2018-05-30,ETH,-0.0102548579520704,-1.0,-1.0,0.3168,crisis
2018-05-31,ETH,0.0322646791567007,-1.0,-1.0,0.3168,crisis
2018-06-01,ETH,0.0041513562357937,-1.0,-1.0,0.3168,crisis
2018-06-02,ETH,0.0202828980078235,1.0,1.0,0.3168,crisis
2018-06-03,ETH,0.0448135152578612,1.0,1.0,0.3168,crisis
2018-06-04,ETH,-0.040987880208104,1.0,1.0,0.3168,crisis
2018-06-05,ETH,0.0275183918095127,1.0,1.0,0.3168,crisis
2018-06-06,ETH,-0.0035761438150743,1.0,1.0,0.3168,crisis
2018-06-07,ETH,-0.0031904712117678,1.0,1.0,0.3168,crisis
2018-06-08,ETH,-0.0067912649676502,1.0,1.0,0.3168,crisis
2018-06-09,ETH,-0.0058478605806674,-1.0,-1.0,0.3168,crisis
2018-06-10,ETH,-0.1189550313080411,1.0,1.0,0.3168,crisis
2018-06-11,ETH,0.0129254777973881,-1.0,-1.0,0.3372,crisis
2018-06-12,ETH,-0.0683332141130151,-1.0,-1.0,0.3814,crisis
2018-06-13,ETH,-0.038943890781092,-1.0,-1.0,0.3731,crisis
2018-06-14,ETH,0.0884786351574724,-1.0,-1.0,0.3701,crisis
2018-06-15,ETH,-0.0552928305751907,-1.0,-1.0,0.3607,crisis
2018-06-16,ETH,0.0175925257776652,-1.0,-1.0,0.3572,crisis
2018-06-17,ETH,0.0016131545358801,-1.0,-1.0,0.3572,crisis
2018-06-18,ETH,0.0368529662143537,1.0,1.0,0.3612,crisis
2018-06-19,ETH,0.0367437078824821,1.0,1.0,0.3735,crisis
2018-06-20,ETH,-0.0031395909659381,1.0,1.0,0.3874,crisis
2018-06-21,ETH,-0.0165980459162449,1.0,1.0,0.388,crisis
2018-06-22,ETH,-0.1167119250875626,1.0,1.0,0.3894,crisis
2018-06-23,ETH,0.018683309517868,-1.0,-1.0,0.4229,crisis
2018-06-24,ETH,-0.0355053366210753,-1.0,-1.0,0.4504,crisis
2018-06-25,ETH,0.0057639543279199,-1.0,-1.0,0.4076,crisis
2018-06-26,ETH,-0.0598248887289489,-1.0,-1.0,0.4265,crisis
2018-06-27,ETH,0.0221663762678607,-1.0,-1.0,0.4187,crisis
2018-06-28,ETH,-0.0452115344602734,-1.0,-1.0,0.4279,crisis
2018-06-29,ETH,0.0323038432792468,-1.0,-1.0,0.4241,crisis
2018-06-30,ETH,0.0439692526350439,-1.0,-1.0,0.4209,crisis
2018-07-01,ETH,-0.0027725151116253,-1.0,-1.0,0.4141,crisis
2018-07-02,ETH,0.0472089356013201,1.0,1.0,0.416,crisis
2018-07-03,ETH,-0.0234607095325743,1.0,1.0,0.4701,crisis
2018-07-04,ETH,0.0067277454314851,1.0,1.0,0.47,crisis
2018-07-05,ETH,0.01518022897555,1.0,1.0,0.477,crisis
2018-07-06,ETH,-0.0008431361499883,1.0,1.0,0.4767,crisis
2018-07-07,ETH,0.0372311471003401,1.0,1.0,0.4829,crisis
2018-07-08,ETH,-0.0051682374121818,1.0,1.0,0.4761,crisis
2018-07-09,ETH,-0.025427312178337,1.0,1.0,0.4762,crisis
2018-07-10,ETH,-0.0886502846750264,1.0,1.0,0.4775,crisis
2018-07-11,ETH,0.0278391475332355,-1.0,-1.0,0.4959,crisis
2018-07-12,ETH,-0.0368271828825229,-1.0,-1.0,0.4926,crisis
2018-07-13,ETH,0.009191448175345,-1.0,-1.0,0.5106,crisis
2018-07-14,ETH,0.0047439224755501,-1.0,-1.0,0.5095,crisis
2018-07-15,ETH,0.0315625991538219,-1.0,-1.0,0.5109,crisis
2018-07-16,ETH,0.0684850127385532,1.0,1.0,0.5054,crisis
2018-07-17,ETH,0.0423253646096326,1.0,1.0,0.4923,crisis
2018-07-18,ETH,-0.0408960704603579,1.0,1.0,0.4894,crisis
2018-07-19,ETH,-0.0226716289467751,1.0,1.0,0.485,crisis
2018-07-20,ETH,-0.0402900872243675,1.0,1.0,0.4877,crisis
2018-07-21,ETH,0.0260440619720172,1.0,1.0,0.4846,crisis
2018-07-22,ETH,-0.0060094622203782,-1.0,-1.0,0.4897,crisis
2018-07-23,ETH,-0.019153446734078,-1.0,-1.0,0.4638,crisis
2018-07-24,ETH,0.0632578450502523,-1.0,-1.0,0.4674,crisis
2018-07-25,ETH,-0.0143520276871274,1.0,1.0,0.4528,crisis
2018-07-26,ETH,-0.0178966121499477,1.0,1.0,0.4524,crisis
2018-07-27,ETH,0.0121304938113442,1.0,1.0,0.4533,crisis
2018-07-28,ETH,-0.0058934965300553,1.0,1.0,0.42,crisis
2018-07-29,ETH,-0.0004990419831896,1.0,1.0,0.4581,crisis
2018-07-30,ETH,-0.0205372477410753,-1.0,-1.0,0.4583,crisis
2018-07-31,ETH,-0.0507874743868022,-1.0,-1.0,0.4622,crisis
2018-08-01,ETH,-0.0302396701853294,-1.0,-1.0,0.4528,crisis
2018-08-02,ETH,-0.0193132854206973,-1.0,-1.0,0.4526,crisis
2018-08-03,ETH,0.0136711199403287,-1.0,-1.0,0.4626,crisis
2018-08-04,ETH,-0.0263231644795937,-1.0,-1.0,0.4666,crisis
2018-08-05,ETH,0.0080146369748772,-1.0,-1.0,0.4695,crisis
2018-08-06,ETH,-0.0093979328249894,-1.0,-1.0,0.4687,crisis
2018-08-07,ETH,-0.0650251411424328,-1.0,-1.0,0.4687,crisis
2018-08-08,ETH,-0.0620753783344175,-1.0,-1.0,0.4696,crisis
2018-08-09,ETH,0.0251673549130782,-1.0,-1.0,0.4605,crisis
2018-08-10,ETH,-0.0859219031572705,-1.0,-1.0,0.4116,crisis
2018-08-11,ETH,-0.0361007240089499,-1.0,-1.0,0.4299,crisis
2018-08-12,ETH,-0.0078916407689044,-1.0,-1.0,0.4282,crisis
2018-08-13,ETH,-0.1034984868698115,-1.0,-1.0,0.4329,crisis
2018-08-14,ETH,-0.0263983260096967,-1.0,-1.0,0.5075,crisis
2018-08-15,ETH,0.0123040983172511,-1.0,-1.0,0.5166,crisis
2018-08-16,ETH,0.0201228770071324,-1.0,-1.0,0.5178,crisis
2018-08-17,ETH,0.09610622913707,-1.0,-1.0,0.5142,crisis
2018-08-18,ETH,-0.0630825547893407,-1.0,-1.0,0.4733,crisis
2018-08-19,ETH,0.0169770089613632,1.0,1.0,0.4708,crisis
2018-08-20,ETH,-0.0881516422291585,1.0,1.0,0.4681,crisis
2018-08-21,ETH,0.0278110848288872,-1.0,-1.0,0.4828,crisis
2018-08-22,ETH,-0.0376067474994699,-1.0,-1.0,0.4388,crisis
2018-08-23,ETH,0.0212389591535637,-1.0,-1.0,0.4381,crisis
2018-08-24,ETH,0.0211581446285433,-1.0,-1.0,0.4376,crisis
2018-08-25,ETH,-0.011736401350997,-1.0,-1.0,0.4349,crisis
2018-08-26,ETH,-0.0159094182970587,1.0,1.0,0.4469,crisis
2018-08-27,ETH,0.0378129347374678,-1.0,-1.0,0.4502,crisis
2018-08-28,ETH,0.038150846506634,1.0,1.0,0.4482,crisis
2018-08-29,ETH,-0.024239479299388,1.0,1.0,0.4461,crisis
2018-08-30,ETH,-0.0179978726133354,1.0,1.0,0.4559,crisis
2018-08-31,ETH,-0.0038753740378297,1.0,1.0,0.4554,crisis
2018-09-01,ETH,0.0435930436001605,1.0,1.0,0.4692,crisis
2018-09-02,ETH,-0.0032843432150542,1.0,1.0,0.4583,crisis
2018-09-03,ETH,-0.0173658392761562,-1.0,-1.0,0.4591,crisis
2018-09-04,ETH,-0.0122243757648279,1.0,1.0,0.4609,crisis
2018-09-05,ETH,-0.18686629986571,1.0,1.0,0.461,crisis
2018-09-06,ETH,-0.0091076841758765,-1.0,-1.0,0.5355,crisis
2018-09-07,ETH,-0.0565210503885037,-1.0,-1.0,0.5357,crisis
2018-09-08,ETH,-0.0886359702291934,-1.0,-1.0,0.5288,crisis
2018-09-09,ETH,-0.0051881932182252,-1.0,-1.0,0.5288,crisis
2018-09-10,ETH,0.000787099502689,-1.0,-1.0,0.5346,crisis
2018-09-11,ETH,-0.0609552555484694,-1.0,-1.0,0.5363,crisis
2018-09-12,ETH,-0.0093750373603958,-1.0,-1.0,0.5292,crisis
2018-09-13,ETH,0.1528547339193893,-1.0,-1.0,0.5303,crisis
2018-09-14,ETH,0.0018688503949377,1.0,1.0,0.4481,crisis
2018-09-15,ETH,0.0534831927692525,1.0,1.0,0.4663,crisis
2018-09-16,ETH,-0.0111398036222881,1.0,1.0,0.4623,crisis
2018-09-17,ETH,-0.1029697947383052,1.0,1.0,0.4648,crisis
2018-09-18,ETH,0.0611497465749368,1.0,1.0,0.4922,crisis
2018-09-19,ETH,-2.86318024329546e-05,1.0,1.0,0.4791,crisis
2018-09-20,ETH,0.069638897577186,1.0,1.0,0.4827,crisis
2018-09-21,ETH,0.0979246536197662,1.0,1.0,0.4649,crisis
2018-09-22,ETH,-0.0247542578403922,1.0,1.0,0.436,crisis
2018-09-23,ETH,0.0160096730369108,1.0,1.0,0.4483,crisis
2018-09-24,ETH,-0.0638480988278404,1.0,1.0,0.4467,crisis
2018-09-25,ETH,-0.044703322851046,1.0,1.0,0.4397,crisis
2018-09-26,ETH,-0.0121645028779442,-1.0,-1.0,0.4382,crisis
2018-09-27,ETH,0.0585924435673219,-1.0,-1.0,0.4382,crisis
2018-09-28,ETH,-0.0266615771537678,-1.0,-1.0,0.4271,crisis
2018-09-29,ETH,0.0415149234628331,-1.0,-1.0,0.4267,crisis
2018-09-30,ETH,0.0052367419607519,1.0,1.0,0.4245,crisis
2018-10-01,ETH,-0.008932873663157,1.0,1.0,0.4252,crisis
2018-10-02,ETH,-0.0155437735376972,1.0,1.0,0.4255,crisis
2018-10-03,ETH,-0.0294566946618115,-1.0,-1.0,0.4265,crisis
2018-10-04,ETH,0.0078416788079862,-1.0,-1.0,0.4262,crisis
2018-10-05,ETH,0.0242239402266482,-1.0,-1.0,0.4262,crisis
2018-10-06,ETH,-0.0109006675288694,-1.0,-1.0,0.4238,crisis
2018-10-07,ETH,0.0044376696889625,-1.0,-1.0,0.4314,crisis
2018-10-08,ETH,0.0138688104104647,-1.0,-1.0,0.4384,crisis
2018-10-09,ETH,-0.0055528133597648,1.0,1.0,0.4398,crisis
2018-10-10,ETH,-0.009706895670097,1.0,1.0,0.4277,crisis
2018-10-11,ETH,-0.1606509517405282,-1.0,-1.0,0.4301,crisis
2018-10-12,ETH,0.038142746690033,-1.0,-1.0,0.4918,crisis
2018-10-13,ETH,0.0158290338075783,-1.0,-1.0,0.4617,crisis
2018-10-14,ETH,-0.0206464489744807,-1.0,-1.0,0.4619,crisis
2018-10-15,ETH,0.0714763747021958,-1.0,-1.0,0.4619,crisis
2018-10-16,ETH,0.0019837503177033,-1.0,-1.0,0.45,crisis
2018-10-17,ETH,-0.0144536580718211,1.0,1.0,0.4739,crisis
2018-10-18,ETH,-0.0180168709309164,1.0,1.0,0.4822,crisis
2018-10-19,ETH,0.0018440929559115,1.0,1.0,0.4829,crisis
2018-10-20,ETH,0.0083591651036032,1.0,1.0,0.4665,crisis
2018-10-21,ETH,-0.0014019101155309,-1.0,-1.0,0.4687,crisis
2018-10-22,ETH,-0.0053523508228761,-1.0,-1.0,0.4718,crisis
2018-10-23,ETH,0.0014310255553524,-1.0,-1.0,0.4734,crisis
2018-10-24,ETH,-0.0023686160722686,1.0,1.0,0.475,crisis
2018-10-25,ETH,-0.0055580069679995,1.0,1.0,0.4752,crisis
2018-10-26,ETH,0.0030090945001848,-1.0,-1.0,0.4756,crisis
2018-10-27,ETH,0.0043329381722938,-1.0,-1.0,0.4802,crisis
2018-10-28,ETH,0.0056607931177714,1.0,1.0,0.485,crisis
2018-10-29,ETH,-0.0395343114345592,1.0,1.0,0.4858,crisis
2018-10-30,ETH,0.0015665928844301,-1.0,-1.0,0.4829,crisis
2018-10-31,ETH,-0.0008858402274498,-1.0,-1.0,0.4828,crisis
2018-11-01,ETH,0.0075539050838226,-1.0,-1.0,0.4893,crisis
2018-11-02,ETH,0.0088650013139444,-1.0,-1.0,0.4889,crisis
2018-11-03,ETH,-0.0022378442468009,-1.0,-1.0,0.4888,crisis
2018-11-04,ETH,0.0364660247160881,1.0,1.0,0.4889,crisis
2018-11-05,ETH,0.0077355149015996,1.0,1.0,0.4051,crisis
2018-11-06,ETH,0.0447699436064601,1.0,1.0,0.4051,crisis
2018-11-07,ETH,-0.0058090437097971,1.0,1.0,0.3916,crisis
2018-11-08,ETH,-0.0228010289950225,1.0,1.0,0.3435,crisis
2018-11-09,ETH,-0.0101634429095137,1.0,1.0,0.3417,crisis
2018-11-10,ETH,0.0117053970209357,1.0,1.0,0.3412,crisis
2018-11-11,ETH,-0.0056132854480394,1.0,1.0,0.1921,crisis
2018-11-12,ETH,-0.0043626246157325,-1.0,-1.0,0.1921,crisis
2018-11-13,ETH,-0.017070760352065,-1.0,-1.0,0.2656,crisis
2018-11-14,ETH,-0.1229487605969036,-1.0,-1.0,0.2642,crisis
2018-11-15,ETH,-0.0032580660519645,-1.0,-1.0,0.3699,crisis
2018-11-16,ETH,-0.0311328042782604,-1.0,-1.0,0.3703,crisis
2018-11-17,ETH,-0.0067131807254102,-1.0,-1.0,0.2911,crisis
2018-11-18,ETH,0.0176205546976191,-1.0,-1.0,0.3093,crisis
2018-11-19,ETH,-0.1575222829747998,-1.0,-1.0,0.3074,crisis
2018-11-20,ETH,-0.1262677938650411,-1.0,-1.0,0.5599,crisis
2018-11-21,ETH,0.0488111715699686,-1.0,-1.0,0.684,crisis
2018-11-22,ETH,-0.0731157961686321,-1.0,-1.0,0.6689,crisis
2018-11-23,ETH,-0.0269127241615575,-1.0,-1.0,0.6963,crisis
2018-11-24,ETH,-0.079499695959068,-1.0,-1.0,0.6794,crisis
2018-11-25,ETH,0.0260453730285374,-1.0,-1.0,0.7154,crisis
2018-11-26,ETH,-0.0696865442373206,-1.0,-1.0,0.7094,crisis
2018-11-27,ETH,0.0154613288956761,-1.0,-1.0,0.7152,crisis
2018-11-28,ETH,0.1129715586080839,-1.0,-1.0,0.713,crisis
2018-11-29,ETH,-0.0399823182596122,-1.0,1.0,0.658,crisis
2018-11-30,ETH,-0.0371884685409776,-1.0,1.0,0.6552,crisis
2018-12-01,ETH,0.0482819953937019,-1.0,-1.0,0.6523,crisis
2018-12-02,ETH,-0.0189374782955408,-1.0,1.0,0.639,crisis
2018-12-03,ETH,-0.0641288163884534,-1.0,1.0,0.6402,crisis
2018-12-04,ETH,0.0118353830141024,-1.0,-1.0,0.6302,crisis
2018-12-05,ETH,-0.0702144829909247,-1.0,-1.0,0.6329,crisis
2018-12-06,ETH,-0.1045566465420994,-1.0,-1.0,0.62,crisis
2018-12-07,ETH,0.0167119732974261,-1.0,-1.0,0.6341,crisis
2018-12-08,ETH,-0.012164972986853,-1.0,-1.0,0.6336,crisis
2018-12-09,ETH,0.0323614757770738,-1.0,-1.0,0.6338,crisis
2018-12-10,ETH,-0.0363288924386109,-1.0,-1.0,0.6266,crisis
2018-12-11,ETH,-0.0298885235119479,-1.0,-1.0,0.5821,crisis
2018-12-12,ETH,0.0185281842309117,-1.0,-1.0,0.5903,crisis
2018-12-13,ETH,-0.0447492872178399,-1.0,-1.0,0.5897,crisis
2018-12-14,ETH,-0.025780399177246,-1.0,-1.0,0.5858,crisis
2018-12-15,ETH,0.00157179019836,-1.0,-1.0,0.6142,crisis
2018-12-16,ETH,0.009726210007277,-1.0,-1.0,0.6143,crisis
2018-12-17,ETH,0.1157809503203175,-1.0,-1.0,0.6119,crisis
2018-12-18,ETH,0.0628444186603969,1.0,1.0,0.5494,crisis
2018-12-19,ETH,0.0015440263692509,1.0,1.0,0.5317,crisis
2018-12-20,ETH,0.1476104034550107,1.0,1.0,0.5324,crisis
2018-12-21,ETH,-0.0578284538775527,1.0,1.0,0.4614,crisis
2018-12-22,ETH,0.0663334933587145,1.0,1.0,0.4553,crisis
2018-12-23,ETH,0.1199539254729888,1.0,1.0,0.4419,crisis
2018-12-24,ETH,0.0724408599841863,1.0,1.0,0.406,crisis
2018-12-25,ETH,-0.0741144412390086,1.0,1.0,0.3937,crisis
2018-12-26,ETH,0.0155669929968684,1.0,1.0,0.3857,crisis
2018-12-27,ETH,-0.1159492318049661,1.0,1.0,0.385,crisis
2018-12-28,ETH,0.1807500838686901,1.0,1.0,0.4102,crisis
2018-12-29,ETH,0.0026976438433914,1.0,1.0,0.3538,crisis
2018-12-30,ETH,0.013339605557441,1.0,1.0,0.3537,crisis
2018-12-31,ETH,-0.0464122776019495,1.0,1.0,0.3533,crisis
2019-01-01,ETH,0.0558690415634393,1.0,1.0,0.3508,crisis
2019-01-02,ETH,0.1010391341570859,1.0,1.0,0.3458,crisis
2019-01-03,ETH,-0.0381345519552061,1.0,1.0,0.3306,crisis
2019-01-04,ETH,0.0365234825826665,1.0,1.0,0.3309,crisis
2019-01-05,ETH,0.0068355713860133,1.0,1.0,0.329,crisis
2019-01-06,ETH,0.0135416602327995,1.0,1.0,0.332,crisis
2019-01-07,ETH,-0.0383336130442332,1.0,1.0,0.3316,crisis
2019-01-08,ETH,-0.0088305290009012,-1.0,-1.0,0.3304,crisis
2019-01-09,ETH,0.0029494714261837,1.0,1.0,0.3304,crisis
2019-01-10,ETH,-0.1470654808093831,-1.0,-1.0,0.3307,crisis
2019-01-11,ETH,-0.0083720659866802,-1.0,-1.0,0.3703,crisis
2019-01-12,ETH,-0.012401532861499,-1.0,-1.0,0.3703,crisis
2019-01-13,ETH,-0.0719931365658057,-1.0,-1.0,0.3704,crisis
2019-01-14,ETH,0.1041159104972324,-1.0,-1.0,0.3403,crisis
2019-01-15,ETH,-0.0545136764173187,-1.0,-1.0,0.3252,crisis
2019-01-16,ETH,0.0124093845904538,-1.0,-1.0,0.3229,crisis
2019-01-17,ETH,0.0015771700863078,-1.0,-1.0,0.3226,crisis
2019-01-18,ETH,-0.0220754528873086,-1.0,-1.0,0.3231,crisis
2019-01-19,ETH,0.0289955455049433,1.0,1.0,0.3168,crisis
2019-01-20,ETH,-0.0405093892472113,-1.0,-1.0,0.3168,crisis
2019-01-21,ETH,-0.0193930256475096,-1.0,-1.0,0.3168,crisis
2019-01-22,ETH,0.0135688625390513,-1.0,-1.0,0.3168,crisis
2019-01-23,ETH,-0.0109050229050391,-1.0,-1.0,0.3168,crisis
2019-01-24,ETH,-0.0007638968822354,-1.0,-1.0,0.3168,crisis
2019-01-25,ETH,-0.0083888773754488,-1.0,-1.0,0.3168,crisis
2019-01-26,ETH,0.0009486072518172,-1.0,-1.0,0.3168,crisis
2019-01-27,ETH,-0.0264699433051714,-1.0,-1.0,0.3168,crisis
2019-01-28,ETH,-0.0600969789410275,-1.0,-1.0,0.3168,crisis
2019-01-29,ETH,-0.0093044422642079,-1.0,-1.0,0.3168,crisis
2019-01-30,ETH,0.0313388462903139,-1.0,-1.0,0.3168,crisis
2019-01-31,ETH,-0.0169549978847234,-1.0,-1.0,0.3168,crisis
2019-02-01,ETH,0.0051258129137077,-1.0,-1.0,0.3168,crisis
2019-02-02,ETH,0.026210187718501,-1.0,-1.0,0.3168,crisis
2019-02-03,ETH,-0.0266013279384896,1.0,1.0,0.3168,crisis
2019-02-04,ETH,0.0030600572250716,1.0,1.0,0.3168,crisis
2019-02-05,ETH,-0.0035065540563441,-1.0,-1.0,0.3168,crisis
2019-02-06,ETH,-0.0234935617020917,1.0,1.0,0.3168,crisis
2019-02-07,ETH,-0.0036598363537587,-1.0,-1.0,0.3168,crisis
2019-02-08,ETH,0.1409327240928848,-1.0,-1.0,0.3168,crisis
2019-02-09,ETH,0.0013678412544197,1.0,1.0,0.3168,crisis
2019-02-10,ETH,0.0450101555221029,1.0,1.0,0.3168,crisis
2019-02-11,ETH,-0.0281082725968105,1.0,1.0,0.3168,crisis
2019-02-12,ETH,0.0105021610719233,1.0,1.0,0.3168,crisis
2019-02-13,ETH,-0.0001524356560008,1.0,1.0,0.3168,crisis
2019-02-14,ETH,-0.0094929786110564,1.0,1.0,0.3168,crisis
2019-02-15,ETH,0.0058504076807428,1.0,1.0,0.3168,crisis
2019-02-16,ETH,0.0094989721907265,-1.0,-1.0,0.3168,crisis
2019-02-17,ETH,0.0838767085564631,1.0,1.0,0.3168,crisis
2019-02-18,ETH,0.0935598917073723,1.0,1.0,0.3168,crisis
2019-02-19,ETH,-0.0051484625684995,1.0,1.0,0.3168,crisis
2019-02-20,ETH,0.0289525656013893,1.0,1.0,0.3168,crisis
2019-02-21,ETH,-0.0228912949678676,1.0,1.0,0.3168,crisis
2019-02-22,ETH,0.0202668293927292,1.0,1.0,0.3168,crisis
2019-02-23,ETH,0.06508023858135,1.0,1.0,0.3168,crisis
2019-02-24,ETH,-0.1444800076718942,1.0,1.0,0.3168,crisis
2019-02-25,ETH,0.0292243048598037,-1.0,-1.0,0.3315,crisis
2019-02-26,ETH,-0.0123955754127466,-1.0,-1.0,0.3168,crisis
2019-02-27,ETH,-0.0142205750485229,-1.0,-1.0,0.3426,crisis
2019-02-28,ETH,0.0045566990178733,-1.0,-1.0,0.342,crisis
2019-03-01,ETH,-0.0022130593824768,-1.0,-1.0,0.3424,crisis
2019-03-02,ETH,-0.0163925864650168,1.0,1.0,0.3401,crisis
2019-03-03,ETH,-0.0145859414713644,-1.0,-1.0,0.3474,crisis
2019-03-04,ETH,-0.0338398158183973,-1.0,-1.0,0.3766,crisis
2019-03-05,ETH,0.0786408329307883,-1.0,-1.0,0.3775,crisis
2019-03-06,ETH,0.0070160206759541,1.0,1.0,0.3628,crisis
2019-03-07,ETH,-0.0054388343325785,1.0,1.0,0.3628,crisis
2019-03-08,ETH,-0.0210630307943785,1.0,1.0,0.3633,crisis
2019-03-09,ETH,0.0210043533602357,1.0,1.0,0.3662,crisis
2019-03-10,ETH,-0.0087460361418919,1.0,1.0,0.365,crisis
2019-03-11,ETH,-0.0213854948839161,-1.0,-1.0,0.3649,crisis
2019-03-12,ETH,0.0045493377168965,-1.0,-1.0,0.3168,crisis
2019-03-13,ETH,-0.0087755447857521,-1.0,-1.0,0.3168,crisis
2019-03-14,ETH,0.0033656497848693,-1.0,-1.0,0.3168,crisis
2019-03-15,ETH,0.0297670081090521,-1.0,-1.0,0.3168,crisis
2019-03-16,ETH,0.0341806178770756,1.0,1.0,0.3168,crisis
2019-03-17,ETH,-0.0168374962107034,1.0,1.0,0.3168,crisis
2019-03-18,ETH,-0.004471025635101,1.0,1.0,0.3168,crisis
2019-03-19,ETH,0.0082123447047719,1.0,1.0,0.3168,crisis
2019-03-20,ETH,0.0011895886075743,1.0,1.0,0.3168,crisis
2019-03-21,ETH,-0.0287895222798298,1.0,1.0,0.3168,crisis
2019-03-22,ETH,0.0039914765414483,-1.0,-1.0,0.3168,crisis
2019-03-23,ETH,0.0077155181187593,-1.0,-1.0,0.3168,crisis
2019-03-24,ETH,-0.0090635571556106,-1.0,-1.0,0.3168,crisis
2019-03-25,ETH,-0.0142780205122207,-1.0,-1.0,0.3168,crisis
2019-03-26,ETH,0.0031795401108301,-1.0,-1.0,0.3168,crisis
2019-03-27,ETH,0.0408075219120633,-1.0,-1.0,0.1921,crisis
2019-03-28,ETH,-0.0111476438883958,1.0,1.0,0.1921,crisis
2019-03-29,ETH,0.0220988797169423,1.0,1.0,0.1921,crisis
2019-03-30,ETH,-0.002840327749729,1.0,1.0,0.1921,crisis
2019-03-31,ETH,-0.0040718688393895,1.0,1.0,0.1921,crisis
2019-04-01,ETH,0.0022345698873484,1.0,1.0,0.1921,crisis
2019-04-02,ETH,0.1560415544198423,1.0,1.0,0.1921,crisis
2019-04-03,ETH,-0.0152654201608372,1.0,1.0,0.3168,crisis
2019-04-04,ETH,-0.0210968075571353,1.0,1.0,0.3168,crisis
2019-04-05,ETH,0.0472141161373611,1.0,1.0,0.3168,crisis
2019-04-06,ETH,0.0026121994276668,1.0,1.0,0.3168,crisis
2019-04-07,ETH,0.0517299592957245,1.0,1.0,0.3168,crisis
2019-04-08,ETH,0.0328145236632708,1.0,1.0,0.3168,crisis
2019-04-09,ETH,-0.0229905052227792,1.0,1.0,0.3168,crisis
2019-04-10,ETH,0.0069437771864029,1.0,1.0,0.3168,crisis
2019-04-11,ETH,-0.0667679172644201,1.0,1.0,0.3168,crisis
2019-04-12,ETH,-0.0045964355749896,1.0,1.0,0.3168,crisis
2019-04-13,ETH,-0.0013535368130891,-1.0,-1.0,0.3168,crisis
2019-04-14,ETH,0.0202121272578044,-1.0,-1.0,0.3168,crisis
2019-04-15,ETH,-0.0373236334676277,-1.0,-1.0,0.3168,crisis
2019-04-16,ETH,0.0374395890045495,-1.0,-1.0,0.3168,crisis
2019-04-17,ETH,-0.00401306464871,1.0,1.0,0.3168,crisis
2019-04-18,ETH,0.0411095223275876,1.0,1.0,0.3168,crisis
2019-04-19,ETH,-0.0006074930937165,1.0,1.0,0.3168,crisis
2019-04-20,ETH,0.0002465707602741,1.0,1.0,0.3168,crisis
2019-04-21,ETH,-0.0213221031806285,1.0,1.0,0.3168,crisis
2019-04-22,ETH,0.0107508240408056,1.0,1.0,0.3168,crisis
2019-04-23,ETH,-0.002483580845062,1.0,1.0,0.3168,crisis
2019-04-24,ETH,-0.0327895960867935,-1.0,-1.0,0.3168,crisis
2019-04-25,ETH,-0.0685459015296783,-1.0,-1.0,0.3168,crisis
2019-04-26,ETH,0.0122213044784413,-1.0,-1.0,0.3168,range
2019-04-27,ETH,0.0133539090894982,-1.0,-1.0,0.3168,range
2019-04-28,ETH,-0.0071945120537114,-1.0,-1.0,0.3168,range
2019-04-29,ETH,-0.0133067015634685,-1.0,-1.0,0.3168,trend
2019-04-30,ETH,0.04487078272452,-1.0,-1.0,0.3168,trend
2019-05-01,ETH,-0.0083105368012854,1.0,1.0,0.3168,range
2019-05-02,ETH,0.0081112846083801,1.0,1.0,0.3168,range
2019-05-03,ETH,0.0359580565576322,1.0,1.0,0.1921,range
2019-05-04,ETH,-0.0233746397382957,1.0,1.0,0.1921,range
2019-05-05,ETH,-0.0035109063126357,1.0,1.0,0.1921,range
2019-05-06,ETH,0.0563014701866755,1.0,1.0,0.1921,range
2019-05-07,ETH,-0.0165334497098144,1.0,1.0,0.1921,range
2019-05-08,ETH,0.0067698155765787,1.0,1.0,0.1921,range
2019-05-09,ETH,-0.0038541463693734,1.0,1.0,0.1921,range
2019-05-10,ETH,0.0167564211009239,1.0,1.0,0.1921,range
2019-05-11,ETH,0.1222204860932101,1.0,1.0,0.1921,range
2019-05-12,ETH,-0.0359179794390246,1.0,1.0,0.3168,trend
2019-05-13,ETH,0.0508258344851224,1.0,1.0,0.3168,range
2019-05-14,ETH,0.1031377964822808,1.0,1.0,0.3168,trend
2019-05-15,ETH,0.1381749159882732,1.0,1.0,0.3168,trend
2019-05-16,ETH,0.0682044915416484,1.0,1.0,0.3168,trend
2019-05-17,ETH,-0.0766842983766188,1.0,1.0,0.3168,trend
2019-05-18,ETH,-0.0376156249663544,1.0,1.0,0.3168,trend
2019-05-19,ETH,0.1138001642076815,1.0,1.0,0.3168,trend
2019-05-20,ETH,-0.0360814260835319,1.0,1.0,0.3168,trend
2019-05-21,ETH,0.0133066475804888,1.0,1.0,0.3168,trend
2019-05-22,ETH,-0.0412081243451744,-1.0,-1.0,0.3168,trend
2019-05-23,ETH,0.005176786982368,1.0,1.0,0.3168,trend
2019-05-24,ETH,0.0143081660928934,1.0,1.0,0.3168,trend
2019-05-25,ETH,0.0091183326393582,-1.0,-1.0,0.3168,trend
2019-05-26,ETH,0.0608109963219729,1.0,1.0,0.3168,trend
2019-05-27,ETH,0.0216909688552766,1.0,1.0,0.3168,trend
2019-05-28,ETH,-0.004009098145286,1.0,1.0,0.3168,trend
2019-05-29,ETH,-0.0085109828207126,1.0,1.0,0.3168,trend
2019-05-30,ETH,-0.0504600247986187,1.0,1.0,0.3168,trend
2019-05-31,ETH,0.0478959530705322,1.0,1.0,0.3168,trend
2019-06-01,ETH,-0.0101534964535495,1.0,1.0,0.3168,trend
2019-06-02,ETH,0.0182155920518756,-1.0,-1.0,0.3168,trend
2019-06-03,ETH,-0.065195911798752,-1.0,-1.0,0.3168,trend
2019-06-04,ETH,-0.0446111676938441,-1.0,-1.0,0.3168,range
2019-06-05,ETH,0.0236688814803944,-1.0,-1.0,0.3168,range
2019-06-06,ETH,0.0098090049648764,-1.0,-1.0,0.3168,range
2019-06-07,ETH,0.0058363685850681,-1.0,-1.0,0.3168,range
2019-06-08,ETH,-0.0206920388797257,-1.0,-1.0,0.3168,range
2019-06-09,ETH,-0.0514832571774734,-1.0,-1.0,0.3168,range
2019-06-10,ETH,0.0619229920716541,-1.0,-1.0,0.3168,range
2019-06-11,ETH,-0.007022849149575,1.0,1.0,0.3168,range
2019-06-12,ETH,0.0615239131841089,-1.0,-1.0,0.3168,range
2019-06-13,ETH,-0.0181465594934964,1.0,1.0,0.3168,range
2019-06-14,ETH,0.0309119255709251,1.0,1.0,0.3168,range
2019-06-15,ETH,0.01867507902475,1.0,1.0,0.3168,range
2019-06-16,ETH,0.0007578933039145,1.0,1.0,0.3168,range
2019-06-17,ETH,0.0190470177306354,1.0,1.0,0.3168,range
2019-06-18,ETH,-0.0338954544397808,1.0,1.0,0.3168,range
2019-06-19,ETH,0.0165248567710267,1.0,1.0,0.3168,range
2019-06-20,ETH,0.0083999519297259,1.0,1.0,0.3168,range
2019-06-21,ETH,0.0854460714045823,1.0,1.0,0.3168,range
2019-06-22,ETH,0.0490658780043089,1.0,1.0,0.3168,range
2019-06-23,ETH,-0.0050181627643307,1.0,1.0,0.3168,trend
2019-06-24,ETH,0.0084361886767798,1.0,1.0,0.3168,trend
2019-06-25,ETH,0.0248099782972781,1.0,1.0,0.3168,trend
2019-06-26,ETH,0.0585517791350895,1.0,1.0,0.3168,trend
2019-06-27,ETH,-0.1261622397942206,1.0,1.0,0.3168,trend
2019-06-28,ETH,0.0576293935159555,-1.0,-1.0,0.3168,trend
2019-06-29,ETH,0.0283806340632521,1.0,1.0,0.3168,trend
2019-06-30,ETH,-0.0917422235020295,1.0,1.0,0.3168,trend
2019-07-01,ETH,0.0101313040350736,-1.0,-1.0,0.3168,trend
2019-07-02,ETH,-0.0069631861544422,-1.0,-1.0,0.3168,trend
2019-07-03,ETH,0.0394502080160485,-1.0,-1.0,0.3168,range
2019-07-04,ETH,-0.0612891890640133,-1.0,-1.0,0.3168,trend
2019-07-05,ETH,0.0122109687633837,-1.0,-1.0,0.3168,crisis
2019-07-06,ETH,-0.0015639333384408,-1.0,-1.0,0.3168,crisis
2019-07-07,ETH,0.0631320614063761,-1.0,-1.0,0.3168,crisis
2019-07-08,ETH,0.0247001256639083,1.0,1.0,0.3168,crisis
2019-07-09,ETH,-0.0139517071354405,1.0,1.0,0.3168,crisis
2019-07-10,ETH,-0.061119628257438,1.0,1.0,0.3168,crisis
2019-07-11,ETH,-0.073441753353434,1.0,1.0,0.3168,crisis
2019-07-12,ETH,0.0281821677807818,-1.0,-1.0,0.3168,crisis
2019-07-13,ETH,-0.0246778014223959,-1.0,-1.0,0.3168,crisis
2019-07-14,ETH,-0.1554253826832529,-1.0,-1.0,0.3168,crisis
2019-07-15,ETH,0.0096579475781914,-1.0,-1.0,0.411,crisis
2019-07-16,ETH,-0.1331180189393436,-1.0,-1.0,0.4238,crisis
2019-07-17,ETH,0.061731899017537,-1.0,-1.0,0.4669,crisis
2019-07-18,ETH,0.0713109400161429,-1.0,-1.0,0.4597,crisis
2019-07-19,ETH,-0.0230958686012617,-1.0,-1.0,0.482,crisis
2019-07-20,ETH,0.0351767804707614,-1.0,-1.0,0.4842,crisis
2019-07-21,ETH,-0.0152254758181797,1.0,1.0,0.481,crisis
2019-07-22,ETH,-0.0357697448924179,1.0,1.0,0.4852,crisis
2019-07-23,ETH,-0.0222076526371521,1.0,1.0,0.4816,crisis
2019-07-24,ETH,0.0202974943075919,-1.0,-1.0,0.481,crisis
2019-07-25,ETH,0.0118482734291356,-1.0,-1.0,0.48,crisis
2019-07-26,ETH,5.287334679593414e-05,-1.0,-1.0,0.491,crisis
2019-07-27,ETH,-0.0556450394847837,-1.0,-1.0,0.4927,crisis
2019-07-28,ETH,0.0182164543923577,-1.0,-1.0,0.4843,crisis
2019-07-29,ETH,0.0003859014262819,-1.0,-1.0,0.4831,crisis
2019-07-30,ETH,-0.0035284695286892,-1.0,-1.0,0.4899,crisis
2019-07-31,ETH,0.0386255256559686,-1.0,-1.0,0.4976,crisis
2019-08-01,ETH,-0.0038677662742561,-1.0,-1.0,0.4927,crisis
2019-08-02,ETH,0.0002898216892548,1.0,1.0,0.4939,crisis
2019-08-03,ETH,0.0211995281554395,1.0,1.0,0.501,crisis
2019-08-04,ETH,0.0008062476926509,1.0,1.0,0.5056,crisis
2019-08-05,ETH,0.0518494529148214,1.0,1.0,0.5074,crisis
2019-08-06,ETH,-0.0349865754724774,1.0,1.0,0.4992,crisis
2019-08-07,ETH,0.0016386172506186,1.0,1.0,0.4955,crisis
2019-08-08,ETH,-0.0240696065670936,1.0,1.0,0.4968,crisis
2019-08-09,ETH,-0.0473108942028002,-1.0,-1.0,0.5033,crisis
2019-08-10,ETH,-0.0178411829381655,-1.0,-1.0,0.5088,crisis
2019-08-11,ETH,0.0452724285342815,-1.0,-1.0,0.5081,crisis
2019-08-12,ETH,-0.0222348586647715,-1.0,-1.0,0.5139,crisis
2019-08-13,ETH,-0.0122062038820752,-1.0,-1.0,0.5134,crisis
2019-08-14,ETH,-0.1058952814294768,-1.0,-1.0,0.5168,crisis
2019-08-15,ETH,0.0101513345775898,-1.0,-1.0,0.5459,crisis
2019-08-16,ETH,-0.0162437545892228,-1.0,-1.0,0.5453,crisis
2019-08-17,ETH,0.0013352257602874,-1.0,-1.0,0.5468,crisis
2019-08-18,ETH,0.0474228932188631,-1.0,-1.0,0.5493,crisis
2019-08-19,ETH,0.0442092028386529,-1.0,-1.0,0.5421,crisis
2019-08-20,ETH,-0.032135790133505,1.0,1.0,0.5354,crisis
2019-08-21,ETH,-0.0492140612668219,1.0,1.0,0.5589,crisis
2019-08-22,ETH,0.0237639541709633,1.0,1.0,0.5631,crisis
2019-08-23,ETH,0.0176304792796091,1.0,1.0,0.5599,crisis
2019-08-24,ETH,-0.0175476749465881,1.0,1.0,0.5587,crisis
2019-08-25,ETH,-0.0232483881077694,-1.0,-1.0,0.5617,crisis
2019-08-26,ETH,0.0111697904017695,-1.0,-1.0,0.5761,crisis
2019-08-27,ETH,-0.0074775014303394,1.0,1.0,0.5328,crisis
2019-08-28,ETH,-0.072669241958641,-1.0,-1.0,0.5487,crisis
2019-08-29,ETH,-0.0251494091857944,-1.0,-1.0,0.5547,crisis
2019-08-30,ETH,-0.0040224317155603,-1.0,-1.0,0.5351,crisis
2019-08-31,ETH,0.021529428287748,-1.0,-1.0,0.5363,crisis
2019-09-01,ETH,-0.0048725203441923,-1.0,-1.0,0.5329,crisis
2019-09-02,ETH,0.0391420411941565,-1.0,-1.0,0.5419,crisis
2019-09-03,ETH,0.0064591794165931,1.0,1.0,0.5445,crisis
2019-09-04,ETH,-0.0195345533382954,1.0,1.0,0.5453,crisis
2019-09-05,ETH,-0.010089935121516,1.0,1.0,0.5448,crisis
2019-09-06,ETH,-0.0244577312674743,1.0,1.0,0.5663,crisis
2019-09-07,ETH,0.0488740239937197,-1.0,-1.0,0.5702,crisis
2019-09-08,ETH,0.0173503047561509,1.0,1.0,0.5558,crisis
2019-09-09,ETH,-0.0011362760569428,1.0,1.0,0.557,crisis
2019-09-10,ETH,-0.0075202511225962,1.0,1.0,0.5383,crisis
2019-09-11,ETH,-0.0059051823496002,1.0,1.0,0.5435,crisis
2019-09-12,ETH,0.0128163228507514,1.0,1.0,0.5451,crisis
2019-09-13,ETH,0.0005172353769105,1.0,1.0,0.4703,crisis
2019-09-14,ETH,0.038627348903764,-1.0,-1.0,0.3465,crisis
2019-09-15,ETH,0.0089503437101683,1.0,1.0,0.2461,crisis
2019-09-16,ETH,0.0385904669714312,1.0,1.0,0.2701,crisis
2019-09-17,ETH,0.0583196683018256,1.0,1.0,0.2956,crisis
2019-09-18,ETH,0.013346930592172,1.0,1.0,0.2743,crisis
2019-09-19,ETH,0.0467745654025226,1.0,1.0,0.2817,crisis
2019-09-20,ETH,-0.0146004699258619,1.0,1.0,0.2683,crisis
2019-09-21,ETH,-0.0116204697396692,1.0,1.0,0.2738,crisis
2019-09-22,ETH,-0.0184247175212244,1.0,1.0,0.2763,crisis
2019-09-23,ETH,-0.0454941120921926,1.0,1.0,0.2766,crisis
2019-09-24,ETH,-0.1674443243333108,-1.0,-1.0,0.2863,crisis
2019-09-25,ETH,0.0165484208706212,-1.0,-1.0,0.4884,crisis
2019-09-26,ETH,-0.0243753718874848,-1.0,-1.0,0.4825,crisis
2019-09-27,ETH,0.0478858575686975,-1.0,-1.0,0.4824,crisis
2019-09-28,ETH,-0.000790490014725,-1.0,-1.0,0.4696,crisis
2019-09-29,ETH,-0.0233106767187529,-1.0,-1.0,0.4696,crisis
2019-09-30,ETH,0.0549474338730688,1.0,1.0,0.4761,crisis
2019-10-01,ETH,-0.0140754599657875,1.0,1.0,0.4598,crisis
2019-10-02,ETH,0.019003488329472,1.0,1.0,0.4592,crisis
2019-10-03,ETH,-0.0304972268953825,1.0,1.0,0.4597,crisis
2019-10-04,ETH,0.0101921604366677,1.0,1.0,0.4562,crisis
2019-10-05,ETH,-0.0035793083285821,1.0,1.0,0.47,crisis
2019-10-06,ETH,-0.0186693810089888,-1.0,-1.0,0.4748,crisis
2019-10-07,ETH,0.046961964110191,-1.0,-1.0,0.4738,crisis
2019-10-08,ETH,0.0046097312600028,1.0,1.0,0.4637,crisis
2019-10-09,ETH,0.0619250706159335,1.0,1.0,0.4468,crisis
2019-10-10,ETH,-0.008451358880842,1.0,1.0,0.4297,crisis
2019-10-11,ETH,-0.047427720059411,1.0,1.0,0.4392,crisis
2019-10-12,ETH,-0.0095472694393186,1.0,1.0,0.4578,crisis
2019-10-13,ETH,0.0069044284893957,1.0,1.0,0.458,crisis
2019-10-14,ETH,0.026833741225732,1.0,1.0,0.3792,crisis
2019-10-15,ETH,-0.0297112384484361,-1.0,-1.0,0.3763,crisis
2019-10-16,ETH,-0.0297264747454457,-1.0,-1.0,0.3733,crisis
2019-10-17,ETH,0.011447114884058,-1.0,-1.0,0.3691,crisis
2019-10-18,ETH,-0.0247545568944772,-1.0,-1.0,0.3794,crisis
2019-10-19,ETH,-0.0040796424960591,-1.0,-1.0,0.3869,crisis
2019-10-20,ETH,0.015159951952113,-1.0,-1.0,0.3884,crisis
2019-10-21,ETH,-0.0034944041636252,-1.0,-1.0,0.3622,crisis
2019-10-22,ETH,-0.0149789481893244,-1.0,-1.0,0.3652,crisis
2019-10-23,ETH,-0.0574464424040257,-1.0,-1.0,0.366,crisis
2019-10-24,ETH,-0.0014423254446559,-1.0,-1.0,0.4037,crisis
2019-10-25,ETH,0.1193490365621434,-1.0,-1.0,0.2814,crisis
2019-10-26,ETH,-0.0092975928239903,1.0,1.0,0.3408,crisis
2019-10-27,ETH,0.0245042762846969,1.0,1.0,0.3406,crisis
2019-10-28,ETH,-0.008572447483945,1.0,1.0,0.3168,crisis
2019-10-29,ETH,0.0420433898950713,1.0,1.0,0.3168,crisis
2019-10-30,ETH,-0.0296854546683253,1.0,1.0,0.3168,crisis
2019-10-31,ETH,-0.0039268055994116,1.0,1.0,0.3168,crisis
2019-11-01,ETH,1.617390715802358e-05,1.0,1.0,0.3168,crisis
2019-11-02,ETH,-0.000240116430342,-1.0,-1.0,0.3168,crisis
2019-11-03,ETH,-0.008159282467639,1.0,1.0,0.3168,crisis
2019-11-04,ETH,0.0215440613225514,-1.0,-1.0,0.3168,crisis
2019-11-05,ETH,0.0158244830456528,1.0,1.0,0.3168,crisis
2019-11-06,ETH,0.0120952056538008,1.0,1.0,0.3168,crisis
2019-11-07,ETH,-0.018880013481685,1.0,1.0,0.3168,crisis
2019-11-08,ETH,-0.0200294969710366,1.0,1.0,0.3168,crisis
2019-11-09,ETH,0.0044364527164793,1.0,1.0,0.3168,crisis
2019-11-10,ETH,0.0240425523843641,-1.0,-1.0,0.3168,crisis
2019-11-11,ETH,-0.0210454804288402,1.0,1.0,0.1921,crisis
2019-11-12,ETH,0.0072983862044944,-1.0,-1.0,0.1921,crisis
2019-11-13,ETH,0.0075749471007278,-1.0,-1.0,0.1921,crisis
2019-11-14,ETH,-0.0120000243156659,1.0,1.0,0.1921,crisis
2019-11-15,ETH,-0.029454114926144,1.0,1.0,0.1921,crisis
2019-11-16,ETH,0.0156612036749335,-1.0,-1.0,0.1921,crisis
2019-11-17,ETH,0.0096585213048225,-1.0,-1.0,0.1921,crisis
2019-11-18,ETH,-0.0246307814375467,-1.0,-1.0,0.1921,crisis
2019-11-19,ETH,-0.0171912746170631,-1.0,-1.0,0.1955,crisis
2019-11-20,ETH,-0.0099022100862729,-1.0,-1.0,0.1952,crisis
2019-11-21,ETH,-0.0810231075124231,-1.0,-1.0,0.1953,crisis
2019-11-22,ETH,-0.069332099495909,-1.0,-1.0,0.3868,crisis
2019-11-23,ETH,0.0209599435416925,-1.0,-1.0,0.4174,crisis
2019-11-24,ETH,-0.0689821200454965,-1.0,-1.0,0.3168,crisis
2019-11-25,ETH,0.0254968183860058,-1.0,-1.0,0.2219,crisis
2019-11-26,ETH,0.0169893471379614,-1.0,-1.0,0.2204,crisis
2019-11-27,ETH,0.02715728176224,-1.0,-1.0,0.2329,crisis
2019-11-28,ETH,-0.0084502926892507,1.0,1.0,0.2278,crisis
2019-11-29,ETH,0.0236398345241755,-1.0,-1.0,0.2304,crisis
2019-11-30,ETH,-0.0178003309683334,1.0,1.0,0.2463,crisis
2019-12-01,ETH,-0.0088761039612413,1.0,1.0,0.2456,crisis
2019-12-02,ETH,-0.0140659548725144,1.0,1.0,0.2482,crisis
2019-12-03,ETH,-0.0073979850627629,-1.0,-1.0,0.2508,crisis
2019-12-04,ETH,-0.0081691567819718,-1.0,-1.0,0.2517,crisis
2019-12-05,ETH,0.0170445636283098,-1.0,-1.0,0.2515,crisis
2019-12-06,ETH,-0.0003654977486361,-1.0,-1.0,0.2508,crisis
2019-12-07,ETH,-0.0028572430861661,-1.0,-1.0,0.2672,crisis
2019-12-08,ETH,0.0167815936334254,-1.0,-1.0,0.2676,crisis
2019-12-09,ETH,-0.0200942472651598,1.0,1.0,0.2959,crisis
2019-12-10,ETH,-0.0132105082465306,1.0,1.0,0.294,crisis
2019-12-11,ETH,-0.0181793675762905,-1.0,-1.0,0.2677,crisis
2019-12-12,ETH,0.0138989622689023,-1.0,-1.0,0.2663,crisis
2019-12-13,ETH,-0.0045277325056924,-1.0,-1.0,0.2648,crisis
2019-12-14,ETH,-0.0143193580780661,-1.0,-1.0,0.272,crisis
2019-12-15,ETH,0.0017201608274544,-1.0,-1.0,0.2764,crisis
2019-12-16,ETH,-0.0663869053000772,-1.0,-1.0,0.2812,crisis
2019-12-17,ETH,-0.0824025706989607,-1.0,-1.0,0.3362,crisis
2019-12-18,ETH,0.0855462594532885,-1.0,-1.0,0.4074,crisis
2019-12-19,ETH,-0.0283341721764711,-1.0,-1.0,0.4737,crisis
2019-12-20,ETH,-0.0019724631542183,-1.0,-1.0,0.4723,crisis
2019-12-21,ETH,-0.0072451611537921,-1.0,-1.0,0.4723,crisis
2019-12-22,ETH,0.0331033357587478,-1.0,-1.0,0.4729,crisis
2019-12-23,ETH,-0.0283927740855649,1.0,1.0,0.4267,crisis
2019-12-24,ETH,0.0034972729978799,-1.0,-1.0,0.4227,crisis
2019-12-25,ETH,-0.0202167543455086,-1.0,-1.0,0.4131,crisis
2019-12-26,ETH,-0.0007387179298136,-1.0,-1.0,0.4112,crisis
2019-12-27,ETH,0.0067535428703706,-1.0,-1.0,0.4195,crisis
2019-12-28,ETH,0.0087104847089884,-1.0,-1.0,0.4181,crisis
2019-12-29,ETH,0.0501491303494263,-1.0,-1.0,0.4383,crisis
2019-12-30,ETH,-0.0157652738227112,1.0,1.0,0.4136,crisis
2019-12-31,ETH,-0.0227893341530657,1.0,1.0,0.4125,crisis
2020-01-01,ETH,0.0091901781655832,1.0,1.0,0.4099,crisis
2020-01-02,ETH,-0.0259309702014876,1.0,1.0,0.4082,crisis
2020-01-03,ETH,0.0530689781685611,-1.0,-1.0,0.4045,crisis
2020-01-04,ETH,0.0066903769863495,-1.0,-1.0,0.5058,crisis
2020-01-05,ETH,0.0089392047317267,1.0,1.0,0.5083,crisis
2020-01-06,ETH,0.0589049309514517,1.0,1.0,0.5092,crisis
2020-01-07,ETH,-0.0052677787532923,1.0,1.0,0.4786,crisis
2020-01-08,ETH,-0.0159244433497861,1.0,1.0,0.4806,crisis
2020-01-09,ETH,-0.0161330934843807,1.0,1.0,0.48,crisis
2020-01-10,ETH,0.0358656063844422,1.0,1.0,0.4851,crisis
2020-01-11,ETH,-0.0072008869283006,1.0,1.0,0.475,crisis
2020-01-12,ETH,0.0206176641057616,-1.0,-1.0,0.4759,crisis
2020-01-13,ETH,-0.0112928941168791,1.0,1.0,0.4724,crisis
2020-01-14,ETH,0.1506570966630038,1.0,1.0,0.4724,crisis
2020-01-15,ETH,0.0016590582058744,1.0,1.0,0.3398,crisis
2020-01-16,ETH,-0.0110670056638028,1.0,1.0,0.341,crisis
2020-01-17,ETH,0.0388643312697261,1.0,1.0,0.341,crisis
2020-01-18,ETH,0.0268516520605579,1.0,1.0,0.3365,crisis
2020-01-19,ETH,-0.0478761203243953,1.0,1.0,0.3347,crisis
2020-01-20,ETH,0.0009023502412968,1.0,1.0,0.36,crisis
2020-01-21,ETH,0.0154178851960435,1.0,1.0,0.3168,crisis
2020-01-22,ETH,-0.0082676686382934,1.0,1.0,0.3168,crisis
2020-01-23,ETH,-0.0318822745832337,-1.0,-1.0,0.3168,crisis
2020-01-24,ETH,0.0007525975197246,-1.0,-1.0,0.3168,crisis
2020-01-25,ETH,-0.0108385750630607,-1.0,-1.0,0.3168,crisis
2020-01-26,ETH,0.0421193040163845,-1.0,-1.0,0.3168,crisis
2020-01-27,ETH,0.016979054481661,-1.0,-1.0,0.3168,crisis
2020-01-28,ETH,0.0318223494520282,1.0,1.0,0.3168,crisis
2020-01-29,ETH,-0.0074841211374555,1.0,1.0,0.3168,crisis
2020-01-30,ETH,0.0550706544634944,1.0,1.0,0.3168,crisis
2020-01-31,ETH,-0.0245291693775753,1.0,1.0,0.3168,crisis
2020-02-01,ETH,0.0195036375526098,1.0,1.0,0.3168,crisis
2020-02-02,ETH,0.0269150211642918,1.0,1.0,0.3168,crisis
2020-02-03,ETH,0.0066140619075483,1.0,1.0,0.3168,crisis
2020-02-04,ETH,-0.0032363585718134,1.0,1.0,0.3168,crisis
2020-02-05,ETH,0.0791524315579952,1.0,1.0,0.3168,crisis
2020-02-06,ETH,0.039704408845709,1.0,1.0,0.3168,crisis
2020-02-07,ETH,0.0489169403473188,1.0,1.0,0.3168,crisis
2020-02-08,ETH,0.0018877716176568,1.0,1.0,0.3168,crisis
2020-02-09,ETH,0.0243429865571489,1.0,1.0,0.3168,crisis
2020-02-10,ETH,-0.0221187072871554,1.0,1.0,0.3168,crisis
2020-02-11,ETH,0.0551554313313651,1.0,1.0,0.3168,crisis
2020-02-12,ETH,0.1253117732945567,1.0,1.0,0.3168,crisis
2020-02-13,ETH,0.0101471479026606,1.0,1.0,0.3168,trend
2020-02-14,ETH,0.0601204815985656,1.0,1.0,0.3168,trend
2020-02-15,ETH,-0.0685704511609763,1.0,1.0,0.3168,trend
2020-02-16,ETH,-0.0182596921181386,1.0,1.0,0.3168,trend
2020-02-17,ETH,0.0248897692993261,1.0,1.0,0.3168,trend
2020-02-18,ETH,0.0584958153442227,1.0,1.0,0.3168,trend
2020-02-19,ETH,-0.0786700812663171,1.0,1.0,0.3168,trend
2020-02-20,ETH,-0.0069852416826892,-1.0,-1.0,0.3168,trend
2020-02-21,ETH,0.0296614440623872,-1.0,-1.0,0.3168,trend
2020-02-22,ETH,-0.0123075406393579,1.0,1.0,0.3168,trend
2020-02-23,ETH,0.0435419096551616,-1.0,-1.0,0.3168,trend
2020-02-24,ETH,-0.0311875444240018,-1.0,-1.0,0.3168,trend
2020-02-25,ETH,-0.0656023994627765,1.0,1.0,0.3168,trend
2020-02-26,ETH,-0.0893291252113327,-1.0,-1.0,0.3168,trend
2020-02-27,ETH,0.0047550462867866,-1.0,-1.0,0.3168,crisis
2020-02-28,ETH,3.135827774425337e-05,-1.0,-1.0,0.3168,crisis
2020-02-29,ETH,-0.0304814434798899,-1.0,-1.0,0.3168,crisis
2020-03-01,ETH,-0.0039932698463464,-1.0,-1.0,0.3168,crisis
2020-03-02,ETH,0.0529714140810986,-1.0,-1.0,0.3168,crisis
2020-03-03,ETH,-0.0264134743370242,1.0,1.0,0.3168,crisis
2020-03-04,ETH,0.0001708187820723,-1.0,-1.0,0.3168,crisis
2020-03-05,ETH,0.021157386735499,-1.0,-1.0,0.3168,crisis
2020-03-06,ETH,0.0621852978838386,1.0,1.0,0.3168,crisis
2020-03-07,ETH,-0.0232920797755643,1.0,1.0,0.3168,crisis
2020-03-08,ETH,-0.1562478428836652,1.0,1.0,0.3168,crisis
2020-03-09,ETH,0.0064640880365329,-1.0,-1.0,0.3285,crisis
2020-03-10,ETH,-0.0060354861869905,-1.0,-1.0,0.3299,crisis
2020-03-11,ETH,-0.0293808496184908,-1.0,-1.0,0.3317,crisis
2020-03-12,ETH,-0.4234722146529329,-1.0,-1.0,0.3288,crisis
2020-03-13,ETH,0.1856272786057333,-1.0,-1.0,0.4268,crisis
2020-03-14,ETH,-0.0742917074192217,-1.0,-1.0,0.3863,crisis
2020-03-15,ETH,0.0154759627958651,-1.0,-1.0,0.4136,crisis
2020-03-16,ETH,-0.1166674150987117,-1.0,-1.0,0.4132,crisis
2020-03-17,ETH,0.0301690662689475,-1.0,-1.0,0.4403,crisis
2020-03-18,ETH,0.0078944986120916,1.0,1.0,0.4411,crisis
2020-03-19,ETH,0.1894040141620661,-1.0,-1.0,0.442,crisis
2020-03-20,ETH,-0.0282347211152151,1.0,1.0,0.4038,crisis
2020-03-21,ETH,0.0006143190364296,1.0,1.0,0.403,crisis
2020-03-22,ETH,-0.0715076857044942,1.0,1.0,0.4032,crisis
2020-03-23,ETH,0.0939859378431633,1.0,1.0,0.3982,crisis
2020-03-24,ETH,0.0285360049864464,1.0,1.0,0.3903,crisis
2020-03-25,ETH,-0.0184889381528435,1.0,1.0,0.3895,crisis
2020-03-26,ETH,0.0159011012427661,1.0,1.0,0.3893,crisis
2020-03-27,ETH,-0.0319714131414015,1.0,1.0,0.3907,crisis
2020-03-28,ETH,-0.0220359255787099,1.0,1.0,0.39,crisis
2020-03-29,ETH,-0.0412467203326619,-1.0,-1.0,0.3906,crisis
2020-03-30,ETH,0.0582942412905649,-1.0,-1.0,0.389,crisis
2020-03-31,ETH,0.0051843667164483,-1.0,-1.0,0.3887,crisis
2020-04-01,ETH,0.0152775702817575,-1.0,-1.0,0.3892,crisis
2020-04-02,ETH,0.0471457470885749,1.0,1.0,0.3893,crisis
2020-04-03,ETH,0.0004376869758151,1.0,1.0,0.3878,crisis
2020-04-04,ETH,0.0220145926330657,1.0,1.0,0.3879,crisis
2020-04-05,ETH,-0.0115187423729375,1.0,1.0,0.3874,crisis
2020-04-06,ETH,0.1782642373780929,1.0,1.0,0.3936,crisis
2020-04-07,ETH,-0.0238502649964288,1.0,1.0,0.3649,crisis
2020-04-08,ETH,0.0456675114816182,1.0,1.0,0.3666,crisis
2020-04-09,ETH,-0.0106266001393464,1.0,1.0,0.3647,crisis
2020-04-10,ETH,-0.0725654606384821,1.0,1.0,0.3652,crisis
2020-04-11,ETH,-0.0012399681825301,1.0,1.0,0.361,crisis
2020-04-12,ETH,0.0184962741751852,-1.0,-1.0,0.3639,crisis
2020-04-13,ETH,-0.0301774610037469,-1.0,-1.0,0.3786,crisis
2020-04-14,ETH,0.0084261404849492,-1.0,-1.0,0.3782,crisis
2020-04-15,ETH,-0.027345131603777,-1.0,-1.0,0.3821,crisis
2020-04-16,ETH,0.1231056530035905,-1.0,-1.0,0.3855,crisis
2020-04-17,ETH,-0.0030135149052878,1.0,1.0,0.3705,crisis
2020-04-18,ETH,0.088997596658614,1.0,1.0,0.3712,crisis
2020-04-19,ETH,-0.0283501594664836,1.0,1.0,0.367,crisis
2020-04-20,ETH,-0.051305216345253,1.0,1.0,0.3667,crisis
2020-04-21,ETH,0.0025568412529346,1.0,1.0,0.3646,crisis
2020-04-22,ETH,0.0570916329241595,1.0,1.0,0.3655,crisis
2020-04-23,ETH,0.0133028368544225,1.0,1.0,0.3624,crisis
2020-04-24,ETH,0.0227438654947422,-1.0,-1.0,0.3641,crisis
2020-04-25,ETH,0.0331772757444222,1.0,1.0,0.3643,crisis
2020-04-26,ETH,0.0092178504335849,1.0,1.0,0.367,crisis
2020-04-27,ETH,-0.0004704052971209,1.0,1.0,0.36,crisis
2020-04-28,ETH,0.0060371430678036,1.0,1.0,0.36,crisis
2020-04-29,ETH,0.0935050511210533,1.0,1.0,0.36,crisis
2020-04-30,ETH,-0.0431684416104106,1.0,1.0,0.3535,crisis
2020-05-01,ETH,0.0318737225667911,1.0,1.0,0.3516,crisis
2020-05-02,ETH,0.0051642335389476,1.0,1.0,0.3531,crisis
2020-05-03,ETH,-0.0203980933651294,1.0,1.0,0.3539,crisis
2020-05-04,ETH,-0.0130806371514459,1.0,1.0,0.3534,crisis
2020-05-05,ETH,-0.0067232812515117,-1.0,-1.0,0.3535,crisis
2020-05-06,ETH,-0.0131477237347897,-1.0,-1.0,0.3567,crisis
2020-05-07,ETH,0.0403498840948179,-1.0,-1.0,0.3571,crisis
2020-05-08,ETH,0.0033075775417663,-1.0,-1.0,0.3168,crisis
2020-05-09,ETH,-0.0065328826296245,1.0,1.0,0.3168,crisis
2020-05-10,ETH,-0.1086982544561622,1.0,1.0,0.3168,crisis
2020-05-11,ETH,-0.0142456416679497,-1.0,-1.0,0.3295,crisis
2020-05-12,ETH,0.0182863010982285,-1.0,-1.0,0.3168,crisis
2020-05-13,ETH,0.0521929776483576,-1.0,-1.0,0.3168,crisis
2020-05-14,ETH,0.0188551217216723,-1.0,-1.0,0.3168,range
2020-05-15,ETH,-0.0360998466821327,-1.0,-1.0,0.3168,range
2020-05-16,ETH,0.0258377964930223,1.0,1.0,0.3168,range
2020-05-17,ETH,0.032298486508385,1.0,1.0,0.3168,range
2020-05-18,ETH,0.0355590367721756,1.0,1.0,0.3168,range
2020-05-19,ETH,-0.0050061476135694,1.0,1.0,0.3168,range
2020-05-20,ETH,-0.0157149339911579,1.0,1.0,0.3168,range
2020-05-21,ETH,-0.0486115811720616,1.0,1.0,0.3168,range
2020-05-22,ETH,0.0364491297883624,-1.0,-1.0,0.3168,range
2020-05-23,ETH,0.0073621348983283,1.0,1.0,0.3168,range
2020-05-24,ETH,-0.030302926168875,-1.0,-1.0,0.3168,range
2020-05-25,ETH,0.0145742788543645,-1.0,-1.0,0.3168,range
2020-05-26,ETH,-0.0166444520165415,-1.0,-1.0,0.3168,range
2020-05-27,ETH,0.0344776664220551,1.0,1.0,0.3168,range
2020-05-28,ETH,0.0525558234124099,1.0,1.0,0.3168,range
2020-05-29,ETH,0.0037968519368642,1.0,1.0,0.3168,range
2020-05-30,ETH,0.0982007880562834,1.0,1.0,0.3168,range
2020-05-31,ETH,-0.0469160095278026,1.0,1.0,0.3168,trend
2020-06-01,ETH,0.0693408514004945,1.0,1.0,0.3168,trend
2020-06-02,ETH,-0.0395669275285892,1.0,1.0,0.3168,trend
2020-06-03,ETH,0.029341091962969,1.0,1.0,0.3168,trend
2020-06-04,ETH,0.0010118396234197,1.0,1.0,0.3168,trend
2020-06-05,ETH,-0.0131099048563656,1.0,1.0,0.3168,trend
2020-06-06,ETH,0.0029405915366731,1.0,1.0,0.3168,trend
2020-06-07,ETH,0.0133754132947205,-1.0,-1.0,0.3168,trend
2020-06-08,ETH,0.0046607139067276,1.0,1.0,0.3168,trend
2020-06-09,ETH,-0.0056776147637188,1.0,1.0,0.3168,trend
2020-06-10,ETH,0.0103445265968691,1.0,1.0,0.3168,trend
2020-06-11,ETH,-0.0636193193226278,1.0,1.0,0.3168,trend
2020-06-12,ETH,0.0249912643285756,-1.0,-1.0,0.3168,range
2020-06-13,ETH,0.0059607352826378,-1.0,-1.0,0.3168,trend
2020-06-14,ETH,-0.0200668321716687,-1.0,-1.0,0.3168,trend
2020-06-15,ETH,-0.0178792318891143,-1.0,-1.0,0.3168,trend
2020-06-16,ETH,0.0195158535077628,-1.0,-1.0,0.3168,trend
2020-06-17,ETH,-0.0059206397209656,1.0,1.0,0.3168,range
2020-06-18,ETH,-0.0039785247798531,-1.0,-1.0,0.3168,range
2020-06-19,ETH,-0.02138238017769,-1.0,-1.0,0.3168,range
2020-06-20,ETH,0.0094038352825709,-1.0,-1.0,0.3168,range
2020-06-21,ETH,-0.0012406062725255,-1.0,-1.0,0.3168,range
2020-06-22,ETH,0.0591439625451377,-1.0,-1.0,0.3168,range
2020-06-23,ETH,0.0066339911121064,1.0,1.0,0.3168,range
2020-06-24,ETH,-0.0342820357372766,1.0,1.0,0.3168,range
2020-06-25,ETH,-0.0119944984281222,1.0,1.0,0.3168,range
2020-06-26,ETH,-0.0140653402112502,1.0,1.0,0.3168,range
2020-06-27,ETH,-0.0292084689092965,1.0,1.0,0.3168,range
2020-06-28,ETH,0.0107076475306793,-1.0,-1.0,0.3168,range
2020-06-29,ETH,0.0126369550238238,-1.0,-1.0,0.3191,range
2020-06-30,ETH,-0.0082379921763848,-1.0,-1.0,0.1921,range
2020-07-01,ETH,0.0212023775972944,-1.0,-1.0,0.1947,range
2020-07-02,ETH,-0.0074475205049118,1.0,1.0,0.1926,range
2020-07-03,ETH,-0.0174597349496758,1.0,1.0,0.1949,range
2020-07-04,ETH,0.0163587123307498,1.0,1.0,0.194,range
2020-07-05,ETH,-0.0061530976544303,1.0,1.0,0.1933,range
2020-07-06,ETH,0.0608158977742094,1.0,1.0,0.1943,range
2020-07-07,ETH,-0.010081115195253,1.0,1.0,0.1921,range
2020-07-08,ETH,0.0317660380797768,1.0,1.0,0.1921,range
2020-07-09,ETH,-0.0148135263123319,1.0,1.0,0.1921,range
2020-07-10,ETH,-0.0083573742893355,1.0,1.0,0.1921,range
2020-07-11,ETH,-0.0063357046504595,1.0,1.0,0.1921,range
2020-07-12,ETH,0.0111648848148913,-1.0,-1.0,0.1921,range
2020-07-13,ETH,-0.0104369435422463,1.0,1.0,0.1921,range
2020-07-14,ETH,0.0025329360010484,-1.0,-1.0,0.1921,range
2020-07-15,ETH,-0.0074432904557726,-1.0,-1.0,0.1921,range
2020-07-16,ETH,-0.0200594240477829,-1.0,-1.0,0.1921,range
2020-07-17,ETH,-0.0037142380015947,-1.0,-1.0,0.1921,range
2020-07-18,ETH,0.0116453491988897,-1.0,-1.0,0.1921,range
2020-07-19,ETH,0.0127554751229972,-1.0,-1.0,0.1921,range
2020-07-20,ETH,-0.0097881457380835,-1.0,-1.0,0.1921,range
2020-07-21,ETH,0.037533080727248,-1.0,-1.0,0.1921,range
2020-07-22,ETH,0.0700928468191892,1.0,1.0,0.1921,range
2020-07-23,ETH,0.047669180441096,1.0,1.0,0.1921,trend
2020-07-24,ETH,0.0164781489546008,1.0,1.0,0.1921,trend
2020-07-25,ETH,0.0889683628234676,1.0,1.0,0.1921,trend
2020-07-26,ETH,0.0183743751588323,1.0,1.0,0.1921,trend
2020-07-27,ETH,0.0383359539667362,1.0,1.0,0.1921,trend
2020-07-28,ETH,-0.0151061556998356,1.0,1.0,0.1921,trend
2020-07-29,ETH,0.0048431871899461,1.0,1.0,0.1921,trend
2020-07-30,ETH,0.0515280374132054,1.0,1.0,0.1921,trend
2020-07-31,ETH,0.0327807996088924,1.0,1.0,0.1921,trend
2020-08-01,ETH,0.1147287389932205,1.0,1.0,0.1921,trend
2020-08-02,ETH,-0.0377154612372589,1.0,1.0,0.3168,trend
2020-08-03,ETH,0.0421490031714522,1.0,1.0,0.3168,trend
2020-08-04,ETH,0.0092683589664184,1.0,1.0,0.3168,trend
2020-08-05,ETH,0.0300482801375139,1.0,1.0,0.3168,trend
2020-08-06,ETH,-0.0165059440761377,1.0,1.0,0.3168,trend
2020-08-07,ETH,-0.0391154056528482,1.0,1.0,0.3168,trend
2020-08-08,ETH,0.0381397307162172,1.0,1.0,0.3168,trend
2020-08-09,ETH,-0.0072766618709672,1.0,1.0,0.3168,trend
2020-08-10,ETH,0.0121883688930486,1.0,1.0,0.3168,trend
2020-08-11,ETH,-0.0391613947225364,-1.0,-1.0,0.3168,trend
2020-08-12,ETH,0.0279720083357235,-1.0,-1.0,0.3168,trend
2020-08-13,ETH,0.0964585408036162,1.0,1.0,0.3168,trend
2020-08-14,ETH,0.0201893926910585,1.0,1.0,0.3168,trend
2020-08-15,ETH,-0.0092430905320243,1.0,1.0,0.3168,trend
2020-08-16,ETH,0.0009961849763249,1.0,1.0,0.3168,trend
2020-08-17,ETH,-0.0098098255843402,1.0,1.0,0.3168,trend
2020-08-18,ETH,-0.0136472921971626,1.0,1.0,0.3168,trend
2020-08-19,ETH,-0.0406107674563539,-1.0,-1.0,0.3168,trend
2020-08-20,ETH,0.0245434249780671,-1.0,-1.0,0.3168,trend
2020-08-21,ETH,-0.0655879836132452,-1.0,-1.0,0.3168,trend
2020-08-22,ETH,0.0172406761817134,-1.0,-1.0,0.3168,range
2020-08-23,ETH,-0.0112437037063306,-1.0,-1.0,0.3168,range
2020-08-24,ETH,0.0428215858744018,-1.0,-1.0,0.3168,range
2020-08-25,ETH,-0.0591535007034882,1.0,1.0,0.3168,range
2020-08-26,ETH,0.006419482369232,-1.0,-1.0,0.3168,range
2020-08-27,ETH,-0.0099193586214226,-1.0,-1.0,0.3168,range
2020-08-28,ETH,0.0346076991213823,-1.0,-1.0,0.3168,range
2020-08-29,ETH,0.0102224626370863,1.0,1.0,0.3168,range
2020-08-30,ETH,0.071199584696306,-1.0,-1.0,0.3168,range
2020-08-31,ETH,0.0156024457333414,1.0,1.0,0.3168,range
2020-09-01,ETH,0.096470057958041,1.0,1.0,0.3168,trend
2020-09-02,ETH,-0.0775836188207589,1.0,1.0,0.3168,trend
2020-09-03,ETH,-0.123553539238214,1.0,1.0,0.3168,range
2020-09-04,ETH,0.0066616562604993,-1.0,-1.0,0.3168,crisis
2020-09-05,ETH,-0.1364643575645938,-1.0,-1.0,0.3168,crisis
2020-09-06,ETH,0.0539945103689289,-1.0,-1.0,0.3548,crisis
2020-09-07,ETH,-0.0019492226211732,-1.0,-1.0,0.35,crisis
2020-09-08,ETH,-0.0427346566687477,-1.0,-1.0,0.3512,crisis
2020-09-09,ETH,0.0400113138512598,-1.0,-1.0,0.3478,crisis
2020-09-10,ETH,0.0483947525169765,-1.0,-1.0,0.3452,crisis
2020-09-11,ETH,0.017912673086462,1.0,1.0,0.3406,crisis
2020-09-12,ETH,0.0333271026895611,1.0,1.0,0.3413,crisis
2020-09-13,ETH,-0.0558213874501702,1.0,1.0,0.3398,crisis
2020-09-14,ETH,0.0320016749314091,1.0,1.0,0.3476,crisis
2020-09-15,ETH,-0.0329464164811436,1.0,1.0,0.3484,crisis
2020-09-16,ETH,0.0026671571706384,-1.0,-1.0,0.3441,crisis
2020-09-17,ETH,0.0634394758227225,-1.0,-1.0,0.344,crisis
2020-09-18,ETH,-0.0119652019528402,1.0,1.0,0.3362,crisis
2020-09-19,ETH,0.003069586260487,1.0,1.0,0.336,crisis
2020-09-20,ETH,-0.037587234212988,1.0,1.0,0.338,crisis
2020-09-21,ETH,-0.0788748989506161,1.0,1.0,0.3428,crisis
2020-09-22,ETH,0.0079497155535095,-1.0,-1.0,0.3604,crisis
2020-09-23,ETH,-0.0678857935560225,-1.0,-1.0,0.3607,crisis
2020-09-24,ETH,0.0879409986695924,-1.0,-1.0,0.3788,crisis
2020-09-25,ETH,0.008093951580075,-1.0,-1.0,0.3602,crisis
2020-09-26,ETH,0.0093838648268711,-1.0,-1.0,0.3633,crisis
2020-09-27,ETH,0.0054865660643128,1.0,1.0,0.3641,crisis
2020-09-28,ETH,-0.0063761547981245,1.0,1.0,0.3641,crisis
2020-09-29,ETH,0.0129461901256107,1.0,1.0,0.3701,crisis
2020-09-30,ETH,0.0005016740848944,1.0,1.0,0.3723,crisis
2020-10-01,ETH,-0.0187031283543336,1.0,1.0,0.4095,crisis
2020-10-02,ETH,-0.0197249817714086,-1.0,-1.0,0.4129,crisis
2020-10-03,ETH,0.0008178531913418,-1.0,-1.0,0.4173,crisis
2020-10-04,ETH,0.0174791604211632,-1.0,-1.0,0.4177,crisis
2020-10-05,ETH,0.0039077116348225,-1.0,-1.0,0.4197,crisis
2020-10-06,ETH,-0.0371258036414502,-1.0,-1.0,0.4204,crisis
2020-10-07,ETH,0.0029130036979352,-1.0,-1.0,0.4208,crisis
2020-10-08,ETH,0.0262061503951738,-1.0,-1.0,0.4258,crisis
2020-10-09,ETH,0.0422627470820404,1.0,1.0,0.4235,crisis
2020-10-10,ETH,0.0147080023663423,1.0,1.0,0.4181,crisis
2020-10-11,ETH,0.011252921017721,1.0,1.0,0.4224,crisis
2020-10-12,ETH,0.0335584948898346,1.0,1.0,0.4245,crisis
2020-10-13,ETH,-0.0168686341899342,1.0,1.0,0.4527,crisis
2020-10-14,ETH,-0.004477354199579,1.0,1.0,0.4534,crisis
2020-10-15,ETH,-0.0053815328156573,1.0,1.0,0.4536,crisis
2020-10-16,ETH,-0.0297074372651906,1.0,1.0,0.4535,crisis
2020-10-17,ETH,0.0071728961371237,-1.0,-1.0,0.4509,crisis
2020-10-18,ETH,0.0253696820241073,-1.0,-1.0,0.3265,crisis
2020-10-19,ETH,0.0045527803477134,-1.0,-1.0,0.4545,crisis
2020-10-20,ETH,-0.0284224637803389,1.0,1.0,0.4566,crisis
2020-10-21,ETH,0.062451274723505,-1.0,-1.0,0.3351,crisis
2020-10-22,ETH,0.0550320236558519,1.0,1.0,0.3219,crisis
2020-10-23,ETH,-0.0096823302083347,1.0,1.0,0.3122,crisis
2020-10-24,ETH,0.0065669514237294,1.0,1.0,0.3178,crisis
2020-10-25,ETH,-0.0151284337561026,1.0,1.0,0.326,crisis
2020-10-26,ETH,-0.0303518668548226,1.0,1.0,0.325,crisis
2020-10-27,ETH,0.0256639610404703,1.0,1.0,0.3218,crisis
2020-10-28,ETH,-0.0379861272418592,-1.0,-1.0,0.3236,crisis
2020-10-29,ETH,-0.0049418514259725,-1.0,-1.0,0.3184,crisis
2020-10-30,ETH,-0.0101107353856089,-1.0,-1.0,0.3374,crisis
2020-10-31,ETH,0.0098488988376741,-1.0,-1.0,0.3382,crisis
2020-11-01,ETH,0.0252666763079154,-1.0,-1.0,0.378,crisis
2020-11-02,ETH,-0.033306859903456,-1.0,-1.0,0.3426,crisis
2020-11-03,ETH,0.0116021307370286,-1.0,-1.0,0.2584,crisis
2020-11-04,ETH,0.0375122392438738,1.0,1.0,0.258,crisis
2020-11-05,ETH,0.029654584834674,1.0,1.0,0.1921,crisis
2020-11-06,ETH,0.0981771366329065,1.0,1.0,0.1921,crisis
2020-11-07,ETH,-0.041797576173595,1.0,1.0,0.1921,crisis
2020-11-08,ETH,0.0409481442341796,1.0,1.0,0.3168,crisis
2020-11-09,ETH,-0.0207069224414908,1.0,1.0,0.3168,crisis
2020-11-10,ETH,0.0124201483612957,1.0,1.0,0.3168,crisis
2020-11-11,ETH,0.0295341694953994,1.0,1.0,0.3168,crisis
2020-11-12,ETH,-0.0042233863542894,1.0,1.0,0.3168,crisis
2020-11-13,ETH,0.0295466351246946,1.0,1.0,0.3168,crisis
2020-11-14,ETH,-0.0305010255868504,1.0,1.0,0.3168,crisis
2020-11-15,ETH,-0.0273623027697621,1.0,1.0,0.3168,crisis
2020-11-16,ETH,0.0276638908314523,-1.0,-1.0,0.3168,crisis
2020-11-17,ETH,0.0443965639647849,-1.0,-1.0,0.3168,crisis
2020-11-18,ETH,-0.0018236467229407,1.0,1.0,0.3168,crisis
2020-11-19,ETH,-0.0163793506178249,1.0,1.0,0.3168,crisis
2020-11-20,ETH,0.0808135632175874,1.0,1.0,0.3168,trend
2020-11-21,ETH,0.0779646668833902,1.0,1.0,0.3168,trend
2020-11-22,ETH,0.0156172714922009,1.0,1.0,0.3168,trend
2020-11-23,ETH,0.0902863358746233,1.0,1.0,0.3168,trend
2020-11-24,ETH,-0.0074882803146703,1.0,1.0,0.3168,trend
2020-11-25,ETH,-0.0549946074800331,1.0,1.0,0.3168,trend
2020-11-26,ETH,-0.0909176663853871,1.0,1.0,0.3168,trend
2020-11-27,ETH,-0.0025201063807008,-1.0,-1.0,0.3168,crisis
2020-11-28,ETH,0.0400702142814093,-1.0,-1.0,0.3168,crisis
2020-11-29,ETH,0.0697253467964611,-1.0,-1.0,0.3168,crisis
2020-11-30,ETH,0.0678835010738645,-1.0,-1.0,0.3168,crisis
2020-12-01,ETH,-0.0447567796155885,1.0,1.0,0.3168,crisis
2020-12-02,ETH,0.0187770213387712,1.0,1.0,0.3168,crisis
2020-12-03,ETH,0.0306782184353293,1.0,1.0,0.3168,crisis
2020-12-04,ETH,-0.0767859284832894,1.0,1.0,0.3168,crisis
2020-12-05,ETH,0.0478459148875909,-1.0,-1.0,0.3168,crisis
2020-12-06,ETH,0.0089064331912647,-1.0,-1.0,0.3168,crisis
2020-12-07,ETH,-0.0167228149938393,1.0,1.0,0.3168,crisis
2020-12-08,ETH,-0.0625429395915874,-1.0,-1.0,0.3168,crisis
2020-12-09,ETH,0.0336164997011099,-1.0,-1.0,0.3168,crisis
2020-12-10,ETH,-0.0240646913190267,1.0,1.0,0.3168,crisis
2020-12-11,ETH,-0.0248020316315354,-1.0,-1.0,0.3168,crisis
2020-12-12,ETH,0.0417187037313706,-1.0,-1.0,0.3168,crisis
2020-12-13,ETH,0.0371035854901455,-1.0,-1.0,0.3168,crisis
2020-12-14,ETH,-0.0061934313089623,1.0,1.0,0.3168,crisis
2020-12-15,ETH,0.0057070949517077,1.0,1.0,0.3168,crisis
2020-12-16,ETH,0.0794532768323783,1.0,1.0,0.3168,crisis
2020-12-17,ETH,0.0105113562500893,1.0,1.0,0.3168,crisis
2020-12-18,ETH,0.0185776479395487,1.0,1.0,0.3168,crisis
2020-12-19,ETH,0.0068507636572292,1.0,1.0,0.3168,crisis
2020-12-20,ETH,-0.03186280386564,1.0,1.0,0.3168,crisis
2020-12-21,ETH,-0.0446081315524925,1.0,1.0,0.3168,crisis
2020-12-22,ETH,0.0410553988407462,-1.0,-1.0,0.3168,crisis
2020-12-23,ETH,-0.0805532804990381,-1.0,-1.0,0.3168,crisis
2020-12-24,ETH,0.0477846162211221,-1.0,-1.0,0.3168,crisis
2020-12-25,ETH,0.0242043068998456,-1.0,-1.0,0.3168,crisis
2020-12-26,ETH,0.0150462145354923,-1.0,-1.0,0.3168,crisis
2020-12-27,ETH,0.073614158590699,1.0,1.0,0.3168,crisis
2020-12-28,ETH,0.0699561139199806,1.0,1.0,0.3168,crisis
2020-12-29,ETH,0.0015372492130329,1.0,1.0,0.3168,crisis
2020-12-30,ETH,0.0274754101424536,1.0,1.0,0.3168,crisis
2020-12-31,ETH,-0.0183810581406915,1.0,1.0,0.3168,crisis
2021-01-01,ETH,-0.0100783650396739,1.0,1.0,0.3168,crisis
2021-01-02,ETH,0.0604728663111917,1.0,1.0,0.3168,crisis
2021-01-03,ETH,0.2594753293956862,1.0,1.0,0.3168,crisis
2021-01-04,ETH,0.0663504167438855,1.0,1.0,0.3168,crisis
2021-01-05,ETH,0.0574612317022096,1.0,1.0,0.3168,crisis
2021-01-06,ETH,0.0973686225551393,1.0,1.0,0.3168,crisis
2021-01-07,ETH,0.0153804412183933,1.0,1.0,0.3168,crisis
2021-01-08,ETH,-0.0012082756724967,1.0,1.0,0.3168,crisis
2021-01-09,ETH,0.0464632083587148,1.0,1.0,0.3168,crisis
2021-01-10,ETH,-0.0146990090603869,1.0,1.0,0.3168,crisis
2021-01-11,ETH,-0.1363452309284283,1.0,1.0,0.3168,crisis
2021-01-12,ETH,-0.0428482439504031,-1.0,-1.0,0.3168,crisis
2021-01-13,ETH,0.0836706124698987,-1.0,-1.0,0.3168,crisis
2021-01-14,ETH,0.0775719185228742,-1.0,-1.0,0.3168,crisis
2021-01-15,ETH,-0.0382603252575471,-1.0,-1.0,0.3168,crisis
2021-01-16,ETH,0.0526550446687277,-1.0,-1.0,0.3168,crisis
2021-01-17,ETH,-0.0027282155417935,1.0,1.0,0.3168,crisis
2021-01-18,ETH,0.02203536943575,1.0,1.0,0.3168,crisis
2021-01-19,ETH,0.09545717838129,1.0,1.0,0.3168,crisis
2021-01-20,ETH,0.0036144371152997,1.0,1.0,0.3168,crisis
2021-01-21,ETH,-0.1886045139928692,1.0,1.0,0.3168,crisis
2021-01-22,ETH,0.1024824037765284,-1.0,-1.0,0.3168,crisis
2021-01-23,ETH,-0.0044654686091367,1.0,1.0,0.3168,crisis
2021-01-24,ETH,0.1304792858187624,1.0,1.0,0.3168,crisis
2021-01-25,ETH,-0.0482855183970897,1.0,1.0,0.3168,crisis
2021-01-26,ETH,0.0246473466409749,-1.0,-1.0,0.3168,crisis
2021-01-27,ETH,-0.0765412853444538,1.0,1.0,0.3168,crisis
2021-01-28,ETH,0.0632826906474497,1.0,1.0,0.3168,crisis
2021-01-29,ETH,0.0375466664028283,1.0,1.0,0.3168,crisis
2021-01-30,ETH,-0.004634533699547,1.0,1.0,0.3168,crisis
2021-01-31,ETH,-0.0444216153479182,1.0,1.0,0.3168,crisis
2021-02-01,ETH,0.0411063789416012,-1.0,-1.0,0.3168,crisis
2021-02-02,ETH,0.1067559325842295,1.0,1.0,0.3168,crisis
2021-02-03,ETH,0.0961697622237385,1.0,1.0,0.3168,crisis
2021-02-04,ETH,-0.0398256790981091,1.0,1.0,0.3168,crisis
2021-02-05,ETH,0.0776844002922163,1.0,1.0,0.3168,crisis
2021-02-06,ETH,-0.0237419231847745,1.0,1.0,0.3168,crisis
2021-02-07,ETH,-0.0379170604181718,1.0,1.0,0.3168,crisis
2021-02-08,ETH,0.0820138517398312,1.0,1.0,0.3168,crisis
2021-02-09,ETH,0.0122626855699337,1.0,1.0,0.3168,crisis
2021-02-10,ETH,-0.0134565353721065,1.0,1.0,0.3168,crisis
2021-02-11,ETH,0.0226772050527257,1.0,1.0,0.3168,crisis
2021-02-12,ETH,0.0334873231294079,1.0,1.0,0.3168,crisis
2021-02-13,ETH,-0.0159599725047028,1.0,1.0,0.3168,crisis
2021-02-14,ETH,-0.0049753088380283,1.0,1.0,0.3168,crisis
2021-02-15,ETH,-0.0140121397834038,1.0,1.0,0.3168,crisis
2021-02-16,ETH,0.0007172130023165,1.0,1.0,0.3168,crisis
2021-02-17,ETH,0.037837278421823,-1.0,-1.0,0.3168,crisis
2021-02-18,ETH,0.0481433468691245,1.0,1.0,0.3168,crisis
2021-02-19,ETH,0.0117244756414987,1.0,1.0,0.3168,crisis
2021-02-20,ETH,-0.0207282252032828,1.0,1.0,0.3168,crisis
2021-02-21,ETH,0.0083702690961926,1.0,1.0,0.3168,crisis
2021-02-22,ETH,-0.0793594074434344,1.0,1.0,0.3168,crisis
2021-02-23,ETH,-0.1188494847886223,-1.0,-1.0,0.3168,crisis
2021-02-24,ETH,0.0359008796550073,-1.0,-1.0,0.3168,crisis
2021-02-25,ETH,-0.0927543364652123,-1.0,-1.0,0.3168,crisis
2021-02-26,ETH,-0.0201056914301596,-1.0,-1.0,0.3168,crisis
2021-02-27,ETH,0.0096397844724103,-1.0,-1.0,0.3168,crisis
2021-02-28,ETH,-0.0300856180132272,-1.0,-1.0,0.3168,crisis
2021-03-01,ETH,0.1049813224223257,-1.0,-1.0,0.3168,crisis
2021-03-02,ETH,-0.0460781778245346,-1.0,-1.0,0.3168,crisis
2021-03-03,ETH,0.0557710679028686,1.0,1.0,0.3168,crisis
2021-03-04,ETH,-0.0215368054986955,1.0,1.0,0.3168,crisis
2021-03-05,ETH,-0.0056029587308161,1.0,1.0,0.3547,crisis
2021-03-06,ETH,0.0792203295562015,1.0,1.0,0.3596,crisis
2021-03-07,ETH,0.0413431513355728,1.0,1.0,0.3555,crisis
2021-03-08,ETH,0.0647499347552393,1.0,1.0,0.3665,crisis
2021-03-09,ETH,0.0181612340204726,1.0,1.0,0.3614,crisis
2021-03-10,ETH,-0.0368740727342303,1.0,1.0,0.3614,crisis
2021-03-11,ETH,0.0150228953976485,1.0,1.0,0.3605,crisis
2021-03-12,ETH,-0.0296203477108477,1.0,1.0,0.3612,crisis
2021-03-13,ETH,0.0861028157003933,1.0,1.0,0.3168,crisis
2021-03-14,ETH,-0.0364324958490895,1.0,1.0,0.3168,crisis
2021-03-15,ETH,-0.0338958641090252,-1.0,-1.0,0.3168,crisis
2021-03-16,ETH,0.0085223597141907,1.0,1.0,0.3168,crisis
2021-03-17,ETH,0.009118868953279,-1.0,-1.0,0.3168,crisis
2021-03-18,ETH,-0.0222623340130677,1.0,1.0,0.3168,crisis
2021-03-19,ETH,0.0195018893679208,-1.0,-1.0,0.3168,crisis
2021-03-20,ETH,-0.0027450680414079,-1.0,-1.0,0.3168,crisis
2021-03-21,ETH,-0.0134707800195068,1.0,1.0,0.3202,crisis
2021-03-22,ETH,-0.0541785781135381,-1.0,-1.0,0.3195,crisis
2021-03-23,ETH,-0.0074993100167096,-1.0,-1.0,0.3168,crisis
2021-03-24,ETH,-0.0507769260405154,-1.0,-1.0,0.3168,crisis
2021-03-25,ETH,0.0012211524752892,-1.0,-1.0,0.3168,crisis
2021-03-26,ETH,0.0673721532554865,-1.0,-1.0,0.3168,crisis
2021-03-27,ETH,0.0080175304354608,-1.0,-1.0,0.3168,crisis
2021-03-28,ETH,-0.0146453542304518,1.0,1.0,0.3168,crisis
2021-03-29,ETH,0.0758734309940509,1.0,1.0,0.3168,crisis
2021-03-30,ETH,0.0144798444796452,1.0,1.0,0.3168,crisis
2021-03-31,ETH,0.0391804166290852,1.0,1.0,0.3168,crisis
2021-04-01,ETH,0.0307109883652931,1.0,1.0,0.3168,crisis
2021-04-02,ETH,0.0839279183437409,1.0,1.0,0.3168,crisis
2021-04-03,ETH,-0.0535655702037168,1.0,1.0,0.3168,crisis
2021-04-04,ETH,0.0318968646078672,1.0,1.0,0.3168,crisis
2021-04-05,ETH,0.0070537687887148,1.0,1.0,0.3168,crisis
2021-04-06,ETH,0.0049773532396577,1.0,1.0,0.3168,crisis
2021-04-07,ETH,-0.0695350748195203,1.0,1.0,0.3168,crisis
2021-04-08,ETH,0.0596102759232095,-1.0,-1.0,0.3168,crisis
2021-04-09,ETH,-0.0078832954325748,1.0,1.0,0.3168,crisis
2021-04-10,ETH,0.030805935133171,-1.0,-1.0,0.3183,crisis
2021-04-11,ETH,0.0101664007450605,1.0,1.0,0.3168,crisis
2021-04-12,ETH,-0.0084831421707054,1.0,1.0,0.3173,crisis
2021-04-13,ETH,0.0747115844712031,1.0,1.0,0.3178,crisis
2021-04-14,ETH,0.0591153274344402,1.0,1.0,0.3168,crisis
2021-04-15,ETH,0.0345000446151517,1.0,1.0,0.3168,crisis
2021-04-16,ETH,-0.0346032776717094,1.0,1.0,0.3168,crisis
2021-04-17,ETH,-0.0357949948666096,1.0,1.0,0.3168,crisis
2021-04-18,ETH,-0.045954320233136,1.0,1.0,0.3168,crisis
2021-04-19,ETH,-0.0317138572042666,-1.0,-1.0,0.3168,crisis
2021-04-20,ETH,0.0757192645447968,-1.0,-1.0,0.3168,crisis
2021-04-21,ETH,0.0148230234990796,-1.0,-1.0,0.3168,crisis
2021-04-22,ETH,0.0164006424514995,-1.0,-1.0,0.3168,crisis
2021-04-23,ETH,-0.0166209237695126,1.0,1.0,0.3168,crisis
2021-04-24,ETH,-0.0642923242651851,1.0,1.0,0.3168,crisis
2021-04-25,ETH,0.047220393740067,1.0,1.0,0.3168,crisis
2021-04-26,ETH,0.0943076430072797,-1.0,-1.0,0.3168,crisis
2021-04-27,ETH,0.0506547533786194,1.0,1.0,0.3168,crisis
2021-04-28,ETH,0.0313627935428457,1.0,1.0,0.3168,crisis
2021-04-29,ETH,0.0038220587415624,1.0,1.0,0.3168,crisis
2021-04-30,ETH,0.005923397526498,1.0,1.0,0.3168,crisis
2021-05-01,ETH,0.0622693470302462,1.0,1.0,0.3168,crisis
2021-05-02,ETH,0.0020921772956372,1.0,1.0,0.3168,crisis
2021-05-03,ETH,0.1622699584886129,1.0,1.0,0.3168,crisis
2021-05-04,ETH,-0.0517202943076531,1.0,1.0,0.3168,crisis
2021-05-05,ETH,0.082724175361259,1.0,1.0,0.3168,crisis
2021-05-06,ETH,-0.0090561440178746,1.0,1.0,0.3168,crisis
2021-05-07,ETH,-0.0017621248893077,1.0,1.0,0.3168,crisis
2021-05-08,ETH,0.1199286087105779,1.0,1.0,0.3168,crisis
2021-05-09,ETH,0.0067126278014506,1.0,1.0,0.3168,crisis
2021-05-10,ETH,0.0059684768378507,1.0,1.0,0.3168,crisis
2021-05-11,ETH,0.0547548410004177,1.0,1.0,0.3168,crisis
2021-05-12,ETH,-0.091839765739385,1.0,1.0,0.3168,crisis
2021-05-13,ETH,-0.0186748605582725,1.0,1.0,0.3168,crisis
2021-05-14,ETH,0.0979527310062897,-1.0,-1.0,0.3168,trend
2021-05-15,ETH,-0.1080973525030406,1.0,1.0,0.3168,trend
2021-05-16,ETH,-0.0139126631318687,-1.0,-1.0,0.3168,trend
2021-05-17,ETH,-0.0850474925014078,-1.0,-1.0,0.3168,trend
2021-05-18,ETH,0.0297564073756642,-1.0,-1.0,0.3168,crisis
2021-05-19,ETH,-0.2720034941722024,-1.0,-1.0,0.3168,crisis
2021-05-20,ETH,0.1315144982479312,-1.0,-1.0,0.3342,crisis
2021-05-21,ETH,-0.1270242393573958,-1.0,-1.0,0.3168,crisis
2021-05-22,ETH,-0.0555067008510092,-1.0,-1.0,0.3569,crisis
2021-05-23,ETH,-0.0810756114135492,-1.0,-1.0,0.3518,crisis
2021-05-24,ETH,0.2531362984543515,-1.0,-1.0,0.3572,crisis
2021-05-25,ETH,0.0238455344491472,1.0,1.0,0.3168,crisis
2021-05-26,ETH,0.0672681148857623,1.0,1.0,0.3168,crisis
2021-05-27,ETH,-0.052691616288219,1.0,1.0,0.3168,crisis
2021-05-28,ETH,-0.115689239130076,1.0,1.0,0.3168,crisis
2021-05-29,ETH,-0.0580155077676046,1.0,1.0,0.3168,crisis
2021-05-30,ETH,0.0486030144941196,-1.0,-1.0,0.3168,crisis
2021-05-31,ETH,0.1358152351044477,-1.0,-1.0,0.3168,crisis
2021-06-01,ETH,-0.0299921333878157,-1.0,-1.0,0.3168,crisis
2021-06-02,ETH,0.0275702238949109,-1.0,-1.0,0.3168,crisis
2021-06-03,ETH,0.0550608212273084,1.0,1.0,0.3168,crisis
2021-06-04,ETH,-0.058467251289869,1.0,1.0,0.3168,crisis
2021-06-05,ETH,-0.0214337734417706,1.0,1.0,0.3168,crisis
2021-06-06,ETH,0.032128263957071,-1.0,-1.0,0.3168,crisis
2021-06-07,ETH,-0.0459761784440635,1.0,1.0,0.3168,crisis
2021-06-08,ETH,-0.0281146963566797,-1.0,-1.0,0.3168,crisis
2021-06-09,ETH,0.036079674310903,-1.0,-1.0,0.3168,crisis
2021-06-10,ETH,-0.0524288849438505,-1.0,-1.0,0.3168,crisis
2021-06-11,ETH,-0.0476426752435461,-1.0,-1.0,0.3168,crisis
2021-06-12,ETH,0.0079513230786272,-1.0,-1.0,0.3168,crisis
2021-06-13,ETH,0.0572847720282667,-1.0,-1.0,0.3168,crisis
2021-06-14,ETH,0.0117603294877779,1.0,1.0,0.3168,crisis
2021-06-15,ETH,0.0287820284781383,-1.0,-1.0,0.3168,crisis
2021-06-16,ETH,-0.0931746782918195,1.0,1.0,0.3168,crisis
2021-06-17,ETH,0.0018323460112703,1.0,1.0,0.3168,crisis
2021-06-18,ETH,-0.0591351953329243,1.0,1.0,0.3168,crisis
2021-06-19,ETH,-0.02385326881795,-1.0,-1.0,0.3168,crisis
2021-06-20,ETH,0.031152402542067,-1.0,-1.0,0.3168,crisis
2021-06-21,ETH,-0.1593316631723415,-1.0,-1.0,0.3168,crisis
2021-06-22,ETH,-0.0071473718245484,-1.0,-1.0,0.3283,crisis
2021-06-23,ETH,0.0612209661051521,-1.0,-1.0,0.3285,crisis
2021-06-24,ETH,-0.0006433160408149,-1.0,-1.0,0.3289,crisis
2021-06-25,ETH,-0.0881281694624871,-1.0,-1.0,0.3308,crisis
2021-06-26,ETH,0.0088362121778853,-1.0,-1.0,0.332,crisis
2021-06-27,ETH,0.0818129147779052,-1.0,-1.0,0.3345,crisis
2021-06-28,ETH,0.050918737495069,1.0,1.0,0.3291,crisis
2021-06-29,ETH,0.0390020188354991,1.0,1.0,0.3267,crisis
2021-06-30,ETH,0.0526568703917187,1.0,1.0,0.3254,crisis
2021-07-01,ETH,-0.0707578676949732,1.0,1.0,0.3263,crisis
2021-07-02,ETH,0.0172382287005874,1.0,1.0,0.3222,crisis
2021-07-03,ETH,0.0353825810631045,1.0,1.0,0.3466,crisis
2021-07-04,ETH,0.0429492165308718,1.0,1.0,0.3473,crisis
2021-07-05,ETH,-0.053038860407105,1.0,1.0,0.3524,crisis
2021-07-06,ETH,0.057353737104673,-1.0,-1.0,0.3501,crisis
2021-07-07,ETH,-0.0040941464648761,1.0,1.0,0.3465,crisis
2021-07-08,ETH,-0.0842858985270649,1.0,1.0,0.3617,crisis
2021-07-09,ETH,0.0125781528181538,-1.0,-1.0,0.3558,crisis
2021-07-10,ETH,-0.0164386936115835,-1.0,-1.0,0.3556,crisis
2021-07-11,ETH,0.0133850444057908,-1.0,-1.0,0.3593,crisis
2021-07-12,ETH,-0.0481120808410068,-1.0,-1.0,0.3662,crisis
2021-07-13,ETH,-0.0474473831571082,-1.0,-1.0,0.3645,crisis
2021-07-14,ETH,0.0279613227520152,-1.0,-1.0,0.3747,crisis
2021-07-15,ETH,-0.0416960009088259,-1.0,-1.0,0.3666,crisis
2021-07-16,ETH,-0.0161119279965044,-1.0,-1.0,0.3654,crisis
2021-07-17,ETH,0.0098077154408986,-1.0,-1.0,0.3719,crisis
2021-07-18,ETH,-0.0017237349162748,-1.0,-1.0,0.3731,crisis
2021-07-19,ETH,-0.0412837463936153,-1.0,-1.0,0.3168,crisis
2021-07-20,ETH,-0.0163902183969766,-1.0,-1.0,0.3168,crisis
2021-07-21,ETH,0.1138231386284283,-1.0,-1.0,0.3168,crisis
2021-07-22,ETH,0.0171935887560743,1.0,1.0,0.3168,crisis
2021-07-23,ETH,0.049167349840369,1.0,1.0,0.3168,crisis
2021-07-24,ETH,0.0303289006139777,1.0,1.0,0.361,crisis
2021-07-25,ETH,0.0009843828063664,1.0,1.0,0.3602,crisis
2021-07-26,ETH,0.0191628285044775,1.0,1.0,0.3704,crisis
2021-07-27,ETH,0.0290891759502485,1.0,1.0,0.3749,crisis
2021-07-28,ETH,-0.0007779923760146,1.0,1.0,0.3306,crisis
2021-07-29,ETH,0.036755805733178,1.0,1.0,0.3384,crisis
2021-07-30,ETH,0.0361218813955417,1.0,1.0,0.3407,crisis
2021-07-31,ETH,0.0280703761447425,1.0,1.0,0.3837,crisis
2021-08-01,ETH,0.0101103971038232,1.0,1.0,0.384,crisis
2021-08-02,ETH,0.0188540433146873,1.0,1.0,0.3858,crisis
2021-08-03,ETH,-0.0413016776058937,1.0,1.0,0.3933,crisis
2021-08-04,ETH,0.0888246242008488,1.0,1.0,0.3982,crisis
2021-08-05,ETH,0.0376966289466806,1.0,1.0,0.378,crisis
2021-08-06,ETH,0.0224992550130005,1.0,1.0,0.377,crisis
2021-08-07,ETH,0.0921143182203774,1.0,1.0,0.3822,crisis
2021-08-08,ETH,-0.0454530410878398,1.0,1.0,0.3645,crisis
2021-08-09,ETH,0.0511404136452529,1.0,1.0,0.3608,crisis
2021-08-10,ETH,-0.0082595412799422,1.0,1.0,0.3635,crisis
2021-08-11,ETH,0.0071789217699496,1.0,1.0,0.3703,crisis
2021-08-12,ETH,-0.0381862991240937,1.0,1.0,0.3703,crisis
2021-08-13,ETH,0.0916067729171554,-1.0,-1.0,0.3725,crisis
2021-08-14,ETH,-0.0170875056098427,1.0,1.0,0.3536,crisis
2021-08-15,ETH,0.0137992872809313,1.0,1.0,0.3537,crisis
2021-08-16,ETH,-0.0465169720110694,1.0,1.0,0.3236,crisis
2021-08-17,ETH,-0.0448798184369586,1.0,1.0,0.3168,crisis
2021-08-18,ETH,0.0017393580222999,-1.0,-1.0,0.3168,crisis
2021-08-19,ETH,0.0538435321796872,-1.0,-1.0,0.3168,crisis
2021-08-20,ETH,0.0327498928380862,-1.0,-1.0,0.3168,crisis
2021-08-21,ETH,-0.0185130867372879,-1.0,-1.0,0.3168,crisis
2021-08-22,ETH,0.0049693356460249,1.0,1.0,0.3168,crisis
2021-08-23,ETH,0.0237936761396431,1.0,1.0,0.3168,crisis
2021-08-24,ETH,-0.0442270698085082,1.0,1.0,0.3168,crisis
2021-08-25,ETH,0.0165357626500253,-1.0,-1.0,0.3168,crisis
2021-08-26,ETH,-0.0386335245452562,-1.0,-1.0,0.3168,crisis
2021-08-27,ETH,0.0549217796487311,-1.0,-1.0,0.3168,crisis
2021-08-28,ETH,-0.0080099991184185,1.0,1.0,0.3168,crisis
2021-08-29,ETH,-0.0053632773264296,-1.0,-1.0,0.3168,crisis
2021-08-30,ETH,-0.000814507524435,1.0,1.0,0.3168,crisis
2021-08-31,ETH,0.0649299309148601,1.0,1.0,0.3168,crisis
2021-09-01,ETH,0.1168103338253734,1.0,1.0,0.3168,crisis
2021-09-02,ETH,-0.011431577462321,1.0,1.0,0.3168,crisis
2021-09-03,ETH,0.0394685177868603,1.0,1.0,0.3168,crisis
2021-09-04,ETH,-0.0133954675486739,1.0,1.0,0.3168,crisis
2021-09-05,ETH,0.0165401272061462,1.0,1.0,0.3168,crisis
2021-09-06,ETH,-0.0060104624807395,1.0,1.0,0.3168,crisis
2021-09-07,ETH,-0.1277842736169259,1.0,1.0,0.3168,crisis
2021-09-08,ETH,0.0206984055233558,-1.0,-1.0,0.3168,crisis
2021-09-09,ETH,-0.0200082331570889,-1.0,-1.0,0.3168,crisis
2021-09-10,ETH,-0.0629742666268234,-1.0,-1.0,0.3168,crisis
2021-09-11,ETH,0.0183005167576786,-1.0,-1.0,0.3168,crisis
2021-09-12,ETH,0.0427659183882653,-1.0,-1.0,0.3168,crisis
2021-09-13,ETH,-0.036544834800279,-1.0,-1.0,0.3168,crisis
2021-09-14,ETH,0.0437246831793467,-1.0,-1.0,0.3168,crisis
2021-09-15,ETH,0.0542734990099231,1.0,1.0,0.3168,crisis
2021-09-16,ETH,-0.0121671792881213,1.0,1.0,0.3168,crisis
2021-09-17,ETH,-0.0483735192121642,1.0,1.0,0.3168,crisis
2021-09-18,ETH,0.0098511430873289,1.0,1.0,0.3168,crisis
2021-09-19,ETH,-0.0298862952405565,1.0,1.0,0.3168,crisis
2021-09-20,ETH,-0.1112660687480526,-1.0,-1.0,0.3168,crisis
2021-09-21,ETH,-0.0657528520746265,-1.0,-1.0,0.3168,crisis
2021-09-22,ETH,0.1133820125389579,-1.0,-1.0,0.3168,crisis
2021-09-23,ETH,0.0252303749670717,-1.0,-1.0,0.3168,crisis
2021-09-24,ETH,-0.0709405204245252,-1.0,-1.0,0.3168,crisis
2021-09-25,ETH,-0.0020819250845074,-1.0,-1.0,0.3168,crisis
2021-09-26,ETH,0.0467259061227558,-1.0,-1.0,0.3168,crisis
2021-09-27,ETH,-0.0418404184185348,1.0,1.0,0.3168,crisis
2021-09-28,ETH,-0.0432298158972288,-1.0,-1.0,0.3168,crisis
2021-09-29,ETH,0.0163312559077397,-1.0,-1.0,0.3168,crisis
2021-09-30,ETH,0.0520603518169509,-1.0,-1.0,0.3168,crisis
2021-10-01,ETH,0.101888697219175,1.0,1.0,0.3168,crisis
2021-10-02,ETH,0.0254505858091618,1.0,1.0,0.3168,crisis
2021-10-03,ETH,0.0078616478961848,1.0,1.0,0.3168,crisis
2021-10-04,ETH,-0.0111952943653499,1.0,1.0,0.3168,crisis
2021-10-05,ETH,0.0409543768817923,1.0,1.0,0.3168,crisis
2021-10-06,ETH,0.0176334033960381,1.0,1.0,0.3168,crisis
2021-10-07,ETH,0.0020703011908782,1.0,1.0,0.3168,crisis
2021-10-08,ETH,-0.006749093056811,1.0,1.0,0.3168,crisis
2021-10-09,ETH,0.0033553106707484,1.0,1.0,0.3168,crisis
2021-10-10,ETH,-0.0419116004385047,1.0,1.0,0.3168,crisis
2021-10-11,ETH,0.0348821821209122,-1.0,-1.0,0.3168,crisis
2021-10-12,ETH,-0.0148873036826777,-1.0,-1.0,0.3168,crisis
2021-10-13,ETH,0.0325342978054716,-1.0,-1.0,0.3168,crisis
2021-10-14,ETH,0.049862020193349,1.0,1.0,0.3168,crisis
2021-10-15,ETH,0.0202378021390146,1.0,1.0,0.3168,crisis
2021-10-16,ETH,-0.0083499185151812,1.0,1.0,0.3168,crisis
2021-10-17,ETH,0.0043657295172585,1.0,1.0,0.3207,crisis
2021-10-18,ETH,-0.0255631835529713,1.0,1.0,0.3207,crisis
2021-10-19,ETH,0.0343822000528559,1.0,1.0,0.325,crisis
2021-10-20,ETH,0.0717809099596558,1.0,1.0,0.3247,crisis
2021-10-21,ETH,-0.0244633360715984,1.0,1.0,0.3168,crisis
2021-10-22,ETH,-0.0207533722024367,1.0,1.0,0.3168,crisis
2021-10-23,ETH,0.0507487302348161,1.0,1.0,0.3168,crisis
2021-10-24,ETH,-0.0200784403048516,1.0,1.0,0.3168,crisis
2021-10-25,ETH,0.0317947550446424,1.0,1.0,0.3168,crisis
2021-10-26,ETH,-0.0205731232342989,1.0,1.0,0.3168,crisis
2021-10-27,ETH,-0.0486177112290211,1.0,1.0,0.3183,crisis
2021-10-28,ETH,0.09084940093801,-1.0,-1.0,0.3168,crisis
2021-10-29,ETH,0.029722010166018,1.0,1.0,0.3168,crisis
2021-10-30,ETH,-0.0201814962083862,1.0,1.0,0.3168,crisis
2021-10-31,ETH,-0.0086868259063281,1.0,1.0,0.3168,crisis
2021-11-01,ETH,0.0085242774519083,1.0,1.0,0.3327,crisis
2021-11-02,ETH,0.0601605358843722,1.0,1.0,0.3332,crisis
2021-11-03,ETH,0.0048846242486955,1.0,1.0,0.3277,crisis
2021-11-04,ETH,-0.0151653330023857,1.0,1.0,0.3285,crisis
2021-11-05,ETH,-0.0112579688434899,1.0,1.0,0.328,crisis
2021-11-06,ETH,0.0078769449922102,1.0,1.0,0.3276,crisis
2021-11-07,ETH,0.021889164788917,1.0,1.0,0.3168,crisis
2021-11-08,ETH,0.0414523207271855,1.0,1.0,0.3168,crisis
2021-11-09,ETH,-0.0160052277209237,1.0,1.0,0.3168,crisis
2021-11-10,ETH,-0.0208855529733111,1.0,1.0,0.3168,crisis
2021-11-11,ETH,0.0203206252629706,1.0,1.0,0.3168,crisis
2021-11-12,ETH,-0.0133750323989063,1.0,1.0,0.3168,crisis
2021-11-13,ETH,-0.0033542744008004,1.0,1.0,0.3168,crisis
2021-11-14,ETH,-0.0053964905805479,-1.0,-1.0,0.3168,crisis
2021-11-15,ETH,-0.0148831904646259,-1.0,-1.0,0.3168,crisis
2021-11-16,ETH,-0.0748520854600199,-1.0,-1.0,0.3168,crisis
2021-11-17,ETH,0.0168933457292292,-1.0,-1.0,0.3168,crisis
2021-11-18,ETH,-0.0669239876314657,-1.0,-1.0,0.3168,crisis
2021-11-19,ETH,0.0744018337836385,-1.0,-1.0,0.3168,crisis
2021-11-20,ETH,0.0259694156446965,-1.0,-1.0,0.3168,crisis
2021-11-21,ETH,-0.031791480942506,-1.0,-1.0,0.3168,crisis
2021-11-22,ETH,-0.0424558515248536,1.0,1.0,0.3168,crisis
2021-11-23,ETH,0.061711756067287,-1.0,-1.0,0.3168,crisis
2021-11-24,ETH,-0.0232176257867932,1.0,1.0,0.3168,crisis
2021-11-25,ETH,0.0081985544508527,-1.0,-1.0,0.3168,crisis
2021-11-26,ETH,-0.0570406733591679,-1.0,-1.0,0.3168,crisis
2021-11-27,ETH,0.0163742656764263,-1.0,-1.0,0.3168,crisis
2021-11-28,ETH,0.0482171690855202,1.0,1.0,0.3168,crisis
2021-11-29,ETH,0.0350804504492929,-1.0,-1.0,0.3168,crisis
2021-11-30,ETH,0.0419279239199985,1.0,1.0,0.3168,crisis
2021-12-01,ETH,-0.0096057370644944,1.0,1.0,0.3168,crisis
2021-12-02,ETH,-0.0165005775931333,1.0,1.0,0.3168,crisis
2021-12-03,ETH,-0.0644151456839035,1.0,1.0,0.3168,crisis
2021-12-04,ETH,-0.0239577575489883,-1.0,-1.0,0.3168,crisis
2021-12-05,ETH,0.0191124362400236,-1.0,-1.0,0.3168,crisis
2021-12-06,ETH,0.0382091992884527,-1.0,-1.0,0.3168,crisis
2021-12-07,ETH,-0.0100202829849438,-1.0,-1.0,0.3168,crisis
2021-12-08,ETH,0.0288052409087626,-1.0,-1.0,0.3168,crisis
2021-12-09,ETH,-0.0719793264373795,1.0,1.0,0.3168,crisis
2021-12-10,ETH,-0.0512935112700229,1.0,1.0,0.3168,crisis
2021-12-11,ETH,0.0450189266171952,-1.0,-1.0,0.3168,crisis
2021-12-12,ETH,0.0122417224185871,-1.0,-1.0,0.3168,crisis
2021-12-13,ETH,-0.0847092245989304,-1.0,-1.0,0.3168,crisis
2021-12-14,ETH,-0.0102494852806026,-1.0,-1.0,0.338,crisis
2021-12-15,ETH,0.0728748053297094,-1.0,-1.0,0.3391,crisis
2021-12-16,ETH,-0.0139157632271563,1.0,1.0,0.3195,crisis
2021-12-17,ETH,-0.020942280956898,-1.0,-1.0,0.3186,crisis
2021-12-18,ETH,0.0209753362050504,-1.0,-1.0,0.3195,crisis
2021-12-19,ETH,-0.0096614313778197,1.0,1.0,0.3221,crisis
2021-12-20,ETH,0.0028684990961875,1.0,1.0,0.3415,crisis
2021-12-21,ETH,0.0219671946183668,-1.0,-1.0,0.3439,crisis
2021-12-22,ETH,-0.0094920229780982,1.0,1.0,0.3439,crisis
2021-12-23,ETH,0.0316205087709402,1.0,1.0,0.354,crisis
2021-12-24,ETH,-0.0146135556248645,1.0,1.0,0.3517,crisis
2021-12-25,ETH,0.0111902882765324,1.0,1.0,0.3549,crisis
2021-12-26,ETH,-0.006340361392786,1.0,1.0,0.3562,crisis
2021-12-27,ETH,-0.0073218871610278,1.0,1.0,0.3668,crisis
2021-12-28,ETH,-0.058613436676413,1.0,1.0,0.4061,crisis
2021-12-29,ETH,-0.0453475867680666,-1.0,-1.0,0.3969,crisis
2021-12-30,ETH,0.0235137291483122,-1.0,-1.0,0.3893,crisis
2021-12-31,ETH,-0.0084061610032857,-1.0,-1.0,0.3864,crisis
2022-01-01,ETH,0.023641838167751,-1.0,-1.0,0.3867,crisis
2022-01-02,ETH,0.0158813611758912,-1.0,-1.0,0.4027,crisis
2022-01-03,ETH,-0.0178047823592886,1.0,1.0,0.4013,crisis
2022-01-04,ETH,0.0086873079315157,1.0,1.0,0.4009,crisis
2022-01-05,ETH,-0.0642240485092586,1.0,1.0,0.4007,crisis
2022-01-06,ETH,-0.0371730634280415,-1.0,-1.0,0.3929,crisis
2022-01-07,ETH,-0.0658779585481866,-1.0,-1.0,0.3907,crisis
2022-01-08,ETH,-0.0317040779424728,-1.0,-1.0,0.3866,crisis
2022-01-09,ETH,0.0212740589606401,-1.0,-1.0,0.3841,crisis
2022-01-10,ETH,-0.0236413680064017,-1.0,-1.0,0.3817,crisis
2022-01-11,ETH,0.0502785434920376,-1.0,-1.0,0.3834,crisis
2022-01-12,ETH,0.0414274571835602,-1.0,-1.0,0.3696,crisis
2022-01-13,ETH,-0.0367616343427132,1.0,1.0,0.3604,crisis
2022-01-14,ETH,0.0189985862447097,1.0,1.0,0.3562,crisis
2022-01-15,ETH,0.0062022017491671,1.0,1.0,0.2296,crisis
2022-01-16,ETH,0.0061224815923113,1.0,1.0,0.2319,crisis
2022-01-17,ETH,-0.0413668084575606,1.0,1.0,0.2332,crisis
2022-01-18,ETH,-0.0150296395216726,-1.0,-1.0,0.2299,crisis
2022-01-19,ETH,-0.0215545754513922,-1.0,-1.0,0.2583,crisis
2022-01-20,ETH,-0.0305914520898736,-1.0,-1.0,0.2616,crisis
2022-01-21,ETH,-0.1476743546598975,-1.0,-1.0,0.262,crisis
2022-01-22,ETH,-0.0597164075283603,-1.0,-1.0,0.4557,crisis
2022-01-23,ETH,0.0539909062690386,-1.0,-1.0,0.4656,crisis
2022-01-24,ETH,-0.0373512065272663,-1.0,-1.0,0.4492,crisis
2022-01-25,ETH,0.0063854566016148,-1.0,-1.0,0.4466,crisis
2022-01-26,ETH,0.004924891967899,-1.0,-1.0,0.4563,crisis
2022-01-27,ETH,-0.0182449353312259,-1.0,-1.0,0.4582,crisis
2022-01-28,ETH,0.0512136846041251,1.0,1.0,0.4723,crisis
2022-01-29,ETH,0.0196273534588549,1.0,1.0,0.4646,crisis
2022-01-30,ETH,0.0024573075711489,1.0,1.0,0.4727,crisis
2022-01-31,ETH,0.0325766642825882,1.0,1.0,0.4722,crisis
2022-02-01,ETH,0.0386263428385125,1.0,1.0,0.4647,crisis
2022-02-02,ETH,-0.0391327355753222,1.0,1.0,0.4624,crisis
2022-02-03,ETH,-0.0013759251322007,1.0,1.0,0.4588,crisis
2022-02-04,ETH,0.1136266670311696,1.0,1.0,0.4617,crisis
2022-02-05,ETH,0.0104107170970868,1.0,1.0,0.4097,crisis
2022-02-06,ETH,0.0142065933111914,1.0,1.0,0.4089,crisis
2022-02-07,ETH,0.0277989514367558,1.0,1.0,0.4119,crisis
2022-02-08,ETH,-0.0063205236972052,1.0,1.0,0.4039,crisis
2022-02-09,ETH,0.0374201195367862,1.0,1.0,0.4131,crisis
2022-02-10,ETH,-0.0500006179903316,1.0,1.0,0.4159,crisis
2022-02-11,ETH,-0.0487731931961996,1.0,1.0,0.4081,crisis
2022-02-12,ETH,-0.0034231086563658,-1.0,-1.0,0.3685,crisis
2022-02-13,ETH,-0.0116198829107584,-1.0,-1.0,0.3686,crisis
2022-02-14,ETH,0.0173456772039781,-1.0,-1.0,0.3933,crisis
2022-02-15,ETH,0.0839952128620211,-1.0,-1.0,0.3916,crisis
2022-02-16,ETH,-0.0163676506707177,1.0,1.0,0.3613,crisis
2022-02-17,ETH,-0.0787600791533167,1.0,1.0,0.3628,crisis
2022-02-18,ETH,-0.0332309543276664,-1.0,-1.0,0.3886,crisis
2022-02-19,ETH,-0.0079068634238769,-1.0,-1.0,0.3857,crisis
2022-02-20,ETH,-0.0488666197884828,-1.0,-1.0,0.3884,crisis
2022-02-21,ETH,-0.0208594936501945,-1.0,-1.0,0.3815,crisis
2022-02-22,ETH,0.0254420479834147,-1.0,-1.0,0.3861,crisis
2022-02-23,ETH,-0.0185426855383203,-1.0,-1.0,0.3825,crisis
2022-02-24,ETH,0.0029754631265472,-1.0,-1.0,0.3831,crisis
2022-02-25,ETH,0.0640739815309288,-1.0,-1.0,0.3828,crisis
2022-02-26,ETH,0.0059960058419903,1.0,1.0,0.3651,crisis
2022-02-27,ETH,-0.0572828671087415,1.0,1.0,0.3612,crisis
2022-02-28,ETH,0.1134332194172587,-1.0,-1.0,0.3688,crisis
2022-03-01,ETH,0.0182529166061724,1.0,1.0,0.3265,crisis
2022-03-02,ETH,-0.0075245790678323,1.0,1.0,0.3253,crisis
2022-03-03,ETH,-0.0392016177184361,1.0,1.0,0.3273,crisis
2022-03-04,ETH,-0.0766679715779132,1.0,1.0,0.3246,crisis
2022-03-05,ETH,0.018216357267732,1.0,1.0,0.3385,crisis
2022-03-06,ETH,-0.0412009988320818,-1.0,-1.0,0.3375,crisis
2022-03-07,ETH,-0.0224130239045053,-1.0,-1.0,0.3338,crisis
2022-03-08,ETH,0.0316187155521754,-1.0,-1.0,0.336,crisis
2022-03-09,ETH,0.0593911064983772,-1.0,-1.0,0.3203,crisis
2022-03-10,ETH,-0.0445950624410114,1.0,1.0,0.3168,crisis
2022-03-11,ETH,-0.018590756322895,-1.0,-1.0,0.3168,crisis
2022-03-12,ETH,0.0059350608595789,1.0,1.0,0.3168,crisis
2022-03-13,ETH,-0.0216756890377408,1.0,1.0,0.3168,crisis
2022-03-14,ETH,0.0284847334122471,-1.0,-1.0,0.3214,crisis
2022-03-15,ETH,0.0113689961193954,-1.0,-1.0,0.3217,crisis
2022-03-16,ETH,0.0579760798715409,1.0,1.0,0.3226,crisis
2022-03-17,ETH,0.0154393826501584,1.0,1.0,0.3168,crisis
2022-03-18,ETH,0.0463571121536796,1.0,1.0,0.3168,crisis
2022-03-19,ETH,0.0003103416120107,1.0,1.0,0.3168,crisis
2022-03-20,ETH,-0.0291209657645438,1.0,1.0,0.3168,crisis
2022-03-21,ETH,0.0131158429424089,1.0,1.0,0.3168,crisis
2022-03-22,ETH,0.0259334537028799,1.0,1.0,0.3168,crisis
2022-03-23,ETH,0.0194865389850258,1.0,1.0,0.3168,crisis
2022-03-24,ETH,0.0254019028693015,1.0,1.0,0.3168,crisis
2022-03-25,ETH,-0.0004474251140281,1.0,1.0,0.3168,crisis
2022-03-26,ETH,0.0117513453516351,1.0,1.0,0.3168,crisis
2022-03-27,ETH,0.0472129279819948,1.0,1.0,0.3168,crisis
2022-03-28,ETH,0.0136885377586113,1.0,1.0,0.3168,crisis
2022-03-29,ETH,0.0195865837458582,1.0,1.0,0.3168,crisis
2022-03-30,ETH,-0.0049470588986706,1.0,1.0,0.3168,crisis
2022-03-31,ETH,-0.0305791156492464,1.0,1.0,0.3168,crisis
2022-04-01,ETH,0.0511662703475455,1.0,1.0,0.3168,crisis
2022-04-02,ETH,-0.0013024646682661,1.0,1.0,0.3168,crisis
2022-04-03,ETH,0.0225755676632417,1.0,1.0,0.3168,crisis
2022-04-04,ETH,-0.0004519898990444,1.0,1.0,0.1921,crisis
2022-04-05,ETH,-0.0310824291527618,1.0,1.0,0.1921,crisis
2022-04-06,ETH,-0.0703737367709165,1.0,1.0,0.1921,crisis
2022-04-07,ETH,0.019416376407197,-1.0,-1.0,0.1921,crisis
2022-04-08,ETH,-0.0127427107032864,-1.0,-1.0,0.1921,crisis
2022-04-09,ETH,0.0218799080822671,-1.0,-1.0,0.1921,crisis
2022-04-10,ETH,-0.0153435319672633,-1.0,-1.0,0.1921,crisis
2022-04-11,ETH,-0.071863094373458,-1.0,-1.0,0.1921,crisis
2022-04-12,ETH,0.0165459088530341,-1.0,-1.0,0.1947,crisis
2022-04-13,ETH,0.0290286617712483,-1.0,-1.0,0.2036,crisis
2022-04-14,ETH,-0.0315663720652533,-1.0,-1.0,0.2006,crisis
2022-04-15,ETH,0.0069561954118133,-1.0,-1.0,0.3215,crisis
2022-04-16,ETH,0.0070353128080442,-1.0,-1.0,0.1977,crisis
2022-04-17,ETH,-0.022501632953508,1.0,1.0,0.2274,crisis
2022-04-18,ETH,0.0214482855367188,-1.0,-1.0,0.2263,crisis
2022-04-19,ETH,0.0152078931602848,-1.0,-1.0,0.1921,crisis
2022-04-20,ETH,-0.0084921687343976,1.0,1.0,0.1952,crisis
2022-04-21,ETH,-0.0293283270060152,1.0,1.0,0.1952,crisis
2022-04-22,ETH,-0.0075799717914627,-1.0,-1.0,0.1921,crisis
2022-04-23,ETH,-0.0090128703412978,-1.0,-1.0,0.1921,crisis
2022-04-24,ETH,-0.0052351091838765,-1.0,-1.0,0.1924,crisis
2022-04-25,ETH,0.0296506381440675,-1.0,-1.0,0.1943,crisis
2022-04-26,ETH,-0.0668225046639444,-1.0,-1.0,0.1921,crisis
2022-04-27,ETH,0.0287118168722544,-1.0,-1.0,0.2357,crisis
2022-04-28,ETH,0.016619037381383,-1.0,-1.0,0.2319,crisis
2022-04-29,ETH,-0.0413147947872392,1.0,1.0,0.2177,crisis
2022-04-30,ETH,-0.0303363347974304,-1.0,-1.0,0.2813,crisis
2022-05-01,ETH,0.0357372386007317,-1.0,-1.0,0.2778,crisis
2022-05-02,ETH,0.0104868651289027,1.0,1.0,0.2696,crisis
2022-05-03,ETH,-0.0258745058186751,-1.0,-1.0,0.279,crisis
2022-05-04,ETH,0.0564648084104726,-1.0,-1.0,0.238,crisis
2022-05-05,ETH,-0.0650985260875554,1.0,1.0,0.3446,crisis
2022-05-06,ETH,-0.0197268803031975,1.0,1.0,0.3789,crisis
2022-05-07,ETH,-0.0218505237557861,-1.0,-1.0,0.3797,crisis
2022-05-08,ETH,-0.0450033651504518,-1.0,-1.0,0.3821,crisis
2022-05-09,ETH,-0.1080571469801336,-1.0,-1.0,0.4,crisis
2022-05-10,ETH,0.0436800737783102,-1.0,-1.0,0.4689,crisis
2022-05-11,ETH,-0.1158101435552646,-1.0,-1.0,0.458,crisis
2022-05-12,ETH,-0.053282488294059,-1.0,-1.0,0.5166,crisis
2022-05-13,ETH,0.0268729334107185,-1.0,-1.0,0.5049,crisis
2022-05-14,ETH,0.0207780651618332,-1.0,-1.0,0.5054,crisis
2022-05-15,ETH,0.0434926787753466,-1.0,-1.0,0.5035,crisis
2022-05-16,ETH,-0.0573148370969237,-1.0,-1.0,0.5119,crisis
2022-05-17,ETH,0.0334613927641422,-1.0,-1.0,0.4989,crisis
2022-05-18,ETH,-0.0831191584146158,1.0,1.0,0.505,crisis
2022-05-19,ETH,0.0530507545037663,-1.0,-1.0,0.5061,crisis
2022-05-20,ETH,-0.0282512439360573,-1.0,-1.0,0.492,crisis
2022-05-21,ETH,0.0067315205272289,-1.0,-1.0,0.4912,crisis
2022-05-22,ETH,0.0347689130569448,-1.0,-1.0,0.4952,crisis
2022-05-23,ETH,-0.0347441845181372,-1.0,-1.0,0.4904,crisis
2022-05-24,ETH,0.0034484158752532,1.0,1.0,0.4913,crisis
2022-05-25,ETH,-0.0172588197493102,-1.0,-1.0,0.491,crisis
2022-05-26,ETH,-0.0724560523674635,-1.0,-1.0,0.4922,crisis
2022-05-27,ETH,-0.0437884000292874,-1.0,-1.0,0.4967,crisis
2022-05-28,ETH,0.0191422595326671,-1.0,-1.0,0.4938,crisis
2022-05-29,ETH,0.0307685011220355,-1.0,-1.0,0.4939,crisis
2022-05-30,ETH,0.1017699353509979,-1.0,-1.0,0.4864,crisis
2022-05-31,ETH,-0.0271048698896418,1.0,1.0,0.438,crisis
2022-06-01,ETH,-0.0611424367115437,1.0,1.0,0.4502,crisis
2022-06-02,ETH,0.0058024537643219,1.0,1.0,0.4399,crisis
2022-06-03,ETH,-0.0322066804251824,1.0,1.0,0.443,crisis
2022-06-04,ETH,0.0149463148226545,-1.0,-1.0,0.4415,crisis
2022-06-05,ETH,0.0019956927348694,-1.0,-1.0,0.4408,crisis
2022-06-06,ETH,0.0299604300417379,-1.0,-1.0,0.4494,crisis
2022-06-07,ETH,-0.0243325898424566,1.0,1.0,0.4466,crisis
2022-06-08,ETH,-0.01128750197501,-1.0,-1.0,0.4457,crisis
2022-06-09,ETH,-0.0020886896458599,1.0,1.0,0.4494,crisis
2022-06-10,ETH,-0.0697184027968412,-1.0,-1.0,0.4494,crisis
2022-06-11,ETH,-0.081306516571156,-1.0,-1.0,0.447,crisis
2022-06-12,ETH,-0.0552061953859559,-1.0,-1.0,0.4524,crisis
2022-06-13,ETH,-0.1665036209329436,-1.0,-1.0,0.4512,crisis
2022-06-14,ETH,0.0058776186564533,-1.0,-1.0,0.5116,crisis
2022-06-15,ETH,0.0177801764306098,-1.0,-1.0,0.5118,crisis
2022-06-16,ETH,-0.13418330070586,-1.0,-1.0,0.5099,crisis
2022-06-17,ETH,0.0175967348245369,-1.0,-1.0,0.5488,crisis
2022-06-18,ETH,-0.0854862941009796,-1.0,-1.0,0.5497,crisis
2022-06-19,ETH,0.1348779725972366,-1.0,-1.0,0.5435,crisis
2022-06-20,ETH,-1.2448902667161477e-05,-1.0,-1.0,0.4799,crisis
2022-06-21,ETH,-0.0024989047535589,-1.0,-1.0,0.4799,crisis
2022-06-22,ETH,-0.0652570284667867,1.0,1.0,0.4796,crisis
2022-06-23,ETH,0.0874671204172921,-1.0,-1.0,0.4735,crisis
2022-06-24,ETH,0.0729919339134357,1.0,1.0,0.4492,crisis
2022-06-25,ETH,0.0135324157100793,1.0,1.0,0.4368,crisis
2022-06-26,ETH,-0.0350760731282955,1.0,1.0,0.4417,crisis
2022-06-27,ETH,-0.0051265532955927,1.0,1.0,0.4443,crisis
2022-06-28,ETH,-0.0411344858871874,1.0,1.0,0.4461,crisis
2022-06-29,ETH,-0.0398708757194797,1.0,1.0,0.4461,crisis
2022-06-30,ETH,-0.0287958475755975,-1.0,-1.0,0.4452,crisis
2022-07-01,ETH,-0.0070565936569574,-1.0,-1.0,0.4503,crisis
2022-07-02,ETH,0.0063650606903278,-1.0,-1.0,0.4516,crisis
2022-07-03,ETH,0.0068017470323764,-1.0,-1.0,0.4509,crisis
2022-07-04,ETH,0.0719822052433643,-1.0,-1.0,0.4615,crisis
2022-07-05,ETH,-0.0143503202086733,1.0,1.0,0.4505,crisis
2022-07-06,ETH,0.0462151501588095,1.0,1.0,0.4506,crisis
2022-07-07,ETH,0.042645740182406,1.0,1.0,0.4432,crisis
2022-07-08,ETH,-0.0121907230603751,1.0,1.0,0.4394,crisis
2022-07-09,ETH,-0.004521820818469,1.0,1.0,0.4288,crisis
2022-07-10,ETH,-0.03991579906928,1.0,1.0,0.4351,crisis
2022-07-11,ETH,-0.0609080288597055,1.0,1.0,0.4057,crisis
2022-07-12,ETH,-0.0538123895679865,-1.0,-1.0,0.4039,crisis
2022-07-13,ETH,0.0726219554781932,-1.0,-1.0,0.4022,crisis
2022-07-14,ETH,0.0699892112978604,-1.0,-1.0,0.389,crisis
2022-07-15,ETH,0.0349156432297854,-1.0,-1.0,0.3814,crisis
2022-07-16,ETH,0.0969057575317808,1.0,1.0,0.3829,crisis
2022-07-17,ETH,-0.0103433749227035,1.0,1.0,0.3639,crisis
2022-07-18,ETH,0.1793483811570635,1.0,1.0,0.3601,crisis
2022-07-19,ETH,-0.0226403183766742,1.0,1.0,0.3168,crisis
2022-07-20,ETH,-0.014760143806359,1.0,1.0,0.3168,crisis
2022-07-21,ETH,0.0371982651601752,1.0,1.0,0.3168,crisis
2022-07-22,ETH,-0.0249528286256925,1.0,1.0,0.3168,crisis
2022-07-23,ETH,0.0077353285656676,1.0,1.0,0.3168,crisis
2022-07-24,ETH,0.0323883564603886,-1.0,-1.0,0.3168,crisis
2022-07-25,ETH,-0.0963397986386691,1.0,1.0,0.3168,crisis
2022-07-26,ETH,-0.0024745407341075,-1.0,-1.0,0.324,crisis
2022-07-27,ETH,0.134848794131644,-1.0,-1.0,0.3269,crisis
2022-07-28,ETH,0.0545371544562234,1.0,1.0,0.3168,crisis
2022-07-29,ETH,0.0011236618798609,1.0,1.0,0.3168,crisis
2022-07-30,ETH,-0.018199243328242,1.0,1.0,0.3168,crisis
2022-07-31,ETH,-0.0085214672712519,1.0,1.0,0.3168,crisis
2022-08-01,ETH,-0.0275474610144907,1.0,1.0,0.3179,crisis
2022-08-02,ETH,-0.0013762059625289,1.0,1.0,0.3168,crisis
2022-08-03,ETH,-0.0086168971440647,-1.0,-1.0,0.3184,crisis
2022-08-04,ETH,-0.0065901965190298,-1.0,-1.0,0.3186,crisis
2022-08-05,ETH,0.0771349209855278,-1.0,-1.0,0.3186,crisis
2022-08-06,ETH,-0.0234356755126445,1.0,1.0,0.3168,crisis
2022-08-07,ETH,0.0045474609258162,1.0,1.0,0.3168,crisis
2022-08-08,ETH,0.0448202230257677,1.0,1.0,0.3168,crisis
2022-08-09,ETH,-0.0408281785363355,1.0,1.0,0.3168,crisis
2022-08-10,ETH,0.0873255819704439,1.0,1.0,0.3168,crisis
2022-08-11,ETH,0.0159209190877787,1.0,1.0,0.3168,crisis
2022-08-12,ETH,0.0404111014816181,1.0,1.0,0.3168,crisis
2022-08-13,ETH,0.0123081524904664,1.0,1.0,0.3168,crisis
2022-08-14,ETH,-0.022477022364892,1.0,1.0,0.3168,crisis
2022-08-15,ETH,-0.0168183699243464,1.0,1.0,0.3168,crisis
2022-08-16,ETH,-0.013700430342454,1.0,1.0,0.3168,crisis
2022-08-17,ETH,-0.0240343024615425,-1.0,-1.0,0.3168,crisis
2022-08-18,ETH,0.0076422157717406,-1.0,-1.0,0.3168,crisis
2022-08-19,ETH,-0.1267025002432142,-1.0,-1.0,0.3168,crisis
2022-08-20,ETH,-0.0223086197908941,-1.0,-1.0,0.3168,crisis
2022-08-21,ETH,0.0268326468023576,-1.0,-1.0,0.3168,crisis
2022-08-22,ETH,0.001968043176185,-1.0,-1.0,0.3168,crisis
2022-08-23,ETH,0.0248159585084317,-1.0,-1.0,0.3168,crisis
2022-08-24,ETH,-0.0034344459615821,-1.0,-1.0,0.3168,crisis
2022-08-25,ETH,0.0237757510720919,1.0,1.0,0.3168,crisis
2022-08-26,ETH,-0.1112166066457437,1.0,1.0,0.3168,crisis
2022-08-27,ETH,-0.0108688180960814,-1.0,-1.0,0.3168,crisis
2022-08-28,ETH,-0.0407991547867208,-1.0,-1.0,0.3168,crisis
2022-08-29,ETH,0.0856245611843422,-1.0,-1.0,0.3168,crisis
2022-08-30,ETH,-0.0188008912097498,-1.0,-1.0,0.3168,crisis
2022-08-31,ETH,0.0195861058400639,-1.0,-1.0,0.3168,crisis
2022-09-01,ETH,0.0209127478327535,1.0,1.0,0.3168,crisis
2022-09-02,ETH,-0.0056464695904866,1.0,1.0,0.3168,crisis
2022-09-03,ETH,-0.0129010362529884,1.0,1.0,0.3168,crisis
2022-09-04,ETH,0.0133401537302195,1.0,1.0,0.3168,crisis
2022-09-05,ETH,0.0250637571533358,1.0,1.0,0.3168,crisis
2022-09-06,ETH,-0.0342785476863805,1.0,1.0,0.3168,crisis
2022-09-07,ETH,0.0436420047016361,-1.0,-1.0,0.3168,crisis
2022-09-08,ETH,0.0033384029125402,1.0,1.0,0.3168,crisis
2022-09-09,ETH,0.0512048876266275,1.0,1.0,0.3168,crisis
2022-09-10,ETH,0.0332259726581771,1.0,1.0,0.3168,crisis
2022-09-11,ETH,-0.0081092535933591,1.0,1.0,0.3168,crisis
2022-09-12,ETH,-0.027264609324431,1.0,1.0,0.3168,crisis
2022-09-13,ETH,-0.077593646060859,1.0,1.0,0.3168,crisis
2022-09-14,ETH,0.0341393294035474,-1.0,-1.0,0.3168,crisis
2022-09-15,ETH,-0.0997467650812845,-1.0,-1.0,0.3168,crisis
2022-09-16,ETH,-0.0266670526396027,-1.0,-1.0,0.3399,crisis
2022-09-17,ETH,0.0260351173093751,-1.0,-1.0,0.4248,crisis
2022-09-18,ETH,-0.0914532109469968,-1.0,-1.0,0.4242,crisis
2022-09-19,ETH,0.031611892696747,-1.0,-1.0,0.471,crisis
2022-09-20,ETH,-0.038585554628745,-1.0,-1.0,0.4723,crisis
2022-09-21,ETH,-0.054198909652784,-1.0,-1.0,0.4696,crisis
2022-09-22,ETH,0.0599328763635005,-1.0,-1.0,0.4613,crisis
2022-09-23,ETH,0.0004363593836023,-1.0,-1.0,0.4531,crisis
2022-09-24,ETH,-0.0077290884691642,-1.0,-1.0,0.4214,crisis
2022-09-25,ETH,-0.0180399168250516,-1.0,-1.0,0.4213,crisis
2022-09-26,ETH,0.0317592799397561,-1.0,-1.0,0.4852,crisis
2022-09-27,ETH,-0.0038885841163995,1.0,1.0,0.4935,crisis
2022-09-28,ETH,0.0054755668979293,1.0,1.0,0.4936,crisis
2022-09-29,ETH,-0.0013148875463555,1.0,1.0,0.4942,crisis
2022-09-30,ETH,-0.0057452870057058,1.0,1.0,0.4943,crisis
2022-10-01,ETH,-0.0123000687300006,1.0,1.0,0.4968,crisis
2022-10-02,ETH,-0.0271040710969417,-1.0,-1.0,0.4964,crisis
2022-10-03,ETH,0.037102064157215,-1.0,-1.0,0.4941,crisis
2022-10-04,ETH,0.0292324556103915,-1.0,-1.0,0.4879,crisis
2022-10-05,ETH,-0.0068197983947901,1.0,1.0,0.5098,crisis
2022-10-06,ETH,-0.0008335707960394,1.0,1.0,0.5115,crisis
2022-10-07,ETH,-0.0141986908215544,1.0,1.0,0.5117,crisis
2022-10-08,ETH,-0.0127701784695628,1.0,1.0,0.5213,crisis
2022-10-09,ETH,0.0054000434275067,-1.0,-1.0,0.5271,crisis
2022-10-10,ETH,-0.0236401792967716,-1.0,-1.0,0.5667,crisis
2022-10-11,ETH,-0.0091083559150053,-1.0,-1.0,0.5673,crisis
2022-10-12,ETH,0.0119810720640654,-1.0,-1.0,0.5784,crisis
2022-10-13,ETH,-0.0052378078055799,-1.0,-1.0,0.5784,crisis
2022-10-14,ETH,0.0072184187899693,-1.0,-1.0,0.5798,crisis
2022-10-15,ETH,-0.0173809392536017,-1.0,-1.0,0.5796,crisis
2022-10-16,ETH,0.024649481713894,-1.0,-1.0,0.4546,crisis
2022-10-17,ETH,0.0194572898582605,1.0,1.0,0.4517,crisis
2022-10-18,ETH,-0.0159693504627844,1.0,1.0,0.4494,crisis
2022-10-19,ETH,-0.0188506352291,1.0,1.0,0.3785,crisis
2022-10-20,ETH,-0.0019781032937342,-1.0,-1.0,0.3792,crisis
2022-10-21,ETH,0.0130497750091276,1.0,1.0,0.3844,crisis
2022-10-22,ETH,0.011041057600688,-1.0,-1.0,0.3831,crisis
2022-10-23,ETH,0.0373947023328047,-1.0,-1.0,0.3865,crisis
2022-10-24,ETH,-0.0135307687335297,1.0,1.0,0.377,crisis
2022-10-25,ETH,0.0867412618435559,1.0,1.0,0.3804,crisis
2022-10-26,ETH,0.0717683026079167,1.0,1.0,0.2664,crisis
2022-10-27,ETH,-0.0333160242163481,1.0,1.0,0.2413,crisis
2022-10-28,ETH,0.0271419104627133,1.0,1.0,0.2319,crisis
2022-10-29,ETH,0.0412867202015307,1.0,1.0,0.2654,crisis
2022-10-30,ETH,-0.0178521875379185,1.0,1.0,0.2588,crisis
2022-10-31,ETH,-0.0113584593011946,1.0,1.0,0.2586,crisis
2022-11-01,ETH,0.0044446162380507,1.0,1.0,0.26,crisis
2022-11-02,ETH,-0.0379772257656708,1.0,1.0,0.2601,crisis
2022-11-03,ETH,0.0077843418186416,-1.0,-1.0,0.2603,crisis
2022-11-04,ETH,0.074142044046136,-1.0,-1.0,0.2609,crisis
2022-11-05,ETH,-0.0104099660114694,1.0,1.0,0.2364,crisis
2022-11-06,ETH,-0.0342348717944103,1.0,1.0,0.2419,crisis
2022-11-07,ETH,-0.0023173591841516,-1.0,-1.0,0.3697,crisis
2022-11-08,ETH,-0.1502977455077471,1.0,1.0,0.2451,crisis
2022-11-09,ETH,-0.1745644972990557,-1.0,-1.0,0.4773,crisis
2022-11-10,ETH,0.1811491279255876,-1.0,-1.0,0.5762,crisis
2022-11-11,ETH,-0.0094219806196474,-1.0,-1.0,0.4629,crisis
2022-11-12,ETH,-0.0248230545243844,-1.0,-1.0,0.4643,crisis
2022-11-13,ETH,-0.0266469697343948,-1.0,-1.0,0.4266,crisis
2022-11-14,ETH,0.0161930946535582,-1.0,-1.0,0.4288,crisis
2022-11-15,ETH,0.0081603764031499,1.0,1.0,0.3696,crisis
2022-11-16,ETH,-0.0288668385698263,-1.0,-1.0,0.3711,crisis
2022-11-17,ETH,-0.0121700513425295,-1.0,-1.0,0.3711,crisis
2022-11-18,ETH,0.0095699675023666,-1.0,-1.0,0.3168,crisis
2022-11-19,ETH,0.0050535868705823,-1.0,-1.0,0.3168,crisis
2022-11-20,ETH,-0.0623427567728299,-1.0,-1.0,0.3168,crisis
2022-11-21,ETH,-0.0298596433605115,-1.0,-1.0,0.3202,crisis
2022-11-22,ETH,0.0241984583509369,-1.0,-1.0,0.3282,crisis
2022-11-23,ETH,0.0423072989795727,-1.0,-1.0,0.3263,crisis
2022-11-24,ETH,0.017565565100011,-1.0,-1.0,0.3213,crisis
2022-11-25,ETH,-0.0042004333353948,-1.0,-1.0,0.3213,crisis
2022-11-26,ETH,0.0058152433600184,1.0,1.0,0.324,crisis
2022-11-27,ETH,-0.0089319300200552,1.0,1.0,0.3239,crisis
2022-11-28,ETH,-0.0209523945710526,1.0,1.0,0.3239,crisis
2022-11-29,ETH,0.0400099276541503,-1.0,-1.0,0.3228,crisis
2022-11-30,ETH,0.0647442459540237,1.0,1.0,0.3184,crisis
2022-12-01,ETH,-0.0149840577991104,1.0,1.0,0.3168,crisis
2022-12-02,ETH,0.0141266060373959,1.0,1.0,0.3168,crisis
2022-12-03,ETH,-0.0393791038762576,1.0,1.0,0.3168,crisis
2022-12-04,ETH,0.0296957438780749,1.0,1.0,0.3189,crisis
2022-12-05,ETH,-0.0160747729136786,1.0,1.0,0.3168,crisis
2022-12-06,ETH,0.0095080350629386,-1.0,-1.0,0.3168,crisis
2022-12-07,ETH,-0.0308388244730828,-1.0,-1.0,0.3168,crisis
2022-12-08,ETH,0.0394980134958669,-1.0,-1.0,0.3168,crisis
2022-12-09,ETH,-0.0131381846715143,1.0,1.0,0.3168,crisis
2022-12-10,ETH,0.0016605160885547,-1.0,-1.0,0.3168,crisis
2022-12-11,ETH,-0.0019864627881867,1.0,1.0,0.1921,crisis
2022-12-12,ETH,0.008506017852129,-1.0,-1.0,0.1921,crisis
2022-12-13,ETH,0.0360344346919685,1.0,1.0,0.1921,crisis
2022-12-14,ETH,-0.0084968125629105,1.0,1.0,0.1921,crisis
2022-12-15,ETH,-0.0328220502271998,1.0,1.0,0.1921,crisis
2022-12-16,ETH,-0.0774621405824249,1.0,1.0,0.1921,crisis
2022-12-17,ETH,0.017025445486444,-1.0,-1.0,0.2288,crisis
2022-12-18,ETH,-0.0028904831146532,-1.0,-1.0,0.3532,crisis
2022-12-19,ETH,-0.0144383616719595,-1.0,-1.0,0.2294,crisis
2022-12-20,ETH,0.0429028150372292,-1.0,-1.0,0.3536,crisis
2022-12-21,ETH,-0.0033699807166168,-1.0,-1.0,0.2247,crisis
2022-12-22,ETH,0.0037756702476037,1.0,1.0,0.225,crisis
2022-12-23,ETH,0.0016231521337866,1.0,1.0,0.2285,crisis
2022-12-24,ETH,0.0008106610684399,1.0,1.0,0.2289,crisis
2022-12-25,ETH,-0.0017905466295349,1.0,1.0,0.2495,crisis
2022-12-26,ETH,0.0065730751771251,1.0,1.0,0.2652,crisis
2022-12-27,ETH,-0.0115591161964523,1.0,1.0,0.2677,crisis
2022-12-28,ETH,-0.018804171717317,-1.0,-1.0,0.2702,crisis
2022-12-29,ETH,0.0097557888163,-1.0,-1.0,0.2756,crisis
2022-12-30,ETH,-0.0019661767614649,-1.0,-1.0,0.2756,crisis
2022-12-31,ETH,-0.0020526021936836,-1.0,-1.0,0.2758,crisis
2023-01-01,ETH,0.0035040978381162,-1.0,-1.0,0.276,crisis
2023-01-02,ETH,0.01140064385081,-1.0,-1.0,0.2741,crisis
2023-01-03,ETH,0.0001005982935273,1.0,1.0,0.2739,crisis
2023-01-04,ETH,0.0343665879245151,1.0,1.0,0.2931,crisis
2023-01-05,ETH,-0.0048451124237453,1.0,1.0,0.2885,crisis
2023-01-06,ETH,0.0151470289770396,1.0,1.0,0.2896,crisis
2023-01-07,ETH,-0.0040245210170873,1.0,1.0,0.2885,crisis
2023-01-08,ETH,0.0182627953549434,1.0,1.0,0.1921,crisis
2023-01-09,ETH,0.0265500378388152,1.0,1.0,0.1921,crisis
2023-01-10,ETH,0.0113860580874995,1.0,1.0,0.2271,crisis
2023-01-11,ETH,0.038416291506143,1.0,1.0,0.2271,trend
2023-01-12,ETH,0.0216190139881942,1.0,1.0,0.2204,trend
2023-01-13,ETH,0.0237502488000775,1.0,1.0,0.225,trend
2023-01-14,ETH,0.0682633136301174,1.0,1.0,0.2225,trend
2023-01-15,ETH,0.0011430806152468,1.0,1.0,0.1921,trend
2023-01-16,ETH,0.015687166258109,1.0,1.0,0.1938,trend
2023-01-17,ETH,-0.0056996675806778,1.0,1.0,0.1952,trend
2023-01-18,ETH,-0.0333828124787105,1.0,1.0,0.1945,trend
2023-01-19,ETH,0.024446974889233,1.0,1.0,0.1921,trend
2023-01-20,ETH,0.0690458804911851,1.0,1.0,0.1921,trend
2023-01-21,ETH,-0.0196631448822972,1.0,1.0,0.1921,trend
2023-01-22,ETH,0.0007767819470894,1.0,1.0,0.1921,trend
2023-01-23,ETH,-8.043655534839544e-05,1.0,1.0,0.1921,trend
2023-01-24,ETH,-0.0440023351718276,1.0,1.0,0.1921,trend
2023-01-25,ETH,0.0354019408546404,1.0,1.0,0.1921,trend
2023-01-26,ETH,-0.0053391099403119,-1.0,-1.0,0.1921,trend
2023-01-27,ETH,-0.0030874209336673,-1.0,-1.0,0.1921,trend
2023-01-28,ETH,-0.0160944410895793,-1.0,-1.0,0.1921,trend
2023-01-29,ETH,0.0468830688121497,-1.0,-1.0,0.1921,trend
2023-01-30,ETH,-0.0478867852248376,1.0,1.0,0.1921,trend
2023-01-31,ETH,0.0122558138574913,-1.0,-1.0,0.1921,trend
2023-02-01,ETH,0.034828926102213,-1.0,-1.0,0.1921,trend
2023-02-02,ETH,0.0008824820072261,1.0,1.0,0.1921,trend
2023-02-03,ETH,0.0130863462922043,1.0,1.0,0.1921,trend
2023-02-04,ETH,0.0013897610693263,1.0,1.0,0.1921,range
2023-02-05,ETH,-0.0212429948444515,1.0,1.0,0.1921,range
2023-02-06,ETH,-0.0094375893422057,1.0,1.0,0.1921,range
2023-02-07,ETH,0.0344974915968645,-1.0,-1.0,0.1921,range
2023-02-08,ETH,-0.0127312787648554,1.0,1.0,0.1921,range
2023-02-09,ETH,-0.0631716867790626,-1.0,-1.0,0.1921,range
2023-02-10,ETH,-0.0204140657770952,-1.0,-1.0,0.3592,range
2023-02-11,ETH,0.0165411100639107,-1.0,-1.0,0.2299,range
2023-02-12,ETH,-0.0161650976450407,-1.0,-1.0,0.2377,range
2023-02-13,ETH,-0.0051931504204765,-1.0,-1.0,0.2356,range
2023-02-14,ETH,0.0329819223804119,-1.0,-1.0,0.2171,range
2023-02-15,ETH,0.0750675811775845,1.0,1.0,0.1921,range
2023-02-16,ETH,-0.0201215389290912,1.0,1.0,0.3168,range
2023-02-17,ETH,0.0333618549277976,1.0,1.0,0.3168,range
2023-02-18,ETH,-0.0017488177653378,1.0,1.0,0.3168,range
2023-02-19,ETH,-0.0061373574657173,1.0,1.0,0.3168,range
2023-02-20,ETH,0.0126314719596059,1.0,1.0,0.1921,range
2023-02-21,ETH,-0.0262168584520782,1.0,1.0,0.1921,range
2023-02-22,ETH,-0.0089290486661128,1.0,1.0,0.1921,range
2023-02-23,ETH,0.0047724025384072,-1.0,-1.0,0.1921,range
2023-02-24,ETH,-0.025862370437327,-1.0,-1.0,0.1921,range
2023-02-25,ETH,-0.0083676177972741,-1.0,-1.0,0.1921,range
2023-02-26,ETH,0.0287803576169776,-1.0,-1.0,0.1921,range
2023-02-27,ETH,-0.0039557867255725,-1.0,-1.0,0.1921,range
2023-02-28,ETH,-0.0173963255659637,-1.0,-1.0,0.1921,range
2023-03-01,ETH,0.0358295960478258,-1.0,-1.0,0.1921,range
2023-03-02,ETH,-0.0096874192999423,1.0,1.0,0.1921,range
2023-03-03,ETH,-0.0474417629256812,1.0,1.0,0.1921,range
2023-03-04,ETH,-0.0014298360099453,-1.0,-1.0,0.1921,range
2023-03-05,ETH,-0.0015668917403467,-1.0,-1.0,0.1921,range
2023-03-06,ETH,0.0018727965263767,-1.0,-1.0,0.1921,range
2023-03-07,ETH,-0.0034870363462051,-1.0,-1.0,0.1921,range
2023-03-08,ETH,-0.0178271710454949,-1.0,-1.0,0.1921,range
2023-03-09,ETH,-0.0622046937711358,-1.0,-1.0,0.1921,range
2023-03-10,ETH,-0.0066052302026157,-1.0,-1.0,0.1921,crisis
2023-03-11,ETH,0.0374056718236595,-1.0,-1.0,0.1921,crisis
2023-03-12,ETH,0.0726258307949647,-1.0,-1.0,0.1921,crisis
2023-03-13,ETH,0.0566034013730765,1.0,1.0,0.1921,crisis
2023-03-14,ETH,0.0138058658675048,1.0,1.0,0.3168,crisis
2023-03-15,ETH,-0.027781826468116,1.0,1.0,0.1921,crisis
2023-03-16,ETH,0.0127008569271513,1.0,1.0,0.3168,crisis
2023-03-17,ETH,0.0687268013411308,1.0,1.0,0.3168,crisis
2023-03-18,ETH,-0.0171970407594967,1.0,1.0,0.1921,crisis
2023-03-19,ETH,0.0135763283635621,1.0,1.0,0.1921,crisis
2023-03-20,ETH,-0.028145110529571,1.0,1.0,0.1921,crisis
2023-03-21,ETH,0.0411678538004882,1.0,1.0,0.1921,crisis
2023-03-22,ETH,-0.0382140809016481,1.0,1.0,0.3168,crisis
2023-03-23,ETH,0.0452824645752294,-1.0,-1.0,0.3168,crisis
2023-03-24,ETH,-0.035432817130064,1.0,1.0,0.3168,crisis
2023-03-25,ETH,-0.004725923274221,-1.0,-1.0,0.3168,crisis
2023-03-26,ETH,0.0183006262337748,1.0,1.0,0.3168,crisis
2023-03-27,ETH,-0.0339115450590196,-1.0,-1.0,0.3168,crisis
2023-03-28,ETH,0.0334165773918908,-1.0,-1.0,0.3168,crisis
2023-03-29,ETH,0.0114036271592119,-1.0,-1.0,0.3168,crisis
2023-03-30,ETH,-0.0001476007625403,1.0,1.0,0.3168,crisis
2023-03-31,ETH,0.0163353069224694,1.0,1.0,0.3168,crisis
2023-04-01,ETH,-0.0044793633661518,1.0,1.0,0.3168,crisis
2023-04-02,ETH,-0.0100076410851606,1.0,1.0,0.3168,crisis
2023-04-03,ETH,0.0081243655441736,1.0,1.0,0.3168,crisis
2023-04-04,ETH,0.0335348309239529,1.0,1.0,0.3168,crisis
2023-04-05,ETH,0.0203681359124916,1.0,1.0,0.3168,crisis
2023-04-06,ETH,-0.0189571738465171,1.0,1.0,0.3168,crisis
2023-04-07,ETH,-0.0038904432006763,1.0,1.0,0.3168,crisis
2023-04-08,ETH,-0.0086501002958067,1.0,1.0,0.3168,crisis
2023-04-09,ETH,0.0053472063955271,1.0,1.0,0.1921,crisis
2023-04-10,ETH,0.0278692275296159,-1.0,-1.0,0.1921,crisis
2023-04-11,ETH,-0.0099506840943621,1.0,1.0,0.1921,crisis
2023-04-12,ETH,0.0150579150080982,1.0,1.0,0.1921,crisis
2023-04-13,ETH,0.0478749259258224,1.0,1.0,0.1921,crisis
2023-04-14,ETH,0.0442210685268715,1.0,1.0,0.1921,crisis
2023-04-15,ETH,-0.0043626505073766,1.0,1.0,0.1921,crisis
2023-04-16,ETH,0.0131610511292834,1.0,1.0,0.1921,crisis
2023-04-17,ETH,-0.0206428389146182,1.0,1.0,0.1921,crisis
2023-04-18,ETH,0.0136277086473168,1.0,1.0,0.1921,crisis
2023-04-19,ETH,-0.0798911508279694,1.0,1.0,0.1921,crisis
2023-04-20,ETH,0.0034570346864029,-1.0,-1.0,0.1921,crisis
2023-04-21,ETH,-0.0479120429283943,-1.0,-1.0,0.1921,crisis
2023-04-22,ETH,0.013096627764505,-1.0,-1.0,0.1921,crisis
2023-04-23,ETH,-0.0064915377621822,-1.0,-1.0,0.1921,range
2023-04-24,ETH,-0.0103673053358027,-1.0,-1.0,0.1921,range
2023-04-25,ETH,0.0130219068541201,-1.0,-1.0,0.1921,range
2023-04-26,ETH,-0.000101488015717,-1.0,-1.0,0.1926,range
2023-04-27,ETH,0.022620260136523,1.0,1.0,0.1934,range
2023-04-28,ETH,-0.0085256054668039,1.0,1.0,0.1953,range
2023-04-29,ETH,0.008667933265241,1.0,1.0,0.1947,range
2023-04-30,ETH,-0.0167595950542555,1.0,1.0,0.1973,range
2023-05-01,ETH,-0.0239591346485287,1.0,1.0,0.2021,range
2023-05-02,ETH,0.021198378876944,-1.0,-1.0,0.1984,range
2023-05-03,ETH,0.0181006747835927,-1.0,-1.0,0.1921,range
2023-05-04,ETH,-0.0141483882363466,1.0,1.0,0.1921,range
2023-05-05,ETH,0.0625001625260237,-1.0,-1.0,0.1921,trend
2023-05-06,ETH,-0.0475369502284663,1.0,1.0,0.1921,range
2023-05-07,ETH,-0.0142853774843949,1.0,1.0,0.1921,range
2023-05-08,ETH,-0.012831132355707,1.0,1.0,0.1921,range
2023-05-09,ETH,-0.0002377312267921,-1.0,-1.0,0.1921,trend
2023-05-10,ETH,-0.0033547817757508,-1.0,-1.0,0.1921,range
2023-05-11,ETH,-0.0249190466570723,-1.0,-1.0,0.1921,range
2023-05-12,ETH,0.0064176093105787,-1.0,-1.0,0.1921,crisis
2023-05-13,ETH,-0.0065845005616658,-1.0,-1.0,0.1921,crisis
2023-05-14,ETH,0.0024419977119396,-1.0,-1.0,0.1921,crisis
2023-05-15,ETH,0.00946900358136,-1.0,-1.0,0.1987,crisis
2023-05-16,ETH,0.0036155998283069,-1.0,-1.0,0.1992,crisis
2023-05-17,ETH,-0.0012399617404649,1.0,1.0,0.2403,crisis
2023-05-18,ETH,-0.0110497555926514,1.0,1.0,0.2435,crisis
2023-05-19,ETH,0.0060280790473556,1.0,1.0,0.2438,crisis
2023-05-20,ETH,0.004352088491321,1.0,1.0,0.2519,crisis
2023-05-21,ETH,-0.0087595977726274,1.0,1.0,0.2692,crisis
2023-05-22,ETH,0.0072059805498594,-1.0,-1.0,0.248,crisis
2023-05-23,ETH,0.0202724181111937,-1.0,-1.0,0.2708,crisis
2023-05-24,ETH,-0.0292715741323562,1.0,1.0,0.2487,crisis
2023-05-25,ETH,0.0032519081412238,-1.0,-1.0,0.2535,crisis
2023-05-26,ETH,0.0125894487045852,-1.0,-1.0,0.2571,crisis
2023-05-27,ETH,0.0013280486409579,1.0,1.0,0.2411,crisis
2023-05-28,ETH,0.0435776864016923,1.0,1.0,0.2543,crisis
2023-05-29,ETH,-0.0093337836488576,1.0,1.0,0.2332,crisis
2023-05-30,ETH,0.0041987101446883,1.0,1.0,0.2319,crisis
2023-05-31,ETH,-0.0141482070812632,1.0,1.0,0.2346,crisis
2023-06-01,ETH,-0.0063651262235735,1.0,1.0,0.2322,crisis
2023-06-02,ETH,0.0241945771245573,1.0,1.0,0.233,crisis
2023-06-03,ETH,-0.0077829675748832,-1.0,-1.0,0.2273,crisis
2023-06-04,ETH,-0.0010034418002142,1.0,1.0,0.2392,crisis
2023-06-05,ETH,-0.0416210614688223,-1.0,-1.0,0.2441,crisis
2023-06-06,ETH,0.040106725970251,-1.0,-1.0,0.2789,crisis
2023-06-07,ETH,-0.0276460698823185,1.0,1.0,0.2599,crisis
2023-06-08,ETH,0.0075889075389308,-1.0,-1.0,0.2596,crisis
2023-06-09,ETH,-0.0032912603418004,-1.0,-1.0,0.2593,crisis
2023-06-10,ETH,-0.0477335345478063,-1.0,-1.0,0.2682,crisis
2023-06-11,ETH,0.0005880658165602,-1.0,-1.0,0.2996,crisis
2023-06-12,ETH,-0.0062087953629558,-1.0,-1.0,0.3026,crisis
2023-06-13,ETH,-0.0020034613456795,-1.0,-1.0,0.3322,crisis
2023-06-14,ETH,-0.0509007457148561,-1.0,-1.0,0.3618,crisis
2023-06-15,ETH,0.0090883447399885,-1.0,-1.0,0.3929,crisis
2023-06-16,ETH,0.0307105617161262,-1.0,-1.0,0.3946,crisis
2023-06-17,ETH,0.0061370476225082,-1.0,-1.0,0.3829,crisis
2023-06-18,ETH,-0.0038365974861152,-1.0,-1.0,0.3855,crisis
2023-06-19,ETH,0.0099280090750097,-1.0,-1.0,0.3207,crisis
2023-06-20,ETH,0.031341337975818,1.0,1.0,0.3191,crisis
2023-06-21,ETH,0.0551788983442393,1.0,1.0,0.2725,crisis
2023-06-22,ETH,-0.0095526917950664,1.0,1.0,0.233,crisis
2023-06-23,ETH,0.0106351701335887,1.0,1.0,0.2324,crisis
2023-06-24,ETH,-0.0088766997417698,1.0,1.0,0.2326,crisis
2023-06-25,ETH,0.0130307213742024,1.0,1.0,0.2335,crisis
2023-06-26,ETH,-0.0216117391633319,1.0,1.0,0.2315,crisis
2023-06-27,ETH,0.0162794303801208,-1.0,-1.0,0.2318,crisis
2023-06-28,ETH,-0.0326676550100287,1.0,1.0,0.2294,crisis
2023-06-29,ETH,0.013269412357076,-1.0,-1.0,0.2323,crisis
2023-06-30,ETH,0.0437104399356613,-1.0,-1.0,0.2334,crisis
2023-07-01,ETH,-0.0044605297422112,1.0,1.0,0.2185,crisis
2023-07-02,ETH,0.0066884882472737,1.0,1.0,0.2229,crisis
2023-07-03,ETH,0.0092652267477009,1.0,1.0,0.2261,crisis
2023-07-04,ETH,-0.0095917557571385,1.0,1.0,0.2278,crisis
2023-07-05,ETH,-0.0134488697125264,1.0,1.0,0.2776,crisis
2023-07-06,ETH,-0.0324253777759973,-1.0,-1.0,0.2446,trend
2023-07-07,ETH,0.011882306096858,-1.0,-1.0,0.2474,range
2023-07-08,ETH,-0.0027066082588487,-1.0,-1.0,0.2479,trend
2023-07-09,ETH,-0.0013560608539179,-1.0,-1.0,0.2478,trend
2023-07-10,ETH,0.0094184320356949,-1.0,-1.0,0.2479,range
2023-07-11,ETH,-0.0011806808443571,-1.0,-1.0,0.2566,range
2023-07-12,ETH,-0.003312660696343,1.0,1.0,0.257,range
2023-07-13,ETH,0.0717892829300519,1.0,1.0,0.2576,range
2023-07-14,ETH,-0.0334732342978566,1.0,1.0,0.1921,range
2023-07-15,ETH,-0.0040634775404068,1.0,1.0,0.1921,range
2023-07-16,ETH,-0.0040304440984128,1.0,1.0,0.1921,range
2023-07-17,ETH,-0.0062566304215256,1.0,1.0,0.1921,range
2023-07-18,ETH,-0.0073480519571742,1.0,1.0,0.1921,range
2023-07-19,ETH,-0.0045274620680312,-1.0,-1.0,0.1921,range
2023-07-20,ETH,0.0010382072011101,-1.0,-1.0,0.1921,range
2023-07-21,ETH,0.0005875092853386,-1.0,-1.0,0.1921,range
2023-07-22,ETH,-0.0143586547543471,-1.0,-1.0,0.1921,range
2023-07-23,ETH,0.0130190015789375,-1.0,-1.0,0.1938,range
2023-07-24,ETH,-0.0207440971842159,-1.0,-1.0,0.2024,range
2023-07-25,ETH,0.0041837078281359,-1.0,-1.0,0.197,range
2023-07-26,ETH,0.0077610180474947,-1.0,-1.0,0.1986,range
2023-07-27,ETH,-0.0063043409372556,-1.0,-1.0,0.198,range
2023-07-28,ETH,0.0077338349241202,-1.0,-1.0,0.2202,range
2023-07-29,ETH,0.003373245448111,-1.0,-1.0,0.2205,range
2023-07-30,ETH,-0.0103266017362033,1.0,1.0,0.2206,range
2023-07-31,ETH,-0.0029444114475338,1.0,1.0,0.2218,range
2023-08-01,ETH,0.0084204707161441,-1.0,-1.0,0.2222,range
2023-08-02,ETH,-0.0174711669789739,1.0,1.0,0.2289,range
2023-08-03,ETH,-0.0021495672689105,-1.0,-1.0,0.2257,trend
2023-08-04,ETH,-0.0040452489976011,-1.0,-1.0,0.2257,trend
2023-08-05,ETH,0.0039803978247232,-1.0,-1.0,0.2048,trend
2023-08-06,ETH,-0.0041013234172115,-1.0,-1.0,0.2271,trend
2023-08-07,ETH,-0.0002862950633338,-1.0,-1.0,0.2183,trend
2023-08-08,ETH,0.0158015854704871,-1.0,-1.0,0.2192,trend
2023-08-09,ETH,-0.0008135357402536,1.0,1.0,0.2157,range
2023-08-10,ETH,-0.0019113379853046,1.0,1.0,0.1921,range
2023-08-11,ETH,-0.001960838372675,1.0,1.0,0.1921,range
2023-08-12,ETH,0.0009558116061818,1.0,1.0,0.1921,range
2023-08-13,ETH,-0.0051975735545493,1.0,1.0,0.1921,range
2023-08-14,ETH,0.0026671519533285,-1.0,-1.0,0.1921,range
2023-08-15,ETH,-0.0093553761458659,-1.0,-1.0,0.1921,range
2023-08-16,ETH,-0.011644479943617,-1.0,-1.0,0.1921,range
2023-08-17,ETH,-0.0668595687697619,-1.0,-1.0,0.1921,trend
2023-08-18,ETH,-0.014237003254733,-1.0,-1.0,0.1975,crisis
2023-08-19,ETH,0.0051337371904613,-1.0,-1.0,0.1962,crisis
2023-08-20,ETH,0.0092125699951024,-1.0,-1.0,0.2118,crisis
2023-08-21,ETH,-0.0104359357869713,-1.0,-1.0,0.2677,crisis
2023-08-22,ETH,-0.0200186436523284,-1.0,-1.0,0.2674,crisis
2023-08-23,ETH,0.0277752873996028,-1.0,-1.0,0.2641,crisis
2023-08-24,ETH,-0.011510825045927,1.0,1.0,0.2479,crisis
2023-08-25,ETH,-0.0042227442822488,-1.0,-1.0,0.2503,crisis
2023-08-26,ETH,-0.0040100159192439,-1.0,-1.0,0.2518,crisis
2023-08-27,ETH,0.0068069323907642,-1.0,-1.0,0.2582,crisis
2023-08-28,ETH,-0.0030501503607176,1.0,1.0,0.2185,crisis
2023-08-29,ETH,0.046759638502996,-1.0,-1.0,0.2228,crisis
2023-08-30,ETH,-0.0142297274513965,1.0,1.0,0.2172,crisis
2023-08-31,ETH,-0.0348792431766289,1.0,1.0,0.2143,crisis
2023-09-01,ETH,-0.0104202364855743,1.0,1.0,0.26,crisis
2023-09-02,ETH,0.0052405439035725,-1.0,-1.0,0.2617,crisis
2023-09-03,ETH,-0.000554490387839,-1.0,-1.0,0.2613,crisis
2023-09-04,ETH,-0.0039498395741395,-1.0,-1.0,0.2636,crisis
2023-09-05,ETH,0.0024386268424532,-1.0,-1.0,0.2256,crisis
2023-09-06,ETH,-0.0008429544668591,-1.0,-1.0,0.2291,crisis
2023-09-07,ETH,0.0094017003889865,1.0,1.0,0.2291,crisis
2023-09-08,ETH,-0.0069558517091602,1.0,1.0,0.2265,crisis
2023-09-09,ETH,-0.0005961990834902,1.0,1.0,0.2286,crisis
2023-09-10,ETH,-0.0112120341165711,1.0,1.0,0.2286,crisis
2023-09-11,ETH,-0.0403203850612401,-1.0,-1.0,0.227,crisis
2023-09-12,ETH,0.0262894799282764,-1.0,-1.0,0.4285,crisis
2023-09-13,ETH,0.0097706570901041,-1.0,-1.0,0.359,crisis
2023-09-14,ETH,0.0118071985862819,-1.0,-1.0,0.3541,crisis
2023-09-15,ETH,0.009014288078772,-1.0,-1.0,0.3478,crisis
2023-09-16,ETH,-0.0039099313386253,1.0,1.0,0.3443,crisis
2023-09-17,ETH,-0.007537174515831,1.0,1.0,0.345,crisis
2023-09-18,ETH,0.0089040276740401,1.0,1.0,0.3443,crisis
2023-09-19,ETH,0.0037851668963293,1.0,1.0,0.341,crisis
2023-09-20,ETH,-0.0125667729111244,1.0,1.0,0.3402,crisis
2023-09-21,ETH,-0.0237746263178163,-1.0,-1.0,0.3414,crisis
2023-09-22,ETH,0.0056562924182443,-1.0,-1.0,0.3619,crisis
2023-09-23,ETH,0.0003699800812959,-1.0,-1.0,0.3557,crisis
2023-09-24,ETH,-0.0081590682860526,-1.0,-1.0,0.3567,crisis
2023-09-25,ETH,0.0047249684583838,-1.0,-1.0,0.3589,crisis
2023-09-26,ETH,0.0032073833529786,-1.0,-1.0,0.3578,crisis
2023-09-27,ETH,0.0025567531946391,1.0,1.0,0.3599,crisis
2023-09-28,ETH,0.0346740433455534,1.0,1.0,0.3602,crisis
2023-09-29,ETH,0.0091120545419027,1.0,1.0,0.3241,crisis
2023-09-30,ETH,0.0019293320831195,1.0,1.0,0.3211,crisis
2023-10-01,ETH,0.0374880260695311,1.0,1.0,0.3234,crisis
2023-10-02,ETH,-0.0404789706671829,1.0,1.0,0.2801,crisis
2023-10-03,ETH,-0.0041727455613581,1.0,1.0,0.3459,crisis
2023-10-04,ETH,-0.0053405026345885,1.0,1.0,0.3459,crisis
2023-10-05,ETH,-0.0220663022470403,-1.0,-1.0,0.3462,crisis
2023-10-06,ETH,0.0213190225293655,-1.0,-1.0,0.3448,crisis
2023-10-07,ETH,-0.0068781720391507,-1.0,-1.0,0.3332,crisis
2023-10-08,ETH,-0.0005889506700414,-1.0,-1.0,0.3393,crisis
2023-10-09,ETH,-0.0328988950106972,-1.0,-1.0,0.3393,crisis
2023-10-10,ETH,-0.0076551317222612,-1.0,-1.0,0.3587,crisis
2023-10-11,ETH,-0.0009301778714063,-1.0,-1.0,0.3581,crisis
2023-10-12,ETH,-0.0170102174002333,-1.0,-1.0,0.3583,crisis
2023-10-13,ETH,0.0081040205732327,-1.0,-1.0,0.3541,crisis
2023-10-14,ETH,0.0020407060573979,-1.0,-1.0,0.3523,crisis
2023-10-15,ETH,0.001808696940756,-1.0,-1.0,0.3528,crisis
2023-10-16,ETH,0.027254540765113,-1.0,-1.0,0.3542,range
2023-10-17,ETH,-0.0219268818693586,1.0,1.0,0.2601,range
2023-10-18,ETH,-0.0010793755903444,1.0,1.0,0.2542,range
2023-10-19,ETH,0.0023706817647977,1.0,1.0,0.255,range
2023-10-20,ETH,0.0237389849452611,1.0,1.0,0.2571,range
2023-10-21,ETH,0.0153536996999186,1.0,1.0,0.2461,range
2023-10-22,ETH,0.0209448199937933,1.0,1.0,0.2493,range
2023-10-23,ETH,0.0612906842962164,1.0,1.0,0.2565,range
2023-10-24,ETH,0.0107935858177439,1.0,1.0,0.1921,range
2023-10-25,ETH,0.001658832549648,1.0,1.0,0.1921,trend
2023-10-26,ETH,0.0093105886407254,1.0,1.0,0.1921,trend
2023-10-27,ETH,-0.0133001639522853,1.0,1.0,0.1921,trend
2023-10-28,ETH,-0.0019253015900076,1.0,1.0,0.1921,trend
2023-10-29,ETH,0.0106538685848123,1.0,1.0,0.2212,trend
2023-10-30,ETH,0.008099264721129,1.0,1.0,0.2237,trend
2023-10-31,ETH,0.0035193643267046,1.0,1.0,0.1992,trend
2023-11-01,ETH,0.0168628840883113,1.0,1.0,0.2022,trend
2023-11-02,ETH,-0.0251578195983586,1.0,1.0,0.198,trend
2023-11-03,ETH,0.0178683880960934,1.0,1.0,0.1961,trend
2023-11-04,ETH,0.0135876844530045,1.0,1.0,0.1921,trend
2023-11-05,ETH,0.0196259534676319,1.0,1.0,0.1921,trend
2023-11-06,ETH,0.0029985293492145,1.0,1.0,0.1921,trend
2023-11-07,ETH,-0.0061653353866888,1.0,1.0,0.1921,trend
2023-11-08,ETH,0.0006345557534326,1.0,1.0,0.1921,trend
2023-11-09,ETH,0.1223923714485877,1.0,1.0,0.1921,trend
2023-11-10,ETH,-0.0199339889461188,1.0,1.0,0.1921,trend
2023-11-11,ETH,-0.0123062374635469,1.0,1.0,0.1921,trend
2023-11-12,ETH,-0.0036667825891695,1.0,1.0,0.1921,trend
2023-11-13,ETH,0.0049278472251568,1.0,1.0,0.1921,trend
2023-11-14,ETH,-0.0370817166797313,1.0,1.0,0.1921,trend
2023-11-15,ETH,0.0411084750628207,-1.0,-1.0,0.1921,range
2023-11-16,ETH,-0.0483044299303045,-1.0,-1.0,0.1921,trend
2023-11-17,ETH,0.0002035665608492,-1.0,-1.0,0.1921,range
2023-11-18,ETH,0.0010219202166552,-1.0,-1.0,0.1921,range
2023-11-19,ETH,0.0254264830244619,-1.0,-1.0,0.1921,range
2023-11-20,ETH,0.0044877051056528,1.0,1.0,0.1921,range
2023-11-21,ETH,-0.042117849356125,-1.0,-1.0,0.1921,range
2023-11-22,ETH,0.0657481313078385,-1.0,-1.0,0.3168,range
2023-11-23,ETH,-0.0010727438851469,1.0,1.0,0.3168,trend
2023-11-24,ETH,0.0091850005001885,1.0,1.0,0.3168,range
2023-11-25,ETH,0.0015669139841998,1.0,1.0,0.3168,range
2023-11-26,ETH,-0.0101356843648378,1.0,1.0,0.3168,range
2023-11-27,ETH,-0.0173842948118733,1.0,1.0,0.3168,range
2023-11-28,ETH,0.0108121676458881,-1.0,-1.0,0.3168,range
2023-11-29,ETH,-0.0094708312003839,-1.0,-1.0,0.3168,range
2023-11-30,ETH,0.0111466710926215,-1.0,-1.0,0.3168,range
2023-12-01,ETH,0.0168491079744079,-1.0,-1.0,0.3168,range
2023-12-02,ETH,0.0376420427129726,1.0,1.0,0.3168,range
2023-12-03,ETH,0.0129230714426467,1.0,1.0,0.3168,range
2023-12-04,ETH,0.0225757206638663,1.0,1.0,0.3168,range
2023-12-05,ETH,0.0225684823119014,1.0,1.0,0.3168,trend
2023-12-06,ETH,-0.0271075450829199,1.0,1.0,0.3168,trend
2023-12-07,ETH,0.0564235301067674,1.0,1.0,0.3168,trend
2023-12-08,ETH,0.000488782544167,1.0,1.0,0.3168,trend
2023-12-09,ETH,-0.0074432538835605,1.0,1.0,0.3168,trend
2023-12-10,ETH,0.0048212338262427,1.0,1.0,0.1921,trend
2023-12-11,ETH,-0.0543616661686914,1.0,1.0,0.1921,trend
2023-12-12,ETH,-0.0101326016873585,-1.0,-1.0,0.1921,trend
2023-12-13,ETH,0.0266165222470127,-1.0,-1.0,0.1921,range
2023-12-14,ETH,0.024740872111665,-1.0,-1.0,0.1921,trend
2023-12-15,ETH,-0.0419764208151415,-1.0,-1.0,0.1921,trend
2023-12-16,ETH,0.0034195392373013,-1.0,-1.0,0.1921,range
2023-12-17,ETH,-0.0136714491084846,1.0,1.0,0.1921,range
2023-12-18,ETH,0.0094661571958967,-1.0,-1.0,0.1921,range
2023-12-19,ETH,-0.0177699683944596,-1.0,-1.0,0.1921,range
2023-12-20,ETH,0.0110377525372269,-1.0,-1.0,0.1921,range
2023-12-21,ETH,0.0170901989560072,-1.0,-1.0,0.1921,range
2023-12-22,ETH,0.0388393712705079,1.0,1.0,0.1921,range
2023-12-23,ETH,-0.007512713750621,1.0,1.0,0.1921,range
2023-12-24,ETH,-0.0187758237756683,1.0,1.0,0.1921,range
2023-12-25,ETH,0.003032022219169,1.0,1.0,0.1921,range
2023-12-26,ETH,-0.0180837485401647,1.0,1.0,0.1921,range
2023-12-27,ETH,0.0659990796581475,-1.0,-1.0,0.1921,range
2023-12-28,ETH,-0.0131051852043435,1.0,1.0,0.1921,range
2023-12-29,ETH,-0.0199676963477487,1.0,1.0,0.1921,range
2023-12-30,ETH,-0.003748980355657,1.0,1.0,0.1921,range
2023-12-31,ETH,-0.004622136062972,1.0,1.0,0.1921,range
2024-01-01,ETH,0.0310574552595821,1.0,1.0,0.1921,range
2024-01-02,ETH,0.0014915203575247,-1.0,-1.0,0.1921,range
2024-01-03,ETH,-0.0615808726374179,1.0,1.0,0.1921,range
2024-01-04,ETH,0.0263601979883341,-1.0,-1.0,0.1921,range
2024-01-05,ETH,-0.0001722620448936,-1.0,-1.0,0.1921,range
2024-01-06,ETH,-0.0119112662107303,-1.0,-1.0,0.1921,range
2024-01-07,ETH,-0.0083683894967105,-1.0,-1.0,0.1921,range
2024-01-08,ETH,0.0495606796327103,-1.0,-1.0,0.1921,range
2024-01-09,ETH,0.0050554085755887,1.0,1.0,0.2052,range
2024-01-10,ETH,0.1011914107807954,1.0,1.0,0.2092,range
2024-01-11,ETH,0.0145290941176381,1.0,1.0,0.3168,trend
2024-01-12,ETH,-0.0363254849039511,1.0,1.0,0.3168,trend
2024-01-13,ETH,0.0206530074063442,1.0,1.0,0.3168,range
2024-01-14,ETH,-0.0405017365873441,1.0,1.0,0.3168,trend
2024-01-15,ETH,0.0158247336144494,1.0,1.0,0.3168,range
2024-01-16,ETH,0.0303928062928022,-1.0,-1.0,0.3168,range
2024-01-17,ETH,-0.0229245971128152,-1.0,-1.0,0.3168,range
2024-01-18,ETH,-0.0242648824602766,1.0,1.0,0.3168,range
2024-01-19,ETH,0.0091121058091665,-1.0,-1.0,0.3168,range
2024-01-20,ETH,-0.007997363142403,1.0,1.0,0.3168,range
2024-01-21,ETH,-0.0063476249221857,-1.0,-1.0,0.3168,range
2024-01-22,ETH,-0.0583095916240283,-1.0,-1.0,0.3168,range
2024-01-23,ETH,-0.0303529422951259,-1.0,-1.0,0.3168,range
2024-01-24,ETH,-0.0031795028247356,-1.0,-1.0,0.3168,crisis
2024-01-25,ETH,-0.0070969886439218,-1.0,-1.0,0.3168,crisis
2024-01-26,ETH,0.0223155856161023,-1.0,-1.0,0.3168,crisis
2024-01-27,ETH,0.000302699093841,-1.0,-1.0,0.3168,crisis
2024-01-28,ETH,-0.0047080171393611,-1.0,-1.0,0.3168,crisis
2024-01-29,ETH,0.0265174716379066,1.0,1.0,0.3168,crisis
2024-01-30,ETH,0.011838016077853,1.0,1.0,0.3168,crisis
2024-01-31,ETH,-0.0264232827792348,1.0,1.0,0.3168,crisis
2024-02-01,ETH,0.0093230489292142,1.0,1.0,0.3168,crisis
2024-02-02,ETH,0.0018288626271742,1.0,1.0,0.3168,crisis
2024-02-03,ETH,-0.0051991151846616,1.0,1.0,0.1921,crisis
2024-02-04,ETH,-0.0028275605920651,-1.0,-1.0,0.1921,crisis
2024-02-05,ETH,0.0040806224708709,-1.0,-1.0,0.1921,crisis
2024-02-06,ETH,0.0318906180157301,1.0,1.0,0.2016,crisis
2024-02-07,ETH,0.0217280041792657,1.0,1.0,0.1939,crisis
2024-02-08,ETH,-0.0015837568973957,1.0,1.0,0.1921,crisis
2024-02-09,ETH,0.0279387368987513,1.0,1.0,0.1921,crisis
2024-02-10,ETH,0.0055125870754579,1.0,1.0,0.1921,crisis
2024-02-11,ETH,0.0025356682668895,1.0,1.0,0.1921,crisis
2024-02-12,ETH,0.060036360595147,1.0,1.0,0.1921,crisis
2024-02-13,ETH,-0.0059932163462743,1.0,1.0,0.1921,crisis
2024-02-14,ETH,0.0513654514977328,1.0,1.0,0.1921,crisis
2024-02-15,ETH,0.016730812227639,1.0,1.0,0.1921,crisis
2024-02-16,ETH,-0.007324619212465,1.0,1.0,0.1921,crisis
2024-02-17,ETH,-0.0060701398128861,1.0,1.0,0.1921,crisis
2024-02-18,ETH,0.0331310679292682,1.0,1.0,0.1921,crisis
2024-02-19,ETH,0.0224302549375969,1.0,1.0,0.1921,crisis
2024-02-20,ETH,0.0237564736886368,1.0,1.0,0.1921,crisis
2024-02-21,ETH,-0.0143182813752322,1.0,1.0,0.1921,crisis
2024-02-22,ETH,0.0002194536901753,1.0,1.0,0.1921,crisis
2024-02-23,ETH,-0.0166102320554617,1.0,1.0,0.1921,crisis
2024-02-24,ETH,0.0242080963226549,1.0,1.0,0.1921,crisis
2024-02-25,ETH,0.0402058022750286,1.0,1.0,0.1921,crisis
2024-02-26,ETH,0.0212986940461228,1.0,1.0,0.1921,crisis
2024-02-27,ETH,0.0206120684504405,1.0,1.0,0.1921,crisis
2024-02-28,ETH,0.0435147884228743,1.0,1.0,0.1921,crisis
2024-02-29,ETH,-0.0129320760265313,1.0,1.0,0.1921,crisis
2024-03-01,ETH,0.0278684966500719,1.0,1.0,0.1921,crisis
2024-03-02,ETH,-0.0037857193979152,1.0,1.0,0.1921,crisis
2024-03-03,ETH,0.0201469445482094,1.0,1.0,0.1921,crisis
2024-03-04,ETH,0.0399428356030551,1.0,1.0,0.1921,crisis
2024-03-05,ETH,-0.0207879393073031,1.0,1.0,0.1921,crisis
2024-03-06,ETH,0.0743359635083391,1.0,1.0,0.1921,crisis
2024-03-07,ETH,0.0144325927022579,1.0,1.0,0.1921,crisis
2024-03-08,ETH,0.0045719642318817,1.0,1.0,0.1921,crisis
2024-03-09,ETH,0.0060014244240422,1.0,1.0,0.1921,crisis
2024-03-10,ETH,-0.008741294496493,1.0,1.0,0.1921,crisis
2024-03-11,ETH,0.0477306713746998,1.0,1.0,0.1921,crisis
2024-03-12,ETH,-0.0211909600526748,1.0,1.0,0.1921,crisis
2024-03-13,ETH,0.0065784021896562,1.0,1.0,0.1921,crisis
2024-03-14,ETH,-0.0307794765871108,1.0,1.0,0.1921,crisis
2024-03-15,ETH,-0.0380929226109741,-1.0,-1.0,0.1921,crisis
2024-03-16,ETH,-0.0568534370685713,-1.0,-1.0,0.1921,crisis
2024-03-17,ETH,0.033936340039093,-1.0,-1.0,0.1921,crisis
2024-03-18,ETH,-0.0341608641249429,-1.0,-1.0,0.1921,trend
2024-03-19,ETH,-0.1024356079845565,-1.0,-1.0,0.1921,range
2024-03-20,ETH,0.112671920371151,-1.0,-1.0,0.3389,crisis
2024-03-21,ETH,-0.0058068810073729,-1.0,-1.0,0.3168,crisis
2024-03-22,ETH,-0.0456065340666843,1.0,1.0,0.3168,crisis
2024-03-23,ETH,0.0008717090110383,-1.0,-1.0,0.3168,crisis
2024-03-24,ETH,0.0353781373088974,-1.0,-1.0,0.3168,crisis
2024-03-25,ETH,0.0394389729438988,1.0,1.0,0.3168,crisis
2024-03-26,ETH,-0.0009409678643157,1.0,1.0,0.3168,crisis
2024-03-27,ETH,-0.0243594507302772,1.0,1.0,0.3168,crisis
2024-03-28,ETH,0.0174790562141089,1.0,1.0,0.3168,crisis
2024-03-29,ETH,-0.0138960146869897,1.0,1.0,0.3168,crisis
2024-03-30,ETH,-0.0010996667352133,1.0,1.0,0.3168,crisis
2024-03-31,ETH,0.0398843584664829,-1.0,-1.0,0.3168,crisis
2024-04-01,ETH,-0.0391535188286142,1.0,1.0,0.3168,crisis
2024-04-02,ETH,-0.0649910010049034,1.0,1.0,0.3168,crisis
2024-04-03,ETH,0.010437847565395,-1.0,-1.0,0.3168,crisis
2024-04-04,ETH,0.0056164756637326,-1.0,-1.0,0.3168,crisis
2024-04-05,ETH,-0.0033498911937862,-1.0,-1.0,0.3168,crisis
2024-04-06,ETH,0.0106356747172351,-1.0,-1.0,0.3168,crisis
2024-04-07,ETH,0.0296080345667872,-1.0,-1.0,0.3168,crisis
2024-04-08,ETH,0.0700154833539452,1.0,1.0,0.3168,crisis
2024-04-09,ETH,-0.0514517816856709,1.0,1.0,0.3168,crisis
2024-04-10,ETH,0.0110048311123607,1.0,1.0,0.3168,crisis
2024-04-11,ETH,-0.0108612058837571,1.0,1.0,0.3168,crisis
2024-04-12,ETH,-0.0748058070018481,1.0,1.0,0.3168,crisis
2024-04-13,ETH,-0.0734295275685097,-1.0,-1.0,0.3366,crisis
2024-04-14,ETH,0.0505978515562794,-1.0,-1.0,0.3608,crisis
2024-04-15,ETH,-0.0175301144535611,-1.0,-1.0,0.3611,crisis
2024-04-16,ETH,-0.0053779255684459,-1.0,-1.0,0.3602,crisis
2024-04-17,ETH,-0.0324781911885033,-1.0,-1.0,0.3604,crisis
2024-04-18,ETH,0.0272386835193878,-1.0,-1.0,0.3556,crisis
2024-04-19,ETH,-0.0022012272375354,1.0,1.0,0.357,crisis
2024-04-20,ETH,0.0321476553182338,-1.0,-1.0,0.3588,crisis
2024-04-21,ETH,-0.0032741746890918,1.0,1.0,0.3569,crisis
2024-04-22,ETH,0.0172731302226138,1.0,1.0,0.3579,crisis
2024-04-23,ETH,0.0057031560320381,1.0,1.0,0.3569,crisis
2024-04-24,ETH,-0.0248784608831248,1.0,1.0,0.3583,crisis
2024-04-25,ETH,0.0053201854153159,1.0,1.0,0.3574,crisis
2024-04-26,ETH,-0.0083461577996797,1.0,1.0,0.3638,crisis
2024-04-27,ETH,0.0389766756583163,-1.0,-1.0,0.3653,crisis
2024-04-28,ETH,0.0032613458524253,1.0,1.0,0.3607,crisis
2024-04-29,ETH,-0.0145108712935371,1.0,1.0,0.3687,crisis
2024-04-30,ETH,-0.063177290707334,1.0,1.0,0.3685,crisis
2024-05-01,ETH,-0.0141096114570475,-1.0,-1.0,0.3756,crisis
2024-05-02,ETH,0.0061902767768931,-1.0,-1.0,0.375,crisis
2024-05-03,ETH,0.0386101174733883,-1.0,-1.0,0.3768,crisis
2024-05-04,ETH,0.0045220666784768,-1.0,-1.0,0.3772,crisis
2024-05-05,ETH,0.0063102246093513,-1.0,-1.0,0.3787,crisis
2024-05-06,ETH,-0.0237533785539991,1.0,1.0,0.4052,crisis
2024-05-07,ETH,-0.0183338505406603,1.0,1.0,0.4045,crisis
2024-05-08,ETH,-0.0109493022296495,1.0,1.0,0.4038,crisis
2024-05-09,ETH,0.0209719132026831,-1.0,-1.0,0.2793,crisis
2024-05-10,ETH,-0.0415772053324584,-1.0,-1.0,0.2765,crisis
2024-05-11,ETH,0.0006223095933592,-1.0,-1.0,0.2828,crisis
2024-05-12,ETH,0.0058730050389395,-1.0,-1.0,0.284,crisis
2024-05-13,ETH,0.0070535395949453,-1.0,-1.0,0.284,crisis
2024-05-14,ETH,-0.0231242265994413,-1.0,-1.0,0.2869,crisis
2024-05-15,ETH,0.0541097308304401,-1.0,-1.0,0.2909,crisis
2024-05-16,ETH,-0.0302679692830679,1.0,1.0,0.2795,crisis
2024-05-17,ETH,0.0505877475709917,1.0,1.0,0.2822,crisis
2024-05-18,ETH,0.0093177817352887,1.0,1.0,0.2735,crisis
2024-05-19,ETH,-0.0163646468279689,1.0,1.0,0.2181,crisis
2024-05-20,ETH,0.1927222347574988,1.0,1.0,0.2931,crisis
2024-05-21,ETH,0.0342418734747271,1.0,1.0,0.3168,crisis
2024-05-22,ETH,-0.0137478678115652,1.0,1.0,0.3168,crisis
2024-05-23,ETH,0.010625410415868,1.0,1.0,0.3168,crisis
2024-05-24,ETH,-0.0132363353922039,1.0,1.0,0.3168,crisis
2024-05-25,ETH,0.0059840068378917,1.0,1.0,0.3168,crisis
2024-05-26,ETH,0.0204470662744948,1.0,1.0,0.3168,crisis
2024-05-27,ETH,0.0172794424510793,1.0,1.0,0.3168,crisis
2024-05-28,ETH,-0.0132966077560304,1.0,1.0,0.3168,crisis
2024-05-29,ETH,-0.0200663204424245,1.0,1.0,0.3168,crisis
2024-05-30,ETH,-0.0043438931992773,1.0,1.0,0.3168,crisis
2024-05-31,ETH,0.0035168216840502,1.0,1.0,0.3168,crisis
2024-06-01,ETH,0.0141414858929598,-1.0,-1.0,0.3168,crisis
2024-06-02,ETH,-0.0084713592788412,-1.0,-1.0,0.3168,crisis
2024-06-03,ETH,-0.0038368778068711,-1.0,-1.0,0.3168,crisis
2024-06-04,ETH,0.0122469312179258,1.0,1.0,0.3168,crisis
2024-06-05,ETH,0.0135724332602356,1.0,1.0,0.3168,crisis
2024-06-06,ETH,-0.0136261576231963,1.0,1.0,0.3168,crisis
2024-06-07,ETH,-0.0348873435868477,-1.0,-1.0,0.3168,crisis
2024-06-08,ETH,0.0006308874002707,-1.0,-1.0,0.3168,crisis
2024-06-09,ETH,0.0067791895442455,-1.0,-1.0,0.3168,crisis
2024-06-10,ETH,-0.0105740141462939,-1.0,-1.0,0.3168,crisis
2024-06-11,ETH,-0.0459230801241771,-1.0,-1.0,0.3168,crisis
2024-06-12,ETH,0.0175189588895707,-1.0,-1.0,0.3168,range
2024-06-13,ETH,-0.0253781259700659,-1.0,-1.0,0.3168,range
2024-06-14,ETH,0.0031680114306817,-1.0,-1.0,0.3168,trend
2024-06-15,ETH,0.0245031389962142,-1.0,-1.0,0.3168,trend
2024-06-16,ETH,0.0154292950024756,-1.0,-1.0,0.3168,range
2024-06-17,ETH,-0.0301567894111786,1.0,1.0,0.3168,trend
2024-06-18,ETH,-0.0078879296439143,-1.0,-1.0,0.3168,trend
2024-06-19,ETH,0.0217201308079895,1.0,1.0,0.3168,trend
2024-06-20,ETH,-0.0135588051570033,1.0,1.0,0.1921,range
2024-06-21,ETH,0.0014208618736464,-1.0,-1.0,0.1921,range
2024-06-22,ETH,-0.0060471414567271,-1.0,-1.0,0.1921,trend
2024-06-23,ETH,-0.021804213777727,-1.0,-1.0,0.1921,trend
2024-06-24,ETH,-0.0199950952085157,-1.0,-1.0,0.1921,trend
2024-06-25,ETH,0.0133639639573988,-1.0,-1.0,0.1921,trend
2024-06-26,ETH,-0.0075262265552398,-1.0,-1.0,0.1921,trend
2024-06-27,ETH,0.0223545777563241,-1.0,-1.0,0.1921,trend
2024-06-28,ETH,-0.0206585403173926,-1.0,-1.0,0.1921,range
2024-06-29,ETH,-0.0001980690546736,-1.0,-1.0,0.1921,trend
2024-06-30,ETH,0.0177651821018385,1.0,1.0,0.1921,trend
2024-07-01,ETH,0.0021708806286613,1.0,1.0,0.1921,range
2024-07-02,ETH,-0.006972219484192,1.0,1.0,0.1921,range
2024-07-03,ETH,-0.0361314903773488,-1.0,-1.0,0.1921,range
2024-07-04,ETH,-0.0723962352015197,-1.0,-1.0,0.1921,crisis
2024-07-05,ETH,-0.0238738959799771,-1.0,-1.0,0.1921,crisis
2024-07-06,ETH,0.02944034650036,-1.0,-1.0,0.1921,crisis
2024-07-07,ETH,-0.0456088255871778,-1.0,-1.0,0.1921,crisis
2024-07-08,ETH,0.0304994595279348,-1.0,-1.0,0.1921,crisis
2024-07-09,ETH,0.0150066406647426,-1.0,-1.0,0.1921,crisis
2024-07-10,ETH,0.0124625914690821,1.0,1.0,0.1921,crisis
2024-07-11,ETH,-0.0006085771524413,1.0,1.0,0.1921,crisis
2024-07-12,ETH,0.0109110552797455,1.0,1.0,0.1921,crisis
2024-07-13,ETH,0.0137325653549433,1.0,1.0,0.1921,crisis
2024-07-14,ETH,0.0210501063255437,1.0,1.0,0.1921,crisis
2024-07-15,ETH,0.0756682020158721,1.0,1.0,0.1921,crisis
2024-07-16,ETH,-0.0131934692337787,1.0,1.0,0.1921,crisis
2024-07-17,ETH,-0.0159026492788078,1.0,1.0,0.1921,crisis
2024-07-18,ETH,0.011067820433664,1.0,1.0,0.1921,crisis
2024-07-19,ETH,0.0231962408316115,1.0,1.0,0.1921,crisis
2024-07-20,ETH,0.003868103950767,1.0,1.0,0.2562,crisis
2024-07-21,ETH,0.0049186148294897,1.0,1.0,0.2709,crisis
2024-07-22,ETH,-0.0271971379688548,1.0,1.0,0.2726,crisis
2024-07-23,ETH,0.0120845503393425,1.0,1.0,0.2657,crisis
2024-07-24,ETH,-0.0418313233075695,1.0,1.0,0.2654,crisis
2024-07-25,ETH,-0.0485298682550389,-1.0,-1.0,0.2797,crisis
2024-07-26,ETH,0.0319818858809268,-1.0,-1.0,0.2988,crisis
2024-07-27,ETH,-0.0086519921268697,-1.0,-1.0,0.2896,crisis
2024-07-28,ETH,0.0073459266368078,-1.0,-1.0,0.2905,crisis
2024-07-29,ETH,0.0150008369453575,-1.0,-1.0,0.293,crisis
2024-07-30,ETH,-0.0126098739284646,-1.0,-1.0,0.2899,crisis
2024-07-31,ETH,-0.0144485731069756,1.0,1.0,0.2889,crisis
2024-08-01,ETH,-0.0092010154293183,-1.0,-1.0,0.2902,crisis
2024-08-02,ETH,-0.0673268561939628,-1.0,-1.0,0.2901,crisis
2024-08-03,ETH,-0.0276714924971649,-1.0,-1.0,0.4528,crisis
2024-08-04,ETH,-0.0747357863109038,-1.0,-1.0,0.325,crisis
2024-08-05,ETH,-0.1002057529020338,-1.0,-1.0,0.4866,crisis
2024-08-06,ETH,0.0171758521997595,-1.0,-1.0,0.5341,crisis
2024-08-07,ETH,-0.0496739477861684,-1.0,-1.0,0.536,crisis
2024-08-08,ETH,0.1484058064900366,-1.0,-1.0,0.5291,crisis
2024-08-09,ETH,-0.0312125006130008,-1.0,-1.0,0.3789,crisis
2024-08-10,ETH,0.004009971491242,-1.0,-1.0,0.3757,crisis
2024-08-11,ETH,-0.0217510547062883,1.0,1.0,0.3836,crisis
2024-08-12,ETH,0.0670437834865365,1.0,1.0,0.3846,crisis
2024-08-13,ETH,-0.0076199408330632,1.0,1.0,0.3626,crisis
2024-08-14,ETH,-0.0150747139307076,1.0,1.0,0.3627,crisis
2024-08-15,ETH,-0.0348592259183506,1.0,1.0,0.3658,crisis
2024-08-16,ETH,0.0089875833552688,-1.0,-1.0,0.3635,crisis
2024-08-17,ETH,0.0082371057266581,1.0,1.0,0.3656,crisis
2024-08-18,ETH,-0.0004550300004183,-1.0,-1.0,0.3649,crisis
2024-08-19,ETH,0.0091641582536232,-1.0,-1.0,0.368,crisis
2024-08-20,ETH,-0.0243428154484458,-1.0,-1.0,0.3675,crisis
2024-08-21,ETH,0.0226529933357029,1.0,1.0,0.3658,crisis
2024-08-22,ETH,-0.003208978571182,1.0,1.0,0.3625,crisis
2024-08-23,ETH,0.0539451873202012,1.0,1.0,0.364,crisis
2024-08-24,ETH,0.0017879260896347,1.0,1.0,0.3507,crisis
2024-08-25,ETH,-0.0073055568779081,1.0,1.0,0.3517,crisis
2024-08-26,ETH,-0.0246683332519281,1.0,1.0,0.3517,crisis
2024-08-27,ETH,-0.0830234009249578,1.0,1.0,0.3525,crisis
2024-08-28,ETH,0.0283435197336019,-1.0,-1.0,0.3871,crisis
2024-08-29,ETH,0.0001491832578726,-1.0,-1.0,0.3827,crisis
2024-08-30,ETH,-0.0011747515310726,-1.0,-1.0,0.3846,crisis
2024-08-31,ETH,-0.0049204665057699,-1.0,-1.0,0.3848,crisis
2024-09-01,ETH,-0.0340143494895172,-1.0,-1.0,0.3848,crisis
2024-09-02,ETH,0.0454239489464123,-1.0,-1.0,0.3853,crisis
2024-09-03,ETH,-0.0463257767220719,1.0,1.0,0.3542,crisis
2024-09-04,ETH,0.0117215760329034,-1.0,-1.0,0.3481,crisis
2024-09-05,ETH,-0.0331728310509111,-1.0,-1.0,0.3515,crisis
2024-09-06,ETH,-0.0607588810067132,-1.0,-1.0,0.3553,crisis
2024-09-07,ETH,0.0225870068255586,-1.0,-1.0,0.3677,crisis
2024-09-08,ETH,0.0101955577303636,-1.0,-1.0,0.3662,crisis
2024-09-09,ETH,0.0266353529204719,-1.0,-1.0,0.3665,crisis
2024-09-10,ETH,0.0131859707258841,-1.0,-1.0,0.3627,crisis
2024-09-11,ETH,-0.0208151558012874,1.0,1.0,0.3624,crisis
2024-09-12,ETH,0.0093767825950588,1.0,1.0,0.2379,crisis
2024-09-13,ETH,0.03379882152498,1.0,1.0,0.2398,crisis
2024-09-14,ETH,-0.0094247243451863,1.0,1.0,0.2613,crisis
2024-09-15,ETH,-0.0403947159096873,1.0,1.0,0.2615,crisis
2024-09-16,ETH,-0.011036044683605,-1.0,-1.0,0.2565,crisis
2024-09-17,ETH,0.0202258537536954,-1.0,-1.0,0.2576,crisis
2024-09-18,ETH,0.0119661559264923,-1.0,-1.0,0.2584,crisis
2024-09-19,ETH,0.0400987594795603,-1.0,-1.0,0.2574,crisis
2024-09-20,ETH,0.0390789079427971,1.0,1.0,0.3734,crisis
2024-09-21,ETH,0.021391493792606,1.0,1.0,0.3674,crisis
2024-09-22,ETH,-0.0126133143610031,1.0,1.0,0.3658,crisis
2024-09-23,ETH,0.0254306362219802,1.0,1.0,0.2469,crisis
2024-09-24,ETH,0.0021931251720292,1.0,1.0,0.3771,crisis
2024-09-25,ETH,-0.0282427592184791,1.0,1.0,0.2576,crisis
2024-09-26,ETH,0.0204743394714863,1.0,1.0,0.3795,crisis
2024-09-27,ETH,0.0242005488851217,1.0,1.0,0.2529,crisis
2024-09-28,ETH,-0.0068109232324214,1.0,1.0,0.2512,crisis
2024-09-29,ETH,-0.0067943504267269,1.0,1.0,0.2515,crisis
2024-09-30,ETH,-0.0211646623399097,1.0,1.0,0.252,crisis
2024-10-01,ETH,-0.0592154768107168,1.0,1.0,0.2507,crisis
2024-10-02,ETH,-0.0341740089829495,-1.0,-1.0,0.2408,crisis
2024-10-03,ETH,-0.0065280833824232,-1.0,-1.0,0.2392,crisis
2024-10-04,ETH,0.0276631744529336,-1.0,-1.0,0.2116,crisis
2024-10-05,ETH,0.0003469822452661,-1.0,-1.0,0.1921,crisis
2024-10-06,ETH,0.0100702132553796,-1.0,-1.0,0.1921,crisis
2024-10-07,ETH,-0.0074432160600884,-1.0,-1.0,0.1921,crisis
2024-10-08,ETH,0.0074507451299583,1.0,1.0,0.2553,crisis
2024-10-09,ETH,-0.0293287055660089,1.0,1.0,0.262,crisis
2024-10-10,ETH,0.0065762664129611,-1.0,-1.0,0.2557,crisis
2024-10-11,ETH,0.0220883624622885,-1.0,-1.0,0.2587,crisis
2024-10-12,ETH,0.0164209091440155,-1.0,-1.0,0.2939,crisis
2024-10-13,ETH,-0.0035720204155448,1.0,1.0,0.2914,crisis
2024-10-14,ETH,0.0653338748397864,1.0,1.0,0.2932,crisis
2024-10-15,ETH,-0.0087024727214237,1.0,1.0,0.2649,crisis
2024-10-16,ETH,0.0019493612019787,1.0,1.0,0.2648,crisis
2024-10-17,ETH,-0.0026152226716711,1.0,1.0,0.2652,crisis
2024-10-18,ETH,0.0143144756065001,1.0,1.0,0.2652,crisis
2024-10-19,ETH,0.0026896065896979,1.0,1.0,0.2642,crisis
2024-10-20,ETH,0.0368892732801733,1.0,1.0,0.2694,crisis
2024-10-21,ETH,-0.0293667755138252,1.0,1.0,0.2626,crisis
2024-10-22,ETH,-0.0170741046805968,1.0,1.0,0.2553,crisis
2024-10-23,ETH,-0.0424008619191603,1.0,1.0,0.2769,crisis
2024-10-24,ETH,0.0101230200357702,-1.0,-1.0,0.2821,crisis
2024-10-25,ETH,-0.0388891339875734,-1.0,-1.0,0.2813,crisis
2024-10-26,ETH,0.0179270817610592,-1.0,-1.0,0.2741,crisis
2024-10-27,ETH,0.0106216194528503,-1.0,-1.0,0.2213,range
2024-10-28,ETH,0.0237066548795719,-1.0,-1.0,0.2273,range
2024-10-29,ETH,0.028303906880938,1.0,1.0,0.2225,range
2024-10-30,ETH,0.0073598755547625,1.0,1.0,0.2159,trend
2024-10-31,ETH,-0.0532756469278883,1.0,1.0,0.2159,trend
2024-11-01,ETH,-0.0015556957718574,1.0,1.0,0.237,range
2024-11-02,ETH,-0.0082873580612795,1.0,1.0,0.2547,range
2024-11-03,ETH,-0.0139070078190473,-1.0,-1.0,0.2554,range
2024-11-04,ETH,-0.0241810430593077,-1.0,-1.0,0.2546,range
2024-11-05,ETH,0.0106900232425022,-1.0,-1.0,0.2596,range
2024-11-06,ETH,0.1244581246510063,-1.0,-1.0,0.2262,range
2024-11-07,ETH,0.0629242340854889,1.0,1.0,0.3168,range
2024-11-08,ETH,0.0230389269495134,1.0,1.0,0.3168,range
2024-11-09,ETH,0.0569989847173546,1.0,1.0,0.3168,range
2024-11-10,ETH,0.0192219704256506,1.0,1.0,0.3168,range
2024-11-11,ETH,0.0574937768198808,1.0,1.0,0.3168,trend
2024-11-12,ETH,-0.0380926778784183,1.0,1.0,0.3168,trend
2024-11-13,ETH,-0.016530228997185,1.0,1.0,0.3168,trend
2024-11-14,ETH,-0.0418616132465307,1.0,1.0,0.3168,trend
2024-11-15,ETH,0.0144140359188835,-1.0,-1.0,0.3168,trend
2024-11-16,ETH,0.0097431529401841,-1.0,-1.0,0.3168,trend
2024-11-17,ETH,-0.0183872543710441,-1.0,-1.0,0.3168,trend
2024-11-18,ETH,0.0429809389017701,-1.0,-1.0,0.3168,trend
2024-11-19,ETH,-0.0300737934362199,1.0,1.0,0.3168,trend
2024-11-20,ETH,-0.0125976235988853,1.0,1.0,0.3168,trend
2024-11-21,ETH,0.0940261363883798,-1.0,-1.0,0.3168,trend
2024-11-22,ETH,-0.0087630622398965,1.0,1.0,0.3168,trend
2024-11-23,ETH,0.0193968491093918,1.0,1.0,0.3168,trend
2024-11-24,ETH,-0.0095881433097468,1.0,1.0,0.3168,trend
2024-11-25,ETH,0.0148302844242782,1.0,1.0,0.3168,trend
2024-11-26,ETH,-0.0254945044570557,1.0,1.0,0.3168,trend
2024-11-27,ETH,0.099422879963656,-1.0,-1.0,0.3168,trend
2024-11-28,ETH,-0.021173767078749,1.0,1.0,0.3168,trend
2024-11-29,ETH,0.0038222295331866,1.0,1.0,0.3168,trend
2024-11-30,ETH,0.0312261340871189,1.0,1.0,0.3168,trend
2024-12-01,ETH,0.0014733272945559,1.0,1.0,0.3168,trend
2024-12-02,ETH,-0.0180446172642572,1.0,1.0,0.3168,range
2024-12-03,ETH,-0.0064449882448404,-1.0,-1.0,0.3168,range
2024-12-04,ETH,0.0609326024489504,1.0,1.0,0.3168,trend
2024-12-05,ETH,-0.0078938142728541,1.0,1.0,0.3168,trend
2024-12-06,ETH,0.0511156708983855,1.0,1.0,0.3168,trend
2024-12-07,ETH,-0.000778349321664,1.0,1.0,0.3168,trend
2024-12-08,ETH,0.0007524841828581,1.0,1.0,0.3168,trend
2024-12-09,ETH,-0.0716513546415676,1.0,1.0,0.3168,trend
2024-12-10,ETH,-0.0233567948436148,-1.0,-1.0,0.3168,trend
2024-12-11,ETH,0.0553407164605033,-1.0,-1.0,0.3168,trend
2024-12-12,ETH,0.0131181517779301,-1.0,-1.0,0.3168,trend
2024-12-13,ETH,0.0072374516384092,-1.0,-1.0,0.3168,trend
2024-12-14,ETH,-0.0109429307084631,-1.0,-1.0,0.3168,trend
2024-12-15,ETH,0.0215943994403782,1.0,1.0,0.3168,trend
2024-12-16,ETH,0.008992996976429,1.0,1.0,0.3168,trend
2024-12-17,ETH,-0.025257761688468,1.0,1.0,0.3168,trend
2024-12-18,ETH,-0.0689454538053996,1.0,1.0,0.3168,range
2024-12-19,ETH,-0.055505627938045,-1.0,-1.0,0.3168,range
2024-12-20,ETH,0.0159820477858556,-1.0,-1.0,0.3168,range
2024-12-21,ETH,-0.0389716259177805,-1.0,-1.0,0.3168,range
2024-12-22,ETH,-0.0178853095444867,-1.0,-1.0,0.3168,crisis
2024-12-23,ETH,0.0421811628403108,-1.0,-1.0,0.3168,crisis
2024-12-24,ETH,0.0223270479135351,-1.0,-1.0,0.3168,crisis
2024-12-25,ETH,0.000339498844893,1.0,1.0,0.3168,crisis
2024-12-26,ETH,-0.0463780722395097,1.0,1.0,0.3168,crisis
2024-12-27,ETH,-0.0006930895737473,1.0,1.0,0.3168,crisis
2024-12-28,ETH,0.020723061501503,1.0,1.0,0.3168,crisis
2024-12-29,ETH,-0.0142408201061546,-1.0,-1.0,0.3168,crisis
2024-12-30,ETH,0.0020537760301735,-1.0,-1.0,0.3168,crisis
2024-12-31,ETH,-0.0071090729967826,-1.0,-1.0,0.3168,crisis
2025-01-01,ETH,0.0062932370211097,1.0,1.0,0.3168,crisis
2025-01-02,ETH,0.0291898931220861,1.0,1.0,0.3168,crisis
2025-01-03,ETH,0.0445087552408929,1.0,1.0,0.3168,crisis
2025-01-04,ETH,0.0146177194821659,1.0,1.0,0.3168,crisis
2025-01-05,ETH,-0.006452957745802,1.0,1.0,0.3168,crisis
2025-01-06,ETH,0.014998902607803,1.0,1.0,0.1921,crisis
2025-01-07,ETH,-0.0832383540130119,1.0,1.0,0.1921,crisis
2025-01-08,ETH,-0.0163379513348587,-1.0,-1.0,0.3168,crisis
2025-01-09,ETH,-0.0321371309124017,-1.0,-1.0,0.3168,crisis
2025-01-10,ETH,0.0149278960122813,-1.0,-1.0,0.3168,crisis
2025-01-11,ETH,0.0045073690346848,-1.0,-1.0,0.1972,crisis
2025-01-12,ETH,-0.0049559787574557,-1.0,-1.0,0.2044,crisis
2025-01-13,ETH,-0.0399428555879884,-1.0,-1.0,0.2058,crisis
2025-01-14,ETH,0.0281246440183362,-1.0,-1.0,0.2028,crisis
2025-01-15,ETH,0.0703707271588793,1.0,1.0,0.3247,crisis
2025-01-16,ETH,-0.0412087620517692,1.0,1.0,0.3168,crisis
2025-01-17,ETH,0.050104191710977,1.0,1.0,0.3168,crisis
2025-01-18,ETH,-0.0484491750950794,1.0,1.0,0.3168,crisis
2025-01-19,ETH,-0.0292895823600196,1.0,1.0,0.3168,crisis
2025-01-20,ETH,0.0215244039106148,1.0,1.0,0.3168,crisis
2025-01-21,ETH,0.0150611093472303,-1.0,-1.0,0.3375,crisis
2025-01-22,ETH,-0.0262010809846258,1.0,1.0,0.3368,crisis
2025-01-23,ETH,0.0291614049469708,-1.0,-1.0,0.3352,crisis
2025-01-24,ETH,-0.0075446286690764,1.0,1.0,0.3315,crisis
2025-01-25,ETH,0.0023310081774501,1.0,1.0,0.3322,crisis
2025-01-26,ETH,-0.0244584448571102,1.0,1.0,0.3355,crisis
2025-01-27,ETH,-0.0176796950571722,-1.0,-1.0,0.3874,crisis
2025-01-28,ETH,-0.0320259233300908,-1.0,-1.0,0.3882,crisis
2025-01-29,ETH,0.0116623860973306,-1.0,-1.0,0.3828,crisis
2025-01-30,ETH,0.0432961927853559,-1.0,-1.0,0.3884,crisis
2025-01-31,ETH,0.0155444971538927,-1.0,-1.0,0.3761,crisis
2025-02-01,ETH,-0.0545548996150467,1.0,1.0,0.3761,crisis
2025-02-02,ETH,-0.0800543410095646,-1.0,-1.0,0.3765,crisis
2025-02-03,ETH,0.0055334537401428,-1.0,-1.0,0.4284,crisis
2025-02-04,ETH,-0.0518328743900328,-1.0,-1.0,0.4279,crisis
2025-02-05,ETH,0.019278535576469,-1.0,-1.0,0.4335,crisis
2025-02-06,ETH,-0.0356477941573779,-1.0,-1.0,0.4299,crisis
2025-02-07,ETH,-0.0246204715170877,-1.0,-1.0,0.425,crisis
2025-02-08,ETH,0.0038506311160004,-1.0,-1.0,0.4092,crisis
2025-02-09,ETH,-0.0013627424019899,-1.0,-1.0,0.4108,crisis
2025-02-10,ETH,0.0123427150611084,-1.0,-1.0,0.4339,crisis
2025-02-11,ETH,-0.0219395367343481,-1.0,-1.0,0.4341,crisis
2025-02-12,ETH,0.0515295242142033,-1.0,-1.0,0.4335,crisis
2025-02-13,ETH,-0.0222877945570125,1.0,1.0,0.413,crisis
2025-02-14,ETH,0.0187559013063003,1.0,1.0,0.4158,crisis
2025-02-15,ETH,-0.0119334723914974,1.0,1.0,0.4134,crisis
2025-02-16,ETH,-0.0112282253106436,1.0,1.0,0.4155,crisis
2025-02-17,ETH,0.0299941094195936,1.0,1.0,0.2741,crisis
2025-02-18,ETH,-0.026925068435387,1.0,1.0,0.2647,crisis
2025-02-19,ETH,0.0173946176249897,-1.0,-1.0,0.2636,crisis
2025-02-20,ETH,0.0090639006569519,-1.0,-1.0,0.269,crisis
2025-02-21,ETH,-0.0294596976664606,1.0,1.0,0.2696,crisis
2025-02-22,ETH,0.0392433450900127,1.0,1.0,0.2788,crisis
2025-02-23,ETH,0.020723733255699,1.0,1.0,0.2709,crisis
2025-02-24,ETH,-0.108988016445359,1.0,1.0,0.2672,crisis
2025-02-25,ETH,-0.0080470158533699,-1.0,-1.0,0.461,crisis
2025-02-26,ETH,-0.0650226092166886,-1.0,-1.0,0.461,crisis
2025-02-27,ETH,-0.0111382325807387,-1.0,-1.0,0.4754,crisis
2025-02-28,ETH,-0.0293123225189934,-1.0,-1.0,0.4756,crisis
2025-03-01,ETH,-0.0095008323824028,-1.0,-1.0,0.4727,crisis
2025-03-02,ETH,0.1367162989594763,-1.0,-1.0,0.4726,crisis
2025-03-03,ETH,-0.148478553086045,1.0,1.0,0.3736,crisis
2025-03-04,ETH,0.0113914329678728,-1.0,-1.0,0.4547,crisis
2025-03-05,ETH,0.0331620535661045,-1.0,-1.0,0.4636,crisis
2025-03-06,ETH,-0.0176185942519219,1.0,1.0,0.4591,crisis
2025-03-07,ETH,-0.0288263002911428,1.0,1.0,0.4587,crisis
2025-03-08,ETH,0.029230046295678,-1.0,-1.0,0.459,crisis
2025-03-09,ETH,-0.0844879547132616,1.0,1.0,0.4267,crisis
2025-03-10,ETH,-0.0765850096399072,-1.0,-1.0,0.4553,crisis
2025-03-11,ETH,0.0315361794588049,-1.0,-1.0,0.4736,crisis
2025-03-12,ETH,-0.0056579072025392,-1.0,-1.0,0.4698,crisis
2025-03-13,ETH,-0.0241034464809859,-1.0,-1.0,0.4703,crisis
2025-03-14,ETH,0.0249590356668014,-1.0,-1.0,0.4694,crisis
2025-03-15,ETH,0.0146256082363029,-1.0,-1.0,0.4693,crisis
2025-03-16,ETH,-0.0257869993813297,1.0,1.0,0.4721,crisis
2025-03-17,ETH,0.0209638317957441,-1.0,-1.0,0.4947,crisis
2025-03-18,ETH,0.0028752044215358,1.0,1.0,0.4955,crisis
2025-03-19,ETH,0.0647879694248063,1.0,1.0,0.509,crisis
2025-03-20,ETH,-0.036763069286021,1.0,1.0,0.4942,crisis
2025-03-21,ETH,-0.0087040616573061,1.0,1.0,0.4926,crisis
2025-03-22,ETH,0.0077310363032974,1.0,1.0,0.4959,crisis
2025-03-23,ETH,0.0127580150266914,1.0,1.0,0.497,crisis
2025-03-24,ETH,0.0359945337704157,1.0,1.0,0.4968,crisis
2025-03-25,ETH,-0.0046762656718711,1.0,1.0,0.4947,crisis
2025-03-26,ETH,-0.0283276159971436,1.0,1.0,0.4947,crisis
2025-03-27,ETH,-0.0034003312052732,1.0,1.0,0.4932,crisis
2025-03-28,ETH,-0.053364344956677,1.0,1.0,0.4944,crisis
2025-03-29,ETH,-0.0359707263542667,-1.0,-1.0,0.4864,crisis
2025-03-30,ETH,-0.0115478848595749,-1.0,-1.0,0.4856,crisis
2025-03-31,ETH,0.0095566241384896,-1.0,-1.0,0.4871,crisis
2025-04-01,ETH,0.0449752536292133,-1.0,-1.0,0.4963,crisis
2025-04-02,ETH,-0.0578214204858413,-1.0,-1.0,0.4873,crisis
2025-04-03,ETH,0.0113205730578602,-1.0,-1.0,0.4861,crisis
2025-04-04,ETH,-0.0001663338644721,-1.0,-1.0,0.4708,crisis
2025-04-05,ETH,-0.0051571403729591,1.0,1.0,0.4712,crisis
2025-04-06,ETH,-0.1269372274204262,-1.0,-1.0,0.4796,crisis
2025-04-07,ETH,-0.0136276264354058,-1.0,-1.0,0.5321,crisis
2025-04-08,ETH,-0.0531672377311657,-1.0,-1.0,0.5349,crisis
2025-04-09,ETH,0.1327537447707503,-1.0,-1.0,0.5282,crisis
2025-04-10,ETH,-0.0872408556308775,-1.0,-1.0,0.4618,crisis
2025-04-11,ETH,0.0293139115784086,-1.0,-1.0,0.4731,crisis
2025-04-12,ETH,0.0487373862671638,1.0,1.0,0.4703,crisis
2025-04-13,ETH,-0.0285013442727031,1.0,1.0,0.462,crisis
2025-04-14,ETH,0.0163364054418753,1.0,1.0,0.4706,crisis
2025-04-15,ETH,-0.0210365321819735,-1.0,-1.0,0.4696,crisis
2025-04-16,ETH,-0.0066265168094518,1.0,1.0,0.471,crisis
2025-04-17,ETH,0.0028153970667488,1.0,1.0,0.4711,crisis
2025-04-18,ETH,0.0040291614561782,-1.0,-1.0,0.4708,crisis
2025-04-19,ETH,0.0151034024506335,-1.0,-1.0,0.4746,crisis
2025-04-20,ETH,-0.0157531213047934,-1.0,-1.0,0.4742,crisis
2025-04-21,ETH,-0.0049006079777363,-1.0,-1.0,0.4758,crisis
2025-04-22,ETH,0.1124221622672112,1.0,1.0,0.4766,crisis
2025-04-23,ETH,0.0220633269058807,1.0,1.0,0.4385,crisis
2025-04-24,ETH,-0.0146275379262544,1.0,1.0,0.4418,crisis
2025-04-25,ETH,0.0094940421607507,1.0,1.0,0.4435,crisis
2025-04-26,ETH,0.0197279195086672,1.0,1.0,0.4133,crisis
2025-04-27,ETH,-0.0159264582223607,1.0,1.0,0.4118,crisis
2025-04-28,ETH,0.0033392455309573,1.0,1.0,0.412,crisis
2025-04-29,ETH,0.0001800329175905,1.0,1.0,0.412,crisis
2025-04-30,ETH,-0.0030015237962643,1.0,1.0,0.414,crisis
2025-05-01,ETH,0.0253354836005152,1.0,1.0,0.4141,crisis
2025-05-02,ETH,0.0018955454880142,1.0,1.0,0.4728,crisis
2025-05-03,ETH,-0.0048125718303572,1.0,1.0,0.4036,crisis
2025-05-04,ETH,-0.0137664612124958,1.0,1.0,0.4043,crisis
2025-05-05,ETH,0.0061391722086467,1.0,1.0,0.4087,crisis
2025-05-06,ETH,-0.0025333800408158,1.0,1.0,0.4093,crisis
2025-05-07,ETH,-0.0019177229274721,-1.0,-1.0,0.4121,crisis
2025-05-08,ETH,0.2179876908621854,-1.0,-1.0,0.4161,crisis
2025-05-09,ETH,0.0629919569669184,1.0,1.0,0.3168,crisis
2025-05-10,ETH,0.1010081191206844,1.0,1.0,0.3168,crisis
2025-05-11,ETH,-0.0279523631204536,1.0,1.0,0.3168,crisis
2025-05-12,ETH,-0.0055134569041194,1.0,1.0,0.3168,crisis
2025-05-13,ETH,0.0735988233044782,1.0,1.0,0.3168,crisis
2025-05-14,ETH,-0.026142916834695,1.0,1.0,0.3168,crisis
2025-05-15,ETH,-0.0242163860411442,1.0,1.0,0.3168,crisis
2025-05-16,ETH,-0.0041460225082118,-1.0,-1.0,0.3168,crisis
2025-05-17,ETH,-0.0238707053594419,1.0,1.0,0.3168,crisis
2025-05-18,ETH,0.0090797569001714,-1.0,-1.0,0.3168,crisis
2025-05-19,ETH,0.0123819905958946,-1.0,-1.0,0.3168,crisis
2025-05-20,ETH,-0.0019744259043442,-1.0,-1.0,0.3168,crisis
2025-05-21,ETH,0.0111617037332287,-1.0,-1.0,0.3168,crisis
2025-05-22,ETH,0.0438066638646603,1.0,1.0,0.3168,crisis
2025-05-23,ETH,-0.051691806751355,1.0,1.0,0.3168,crisis
2025-05-24,ETH,0.0016641371061119,1.0,1.0,0.3168,crisis
2025-05-25,ETH,0.0083447759096089,1.0,1.0,0.3168,crisis
2025-05-26,ETH,0.0048493952128894,1.0,1.0,0.3168,crisis
2025-05-27,ETH,0.0385827049796951,1.0,1.0,0.3168,crisis
2025-05-28,ETH,0.0071883456573902,1.0,1.0,0.3168,crisis
2025-05-29,ETH,-0.0184765741906497,1.0,1.0,0.3168,crisis
2025-05-30,ETH,-0.0390142992616211,1.0,1.0,0.3168,crisis
2025-05-31,ETH,-0.0003384269794335,-1.0,-1.0,0.3168,crisis
2025-06-01,ETH,0.0028385555483263,-1.0,-1.0,0.3168,crisis
2025-06-02,ETH,0.0279272933933878,-1.0,-1.0,0.3168,crisis
2025-06-03,ETH,-0.005299816803046,-1.0,-1.0,0.3168,crisis
2025-06-04,ETH,0.0059240773649142,-1.0,-1.0,0.3168,crisis
2025-06-05,ETH,-0.07373849813037,1.0,1.0,0.3168,crisis
2025-06-06,ETH,0.0252077728580455,-1.0,-1.0,0.3168,range
2025-06-07,ETH,0.0199058008651182,-1.0,-1.0,0.3168,range
2025-06-08,ETH,-0.0062213450636542,-1.0,-1.0,0.3168,range
2025-06-09,ETH,0.0679985889011709,-1.0,-1.0,0.3168,range
2025-06-10,ETH,0.0492260477403638,1.0,1.0,0.1921,range
2025-06-11,ETH,-0.014212913244583,1.0,1.0,0.3168,range
2025-06-12,ETH,-0.0438914169742269,1.0,1.0,0.3168,range
2025-06-13,ETH,-0.0272679741474511,1.0,1.0,0.1921,range
2025-06-14,ETH,-0.0178492888460873,1.0,1.0,0.1921,range
2025-06-15,ETH,0.0052865056109254,-1.0,-1.0,0.1921,range
2025-06-16,ETH,-0.0024470263889081,-1.0,-1.0,0.1921,range
2025-06-17,ETH,-0.0117466139320362,-1.0,-1.0,0.1921,range
2025-06-18,ETH,0.0053928018250346,-1.0,-1.0,0.1921,range
2025-06-19,ETH,-0.0010489829382142,-1.0,-1.0,0.1921,range
2025-06-20,ETH,-0.0453469766213401,-1.0,-1.0,0.1921,range
2025-06-21,ETH,-0.0443685487628289,-1.0,-1.0,0.1921,crisis
2025-06-22,ETH,-0.0314203906894213,-1.0,-1.0,0.1921,crisis
2025-06-23,ETH,0.0868910668308287,-1.0,-1.0,0.1921,crisis
2025-06-24,ETH,0.0108116145545347,-1.0,-1.0,0.3168,crisis
2025-06-25,ETH,-0.0117231957893073,-1.0,-1.0,0.3168,crisis
2025-06-26,ETH,-0.0013076347482894,1.0,1.0,0.3168,crisis
2025-06-27,ETH,0.0031952591093227,1.0,1.0,0.3168,crisis
2025-06-28,ETH,0.0054633492473277,1.0,1.0,0.3168,crisis
2025-06-29,ETH,0.0261993107869851,1.0,1.0,0.3168,crisis
2025-06-30,ETH,-0.0057960166076853,1.0,1.0,0.3168,crisis
2025-07-01,ETH,-0.0324443142255167,1.0,1.0,0.3168,crisis
2025-07-02,ETH,0.0688100528844413,-1.0,-1.0,0.3168,crisis
2025-07-03,ETH,0.0076504506660057,1.0,1.0,0.3168,crisis
2025-07-04,ETH,-0.0318366578514969,1.0,1.0,0.3168,crisis
2025-07-05,ETH,0.0034927864441578,1.0,1.0,0.3168,crisis
2025-07-06,ETH,0.0214344619354172,1.0,1.0,0.3168,crisis
2025-07-07,ETH,-0.0109765818424891,1.0,1.0,0.3168,crisis
2025-07-08,ETH,0.0285066063553804,-1.0,-1.0,0.3168,crisis
2025-07-09,ETH,0.0593658499976477,1.0,1.0,0.3168,crisis
2025-07-10,ETH,0.066431758275212,1.0,1.0,0.3168,crisis
2025-07-11,ETH,0.0010291624108509,1.0,1.0,0.3168,crisis
2025-07-12,ETH,-0.0050626049172374,1.0,1.0,0.3168,crisis
2025-07-13,ETH,0.0103459666973226,1.0,1.0,0.3168,crisis
2025-07-14,ETH,0.0134500895731117,1.0,1.0,0.3168,crisis
2025-07-15,ETH,0.0419927268661559,1.0,1.0,0.3168,crisis
2025-07-16,ETH,0.073766027928803,1.0,1.0,0.3168,crisis
2025-07-17,ETH,0.0312256783134627,1.0,1.0,0.3168,crisis
2025-07-18,ETH,0.0207754996538493,1.0,1.0,0.3168,crisis
2025-07-19,ETH,0.0130338436231816,1.0,1.0,0.3168,crisis
2025-07-20,ETH,0.045670446382074,1.0,1.0,0.3168,crisis
2025-07-21,ETH,0.0010373538968471,1.0,1.0,0.3168,crisis
2025-07-22,ETH,-0.0037800761075303,1.0,1.0,0.1921,crisis
2025-07-23,ETH,-0.03185843128317,1.0,1.0,0.1921,crisis
2025-07-24,ETH,0.021572560819185,1.0,1.0,0.1921,crisis
2025-07-25,ETH,0.0051944987325842,1.0,1.0,0.1921,crisis
2025-07-26,ETH,0.0037907536475187,-1.0,-1.0,0.1921,crisis
2025-07-27,ETH,0.0357755730955098,-1.0,-1.0,0.1921,crisis
2025-07-28,ETH,-0.0226619903849364,1.0,1.0,0.1921,crisis
2025-07-29,ETH,0.0015918602984175,1.0,1.0,0.1921,crisis
2025-07-30,ETH,0.003887439502314,1.0,1.0,0.1921,crisis
2025-07-31,ETH,-0.0292773089332145,1.0,1.0,0.1921,crisis
2025-08-01,ETH,-0.0563587413975232,-1.0,-1.0,0.1921,crisis
2025-08-02,ETH,-0.0274124781544009,-1.0,-1.0,0.1921,crisis
2025-08-03,ETH,0.0308417096817741,-1.0,-1.0,0.1921,crisis
2025-08-04,ETH,0.0633637143885297,-1.0,-1.0,0.1921,crisis
2025-08-05,ETH,-0.028794587423448,-1.0,-1.0,0.1921,crisis
2025-08-06,ETH,0.019939990563959,-1.0,-1.0,0.3168,crisis
2025-08-07,ETH,0.0625434951126753,1.0,1.0,0.3168,crisis
2025-08-08,ETH,0.0244034224492999,1.0,1.0,0.3168,crisis
2025-08-09,ETH,0.0632817474990321,1.0,1.0,0.3168,crisis
2025-08-10,ETH,-0.0022003353011864,1.0,1.0,0.3168,crisis
2025-08-11,ETH,-0.0064056374200328,1.0,1.0,0.3168,crisis
2025-08-12,ETH,0.0861038246341501,1.0,1.0,0.3168,crisis
2025-08-13,ETH,0.0360169423925045,1.0,1.0,0.3168,trend
2025-08-14,ETH,-0.0437546896560291,1.0,1.0,0.3168,trend
2025-08-15,ETH,-0.0237849107507586,1.0,1.0,0.3168,trend
2025-08-16,ETH,-0.0031100515039045,1.0,1.0,0.3168,trend
2025-08-17,ETH,0.0106392660767449,1.0,1.0,0.3168,trend
2025-08-18,ETH,-0.0359393795176645,-1.0,-1.0,0.3168,trend
2025-08-19,ETH,-0.055429681352263,-1.0,-1.0,0.3168,range
2025-08-20,ETH,0.0640821595131264,-1.0,-1.0,0.3168,crisis
2025-08-21,ETH,-0.0256755138555492,-1.0,-1.0,0.3168,crisis
2025-08-22,ETH,0.143999156447339,-1.0,-1.0,0.3168,crisis
2025-08-23,ETH,-0.0114374484188449,1.0,1.0,0.3168,crisis
2025-08-24,ETH,0.0007447783980119,1.0,1.0,0.3168,crisis
2025-08-25,ETH,-0.0850815193572845,1.0,1.0,0.3168,crisis
2025-08-26,ETH,0.0520099702106291,1.0,1.0,0.3168,crisis
2025-08-27,ETH,-0.021092323933093,1.0,1.0,0.3168,crisis
2025-08-28,ETH,0.0008404036496352,-1.0,-1.0,0.3168,crisis
2025-08-29,ETH,-0.0326201696512723,-1.0,-1.0,0.3168,crisis
2025-08-30,ETH,0.0032110086092389,-1.0,-1.0,0.3168,crisis
2025-08-31,ETH,0.0036271528440883,1.0,1.0,0.3168,crisis
2025-09-01,ETH,-0.0172092256059805,-1.0,-1.0,0.3168,crisis
2025-09-02,ETH,0.0025253408344354,-1.0,-1.0,0.3168,crisis
2025-09-03,ETH,0.0289047089926124,-1.0,-1.0,0.3168,crisis
2025-09-04,ETH,-0.0340745526006821,1.0,1.0,0.3168,crisis
2025-09-05,ETH,0.0019179157066675,-1.0,-1.0,0.3168,crisis
2025-09-06,ETH,-0.0076031268674086,-1.0,-1.0,0.3168,crisis
2025-09-07,ETH,0.0072774230812113,-1.0,-1.0,0.3168,crisis
2025-09-08,ETH,0.0006328430576436,-1.0,-1.0,0.3168,crisis
2025-09-09,ETH,0.000224981899441,-1.0,-1.0,0.3168,crisis
2025-09-10,ETH,0.0093070563723149,1.0,1.0,0.3168,crisis
2025-09-11,ETH,0.0257722786138756,1.0,1.0,0.3168,crisis
2025-09-12,ETH,0.0569377731731017,1.0,1.0,0.3168,crisis
2025-09-13,ETH,-0.0099817496932739,1.0,1.0,0.3168,crisis
2025-09-14,ETH,-0.0125492237170872,1.0,1.0,0.3168,crisis
2025-09-15,ETH,-0.0179576071325368,1.0,1.0,0.3168,crisis
2025-09-16,ETH,-0.0051373497885001,1.0,1.0,0.3168,crisis
2025-09-17,ETH,0.019799637873646,1.0,1.0,0.3168,crisis
2025-09-18,ETH,-0.00061280568255,-1.0,-1.0,0.3168,crisis
2025-09-19,ETH,-0.0259268092841883,-1.0,-1.0,0.3168,crisis
2025-09-20,ETH,0.0025383233086928,-1.0,-1.0,0.3168,crisis
2025-09-21,ETH,-0.0069019835114078,-1.0,-1.0,0.3168,crisis
2025-09-22,ETH,-0.0558151631765529,-1.0,-1.0,0.1921,crisis
2025-09-23,ETH,-0.0088923685444762,-1.0,-1.0,0.1921,crisis
2025-09-24,ETH,-0.0028891265593804,-1.0,-1.0,0.1921,crisis
2025-09-25,ETH,-0.0686499014554498,-1.0,-1.0,0.1921,crisis
2025-09-26,ETH,0.0433142421918351,-1.0,-1.0,0.1921,crisis
2025-09-27,ETH,-0.0042691314988442,-1.0,-1.0,0.1921,crisis
2025-09-28,ETH,0.0305620316949308,-1.0,-1.0,0.1921,crisis
2025-09-29,ETH,0.0183184024417619,-1.0,-1.0,0.1921,crisis
2025-09-30,ETH,-0.0169263675513909,1.0,1.0,0.1921,crisis
2025-10-01,ETH,0.0494830890547679,1.0,1.0,0.1921,crisis
2025-10-02,ETH,0.031442884912465,1.0,1.0,0.1921,crisis
2025-10-03,ETH,0.0060042858069202,1.0,1.0,0.1921,crisis
2025-10-04,ETH,-0.0056863954888657,1.0,1.0,0.1921,crisis
2025-10-05,ETH,0.0058419321731117,1.0,1.0,0.1921,crisis
2025-10-06,ETH,0.0381688799649984,1.0,1.0,0.1921,crisis
2025-10-07,ETH,-0.0504759307690095,1.0,1.0,0.1921,crisis
2025-10-08,ETH,0.017185685016793,-1.0,-1.0,0.1921,crisis
2025-10-09,ETH,-0.0350081093558963,1.0,1.0,0.1921,crisis
2025-10-10,ETH,-0.1204205719128932,-1.0,-1.0,0.1921,crisis
2025-10-11,ETH,-0.0240429366333599,-1.0,-1.0,0.3439,crisis
2025-10-12,ETH,0.110332982804562,-1.0,-1.0,0.3729,crisis
2025-10-13,ETH,0.019460066119904,-1.0,-1.0,0.3293,crisis
2025-10-14,ETH,-0.0282785479644077,-1.0,-1.0,0.3345,crisis
2025-10-15,ETH,-0.0334397226413459,-1.0,-1.0,0.3336,crisis
2025-10-16,ETH,-0.023249158708877,1.0,1.0,0.3298,crisis
2025-10-17,ETH,-0.0159690574399135,1.0,1.0,0.3286,crisis
2025-10-18,ETH,0.0150780081819774,-1.0,-1.0,0.3321,crisis
2025-10-19,ETH,0.0242403791737586,-1.0,-1.0,0.3168,crisis
2025-10-20,ETH,-0.0009760969295927,-1.0,-1.0,0.3214,crisis
2025-10-21,ETH,-0.0261246814971964,-1.0,-1.0,0.3238,crisis
2025-10-22,ETH,-0.0177059637541527,-1.0,-1.0,0.4193,crisis
2025-10-23,ETH,0.0125794417244853,-1.0,-1.0,0.4185,crisis
2025-10-24,ETH,0.0203683813713873,-1.0,-1.0,0.4173,crisis
2025-10-25,ETH,0.0048044835972824,-1.0,-1.0,0.3524,crisis
2025-10-26,ETH,0.0517313300830826,-1.0,-1.0,0.3689,crisis
2025-10-27,ETH,-0.0091070912289757,1.0,1.0,0.3547,crisis
2025-10-28,ETH,-0.0334600812276828,1.0,1.0,0.3543,crisis
2025-10-29,ETH,-0.0198152243343238,1.0,1.0,0.354,crisis
2025-10-30,ETH,-0.0253571179726164,-1.0,-1.0,0.3522,crisis
2025-10-31,ETH,0.0112252539206727,-1.0,-1.0,0.3492,crisis
2025-11-01,ETH,0.0070462958256252,-1.0,-1.0,0.3496,crisis
2025-11-02,ETH,0.0095181865857223,-1.0,-1.0,0.3493,crisis
2025-11-03,ETH,-0.0789440386423853,-1.0,-1.0,0.3538,crisis
2025-11-04,ETH,-0.0859819964061128,-1.0,-1.0,0.4151,crisis
2025-11-05,ETH,0.040271429297028,-1.0,-1.0,0.4736,crisis
2025-11-06,ETH,-0.032965748389768,-1.0,-1.0,0.4633,crisis
2025-11-07,ETH,0.0371478368701485,-1.0,-1.0,0.4592,crisis
2025-11-08,ETH,-0.0101665177432751,-1.0,-1.0,0.4508,crisis
2025-11-09,ETH,0.0535956501822953,-1.0,-1.0,0.4506,crisis
2025-11-10,ETH,-0.0039527975796244,1.0,1.0,0.4354,crisis
2025-11-11,ETH,-0.0429254457249836,1.0,1.0,0.4394,crisis
2025-11-12,ETH,-0.0006406464052173,1.0,1.0,0.4502,crisis
2025-11-13,ETH,-0.0528368529003577,-1.0,-1.0,0.4503,crisis
2025-11-14,ETH,-0.0398951830750481,-1.0,-1.0,0.4433,crisis
2025-11-15,ETH,0.0202480809960996,-1.0,-1.0,0.4382,crisis
2025-11-16,ETH,-0.0233004500512777,-1.0,-1.0,0.435,crisis
2025-11-17,ETH,-0.0220859889442177,-1.0,-1.0,0.4366,crisis
2025-11-18,ETH,0.0325471721339232,-1.0,-1.0,0.4355,crisis
2025-11-19,ETH,-0.0319913143828485,-1.0,-1.0,0.4305,crisis
2025-11-20,ETH,-0.0632777812683677,-1.0,-1.0,0.4275,crisis
2025-11-21,ETH,-0.0233345900550919,-1.0,-1.0,0.4307,crisis
2025-11-22,ETH,0.0006899532357182,-1.0,-1.0,0.4354,crisis
2025-11-23,ETH,0.0123097673630836,-1.0,-1.0,0.4352,crisis
2025-11-24,ETH,0.0539096427091589,-1.0,-1.0,0.4337,crisis
2025-11-25,ETH,0.0017688477411781,-1.0,-1.0,0.405,crisis
2025-11-26,ETH,0.0236231364789525,1.0,1.0,0.4151,crisis
2025-11-27,ETH,-0.0043826285579375,1.0,1.0,0.4115,crisis
2025-11-28,ETH,0.0058921738820569,1.0,1.0,0.4172,crisis
2025-11-29,ETH,-0.0133954691501885,1.0,1.0,0.4191,crisis
2025-11-30,ETH,0.0001428111751458,1.0,1.0,0.4195,crisis
2025-12-01,ETH,-0.0641431700353459,1.0,1.0,0.4339,crisis
2025-12-02,ETH,0.0706204955824862,-1.0,-1.0,0.4489,crisis
2025-12-03,ETH,0.0645883839006948,-1.0,-1.0,0.4214,crisis
2025-12-04,ETH,-0.0179395530127798,1.0,1.0,0.4002,crisis
2025-12-05,ETH,-0.0350582170653738,1.0,1.0,0.4,crisis
2025-12-06,ETH,0.0052158216323647,1.0,1.0,0.4045,crisis
2025-12-07,ETH,0.006938339672927,1.0,1.0,0.4125,crisis
2025-12-08,ETH,0.0208722449759519,1.0,1.0,0.4141,crisis
2025-12-09,ETH,0.0626894655346446,-1.0,-1.0,0.4149,crisis
2025-12-10,ETH,0.0012872624094455,1.0,1.0,0.3194,crisis
2025-12-11,ETH,-0.0265632747802294,1.0,1.0,0.3215,crisis
2025-12-12,ETH,-0.0472294070775402,1.0,1.0,0.3813,crisis
2025-12-13,ETH,0.0105450340230184,1.0,1.0,0.3826,crisis
2025-12-14,ETH,-0.018000022559953,1.0,1.0,0.3845,crisis
2025-12-15,ETH,-0.0315009433483649,-1.0,-1.0,0.3882,crisis
2025-12-16,ETH,-7.412718940891239e-07,-1.0,-1.0,0.386,crisis
2025-12-17,ETH,-0.044793940674319,-1.0,-1.0,0.3868,crisis
2025-12-18,ETH,-0.0015308565372549,-1.0,-1.0,0.3798,crisis
2025-12-19,ETH,0.053377404806266,-1.0,-1.0,0.3843,crisis
2025-12-20,ETH,-0.0001303517168058,-1.0,-1.0,0.3665,crisis
2025-12-21,ETH,0.0080707251074885,1.0,1.0,0.3689,crisis
2025-12-22,ETH,0.0014858543703297,1.0,1.0,0.3693,crisis
2025-12-23,ETH,-0.0142044776209103,1.0,1.0,0.3705,crisis
2025-12-24,ETH,-0.0060010809047303,1.0,1.0,0.373,crisis
2025-12-25,ETH,-0.0142623305044392,-1.0,-1.0,0.3734,crisis
2025-12-26,ETH,0.0076340306642646,-1.0,-1.0,0.3904,crisis
2025-12-27,ETH,0.007605816960053,-1.0,-1.0,0.3895,crisis
2025-12-28,ETH,0.0001932919094582,-1.0,-1.0,0.3933,crisis
2025-12-29,ETH,-0.0047581689172321,-1.0,-1.0,0.3946,crisis
2025-12-30,ETH,0.0125670254808933,-1.0,-1.0,0.3972,crisis
2025-12-31,ETH,-0.0014737583994245,1.0,1.0,0.397,crisis
2026-01-01,ETH,0.0112424222326923,1.0,1.0,0.273,crisis
2026-01-02,ETH,0.0413373405106669,1.0,1.0,0.2727,crisis
2026-01-03,ETH,0.0004784477757022,1.0,1.0,0.226,crisis
2026-01-04,ETH,0.0047323606085025,1.0,1.0,0.1921,crisis
2026-01-05,ETH,0.0271976430989517,1.0,1.0,0.1921,crisis
2026-01-06,ETH,0.0216409128643892,1.0,1.0,0.1921,crisis
2026-01-07,ETH,-0.0391701662449691,1.0,1.0,0.1958,crisis
2026-01-08,ETH,-0.0197235562903691,1.0,1.0,0.1921,crisis
2026-01-09,ETH,-0.0068726868383446,-1.0,-1.0,0.2044,crisis
2026-01-10,ETH,-0.0002111946466314,-1.0,-1.0,0.2043,crisis
2026-01-11,ETH,0.0118379526377343,-1.0,-1.0,0.2092,crisis
2026-01-12,ETH,-0.0085158819358567,-1.0,-1.0,0.208,crisis
2026-01-13,ETH,0.0743033960400323,-1.0,-1.0,0.1953,crisis
2026-01-14,ETH,0.0098212702399587,1.0,1.0,0.1921,crisis
2026-01-15,ETH,-0.0112144405799193,1.0,1.0,0.1921,crisis
2026-01-16,ETH,-0.0065174797361006,1.0,1.0,0.1921,crisis
2026-01-17,ETH,0.0040607350780228,1.0,1.0,0.1921,crisis
2026-01-18,ETH,-0.0083734299173297,1.0,1.0,0.1921,crisis
2026-01-19,ETH,-0.0288119710509715,-1.0,-1.0,0.1921,crisis
2026-01-20,ETH,-0.0787716435291594,-1.0,-1.0,0.1921,crisis
2026-01-21,ETH,0.0147483737227156,-1.0,-1.0,0.1978,crisis
2026-01-22,ETH,-0.0098250398575463,-1.0,-1.0,0.1966,crisis
2026-01-23,ETH,0.0012283041671792,-1.0,-1.0,0.1965,crisis
2026-01-24,ETH,-0.0015290325215363,-1.0,-1.0,0.2167,crisis
2026-01-25,ETH,-0.0450491892642863,-1.0,-1.0,0.2167,crisis
2026-01-26,ETH,0.0392608386243862,-1.0,-1.0,0.2292,crisis
2026-01-27,ETH,0.0327200793408197,-1.0,-1.0,0.218,crisis
2026-01-28,ETH,-0.0051629472421628,1.0,1.0,0.2109,crisis
2026-01-29,ETH,-0.0626535923808434,1.0,1.0,0.212,crisis
2026-01-30,ETH,-0.04110995634679,-1.0,-1.0,0.2375,crisis
2026-01-31,ETH,-0.0952064106653859,-1.0,-1.0,0.2028,crisis
2026-02-01,ETH,-0.0724418417956253,-1.0,-1.0,0.4215,crisis
2026-02-02,ETH,0.0336829937702269,-1.0,-1.0,0.4813,crisis
2026-02-03,ETH,-0.0498208536644421,-1.0,-1.0,0.4716,crisis
2026-02-04,ETH,-0.0377339920590358,-1.0,-1.0,0.4736,crisis
2026-02-05,ETH,-0.1501378221559437,-1.0,-1.0,0.4668,crisis
2026-02-06,ETH,0.1326816155325108,-1.0,-1.0,0.5387,crisis
2026-02-07,ETH,0.0131639648811063,-1.0,-1.0,0.4479,crisis
2026-02-08,ETH,-0.0008545012256375,-1.0,-1.0,0.4668,crisis
2026-02-09,ETH,0.0070877777560895,-1.0,-1.0,0.4669,crisis
2026-02-10,ETH,-0.0399655277788513,1.0,1.0,0.4679,crisis
2026-02-11,ETH,-0.039057290792405,1.0,1.0,0.4703,crisis
2026-02-12,ETH,0.0032563467246882,-1.0,-1.0,0.4669,crisis
2026-02-13,ETH,0.0521775888127771,-1.0,-1.0,0.467,crisis
2026-02-14,ETH,0.0182972524088378,-1.0,-1.0,0.4551,crisis
2026-02-15,ETH,-0.0575101798907715,-1.0,-1.0,0.4529,crisis
2026-02-16,ETH,0.0162126445688217,-1.0,-1.0,0.4605,crisis
2026-02-17,ETH,-0.0028646768590002,1.0,1.0,0.4587,crisis
2026-02-18,ETH,-0.0191849831887831,1.0,1.0,0.4735,crisis
2026-02-19,ETH,-0.0029545280189438,-1.0,-1.0,0.4729,crisis
2026-02-20,ETH,0.0106874437135671,-1.0,-1.0,0.4737,crisis
2026-02-21,ETH,0.0023945100352251,1.0,1.0,0.4727,crisis
2026-02-22,ETH,-0.008071629067117,-1.0,-1.0,0.4727,crisis
2026-02-23,ETH,-0.052253954366616,-1.0,-1.0,0.4727,crisis
2026-02-24,ETH,-0.0013653038868562,-1.0,-1.0,0.4638,crisis
2026-02-25,ETH,0.1088298804587177,-1.0,-1.0,0.4646,crisis
2026-02-26,ETH,-0.0135476242419575,1.0,1.0,0.4139,crisis
2026-02-27,ETH,-0.0473806553262763,1.0,1.0,0.4138,crisis
2026-02-28,ETH,0.0177591536999168,-1.0,-1.0,0.4077,crisis
2026-03-01,ETH,-0.0132230119419588,1.0,1.0,0.4069,crisis
2026-03-02,ETH,0.0454869720388642,1.0,1.0,0.4068,crisis
2026-03-03,ETH,-0.0219507138600431,-1.0,-1.0,0.3988,crisis
2026-03-04,ETH,0.0724927895935458,-1.0,-1.0,0.4056,crisis
2026-03-05,ETH,-0.0258169591716161,1.0,1.0,0.3853,crisis
2026-03-06,ETH,-0.04482236094062,1.0,1.0,0.3844,crisis
2026-03-07,ETH,-0.0046977994352843,1.0,1.0,0.3833,crisis
2026-03-08,ETH,-0.0166800970807893,-1.0,-1.0,0.386,crisis
2026-03-09,ETH,0.0290887939273352,-1.0,-1.0,0.3889,crisis
2026-03-10,ETH,0.0221694030742092,-1.0,-1.0,0.3854,crisis
2026-03-11,ETH,0.0070947000468777,-1.0,-1.0,0.3828,crisis
2026-03-12,ETH,0.01051046476813,1.0,1.0,0.3824,crisis
2026-03-13,ETH,0.0093709452414312,1.0,1.0,0.3825,crisis
2026-03-14,ETH,0.0021615561057222,1.0,1.0,0.3819,crisis
2026-03-15,ETH,0.0383339656822552,1.0,1.0,0.4028,crisis
2026-03-16,ETH,0.0797711118907251,1.0,1.0,0.3969,crisis
2026-03-17,ETH,-0.014087655809712,1.0,1.0,0.3739,crisis
2026-03-18,ETH,-0.0493439161675397,1.0,1.0,0.3736,crisis
2026-03-19,ETH,-0.0300624656626087,1.0,1.0,0.368,crisis
2026-03-20,ETH,0.0042449429393043,1.0,1.0,0.3663,crisis
2026-03-21,ETH,-0.0325214182081725,-1.0,-1.0,0.3676,crisis
2026-03-22,ETH,-0.0113842712342945,-1.0,-1.0,0.3426,crisis
2026-03-23,ETH,0.04826854503462,-1.0,-1.0,0.3436,crisis
2026-03-24,ETH,0.0016533960130185,-1.0,-1.0,0.3355,crisis
2026-03-25,ETH,0.0057137420984589,1.0,1.0,0.3355,crisis
2026-03-26,ETH,-0.0500193914202087,1.0,1.0,0.3352,crisis
2026-03-27,ETH,-0.0331652329951767,-1.0,-1.0,0.3339,crisis
2026-03-28,ETH,0.0007144214559386,-1.0,-1.0,0.3372,crisis
2026-03-29,ETH,-0.0050860216094505,-1.0,-1.0,0.3414,crisis
2026-03-30,ETH,0.0206577387569546,-1.0,-1.0,0.3414,crisis
2026-03-31,ETH,0.0401249131759802,-1.0,-1.0,0.3305,crisis
2026-04-01,ETH,0.0161679456343519,1.0,1.0,0.3289,crisis
2026-04-02,ETH,-0.0382863901294332,1.0,1.0,0.3168,crisis
2026-04-03,ETH,-0.0016857237407161,1.0,1.0,0.3168,crisis
2026-04-04,ETH,0.0058276003350983,1.0,1.0,0.1921,crisis
2026-04-05,ETH,0.0211315321619729,1.0,1.0,0.1921,crisis
2026-04-06,ETH,-0.0005851746946151,1.0,1.0,0.1921,crisis
2026-04-07,ETH,0.0635959844746982,-1.0,-1.0,0.1921,crisis
2026-04-08,ETH,-0.0229596926307168,1.0,1.0,0.1921,crisis
2026-04-09,ETH,-0.0005439378020498,1.0,1.0,0.1921,crisis
2026-04-10,ETH,0.0255828933923991,1.0,1.0,0.1921,crisis
2026-04-11,ETH,0.0179237372594489,1.0,1.0,0.1921,crisis
2026-04-12,ETH,-0.0407759547687319,1.0,1.0,0.1921,crisis
2026-04-13,ETH,0.0814312455285828,-1.0,-1.0,0.3168,crisis
2026-04-14,ETH,-0.0199966057178824,1.0,1.0,0.3168,crisis
2026-04-15,ETH,0.0155504172222062,1.0,1.0,0.3168,crisis
2026-04-16,ETH,-0.0045739691858264,1.0,1.0,0.3168,crisis
2026-04-17,ETH,0.0308376775588483,1.0,1.0,0.3168,crisis
2026-04-18,ETH,-0.0289009157270909,1.0,1.0,0.1921,crisis
2026-04-19,ETH,-0.0366567020847533,-1.0,-1.0,0.1921,crisis
2026-04-20,ETH,0.0222062929148116,-1.0,-1.0,0.3168,crisis
2026-04-21,ETH,0.0055105339914858,-1.0,-1.0,0.1921,crisis
2026-04-22,ETH,0.0206693669997179,-1.0,-1.0,0.1921,crisis
2026-04-23,ETH,-0.018759497216376,-1.0,-1.0,0.1921,crisis
2026-04-24,ETH,-0.0067868908523571,-1.0,-1.0,0.1921,crisis
2026-04-25,ETH,0.0013554991229898,1.0,1.0,0.1921,crisis
2026-04-26,ETH,0.0219506915405935,1.0,1.0,0.1921,crisis
2026-04-27,ETH,-0.0281319251917032,1.0,1.0,0.1921,crisis
2026-04-28,ETH,-0.0059244064939814,-1.0,-1.0,0.1921,crisis
2026-04-29,ETH,-0.015726215075442,-1.0,-1.0,0.1921,crisis
2026-04-30,ETH,0.0012582894176169,-1.0,-1.0,0.1921,crisis
2026-05-01,ETH,0.0172155161359959,-1.0,-1.0,0.1921,crisis
2026-05-02,ETH,0.009210161281538,-1.0,-1.0,0.1921,crisis
2026-05-03,ETH,0.0023330170503976,1.0,1.0,0.1921,crisis
2026-05-04,ETH,0.0106654243897104,1.0,1.0,0.1921,crisis
2026-05-05,ETH,0.0063014249948132,1.0,1.0,0.1921,crisis
2026-05-06,ETH,-0.0043963627204488,1.0,1.0,0.1921,crisis
2026-05-07,ETH,-0.0253931789610115,1.0,1.0,0.1921,crisis
2026-05-08,ETH,0.0069243808086567,-1.0,-1.0,0.1921,crisis
2026-05-09,ETH,0.0085632272584021,-1.0,-1.0,0.1921,crisis
2026-05-10,ETH,0.0181871981658452,-1.0,-1.0,0.1921,crisis
2026-05-11,ETH,-0.0125295714870474,1.0,1.0,0.1921,crisis
2026-05-12,ETH,-0.0276645159028021,-1.0,-1.0,0.1921,crisis
2026-05-13,ETH,-0.0075032145747423,-1.0,-1.0,0.1921,crisis
2026-05-14,ETH,0.0103466701157008,-1.0,-1.0,0.1921,crisis
2026-05-15,ETH,-0.0252554157471884,-1.0,-1.0,0.1921,crisis
2026-05-16,ETH,-0.0195998464875798,-1.0,-1.0,0.1921,crisis
2026-05-17,ETH,-0.0239048710925214,-1.0,-1.0,0.1921,crisis
2026-05-18,ETH,0.0004093020694022,-1.0,-1.0,0.1921,trend
2026-05-19,ETH,-0.0087160468168363,-1.0,-1.0,0.1921,trend
2026-05-20,ETH,0.0080662666857354,-1.0,-1.0,0.1921,trend
2026-05-21,ETH,0.0020814671600175,-1.0,-1.0,0.1921,trend
2026-05-22,ETH,-0.0313283983130853,-1.0,-1.0,0.1921,trend
2026-05-23,ETH,0.0248539835561001,-1.0,-1.0,0.1921,crisis
2026-05-24,ETH,-0.0084867352791419,-1.0,-1.0,0.1921,crisis
2026-05-25,ETH,0.0063758359193346,-1.0,-1.0,0.1921,crisis
2026-05-26,ETH,-0.0191876365100467,-1.0,-1.0,0.1921,crisis
2026-05-27,ETH,-0.02349746263809,-1.0,-1.0,0.1921,crisis
2026-05-28,ETH,-0.0072423699650027,-1.0,-1.0,0.1921,crisis
2026-05-29,ETH,0.0022045653766489,-1.0,-1.0,0.1921,crisis
2026-05-30,ETH,0.0037176024843394,-1.0,-1.0,0.1921,crisis
2026-05-31,ETH,-0.0074855220226166,-1.0,-1.0,0.1921,crisis
2026-06-01,ETH,-0.0005589672711203,-1.0,-1.0,0.1921,crisis
2026-06-02,ETH,-0.0726354550544448,-1.0,-1.0,0.1921,crisis
2026-06-03,ETH,-0.0247529768546153,-1.0,-1.0,0.1921,crisis
2026-06-04,ETH,-0.0232659832818467,-1.0,-1.0,0.1921,crisis
2026-06-05,ETH,-0.106646586284433,-1.0,-1.0,0.1921,crisis
2026-06-06,ETH,-0.0076497180166932,-1.0,-1.0,0.2687,crisis
2026-06-07,ETH,0.0749814902642485,-1.0,-1.0,0.3133,crisis
2026-06-08,ETH,0.0022250520052251,-1.0,-1.0,0.2573,crisis
2026-06-09,ETH,-0.031027979306495,-1.0,-1.0,0.2571,crisis
2026-06-10,ETH,-0.0107277878887691,-1.0,-1.0,0.2638,crisis
2026-06-11,ETH,0.0321842671069263,1.0,1.0,0.2681,crisis
2026-06-12,ETH,-0.0042772916588651,1.0,1.0,0.2386,crisis
2026-06-13,ETH,0.00906044084014,-1.0,-1.0,0.309,crisis
2026-06-14,ETH,0.0264244112930258,-1.0,-1.0,0.3091,crisis
2026-06-15,ETH,0.0407905361482761,1.0,1.0,0.303,crisis
2026-06-16,ETH,-0.0025421097280106,1.0,1.0,0.4068,crisis
2026-06-17,ETH,-0.0237448269721118,1.0,1.0,0.4192,crisis
2026-06-18,ETH,-0.0219419697824059,1.0,1.0,0.4195,crisis
2026-06-19,ETH,0.0008475848259608,1.0,1.0,0.4034,crisis
2026-06-20,ETH,0.0165512920322867,-1.0,-1.0,0.4105,crisis
2026-06-21,ETH,-0.0199625121689469,-1.0,-1.0,0.4069,crisis
2026-06-22,ETH,0.0128655097234846,-1.0,-1.0,0.4114,crisis
2026-06-23,ETH,-0.0353742903934415,-1.0,-1.0,0.41,crisis
2026-06-24,ETH,-0.0273272703631346,-1.0,-1.0,0.4207,crisis
2026-06-25,ETH,-0.0340190310408294,-1.0,-1.0,0.4162,crisis
2026-06-26,ETH,0.0075404607137947,-1.0,-1.0,0.4317,crisis
2026-06-27,ETH,-0.0031890021082193,-1.0,-1.0,0.4347,crisis
2026-06-28,ETH,-0.0007807711567662,-1.0,-1.0,0.4347,crisis
2026-06-29,ETH,0.0253728914969133,-1.0,-1.0,0.4354,crisis
2026-06-30,ETH,-0.0252277988168425,-1.0,-1.0,0.426,crisis
2026-07-01,ETH,0.0250874336824977,1.0,1.0,0.4274,crisis
2026-07-02,ETH,0.0554449469167046,1.0,1.0,0.42,crisis
2026-07-03,ETH,0.0343600832813135,1.0,1.0,0.3858,crisis
2026-07-04,ETH,0.0128175592576786,1.0,1.0,0.3747,crisis
2026-07-05,ETH,0.0022332483728719,1.0,1.0,0.3732,crisis
2026-07-06,ETH,0.0081703309888108,1.0,1.0,0.2482,crisis
2026-07-07,ETH,-0.0161674903047212,1.0,1.0,0.2508,crisis
2026-07-08,ETH,-0.014607687128744,1.0,1.0,0.2505,crisis
2026-07-09,ETH,0.001036914012769,-1.0,-1.0,0.251,crisis
2026-07-10,ETH,0.0293545827817554,-1.0,-1.0,0.2552,crisis
2026-07-11,ETH,-0.0042288002048086,1.0,1.0,0.2461,crisis
2026-07-12,ETH,0.0098923328822171,-1.0,-1.0,0.2509,crisis
2026-07-13,ETH,-0.0178799238775919,1.0,1.0,0.2495,crisis
2026-07-14,ETH,0.0653955895570352,1.0,1.0,0.2494,crisis
2026-07-15,ETH,0.014535146837066,1.0,1.0,0.2164,crisis
2026-07-16,ETH,-0.0280396161314062,1.0,1.0,0.2167,crisis
2026-07-17,ETH,-0.0119178184505558,1.0,1.0,0.2152,crisis
2026-07-18,ETH,0.0110831406287557,1.0,1.0,0.2145,crisis
2026-07-19,ETH,0.0054348866814912,1.0,1.0,0.2137,crisis
2026-07-20,ETH,0.0172322837095482,-1.0,-1.0,0.214,crisis
2026-07-21,ETH,0.0129348720500721,-1.0,-1.0,0.2115,crisis
2026-07-22,ETH,0.0026479807967427,1.0,1.0,0.2091,crisis
2026-07-23,ETH,-0.0291648207659614,1.0,1.0,0.2139,crisis
2026-07-24,ETH,-0.0090157476602542,1.0,1.0,0.2111,crisis
2026-07-25,ETH,0.0070131261677606,-1.0,-1.0,0.2112,crisis
2026-07-26,ETH,0.042807966771623,-1.0,-1.0,0.213,crisis
2026-07-27,ETH,-0.0321477258489302,1.0,1.0,0.2031,crisis
2026-07-28,ETH,0.015516106567279,-1.0,-1.0,0.2032,crisis
2026-07-29,ETH,-0.0059529948020812,1.0,1.0,0.2015,crisis
2026-07-30,ETH,0.0046391372769145,1.0,1.0,0.2014,crisis
2026-07-31,ETH,-0.0297422461751261,1.0,1.0,0.2015,crisis
2026-08-01,ETH,-0.0090995025313068,-1.0,-1.0,0.1957,crisis
2026-08-02,ETH,0.021212906616248,-1.0,-1.0,0.1921,crisis
2026-08-03,ETH,-0.0086702953386219,-1.0,-1.0,0.1921,range
