date,stablecoin_circ_usd,ssc7
2017-11-29,110105.0,
2017-11-30,110105.0,
2017-12-01,110105.0,
2017-12-02,110105.0,
2017-12-03,110105.0,
2017-12-04,110105.0,
2017-12-05,110105.0,
2017-12-06,110105.0,0.0
2017-12-07,110105.0,0.0
2017-12-08,110105.0,0.0
2017-12-09,110105.0,0.0
2017-12-10,110105.0,0.0
2017-12-11,110105.0,0.0
2017-12-12,110105.0,0.0
2017-12-13,110105.0,0.0
2017-12-14,110105.0,0.0
2017-12-15,110105.0,0.0
2017-12-16,110105.0,0.0
2017-12-17,110105.0,0.0
2017-12-18,110105.0,0.0
2017-12-19,110105.0,0.0
2017-12-20,110105.0,0.0
2017-12-21,110105.0,0.0
2017-12-22,110105.0,0.0
2017-12-23,110105.0,0.0
2017-12-24,110105.0,0.0
2017-12-25,110105.0,0.0
2017-12-26,110105.0,0.0
2017-12-27,110105.0,0.0
2017-12-28,110105.0,0.0
2017-12-29,110105.0,0.0
2017-12-30,110105.0,0.0
2017-12-31,110105.0,0.0
2018-01-01,110105.0,0.0
2018-01-02,110105.0,0.0
2018-01-03,110105.0,0.0
2018-01-04,110105.0,0.0
2018-01-05,110105.0,0.0
2018-01-06,110105.0,0.0
2018-01-07,110105.0,0.0
2018-01-08,110105.0,0.0
2018-01-09,110105.0,0.0
2018-01-10,110105.0,0.0
2018-01-11,30146817.0,30036712.0
2018-01-12,30146817.0,30036712.0
2018-01-13,30146817.0,30036712.0
2018-01-14,30146817.0,30036712.0
2018-01-15,30146817.0,30036712.0
2018-01-16,30146817.0,30036712.0
2018-01-17,30146817.0,30036712.0
2018-01-18,30146817.0,0.0
2018-01-19,30146817.0,0.0
2018-01-20,30146817.0,0.0
2018-01-21,30146817.0,0.0
2018-01-22,30146817.0,0.0
2018-01-23,30146817.0,0.0
2018-01-24,30146817.0,0.0
2018-01-25,30146817.0,0.0
2018-01-26,30146817.0,0.0
2018-01-27,30146817.0,0.0
2018-01-28,30146817.0,0.0
2018-01-29,60183528.0,30036711.0
2018-01-30,60183528.0,30036711.0
2018-01-31,60183528.0,30036711.0
2018-02-01,60183528.0,30036711.0
2018-02-02,60183528.0,30036711.0
2018-02-03,60183528.0,30036711.0
2018-02-04,60183528.0,30036711.0
2018-02-05,60183528.0,0.0
2018-02-06,60183528.0,0.0
2018-02-07,60183528.0,0.0
2018-02-08,60183528.0,0.0
2018-02-09,60183528.0,0.0
2018-02-10,60183528.0,0.0
2018-02-11,60183528.0,0.0
2018-02-12,60183528.0,0.0
2018-02-13,60183528.0,0.0
2018-02-14,60183528.0,0.0
2018-02-15,60183528.0,0.0
2018-02-16,60183528.0,0.0
2018-02-17,60183528.0,0.0
2018-02-18,60183528.0,0.0
2018-02-19,60183528.0,0.0
2018-02-20,60183528.0,0.0
2018-02-21,60183528.0,0.0
2018-02-22,60183528.0,0.0
2018-02-23,60183528.0,0.0
2018-02-24,60183528.0,0.0
2018-02-25,60183528.0,0.0
2018-02-26,60183528.0,0.0
2018-02-27,60183528.0,0.0
2018-02-28,60183528.0,0.0
2018-03-01,60183528.0,0.0
2018-03-02,60183528.0,0.0
2018-03-03,60183528.0,0.0
2018-03-04,60183528.0,0.0
2018-03-05,60183528.0,0.0
2018-03-06,60183528.0,0.0
2018-03-07,60183528.0,0.0
2018-03-08,60183528.0,0.0
2018-03-09,60183528.0,0.0
2018-03-10,60183528.0,0.0
2018-03-11,60183528.0,0.0
2018-03-12,60183528.0,0.0
2018-03-13,60183528.0,0.0
2018-03-14,60183528.0,0.0
2018-03-15,60183528.0,0.0
2018-03-16,60183528.0,0.0
2018-03-17,60183528.0,0.0
2018-03-18,60183528.0,0.0
2018-03-19,60183528.0,0.0
2018-03-20,60183528.0,0.0
2018-03-21,60183528.0,0.0
2018-03-22,60183528.0,0.0
2018-03-23,60183528.0,0.0
2018-03-24,60183528.0,0.0
2018-03-25,60183528.0,0.0
2018-03-26,60183528.0,0.0
2018-03-27,60183528.0,0.0
2018-03-28,60183528.0,0.0
2018-03-29,60183528.0,0.0
2018-03-30,60183528.0,0.0
2018-03-31,60183528.0,0.0
2018-04-01,60183528.0,0.0
2018-04-02,60183528.0,0.0
2018-04-03,60183528.0,0.0
2018-04-04,60183528.0,0.0
2018-04-05,60183528.0,0.0
2018-04-06,60183528.0,0.0
2018-04-07,60183528.0,0.0
2018-04-08,60183528.0,0.0
2018-04-09,60183528.0,0.0
2018-04-10,60183528.0,0.0
2018-04-11,60183528.0,0.0
2018-04-12,60183528.0,0.0
2018-04-13,60183528.0,0.0
2018-04-14,60183528.0,0.0
2018-04-15,60183528.0,0.0
2018-04-16,60183528.0,0.0
2018-04-17,60183528.0,0.0
2018-04-18,60183528.0,0.0
2018-04-19,60183528.0,0.0
2018-04-20,60183528.0,0.0
2018-04-21,60183528.0,0.0
2018-04-22,60183528.0,0.0
2018-04-23,60183528.0,0.0
2018-04-24,60183528.0,0.0
2018-04-25,60183528.0,0.0
2018-04-26,60183528.0,0.0
2018-04-27,60183528.0,0.0
2018-04-28,60183528.0,0.0
2018-04-29,60183528.0,0.0
2018-04-30,60183528.0,0.0
2018-05-01,60183528.0,0.0
2018-05-02,60183528.0,0.0
2018-05-03,60183528.0,0.0
2018-05-04,60183528.0,0.0
2018-05-05,60183528.0,0.0
2018-05-06,60183528.0,0.0
2018-05-07,60183528.0,0.0
2018-05-08,60183528.0,0.0
2018-05-09,60183528.0,0.0
2018-05-10,60183528.0,0.0
2018-05-11,60183528.0,0.0
2018-05-12,60183528.0,0.0
2018-05-13,60183528.0,0.0
2018-05-14,60183528.0,0.0
2018-05-15,60183528.0,0.0
2018-05-16,60183528.0,0.0
2018-05-17,60183528.0,0.0
2018-05-18,60183528.0,0.0
2018-05-19,60183528.0,0.0
2018-05-20,60183528.0,0.0
2018-05-21,60183528.0,0.0
2018-05-22,60183528.0,0.0
2018-05-23,60183528.0,0.0
2018-05-24,60183528.0,0.0
2018-05-25,60183528.0,0.0
2018-05-26,60183528.0,0.0
2018-05-27,60183528.0,0.0
2018-05-28,60183528.0,0.0
2018-05-29,60183528.0,0.0
2018-05-30,60183528.0,0.0
2018-05-31,60183528.0,0.0
2018-06-01,60183528.0,0.0
2018-06-02,60183528.0,0.0
2018-06-03,60183528.0,0.0
2018-06-04,60183528.0,0.0
2018-06-05,60183528.0,0.0
2018-06-06,60183528.0,0.0
2018-06-07,60183528.0,0.0
2018-06-08,60183528.0,0.0
2018-06-09,60183528.0,0.0
2018-06-10,60183060.0,-468.0
2018-06-11,60183060.0,-468.0
2018-06-12,60183060.0,-468.0
2018-06-13,60183060.0,-468.0
2018-06-14,60183060.0,-468.0
2018-06-15,60183060.0,-468.0
2018-06-16,60183060.0,-468.0
2018-06-17,60183060.0,0.0
2018-06-18,60183060.0,0.0
2018-06-19,60183060.0,0.0
2018-06-20,60183060.0,0.0
2018-06-21,60183060.0,0.0
2018-06-22,60183060.0,0.0
2018-06-23,60183060.0,0.0
2018-06-24,60183060.0,0.0
2018-06-25,60183060.0,0.0
2018-06-26,60183060.0,0.0
2018-06-27,60183060.0,0.0
2018-06-28,60183060.0,0.0
2018-06-29,60183060.0,0.0
2018-06-30,60183060.0,0.0
2018-07-01,60183060.0,0.0
2018-07-02,60183060.0,0.0
2018-07-03,60183060.0,0.0
2018-07-04,60183060.0,0.0
2018-07-05,60183060.0,0.0
2018-07-06,60183060.0,0.0
2018-07-07,60183060.0,0.0
2018-07-08,60183060.0,0.0
2018-07-09,60183060.0,0.0
2018-07-10,60183060.0,0.0
2018-07-11,60183060.0,0.0
2018-07-12,60183060.0,0.0
2018-07-13,60183060.0,0.0
2018-07-14,60183060.0,0.0
2018-07-15,60183060.0,0.0
2018-07-16,60183060.0,0.0
2018-07-17,60183060.0,0.0
2018-07-18,60183060.0,0.0
2018-07-19,60183060.0,0.0
2018-07-20,60183060.0,0.0
2018-07-21,60183060.0,0.0
2018-07-22,60183060.0,0.0
2018-07-23,60183060.0,0.0
2018-07-24,60183060.0,0.0
2018-07-25,60183060.0,0.0
2018-07-26,60183060.0,0.0
2018-07-27,60183060.0,0.0
2018-07-28,60183060.0,0.0
2018-07-29,30146348.0,-30036712.0
2018-07-30,30146348.0,-30036712.0
2018-07-31,15127992.0,-45055068.0
2018-08-01,15127992.0,-45055068.0
2018-08-02,15127992.0,-45055068.0
2018-08-03,15127992.0,-45055068.0
2018-08-04,15127992.0,-45055068.0
2018-08-05,15127992.0,-15018356.0
2018-08-06,15127992.0,-15018356.0
2018-08-07,15127992.0,0.0
2018-08-08,15127992.0,0.0
2018-08-09,15127992.0,0.0
2018-08-10,15127992.0,0.0
2018-08-11,15127992.0,0.0
2018-08-12,15127992.0,0.0
2018-08-13,15127992.0,0.0
2018-08-14,15127992.0,0.0
2018-08-15,15127992.0,0.0
2018-08-16,15127992.0,0.0
2018-08-17,15127992.0,0.0
2018-08-18,15127992.0,0.0
2018-08-19,15127992.0,0.0
2018-08-20,15127992.0,0.0
2018-08-21,15127992.0,0.0
2018-08-22,15127992.0,0.0
2018-08-23,15127992.0,0.0
2018-08-24,15127992.0,0.0
2018-08-25,15127992.0,0.0
2018-08-26,15127992.0,0.0
2018-08-27,15127992.0,0.0
2018-08-28,15127992.0,0.0
2018-08-29,15127992.0,0.0
2018-08-30,15127992.0,0.0
2018-08-31,15127992.0,0.0
2018-09-01,15127992.0,0.0
2018-09-02,15127992.0,0.0
2018-09-03,15127992.0,0.0
2018-09-04,15127992.0,0.0
2018-09-05,15127992.0,0.0
2018-09-06,25140229.0,10012237.0
2018-09-07,25140229.0,10012237.0
2018-09-08,25140229.0,10012237.0
2018-09-09,25140229.0,10012237.0
2018-09-10,25140229.0,10012237.0
2018-09-11,25140712.0,10012720.0
2018-09-12,25392059.0,10264067.0
2018-09-13,25391909.0,251680.0
2018-09-14,25392288.0,252059.0
2018-09-15,25392288.0,252059.0
2018-09-16,25392288.0,252059.0
2018-09-17,25392288.0,252059.0
2018-09-18,25392985.0,252273.0
2018-09-19,26695998.0,1303939.0
2018-09-20,26696474.0,1304565.0
2018-09-21,33244652.0,7852364.0
2018-09-22,36823225.0,11430937.0
2018-09-23,37324489.0,11932201.0
2018-09-24,37324489.0,11932201.0
2018-09-25,38337242.0,12944257.0
2018-09-26,38337244.0,11641246.0
2018-09-27,40453807.0,13757333.0
2018-09-28,42437155.0,9192503.0
2018-09-29,43376361.0,6553136.0
2018-09-30,43376612.0,6052123.0
2018-10-01,43376903.0,6052414.0
2018-10-02,45388458.0,7051216.0
2018-10-03,45388413.0,7051169.0
2018-10-04,56823466.0,16369659.0
2018-10-05,57993365.0,15556210.0
2018-10-06,61183499.0,17807138.0
2018-10-07,61183499.0,17806887.0
2018-10-08,61183499.0,17806596.0
2018-10-09,60182585.0,14794127.0
2018-10-10,61552634.0,16164221.0
2018-10-11,61360426.0,4536960.0
2018-10-12,61746551.0,3753186.0
2018-10-13,69255061.0,8071562.0
2018-10-14,71929080.0,10745581.0
2018-10-15,71929080.0,10745581.0
2018-10-16,95242214.0,35059629.0
2018-10-17,109711981.0,48159347.0
2018-10-18,122669962.0,61309536.0
2018-10-19,122417342.0,60670791.0
2018-10-20,135981661.0,66726600.0
2018-10-21,141215783.0,69286703.0
2018-10-22,141215783.0,69286703.0
2018-10-23,151222891.0,55980677.0
2018-10-24,217243483.0,107531502.0
2018-10-25,257103694.0,134433732.0
2018-10-26,256515556.0,134098214.0
2018-10-27,268778018.0,132796357.0
2018-10-28,268894610.0,127678827.0
2018-10-29,268869717.0,127653934.0
2018-10-30,267841333.0,116618442.0
2018-10-31,275451031.0,58207548.0
2018-11-01,272496133.0,15392439.0
2018-11-02,269210270.0,12694714.0
2018-11-03,292132330.0,23354312.0
2018-11-04,294058746.0,25164136.0
2018-11-05,294033663.0,25163946.0
2018-11-06,298266865.0,30425532.0
2018-11-07,297779746.0,22328715.0
2018-11-08,297547742.0,25051609.0
2018-11-09,298054794.0,28844524.0
2018-11-10,296708736.0,4576406.0
2018-11-11,296708736.0,2649990.0
2018-11-12,296021542.0,1987879.0
2018-11-13,292118872.0,-6147993.0
2018-11-14,297041913.0,-737833.0
2018-11-15,298967249.0,1419507.0
2018-11-16,299882149.0,1827355.0
2018-11-17,302927985.0,6219249.0
2018-11-18,303953269.0,7244533.0
2018-11-19,304152930.0,8131388.0
2018-11-20,305428397.0,13309525.0
2018-11-21,319244243.0,22202330.0
2018-11-22,326123561.0,27156312.0
2018-11-23,328024067.0,28141918.0
2018-11-24,333262460.0,30334475.0
2018-11-25,332267337.0,28314068.0
2018-11-26,332211506.0,28058576.0
2018-11-27,328550723.0,23122326.0
2018-11-28,330659500.0,11415257.0
2018-11-29,334987955.0,8864394.0
2018-11-30,345832864.0,17808797.0
2018-12-01,367519554.0,34257094.0
2018-12-02,369084000.0,36816663.0
2018-12-03,369085003.0,36873497.0
2018-12-04,387312583.0,58761860.0
2018-12-05,378001146.0,47341646.0
2018-12-06,366256061.0,31268106.0
2018-12-07,374919630.0,29086766.0
2018-12-08,381748882.0,14229328.0
2018-12-09,385657551.0,16573551.0
2018-12-10,385820137.0,16735134.0
2018-12-11,387395091.0,82508.0
2018-12-12,380981952.0,2980806.0
2018-12-13,376954688.0,10698627.0
2018-12-14,374938971.0,19341.0
2018-12-15,381787156.0,38274.0
2018-12-16,382039817.0,-3617734.0
2018-12-17,382024207.0,-3795930.0
2018-12-18,389327690.0,1932599.0
2018-12-19,389560576.0,8578624.0
2018-12-20,397844173.0,20889485.0
2018-12-21,401433768.0,26494797.0
2018-12-22,410390309.0,28603153.0
2018-12-23,410363120.0,28323303.0
2018-12-24,410339228.0,28315021.0
2018-12-25,409321624.0,19993934.0
2018-12-26,409367178.0,19806602.0
2018-12-27,406994581.0,9150408.0
2018-12-28,412902606.0,11468838.0
2018-12-29,413094578.0,2704269.0
2018-12-30,417643665.0,7280545.0
2018-12-31,417700790.0,7361562.0
2019-01-01,418703521.0,9381897.0
2019-01-02,426564735.0,17197557.0
2019-01-03,441434209.0,34439628.0
2019-01-04,445431052.0,32528446.0
2019-01-05,656909286.0,243814708.0
2019-01-06,657861456.0,240217791.0
2019-01-07,668087067.0,250386277.0
2019-01-08,678079079.0,259375558.0
2019-01-09,686145503.0,259580768.0
2019-01-10,703514342.0,262080133.0
2019-01-11,705507303.0,260076251.0
2019-01-12,714602946.0,57693660.0
2019-01-13,724437741.0,66576285.0
2019-01-14,731674142.0,63587075.0
2019-01-15,731738123.0,53659044.0
2019-01-16,729362227.0,43216724.0
2019-01-17,686093928.0,-17420414.0
2019-01-18,686127155.0,-19380148.0
2019-01-19,693185573.0,-21417373.0
2019-01-20,697968355.0,-26469386.0
2019-01-21,697915422.0,-33758720.0
2019-01-22,699320589.0,-32417534.0
2019-01-23,702324563.0,-27037664.0
2019-01-24,683428650.0,-2665278.0
2019-01-25,694331097.0,8203942.0
2019-01-26,695918449.0,2732876.0
2019-01-27,694057902.0,-3910453.0
2019-01-28,699972824.0,2057402.0
2019-01-29,684559282.0,-14761307.0
2019-01-30,679941688.0,-22382875.0
2019-01-31,677980074.0,-5448576.0
2019-02-01,656437527.0,-37893570.0
2019-02-02,656405523.0,-39512926.0
2019-02-03,654566639.0,-39491263.0
2019-02-04,654848641.0,-45124183.0
2019-02-05,643315124.0,-41244158.0
2019-02-06,642871918.0,-37069770.0
2019-02-07,640843963.0,-37136111.0
2019-02-08,627132420.0,-29305107.0
2019-02-09,611597009.0,-44808514.0
2019-02-10,611475070.0,-43091569.0
2019-02-11,610173405.0,-44675236.0
2019-02-12,610558760.0,-32756364.0
2019-02-13,609291859.0,-33580059.0
2019-02-14,593576990.0,-47266973.0
2019-02-15,594209465.0,-32922955.0
2019-02-16,593853460.0,-17743549.0
2019-02-17,593390804.0,-18084266.0
2019-02-18,592819777.0,-17353628.0
2019-02-19,591365386.0,-19193374.0
2019-02-20,592981187.0,-16310672.0
2019-02-21,592856781.0,-720209.0
2019-02-22,575529413.0,-18680052.0
2019-02-23,607983505.0,14130045.0
2019-02-24,607429187.0,14038383.0
2019-02-25,606147704.0,13327927.0
2019-02-26,604917530.0,13552144.0
2019-02-27,607194119.0,14212932.0
2019-02-28,608018395.0,15161614.0
2019-03-01,604631800.0,29102387.0
2019-03-02,609457831.0,1474326.0
2019-03-03,614875880.0,7446693.0
2019-03-04,614066103.0,7918399.0
2019-03-05,617503191.0,12585661.0
2019-03-06,617183684.0,9989565.0
2019-03-07,616311266.0,8292871.0
2019-03-08,605705037.0,1073237.0
2019-03-09,611676177.0,2218346.0
2019-03-10,612117513.0,-2758367.0
2019-03-11,612152961.0,-1913142.0
2019-03-12,615786107.0,-1717084.0
2019-03-13,617293944.0,110260.0
2019-03-14,616581546.0,270280.0
2019-03-15,617405906.0,11700869.0
2019-03-16,616504073.0,4827896.0
2019-03-17,616440390.0,4322877.0
2019-03-18,615168972.0,3016011.0
2019-03-19,619934631.0,4148524.0
2019-03-20,620783471.0,3489527.0
2019-03-21,620504007.0,3922461.0
2019-03-22,626348097.0,8942191.0
2019-03-23,627092805.0,10588732.0
2019-03-24,627265746.0,10825356.0
2019-03-25,627372647.0,12203675.0
2019-03-26,627569909.0,7635278.0
2019-03-27,626551023.0,5767552.0
2019-03-28,626906132.0,6402125.0
2019-03-29,624022441.0,-2325656.0
2019-03-30,623555382.0,-3537423.0
2019-03-31,623329180.0,-3936566.0
2019-04-01,624879301.0,-2493346.0
2019-04-02,626365738.0,-1204171.0
2019-04-03,629623776.0,3072753.0
2019-04-04,629220955.0,2314823.0
2019-04-05,628933457.0,4911016.0
2019-04-06,630486890.0,6931508.0
2019-04-07,630698261.0,7369081.0
2019-04-08,630813921.0,5934620.0
2019-04-09,650072928.0,23707190.0
2019-04-10,666931817.0,37308041.0
2019-04-11,705608292.0,76387337.0
2019-04-12,709478062.0,80544605.0
2019-04-13,728760160.0,98273270.0
2019-04-14,724085121.0,93386860.0
2019-04-15,726583178.0,95769257.0
2019-04-16,745335594.0,95262666.0
2019-04-17,751906981.0,84975164.0
2019-04-18,805597016.0,99988724.0
2019-04-19,805350312.0,95872250.0
2019-04-20,816170941.0,87410781.0
2019-04-21,810791842.0,86706721.0
2019-04-22,823381930.0,96798752.0
2019-04-23,820431880.0,75096286.0
2019-04-24,885025412.0,133118431.0
2019-04-25,937207494.0,131610478.0
2019-04-26,993315656.0,187965344.0
2019-04-27,1004584996.0,188414055.0
2019-04-28,1043037039.0,232245197.0
2019-04-29,1045269038.0,221887108.0
2019-04-30,1065014749.0,244582869.0
2019-05-01,1074402138.0,189376726.0
2019-05-02,1083256383.0,146048889.0
2019-05-03,1094832692.0,101517036.0
2019-05-04,1108522300.0,103937304.0
2019-05-05,1114859896.0,71822857.0
2019-05-06,1118149291.0,72880253.0
2019-05-07,1124471295.0,59456546.0
2019-05-08,1128582140.0,54180002.0
2019-05-09,1137964062.0,54707679.0
2019-05-10,1079104013.0,-15728679.0
2019-05-11,1091691954.0,-16830346.0
2019-05-12,1092385725.0,-22474171.0
2019-05-13,1094836871.0,-23312420.0
2019-05-14,1116617023.0,-7854272.0
2019-05-15,1114402458.0,-14179682.0
2019-05-16,1124597074.0,-13366988.0
2019-05-17,1131070008.0,51965995.0
2019-05-18,1134055734.0,42363780.0
2019-05-19,1137344847.0,44959122.0
2019-05-20,1141824590.0,46987719.0
2019-05-21,1161582545.0,44965522.0
2019-05-22,1187050787.0,72648329.0
2019-05-23,1202639553.0,78042479.0
2019-05-24,1219342854.0,88272846.0
2019-05-25,1260098111.0,126042377.0
2019-05-26,1279466775.0,142121928.0
2019-05-27,1289093842.0,147269252.0
2019-05-28,1295258842.0,133676297.0
2019-05-29,1306525492.0,119474705.0
2019-05-30,1330388464.0,127748911.0
2019-05-31,1302219330.0,82876476.0
2019-06-01,1316565784.0,56467673.0
2019-06-02,1320111780.0,40645005.0
2019-06-03,1319957173.0,30863331.0
2019-06-04,1328807069.0,33548227.0
2019-06-05,1340032591.0,33507099.0
2019-06-06,1369262153.0,38873689.0
2019-06-07,1400091041.0,97871711.0
2019-06-08,1414345017.0,97779233.0
2019-06-09,1414342544.0,94230764.0
2019-06-10,1416353656.0,96396483.0
2019-06-11,1455628105.0,126821036.0
2019-06-12,1487476353.0,147443762.0
2019-06-13,1532681290.0,163419137.0
2019-06-14,1553258375.0,153167334.0
2019-06-15,1574353049.0,160008032.0
2019-06-16,1585454750.0,171112206.0
2019-06-17,1607180551.0,190826895.0
2019-06-18,1629312264.0,173684159.0
2019-06-19,1635358837.0,147882484.0
2019-06-20,1632059716.0,99378426.0
2019-06-21,1647621759.0,94363384.0
2019-06-22,1660454764.0,86101715.0
2019-06-23,1661740777.0,76286027.0
2019-06-24,1676241608.0,69061057.0
2019-06-25,1666845035.0,37532771.0
2019-06-26,1684973417.0,49614580.0
2019-06-27,1685552007.0,53492291.0
2019-06-28,1705236168.0,57614409.0
2019-06-29,1736888606.0,76433842.0
2019-06-30,1766831762.0,105090985.0
2019-07-01,1766659769.0,90418161.0
2019-07-02,1786939453.0,120094418.0
2019-07-03,1806539915.0,121566498.0
2019-07-04,1863841156.0,178289149.0
2019-07-05,1899685625.0,194449457.0
2019-07-06,1950307325.0,213418719.0
2019-07-07,1968012844.0,201181082.0
2019-07-08,1977795201.0,211135432.0
2019-07-09,2034665676.0,247726223.0
2019-07-10,2069383596.0,262843681.0
2019-07-11,2072119461.0,208278305.0
2019-07-12,2113854593.0,214168968.0
2019-07-13,2206512996.0,256205671.0
2019-07-14,2214044635.0,246031791.0
2019-07-15,2219216423.0,241421222.0
2019-07-16,2246616182.0,211950506.0
2019-07-17,2283251496.0,213867900.0
2019-07-18,2329551684.0,257432223.0
2019-07-19,2364681802.0,250827209.0
2019-07-20,2323711618.0,117198622.0
2019-07-21,2324991117.0,110946482.0
2019-07-22,2333186277.0,113969854.0
2019-07-23,2338759545.0,92143363.0
2019-07-24,2336108179.0,52856683.0
2019-07-25,2357159682.0,27607998.0
2019-07-26,2363643120.0,-1038682.0
2019-07-27,2363134240.0,39422622.0
2019-07-28,2372507685.0,47516568.0
2019-07-29,2378024208.0,44837931.0
2019-07-30,2406231589.0,67472044.0
2019-07-31,2410754774.0,74646595.0
2019-08-01,2419958837.0,62799155.0
2019-08-02,2417490079.0,53846959.0
2019-08-03,2401420673.0,38286433.0
2019-08-04,2410391794.0,37884109.0
2019-08-05,2418436211.0,40412003.0
2019-08-06,2497816143.0,91584554.0
2019-08-07,2497413191.0,86658417.0
2019-08-08,2489193613.0,69234776.0
2019-08-09,2481193249.0,63703170.0
2019-08-10,2457383265.0,55962592.0
2019-08-11,2461545925.0,51154131.0
2019-08-12,2467056340.0,48620129.0
2019-08-13,2461275948.0,-36540195.0
2019-08-14,2444576386.0,-52836805.0
2019-08-15,2446072128.0,-43121485.0
2019-08-16,2437135234.0,-44058015.0
2019-08-17,2445238089.0,-12145176.0
2019-08-18,2445015653.0,-16530272.0
2019-08-19,2445847972.0,-21208368.0
2019-08-20,2449533081.0,-11742867.0
2019-08-21,2444419632.0,-156754.0
2019-08-22,2466833723.0,20761595.0
2019-08-23,2468871948.0,31736714.0
2019-08-24,2476648055.0,31409966.0
2019-08-25,2475467081.0,30451428.0
2019-08-26,2477336460.0,31488488.0
2019-08-27,2473973486.0,24440405.0
2019-08-28,2467186992.0,22767360.0
2019-08-29,2472630449.0,5796726.0
2019-08-30,2502101641.0,33229693.0
2019-08-31,2511467562.0,34819507.0
2019-09-01,2510705599.0,35238518.0
2019-09-02,2509464863.0,32128403.0
2019-09-03,2514595784.0,40622298.0
2019-09-04,2540955139.0,73768147.0
2019-09-05,2533527300.0,60896851.0
2019-09-06,2573699148.0,71597507.0
2019-09-07,2601324872.0,89857310.0
2019-09-08,2603893504.0,93187905.0
2019-09-09,2600817246.0,91352383.0
2019-09-10,2596372411.0,81776627.0
2019-09-11,2604927130.0,63971991.0
2019-09-12,2603875369.0,70348069.0
2019-09-13,2911278010.0,337578862.0
2019-09-14,2917532449.0,316207577.0
2019-09-15,2920000940.0,316107436.0
2019-09-16,2919434954.0,318617708.0
2019-09-17,2908515981.0,312143570.0
2019-09-18,2895246296.0,290319166.0
2019-09-19,2878752569.0,274877200.0
2019-09-20,2877558426.0,-33719584.0
2019-09-21,2867790725.0,-49741724.0
2019-09-22,2867501777.0,-52499163.0
2019-09-23,2869496457.0,-49938497.0
2019-09-24,2875518005.0,-32997976.0
2019-09-25,2895740486.0,494190.0
2019-09-26,2928533593.0,49781024.0
2019-09-27,2925736459.0,48178033.0
2019-09-28,2937214128.0,69423403.0
2019-09-29,2944065164.0,76563387.0
2019-09-30,2949092827.0,79596370.0
2019-10-01,2961968568.0,86450563.0
2019-10-02,2986861529.0,91121043.0
2019-10-03,3015952498.0,87418905.0
2019-10-04,3047695165.0,121958706.0
2019-10-05,3052193752.0,114979624.0
2019-10-06,3052518668.0,108453504.0
2019-10-07,3074659130.0,125566303.0
2019-10-08,3079252133.0,117283565.0
2019-10-09,3078577267.0,91715738.0
2019-10-10,3082969846.0,67017348.0
2019-10-11,3093100020.0,45404855.0
2019-10-12,3108800792.0,56607040.0
2019-10-13,3108750721.0,56232053.0
2019-10-14,3111147223.0,36488093.0
2019-10-15,3107419491.0,28167358.0
2019-10-16,3110035713.0,31458446.0
2019-10-17,3109572740.0,26602894.0
2019-10-18,3127911639.0,34811619.0
2019-10-19,3139555506.0,30754714.0
2019-10-20,3148064516.0,39313795.0
2019-10-21,3178361515.0,67214292.0
2019-10-22,3184832131.0,77412640.0
2019-10-23,3187422946.0,77387233.0
2019-10-24,3277004889.0,167432149.0
2019-10-25,3377391920.0,249480281.0
2019-10-26,3322678641.0,183123135.0
2019-10-27,3328596049.0,180531533.0
2019-10-28,3326489823.0,148128308.0
2019-10-29,3321494318.0,136662187.0
2019-10-30,3646785193.0,459362247.0
2019-10-31,3656623069.0,379618180.0
2019-11-01,3625997711.0,248605791.0
2019-11-02,3624432294.0,301753653.0
2019-11-03,3638871951.0,310275902.0
2019-11-04,3639340876.0,312851053.0
2019-11-05,3627989710.0,306495392.0
2019-11-06,3649491291.0,2706098.0
2019-11-07,3635927613.0,-20695456.0
2019-11-08,3631682455.0,5684744.0
2019-11-09,3618459051.0,-5973243.0
2019-11-10,3618226228.0,-20645723.0
2019-11-11,3617647752.0,-21693124.0
2019-11-12,3616519417.0,-11470293.0
2019-11-13,3610517708.0,-38973583.0
2019-11-14,3609259705.0,-26667908.0
2019-11-15,3599913225.0,-31769230.0
2019-11-16,3594129579.0,-24329472.0
2019-11-17,3597071879.0,-21154349.0
2019-11-18,3596328282.0,-21319470.0
2019-11-19,3590660116.0,-25859301.0
2019-11-20,3597017502.0,-13500206.0
2019-11-21,3593885270.0,-15374435.0
2019-11-22,3624101848.0,24188623.0
2019-11-23,3645855979.0,51726400.0
2019-11-24,3621319569.0,24247690.0
2019-11-25,3627795274.0,31466992.0
2019-11-26,3671020542.0,80360426.0
2019-11-27,3671264954.0,74247452.0
2019-11-28,3687589971.0,93704701.0
2019-11-29,3682473291.0,58371443.0
2019-11-30,3693731139.0,47875160.0
2019-12-01,3696530497.0,75210928.0
2019-12-02,3699476292.0,71681018.0
2019-12-03,3738425544.0,67405002.0
2019-12-04,3733631183.0,62366229.0
2019-12-05,3761300671.0,73710700.0
2019-12-06,3757695207.0,75221916.0
2019-12-07,3769105002.0,75373863.0
2019-12-08,3777712068.0,81181571.0
2019-12-09,3779792302.0,80316010.0
2019-12-10,3816928348.0,78502804.0
2019-12-11,4068643525.0,335012342.0
2019-12-12,4046661970.0,285361299.0
2019-12-13,4052025718.0,294330511.0
2019-12-14,4046454853.0,277349851.0
2019-12-15,4047145798.0,269433730.0
2019-12-16,4048868790.0,269076488.0
2019-12-17,4058540792.0,241612444.0
2019-12-18,4060816610.0,-7826915.0
2019-12-19,4093955951.0,47293981.0
2019-12-20,4142438731.0,90413013.0
2019-12-21,4170042609.0,123587756.0
2019-12-22,4163555060.0,116409262.0
2019-12-23,4164576755.0,115707965.0
2019-12-24,4175422499.0,116881707.0
2019-12-25,4170493520.0,109676910.0
2019-12-26,4173471024.0,79515073.0
2019-12-27,4165855978.0,23417247.0
2019-12-28,4169845518.0,-197091.0
2019-12-29,4165229806.0,1674746.0
2019-12-30,4167785868.0,3209113.0
2019-12-31,4172399815.0,-3022684.0
2020-01-01,4171183915.0,690395.0
2020-01-02,4172339379.0,-1131645.0
2020-01-03,5263029449.0,1097173471.0
2020-01-04,5317903566.0,1148058048.0
2020-01-05,5322101858.0,1156872052.0
2020-01-06,5316121908.0,1148336040.0
2020-01-07,5325138380.0,1152738565.0
2020-01-08,5304331004.0,1133147089.0
2020-01-09,5275432151.0,1103092772.0
2020-01-10,5273924299.0,10894850.0
2020-01-11,5259752141.0,-58151425.0
2020-01-12,5234934725.0,-87167133.0
2020-01-13,5245783884.0,-70338024.0
2020-01-14,5231385318.0,-93753062.0
2020-01-15,5216671448.0,-87659556.0
2020-01-16,5235012363.0,-40419788.0
2020-01-17,5232415331.0,-41508968.0
2020-01-18,5224614339.0,-35137802.0
2020-01-19,5221882346.0,-13052379.0
2020-01-20,5227154052.0,-18629832.0
2020-01-21,5221336668.0,-10048650.0
2020-01-22,5219971982.0,3300534.0
2020-01-23,5227729620.0,-7282743.0
2020-01-24,5215652091.0,-16763240.0
2020-01-25,5226584411.0,1970072.0
2020-01-26,5220949191.0,-933155.0
2020-01-27,5223306407.0,-3847645.0
2020-01-28,5213807404.0,-7529264.0
2020-01-29,5241286354.0,21314372.0
2020-01-30,5225319308.0,-2410312.0
2020-01-31,5227722361.0,12070270.0
2020-02-01,5223708022.0,-2876389.0
2020-02-02,5225343587.0,4394396.0
2020-02-03,5229795520.0,6489113.0
2020-02-04,5235733266.0,21925862.0
2020-02-05,5221892129.0,-19394225.0
2020-02-06,5215313720.0,-10005588.0
2020-02-07,5221658747.0,-6063614.0
2020-02-08,5211462780.0,-12245242.0
2020-02-09,5215838450.0,-9505137.0
2020-02-10,5243178189.0,13382669.0
2020-02-11,5224485837.0,-11247429.0
2020-02-12,5222502601.0,610472.0
2020-02-13,5217445835.0,2132115.0
2020-02-14,5226055786.0,4397039.0
2020-02-15,5224982222.0,13519442.0
2020-02-16,5224513135.0,8674685.0
2020-02-17,5233688392.0,-9489797.0
2020-02-18,5242743901.0,18258064.0
2020-02-19,5228236453.0,5733852.0
2020-02-20,5228023411.0,10577576.0
2020-02-21,5226047156.0,-8630.0
2020-02-22,5232028938.0,7046716.0
2020-02-23,5231475395.0,6962260.0
2020-02-24,5241127908.0,7439516.0
2020-02-25,5219704618.0,-23039283.0
2020-02-26,5217265149.0,-10971304.0
2020-02-27,5212229955.0,-15793456.0
2020-02-28,5235746126.0,9698970.0
2020-02-29,5228258455.0,-3770483.0
2020-03-01,5223885102.0,-7590293.0
2020-03-02,5229647485.0,-11480423.0
2020-03-03,5231240071.0,11535453.0
2020-03-04,5244698752.0,27433603.0
2020-03-05,5244149199.0,31919244.0
2020-03-06,5228153391.0,-7592735.0
2020-03-07,5243060587.0,14802132.0
2020-03-08,5241439606.0,17554504.0
2020-03-09,5211954498.0,-17692987.0
2020-03-10,5247349957.0,16109886.0
2020-03-11,5248279700.0,3580948.0
2020-03-12,5275124338.0,30975139.0
2020-03-13,5300063186.0,71909795.0
2020-03-14,5388296097.0,145235510.0
2020-03-15,5325996363.0,84556757.0
2020-03-16,5391280199.0,179325701.0
2020-03-17,5408977302.0,161627345.0
2020-03-18,5424695019.0,176415319.0
2020-03-19,5358062292.0,82937954.0
2020-03-20,5440815259.0,140752073.0
2020-03-21,5481009210.0,92713113.0
2020-03-22,5435070454.0,109074091.0
2020-03-23,5460360343.0,69080144.0
2020-03-24,5479578866.0,70601564.0
2020-03-25,5498952201.0,74257182.0
2020-03-26,5523480109.0,165417817.0
2020-03-27,5509246065.0,68430806.0
2020-03-28,5486237668.0,5228458.0
2020-03-29,5497449798.0,62379344.0
2020-03-30,5504589512.0,44229169.0
2020-03-31,5498129318.0,18550452.0
2020-04-01,5484245718.0,-14706483.0
2020-04-02,5506879823.0,-16600286.0
2020-04-03,7520361335.0,2011115270.0
2020-04-04,7562443213.0,2076205545.0
2020-04-05,7557471767.0,2060021969.0
2020-04-06,7572365440.0,2067775928.0
2020-04-07,7551042009.0,2052912691.0
2020-04-08,7548153522.0,2063907804.0
2020-04-09,7568216566.0,2061336743.0
2020-04-10,7579440165.0,59078830.0
2020-04-11,7585666155.0,23222942.0
2020-04-12,7585181801.0,27710034.0
2020-04-13,7597510990.0,25145550.0
2020-04-14,7588940386.0,37898377.0
2020-04-15,7613376819.0,65223297.0
2020-04-16,7594803190.0,26586624.0
2020-04-17,7819217665.0,239777500.0
2020-04-18,7801664672.0,215998517.0
2020-04-19,7800496165.0,215314364.0
2020-04-20,7823573706.0,226062716.0
2020-04-21,7830793196.0,241852810.0
2020-04-22,7810784076.0,197407257.0
2020-04-23,8587470416.0,992667226.0
2020-04-24,8553117734.0,733900069.0
2020-04-25,8572630885.0,770966213.0
2020-04-26,8604432709.0,803936544.0
2020-04-27,8625455878.0,801882172.0
2020-04-28,8633110935.0,802317739.0
2020-04-29,8600774867.0,789990791.0
2020-04-30,9147699579.0,560229163.0
2020-05-01,9140635937.0,587518203.0
2020-05-02,9207527701.0,634896816.0
2020-05-03,9228432767.0,624000058.0
2020-05-04,9255372698.0,629916820.0
2020-05-05,9230502496.0,597391561.0
2020-05-06,9314529388.0,713754521.0
2020-05-07,9385201295.0,237501716.0
2020-05-08,9549415672.0,408779735.0
2020-05-09,9624782717.0,417255016.0
2020-05-10,9786861585.0,558428818.0
2020-05-11,9949939825.0,694567127.0
2020-05-12,9963394794.0,732892298.0
2020-05-13,10116820987.0,802291599.0
2020-05-14,10136924145.0,751722850.0
2020-05-15,10264751759.0,715336087.0
2020-05-16,10320558024.0,695775307.0
2020-05-17,10341701634.0,554840049.0
2020-05-18,10434326150.0,484386325.0
2020-05-19,10406775076.0,443380282.0
2020-05-20,10376233394.0,259412407.0
2020-05-21,10407425906.0,270501761.0
2020-05-22,10385964684.0,121212925.0
2020-05-23,10363482963.0,42924939.0
2020-05-24,10370019549.0,28317915.0
2020-05-25,10442671143.0,8344993.0
2020-05-26,10484879220.0,78104144.0
2020-05-27,10475714784.0,99481390.0
2020-05-28,10504143820.0,96717914.0
2020-05-29,10521810563.0,135845879.0
2020-05-30,10519046047.0,155563084.0
2020-05-31,10585121020.0,215101471.0
2020-06-01,10554004111.0,111332968.0
2020-06-02,10586824965.0,101945745.0
2020-06-03,10671128095.0,195413311.0
2020-06-04,10695185238.0,191041418.0
2020-06-05,10737882005.0,216071442.0
2020-06-06,10738031561.0,218985514.0
2020-06-07,10761958070.0,176837050.0
2020-06-08,10787742244.0,233738133.0
2020-06-09,10823151728.0,236326763.0
2020-06-10,10829666746.0,158538651.0
2020-06-11,10890764535.0,195579297.0
2020-06-12,10905210278.0,167328273.0
2020-06-13,10968146982.0,230115421.0
2020-06-14,10974580616.0,212622546.0
2020-06-15,10981821533.0,194079289.0
2020-06-16,10993052761.0,169901033.0
2020-06-17,11046065654.0,216398908.0
2020-06-18,11076394900.0,185630365.0
2020-06-19,11128934632.0,223724354.0
2020-06-20,11221972787.0,253825805.0
2020-06-21,11269431397.0,294850781.0
2020-06-22,11291371486.0,309549953.0
2020-06-23,11339256517.0,346203756.0
2020-06-24,11296008399.0,249942745.0
2020-06-25,11311637151.0,235242251.0
2020-06-26,11296196966.0,167262334.0
2020-06-27,11332058794.0,110086007.0
2020-06-28,11374659438.0,105228041.0
2020-06-29,11380691760.0,89320274.0
2020-06-30,11358673903.0,19417386.0
2020-07-01,11383093396.0,87084997.0
2020-07-02,11425556916.0,113919765.0
2020-07-03,11431108455.0,134911489.0
2020-07-04,11483052161.0,150993367.0
2020-07-05,11548633482.0,173974044.0
2020-07-06,11565106680.0,184414920.0
2020-07-07,11583052130.0,224378227.0
2020-07-08,11613650912.0,230557516.0
2020-07-09,11655649781.0,230092865.0
2020-07-10,11700112852.0,269004397.0
2020-07-11,11725234590.0,242182429.0
2020-07-12,11771509505.0,222876023.0
2020-07-13,11763836778.0,198730098.0
2020-07-14,11780976433.0,197924303.0
2020-07-15,11773476460.0,159825548.0
2020-07-16,11813810554.0,158160773.0
2020-07-17,11830259623.0,130146771.0
2020-07-18,11849455193.0,124220603.0
2020-07-19,11894179709.0,122670204.0
2020-07-20,11969106677.0,205269899.0
2020-07-21,11938472006.0,157495573.0
2020-07-22,11975957518.0,202481058.0
2020-07-23,12097975744.0,284165190.0
2020-07-24,12204801535.0,374541912.0
2020-07-25,12347906320.0,498451127.0
2020-07-26,12372278797.0,478099088.0
2020-07-27,12465221658.0,496114981.0
2020-07-28,12383296918.0,444824912.0
2020-07-29,12687742037.0,711784519.0
2020-07-30,12857007871.0,759032127.0
2020-07-31,12945799525.0,740997990.0
2020-08-01,12997040523.0,649134203.0
2020-08-02,13171858040.0,799579243.0
2020-08-03,13308724862.0,843503204.0
2020-08-04,13363209257.0,979912339.0
2020-08-05,13431874835.0,744132798.0
2020-08-06,13517437732.0,660429861.0
2020-08-07,13606345989.0,660546464.0
2020-08-08,13782849335.0,785808812.0
2020-08-09,13931351384.0,759493344.0
2020-08-10,14015095923.0,706371061.0
2020-08-11,14044986697.0,681777440.0
2020-08-12,14201087438.0,769212603.0
2020-08-13,14274053304.0,756615572.0
2020-08-14,14412843493.0,806497504.0
2020-08-15,14729755991.0,946906656.0
2020-08-16,14716514938.0,785163554.0
2020-08-17,14789004093.0,773908170.0
2020-08-18,14946391238.0,901404541.0
2020-08-19,15211544080.0,1010456642.0
2020-08-20,15234414789.0,960361485.0
2020-08-21,15351565275.0,938721782.0
2020-08-22,15483952267.0,754196276.0
2020-08-23,15589971518.0,873456580.0
2020-08-24,15651852185.0,862848092.0
2020-08-25,15683049208.0,736657970.0
2020-08-26,15713038116.0,501494036.0
2020-08-27,15739839907.0,505425118.0
2020-08-28,15916692357.0,565127082.0
2020-08-29,16027177068.0,543224801.0
2020-08-30,16239233729.0,649262211.0
2020-08-31,16279044423.0,627192238.0
2020-09-01,15532002662.0,-151046546.0
2020-09-02,15710624166.0,-2413950.0
2020-09-03,15988893435.0,249053528.0
2020-09-04,16074034556.0,157342199.0
2020-09-05,16250017617.0,222840549.0
2020-09-06,16314487648.0,75253919.0
2020-09-07,16369358912.0,90314489.0
2020-09-08,16693319540.0,1161316878.0
2020-09-09,16683353126.0,972728960.0
2020-09-10,17028544020.0,1039650585.0
2020-09-11,17127423300.0,1053388744.0
2020-09-12,17222888229.0,972870612.0
2020-09-13,17296473959.0,981986311.0
2020-09-14,17626513489.0,1257154577.0
2020-09-15,16766487247.0,73167707.0
2020-09-16,17914861141.0,1231508015.0
2020-09-17,18167633011.0,1139088991.0
2020-09-18,18397062583.0,1269639283.0
2020-09-19,18522247374.0,1299359145.0
2020-09-20,18818356670.0,1521882711.0
2020-09-21,18900033656.0,1273520167.0
2020-09-22,18962696330.0,2196209083.0
2020-09-23,18988744019.0,1073882878.0
2020-09-24,19071443302.0,903810291.0
2020-09-25,19143946257.0,746883674.0
2020-09-26,19167981519.0,645734145.0
2020-09-27,19254845168.0,436488498.0
2020-09-28,19302943363.0,402909707.0
2020-09-29,19215170367.0,252474037.0
2020-09-30,19222845395.0,234101376.0
2020-10-01,19240552781.0,169109479.0
2020-10-02,19388146193.0,244199936.0
2020-10-03,19469681949.0,301700430.0
2020-10-04,19515757283.0,260912115.0
2020-10-05,19538488716.0,235545353.0
2020-10-06,19556497402.0,341327035.0
2020-10-07,19592005881.0,369160486.0
2020-10-08,19610520376.0,369967595.0
2020-10-09,19885140655.0,496994462.0
2020-10-10,19968511646.0,498829697.0
2020-10-11,20027811790.0,512054507.0
2020-10-12,20049862183.0,511373467.0
2020-10-13,20076105724.0,519608322.0
2020-10-14,20044629130.0,452623249.0
2020-10-15,20031295392.0,420775016.0
2020-10-16,20020759547.0,135618892.0
2020-10-17,19996328714.0,27817068.0
2020-10-18,19989049444.0,-38762346.0
2020-10-19,20028314554.0,-21547629.0
2020-10-20,20161464213.0,85358489.0
2020-10-21,20490481064.0,445851934.0
2020-10-22,20582540993.0,551245601.0
2020-10-23,20687161494.0,666401947.0
2020-10-24,20667287789.0,670959075.0
2020-10-25,20703575834.0,714526390.0
2020-10-26,20739303757.0,710989203.0
2020-10-27,20820459145.0,658994932.0
2020-10-28,20852357853.0,361876789.0
2020-10-29,21000285806.0,417744813.0
2020-10-30,21036905639.0,349744145.0
2020-10-31,21187499543.0,520211754.0
2020-11-01,21231726205.0,528150371.0
2020-11-02,21248302437.0,508998680.0
2020-11-03,21233946173.0,413487028.0
2020-11-04,21366589230.0,514231377.0
2020-11-05,21322481969.0,322196163.0
2020-11-06,21608958242.0,572052603.0
2020-11-07,21720781734.0,533282191.0
2020-11-08,21755135515.0,523409310.0
2020-11-09,21741002105.0,492699668.0
2020-11-10,21681847475.0,447901302.0
2020-11-11,21851417384.0,484828154.0
2020-11-12,22050019495.0,727537526.0
2020-11-13,22221618449.0,612660207.0
2020-11-14,22249954555.0,529172821.0
2020-11-15,22293125031.0,537989516.0
2020-11-16,22295960588.0,554958483.0
2020-11-17,22431750392.0,749902917.0
2020-11-18,22375423887.0,524006503.0
2020-11-19,22386337655.0,336318160.0
2020-11-20,22566217488.0,344599039.0
2020-11-21,22967085725.0,717131170.0
2020-11-22,23021343457.0,728218426.0
2020-11-23,23085482714.0,789522126.0
2020-11-24,23245455645.0,813705253.0
2020-11-25,23468751798.0,1093327911.0
2020-11-26,23476455550.0,1090117895.0
2020-11-27,23456593336.0,890375848.0
2020-11-28,23444438936.0,477353211.0
2020-11-29,23590477413.0,569133956.0
2020-11-30,23608193267.0,522710553.0
2020-12-01,24042598073.0,797142428.0
2020-12-02,24234987463.0,766235665.0
2020-12-03,24292980539.0,816524989.0
2020-12-04,24394975270.0,938381934.0
2020-12-05,24602472650.0,1158033714.0
2020-12-06,24631922957.0,1041445544.0
2020-12-07,24679621713.0,1071428446.0
2020-12-08,24610380941.0,567782868.0
2020-12-09,24603810064.0,368822601.0
2020-12-10,24601247569.0,308267030.0
2020-12-11,24755657672.0,360682402.0
2020-12-12,24801836725.0,199364075.0
2020-12-13,24925034081.0,293111124.0
2020-12-14,24978025621.0,298403908.0
2020-12-15,25045581404.0,435200463.0
2020-12-16,25274413332.0,670603268.0
2020-12-17,25408602917.0,807355348.0
2020-12-18,25434573975.0,678916303.0
2020-12-19,25692992103.0,891155378.0
2020-12-20,25835344038.0,910309957.0
2020-12-21,25829530660.0,851505039.0
2020-12-22,25956637288.0,911055884.0
2020-12-23,25937013754.0,662600422.0
2020-12-24,26187858197.0,779255280.0
2020-12-25,26491777649.0,1057203674.0
2020-12-26,26526907626.0,833915523.0
2020-12-27,26550584276.0,715240238.0
2020-12-28,26583425154.0,753894494.0
2020-12-29,26831297054.0,874659766.0
2020-12-30,26887152847.0,950139093.0
2020-12-31,27064715439.0,876857242.0
2021-01-01,27375658126.0,883880477.0
2021-01-02,28273706662.0,1746799036.0
2021-01-03,29253311943.0,2702727667.0
2021-01-04,29421759680.0,2838334526.0
2021-01-05,29278125285.0,2446828231.0
2021-01-06,30082707424.0,3195554577.0
2021-01-07,31125447521.0,4060732082.0
2021-01-08,31205749318.0,3830091192.0
2021-01-09,32056057167.0,3782350505.0
2021-01-10,32342791893.0,3089479950.0
2021-01-11,32265050108.0,2843290428.0
2021-01-12,32277903447.0,2999778162.0
2021-01-13,32566525810.0,2483818386.0
2021-01-14,32637676033.0,1512228512.0
2021-01-15,32643280328.0,1437531010.0
2021-01-16,32786523404.0,730466237.0
2021-01-17,33013894956.0,671103063.0
2021-01-18,32988630915.0,723580807.0
2021-01-19,33542943279.0,1265039832.0
2021-01-20,33588749567.0,1022223757.0
2021-01-21,33767194674.0,1129518641.0
2021-01-22,33816917907.0,1173637579.0
2021-01-23,34070284632.0,1283761228.0
2021-01-24,34120643812.0,1106748856.0
2021-01-25,34279281923.0,1290651008.0
2021-01-26,34222369790.0,679426511.0
2021-01-27,34732159954.0,1143410387.0
2021-01-28,35415385053.0,1648190379.0
2021-01-29,36040572347.0,2223654440.0
2021-01-30,36551703484.0,2481418852.0
2021-01-31,36629455491.0,2508811679.0
2021-02-01,37167703961.0,2888422038.0
2021-02-02,37086696036.0,2864326246.0
2021-02-03,35663097749.0,930937795.0
2021-02-04,38242784718.0,2827399665.0
2021-02-05,38765375111.0,2724802764.0
2021-02-06,39983126144.0,3431422660.0
2021-02-07,40081733742.0,3452278251.0
2021-02-08,41494705769.0,4327001808.0
2021-02-09,41832015214.0,4745319178.0
2021-02-10,43063490614.0,7400392865.0
2021-02-11,43411624696.0,5168839978.0
2021-02-12,43642979052.0,4877603941.0
2021-02-13,44805054278.0,4821928134.0
2021-02-14,45273122444.0,5191388702.0
2021-02-15,45318287216.0,3823581447.0
2021-02-16,45778782256.0,3946767042.0
2021-02-17,46681235565.0,3617744951.0
2021-02-18,46840234398.0,3428609702.0
2021-02-19,47471759076.0,3828780024.0
2021-02-20,49109402708.0,4304348430.0
2021-02-21,49566655523.0,4293533079.0
2021-02-22,49555991966.0,4237704750.0
2021-02-23,49998356144.0,4219573888.0
2021-02-24,49999448699.0,3318213134.0
2021-02-25,50562420978.0,3722186580.0
2021-02-26,50336048106.0,2864289030.0
2021-02-27,51066701418.0,1957298710.0
2021-02-28,50754678543.0,1188023020.0
2021-03-01,52105582169.0,2549590203.0
2021-03-02,52516852234.0,2518496090.0
2021-03-03,54029072554.0,4029623855.0
2021-03-04,53444825224.0,2882404246.0
2021-03-05,53892609327.0,3556561221.0
2021-03-06,54054094234.0,2987392816.0
2021-03-07,54357759822.0,3603081279.0
2021-03-08,54355635147.0,2250052978.0
2021-03-09,54101141780.0,1584289546.0
2021-03-10,55427420786.0,1398348232.0
2021-03-11,55698583027.0,2253757803.0
2021-03-12,56023489973.0,2130880646.0
2021-03-13,56422136775.0,2368042541.0
2021-03-14,56458947299.0,2101187477.0
2021-03-15,57499218523.0,3143583376.0
2021-03-16,58209242175.0,4108100395.0
2021-03-17,58347051686.0,2919630900.0
2021-03-18,58668266552.0,2969683525.0
2021-03-19,58962195777.0,2938705804.0
2021-03-20,59207118625.0,2784981850.0
2021-03-21,60280760071.0,3821812772.0
2021-03-22,60481721213.0,2982502690.0
2021-03-23,60713414482.0,2504172307.0
2021-03-24,60538066683.0,2191014997.0
2021-03-25,60604268208.0,1936001656.0
2021-03-26,60788650682.0,1826454905.0
2021-03-27,62237804352.0,3030685727.0
2021-03-28,62382334411.0,2101574340.0
2021-03-29,62853307642.0,2371586429.0
2021-03-30,62475929792.0,1762515310.0
2021-03-31,62756614847.0,2218548164.0
2021-04-01,63839005507.0,3234737299.0
2021-04-02,63976734696.0,3188084014.0
2021-04-03,66361769333.0,4123964981.0
2021-04-04,66701988845.0,4319654434.0
2021-04-05,67160922257.0,4307614615.0
2021-04-06,68255596889.0,5779667097.0
2021-04-07,68301609274.0,5544994427.0
2021-04-08,68730624080.0,4891618573.0
2021-04-09,69324515525.0,5347780829.0
2021-04-10,69590908069.0,3229138736.0
2021-04-11,69839769482.0,3137780637.0
2021-04-12,70820724092.0,3659801835.0
2021-04-13,70668087878.0,2412490989.0
2021-04-14,73247005131.0,4945395857.0
2021-04-15,73646108667.0,4915484587.0
2021-04-16,74259179696.0,4934664171.0
2021-04-17,76389791626.0,6798883557.0
2021-04-18,76976630064.0,7136860582.0
2021-04-19,80001982827.0,9181258735.0
2021-04-20,80222515351.0,9554427473.0
2021-04-21,81117622475.0,7870617344.0
2021-04-22,81467114707.0,7821006040.0
2021-04-23,81838661523.0,7579481827.0
2021-04-24,81969558368.0,5579766742.0
2021-04-25,81910379244.0,4933749180.0
2021-04-26,82661750821.0,2659767994.0
2021-04-27,83025228288.0,2802712937.0
2021-04-28,83081012479.0,1963390004.0
2021-04-29,83896411610.0,2429296903.0
2021-04-30,83557084261.0,1718422738.0
2021-05-01,84911176660.0,2941618292.0
2021-05-02,85388401447.0,3478022203.0
2021-05-03,86631372130.0,3969621309.0
2021-05-04,86753985494.0,3728757206.0
2021-05-05,89046190495.0,5965178016.0
2021-05-06,89599264423.0,5702852813.0
2021-05-07,90157181884.0,6600097623.0
2021-05-08,90325387449.0,5414210789.0
2021-05-09,90643431396.0,5255029949.0
2021-05-10,91978780612.0,5347408482.0
2021-05-11,93602042339.0,6848056845.0
2021-05-12,94481568010.0,5435377515.0
2021-05-13,94525992235.0,4926727812.0
2021-05-14,94057749920.0,3900568036.0
2021-05-15,94695973939.0,4370586490.0
2021-05-16,94711525005.0,4068093609.0
2021-05-17,95201516932.0,3222736320.0
2021-05-18,96805673841.0,3203631502.0
2021-05-19,96359554909.0,1877986899.0
2021-05-20,95190806599.0,664814364.0
2021-05-21,97007684922.0,2949935002.0
2021-05-22,99100270831.0,4404296892.0
2021-05-23,99805569542.0,5094044537.0
2021-05-24,100951864953.0,5750348021.0
2021-05-25,101575300669.0,4769626828.0
2021-05-26,101860855193.0,5501300284.0
2021-05-27,102916476566.0,7725669967.0
2021-05-28,104040708564.0,7033023642.0
2021-05-29,104784309319.0,5684038488.0
2021-05-30,104335023551.0,4529454009.0
2021-05-31,102350266106.0,1398401153.0
2021-06-01,105707446119.0,4132145450.0
2021-06-02,106345950326.0,4485095133.0
2021-06-03,106332473404.0,3415996838.0
2021-06-04,106967813792.0,2927105228.0
2021-06-05,107179699301.0,2395389982.0
2021-06-06,107489513559.0,3154490008.0
2021-06-07,107957707483.0,5607441377.0
2021-06-08,107416963070.0,1709516951.0
2021-06-09,108121522882.0,1775572556.0
2021-06-10,108422839999.0,2090366595.0
2021-06-11,108050872917.0,1083059125.0
2021-06-12,107848326042.0,668626741.0
2021-06-13,108151032611.0,661519052.0
2021-06-14,108259833778.0,302126295.0
2021-06-15,108346066674.0,929103604.0
2021-06-16,108489463314.0,367940432.0
2021-06-17,107812615186.0,-610224813.0
2021-06-18,108128283541.0,77410624.0
2021-06-19,108300043137.0,451717095.0
2021-06-20,108613564826.0,462532215.0
2021-06-21,108934049122.0,674215344.0
2021-06-22,108735600177.0,389533503.0
2021-06-23,109513511902.0,1024048588.0
2021-06-24,109690229073.0,1877613887.0
2021-06-25,109839758153.0,1711474612.0
2021-06-26,109981883594.0,1681840457.0
2021-06-27,110333596798.0,1720031972.0
2021-06-28,110493923380.0,1559874258.0
2021-06-29,110005223288.0,1269623111.0
2021-06-30,109620926186.0,107414284.0
2021-07-01,110117369949.0,427140876.0
2021-07-02,110328987665.0,489229512.0
2021-07-03,111052164600.0,1070281006.0
2021-07-04,111039173339.0,705576541.0
2021-07-05,110519660446.0,25737066.0
2021-07-06,111191183702.0,1185960414.0
2021-07-07,111547956542.0,1927030356.0
2021-07-08,111403859088.0,1286489139.0
2021-07-09,111894898754.0,1565911089.0
2021-07-10,111876191965.0,824027365.0
2021-07-11,111987671768.0,948498429.0
2021-07-12,111785033408.0,1265372962.0
2021-07-13,112124869750.0,933686048.0
2021-07-14,111915645613.0,367689071.0
2021-07-15,111874878412.0,471019324.0
2021-07-16,112647189273.0,752290519.0
2021-07-17,111854212971.0,-21978994.0
2021-07-18,112318599424.0,330927656.0
2021-07-19,112698274707.0,913241299.0
2021-07-20,112449698155.0,324828405.0
2021-07-21,112547114480.0,631468867.0
2021-07-22,113015426044.0,1140547632.0
2021-07-23,112904681262.0,257491989.0
2021-07-24,113222444248.0,1368231277.0
2021-07-25,113453703630.0,1135104206.0
2021-07-26,113951105151.0,1252830444.0
2021-07-27,113677857718.0,1228159563.0
2021-07-28,114263356795.0,1716242315.0
2021-07-29,113864411550.0,848985506.0
2021-07-30,114086188070.0,1181506808.0
2021-07-31,114664254169.0,1441809921.0
2021-08-01,114087518678.0,633815048.0
2021-08-02,114041827687.0,90722536.0
2021-08-03,114206765922.0,528908204.0
2021-08-04,114569446648.0,306089853.0
2021-08-05,112672180971.0,-1192230579.0
2021-08-06,113221422090.0,-864765980.0
2021-08-07,113618576750.0,-1045677419.0
2021-08-08,114881527345.0,794008667.0
2021-08-09,114928147283.0,886319596.0
2021-08-10,115005621682.0,798855760.0
2021-08-11,114538705870.0,-30740778.0
2021-08-12,114605586658.0,1933405687.0
2021-08-13,114793537848.0,1572115758.0
2021-08-14,114607821685.0,989244935.0
2021-08-15,115632961456.0,751434111.0
2021-08-16,115792598962.0,864451679.0
2021-08-17,115650786821.0,645165139.0
2021-08-18,115585763625.0,1047057755.0
2021-08-19,115799908806.0,1194322148.0
2021-08-20,116422107244.0,1628569396.0
2021-08-21,116537394180.0,1929572495.0
2021-08-22,116545856390.0,912894934.0
2021-08-23,118127799293.0,2335200331.0
2021-08-24,115740949966.0,90163145.0
2021-08-25,117742605523.0,2156841898.0
2021-08-26,117628481785.0,1828572979.0
2021-08-27,117576424380.0,1154317136.0
2021-08-28,118035339948.0,1497945768.0
2021-08-29,118096327305.0,1550470915.0
2021-08-30,118131543242.0,3743949.0
2021-08-31,118044808424.0,2303858458.0
2021-09-01,118462298510.0,719692987.0
2021-09-02,118561229842.0,932748057.0
2021-09-03,119630285058.0,2053860678.0
2021-09-04,119786178879.0,1750838931.0
2021-09-05,119863005188.0,1766677883.0
2021-09-06,120999045509.0,2867502267.0
2021-09-07,123078023288.0,5033214864.0
2021-09-08,123611941629.0,5149643119.0
2021-09-09,124015253020.0,5454023178.0
2021-09-10,124346819079.0,4716534021.0
2021-09-11,123492343794.0,3706164915.0
2021-09-12,124004448107.0,4141442919.0
2021-09-13,124564131458.0,3565085949.0
2021-09-14,123983966147.0,905942859.0
2021-09-15,124282410800.0,670469171.0
2021-09-16,124187104932.0,171851912.0
2021-09-17,124440305071.0,93485992.0
2021-09-18,124932503717.0,1440159923.0
2021-09-19,124849410109.0,844962002.0
2021-09-20,125090267495.0,526136037.0
2021-09-21,124133615603.0,149649456.0
2021-09-22,123914115583.0,-368295217.0
2021-09-23,125141977906.0,954872974.0
2021-09-24,125792201787.0,1351896716.0
2021-09-25,126522461588.0,1589957871.0
2021-09-26,127197461002.0,2348050893.0
2021-09-27,127671458775.0,2581191280.0
2021-09-28,126299908074.0,2166292471.0
2021-09-29,126308864603.0,2394749020.0
2021-09-30,127365031050.0,2223053144.0
2021-10-01,127126472526.0,1334270739.0
2021-10-02,127213858690.0,691397102.0
2021-10-03,127295300467.0,97839465.0
2021-10-04,127673601281.0,2142506.0
2021-10-05,127636018533.0,1336110459.0
2021-10-06,127875440099.0,1566575496.0
2021-10-07,128307640967.0,942609917.0
2021-10-08,128500383443.0,1373910917.0
2021-10-09,128712011414.0,1498152724.0
2021-10-10,128950939683.0,1655639216.0
2021-10-11,129000466654.0,1326865373.0
2021-10-12,129619444823.0,1983426290.0
2021-10-13,129150916259.0,1275476160.0
2021-10-14,129280694684.0,973053717.0
2021-10-15,129545417019.0,1045033576.0
2021-10-16,129760473173.0,1048461759.0
2021-10-17,129767918195.0,816978512.0
2021-10-18,129644690225.0,644223571.0
2021-10-19,129449962362.0,-169482461.0
2021-10-20,129392550662.0,241634403.0
2021-10-21,129879533369.0,598838685.0
2021-10-22,129571555181.0,26138162.0
2021-10-23,130175649476.0,415176303.0
2021-10-24,130401523894.0,633605699.0
2021-10-25,130325720237.0,681030012.0
2021-10-26,130379038072.0,929075710.0
2021-10-27,129851989316.0,459438654.0
2021-10-28,130532974537.0,653441168.0
2021-10-29,131020387743.0,1448832562.0
2021-10-30,131490254956.0,1314605480.0
2021-10-31,131867911789.0,1466387895.0
2021-11-01,131653666044.0,1327945807.0
2021-11-02,133172305764.0,2793267692.0
2021-11-03,134291799367.0,4439810051.0
2021-11-04,134220641041.0,3687666504.0
2021-11-05,135559529763.0,4539142020.0
2021-11-06,136992988877.0,5502733921.0
2021-11-07,136832830695.0,4964918906.0
2021-11-08,138124190100.0,6470524056.0
2021-11-09,137053349049.0,3881043285.0
2021-11-10,139553905414.0,5262106047.0
2021-11-11,139719047373.0,5498406332.0
2021-11-12,139448011689.0,3888481926.0
2021-11-13,140555809113.0,3562820236.0
2021-11-14,140962968933.0,4130138238.0
2021-11-15,142182097325.0,4057907225.0
2021-11-16,142011059169.0,4957710120.0
2021-11-17,143000477617.0,3446572203.0
2021-11-18,144346811131.0,4627763758.0
2021-11-19,144032962241.0,4584950552.0
2021-11-20,145948841562.0,5393032449.0
2021-11-21,146593710830.0,5630741897.0
2021-11-22,146477738499.0,4295641174.0
2021-11-23,146073263732.0,4062204563.0
2021-11-24,146532932562.0,3532454945.0
2021-11-25,146936205770.0,2589394639.0
2021-11-26,147755296884.0,3722334643.0
2021-11-27,148414235620.0,2465394058.0
2021-11-28,148785519438.0,2191808608.0
2021-11-29,148950392158.0,2472653659.0
2021-11-30,148383381279.0,2310117547.0
2021-12-01,149077932307.0,2544999745.0
2021-12-02,149796521755.0,2860315985.0
2021-12-03,149674844232.0,1919547348.0
2021-12-04,151428385148.0,3014149528.0
2021-12-05,152628040752.0,3842521314.0
2021-12-06,153451959695.0,4501567537.0
2021-12-07,154200800435.0,5817419156.0
2021-12-08,155033649078.0,5955716771.0
2021-12-09,153107416018.0,3310894263.0
2021-12-10,155456882274.0,5782038042.0
2021-12-11,155559529761.0,4131144613.0
2021-12-12,156248467348.0,3620426596.0
2021-12-13,156342320990.0,2890361295.0
2021-12-14,156217907370.0,2017106935.0
2021-12-15,158120196514.0,3086547436.0
2021-12-16,158180759526.0,5073343508.0
2021-12-17,158040694294.0,2583812020.0
2021-12-18,158501915801.0,2942386040.0
2021-12-19,159098354014.0,2849886666.0
2021-12-20,158802558654.0,2460237664.0
2021-12-21,160356889734.0,4138982364.0
2021-12-22,160739762243.0,2619565729.0
2021-12-23,159336251374.0,1155491848.0
2021-12-24,159950199063.0,1909504769.0
2021-12-25,160292553534.0,1790637733.0
2021-12-26,160179383799.0,1081029785.0
2021-12-27,161408699190.0,2606140536.0
2021-12-28,161357191387.0,1000301653.0
2021-12-29,161386084121.0,646321878.0
2021-12-30,161265277003.0,1929025629.0
2021-12-31,162533919428.0,2583720365.0
2022-01-01,161894743362.0,1602189828.0
2022-01-02,166987595403.0,6808211604.0
2022-01-03,166080942224.0,4672243034.0
2022-01-04,166332078829.0,4974887442.0
2022-01-05,166333283414.0,4947199293.0
2022-01-06,167283567567.0,6018290564.0
2022-01-07,167108560575.0,4574641147.0
2022-01-08,166919250273.0,5024506911.0
2022-01-09,166346460737.0,-641134666.0
2022-01-10,166260314932.0,179372708.0
2022-01-11,167500397800.0,1168318971.0
2022-01-12,167719722167.0,1386438753.0
2022-01-13,168618635217.0,1335067650.0
2022-01-14,168856168877.0,1747608302.0
2022-01-15,169138581565.0,2219331292.0
2022-01-16,169278285205.0,2931824468.0
2022-01-17,169659131618.0,3398816686.0
2022-01-18,170236237095.0,2735839295.0
2022-01-19,169757218620.0,2037496453.0
2022-01-20,170333439008.0,1714803791.0
2022-01-21,171065590048.0,2209421171.0
2022-01-22,170276902283.0,1138320718.0
2022-01-23,172442522123.0,3164236918.0
2022-01-24,171824202644.0,2165071026.0
2022-01-25,173012638344.0,2776401249.0
2022-01-26,172881281051.0,3124062431.0
2022-01-27,174010306137.0,3676867129.0
2022-01-28,174261313570.0,3195723522.0
2022-01-29,172832143375.0,2555241092.0
2022-01-30,173648545159.0,1206023036.0
2022-01-31,173207296275.0,1383093631.0
2022-02-01,173678332432.0,665694088.0
2022-02-02,174201986706.0,1320705655.0
2022-02-03,174825395209.0,815089072.0
2022-02-04,175776833285.0,1515519715.0
2022-02-05,177275489393.0,4443346018.0
2022-02-06,176170914216.0,2522369057.0
2022-02-07,176667458603.0,3460162328.0
2022-02-08,176894462623.0,3216130191.0
2022-02-09,177661497092.0,3459510386.0
2022-02-10,178219583732.0,3394188523.0
2022-02-11,179183896185.0,3407062900.0
2022-02-12,179781430738.0,2505941345.0
2022-02-13,179765102930.0,3594188714.0
2022-02-14,179968597850.0,3301139247.0
2022-02-15,179787974604.0,2893511981.0
2022-02-16,180400192308.0,2738695216.0
2022-02-17,180332737691.0,2113153959.0
2022-02-18,180633941521.0,1450045336.0
2022-02-19,181045560108.0,1264129370.0
2022-02-20,182048298273.0,2283195343.0
2022-02-21,181619160509.0,1650562659.0
2022-02-22,181936067990.0,2148093386.0
2022-02-23,182243008686.0,1842816378.0
2022-02-24,182628232789.0,2295495098.0
2022-02-25,183135172500.0,2501230979.0
2022-02-26,182601536593.0,1555976485.0
2022-02-27,183359601774.0,1311303501.0
2022-02-28,184075922014.0,2456761505.0
2022-03-01,183440999761.0,1504931771.0
2022-03-02,183563878698.0,1320870012.0
2022-03-03,183790867201.0,1162634412.0
2022-03-04,183571957441.0,436784941.0
2022-03-05,183521384113.0,919847520.0
2022-03-06,183751921664.0,392319890.0
2022-03-07,183944742776.0,-131179238.0
2022-03-08,182926360712.0,-514639049.0
2022-03-09,183521655865.0,-42222833.0
2022-03-10,183874214120.0,83346919.0
2022-03-11,184318113320.0,746155879.0
2022-03-12,184287863476.0,766479363.0
2022-03-13,184539718857.0,787797193.0
2022-03-14,184771633265.0,826890489.0
2022-03-15,184558839140.0,1632478428.0
2022-03-16,184479266367.0,957610502.0
2022-03-17,184699501176.0,825287056.0
2022-03-18,185427952276.0,1109838956.0
2022-03-19,186033730246.0,1745866770.0
2022-03-20,186236571910.0,1696853053.0
2022-03-21,186495318153.0,1723684888.0
2022-03-22,186460445884.0,1901606744.0
2022-03-23,186233178424.0,1753912057.0
2022-03-24,185599897164.0,900395988.0
2022-03-25,185879702771.0,451750495.0
2022-03-26,185461986125.0,-571744121.0
2022-03-27,185691609319.0,-544962591.0
2022-03-28,185597675271.0,-897642882.0
2022-03-29,185430949275.0,-1029496609.0
2022-03-30,186285614394.0,52435970.0
2022-03-31,187096302148.0,1496404984.0
2022-04-01,186622372566.0,742669795.0
2022-04-02,187391942652.0,1929956527.0
2022-04-03,187056596134.0,1364986815.0
2022-04-04,187011943815.0,1414268544.0
2022-04-05,186796803621.0,1365854346.0
2022-04-06,186882362226.0,596747832.0
2022-04-07,186004443848.0,-1091858300.0
2022-04-08,186109968175.0,-512404391.0
2022-04-09,186415512678.0,-976429974.0
2022-04-10,186820952888.0,-235643246.0
2022-04-11,186823358795.0,-188585020.0
2022-04-12,186028430149.0,-768373472.0
2022-04-13,186322317740.0,-560044486.0
2022-04-14,185838228053.0,-166215795.0
2022-04-15,185898595642.0,-211372533.0
2022-04-16,185872684306.0,-542828372.0
2022-04-17,185876599678.0,-944353210.0
2022-04-18,186014332758.0,-809026037.0
2022-04-19,185805045771.0,-223384378.0
2022-04-20,185990856370.0,-331461370.0
2022-04-21,186135614099.0,297386046.0
2022-04-22,186550806481.0,652210839.0
2022-04-23,186884288700.0,1011604394.0
2022-04-24,187119500222.0,1242900544.0
2022-04-25,186963531157.0,949198399.0
2022-04-26,187015867133.0,1210821362.0
2022-04-27,186538263699.0,547407329.0
2022-04-28,186459057703.0,323443604.0
2022-04-29,186357929000.0,-192877481.0
2022-04-30,186793183826.0,-91104874.0
2022-05-01,187059239551.0,-60260671.0
2022-05-02,186861568501.0,-101962656.0
2022-05-03,186591731522.0,-424135611.0
2022-05-04,186657318211.0,119054512.0
2022-05-05,186220855767.0,-238201936.0
2022-05-06,186443085966.0,85156966.0
2022-05-07,185659333778.0,-1133850048.0
2022-05-08,185444316534.0,-1614923017.0
2022-05-09,180003932412.0,-6857636089.0
2022-05-10,176977547082.0,-9614184440.0
2022-05-11,176021893184.0,-10635425027.0
2022-05-12,160111332612.0,-26109523155.0
2022-05-13,159859520640.0,-26583565326.0
2022-05-14,158564041612.0,-27095292166.0
2022-05-15,158008821059.0,-27435495475.0
2022-05-16,158064097460.0,-21939834952.0
2022-05-17,159413236718.0,-17564310364.0
2022-05-18,158263160172.0,-17758733012.0
2022-05-19,158499144778.0,-1612187834.0
2022-05-20,159156483288.0,-703037352.0
2022-05-21,158417603244.0,-146438368.0
2022-05-22,158475938087.0,467117028.0
2022-05-23,158578457825.0,514360365.0
2022-05-24,158670219361.0,-743017357.0
2022-05-25,158827028632.0,563868460.0
2022-05-26,158969444065.0,470299287.0
2022-05-27,158594112075.0,-562371213.0
2022-05-28,158141251758.0,-276351486.0
2022-05-29,158317850025.0,-158088062.0
2022-05-30,158210159072.0,-368298753.0
2022-05-31,158731339487.0,61120126.0
2022-06-01,159296790757.0,469762125.0
2022-06-02,160264129409.0,1294685344.0
2022-06-03,159387989292.0,793877217.0
2022-06-04,159378201658.0,1236949900.0
2022-06-05,159318404528.0,1000554503.0
2022-06-06,159329214489.0,1119055417.0
2022-06-07,159224391538.0,493052051.0
2022-06-08,159107444347.0,-189346410.0
2022-06-09,159078010669.0,-1186118740.0
2022-06-10,159146853848.0,-241135444.0
2022-06-11,158697485989.0,-680715669.0
2022-06-12,158416739423.0,-901665105.0
2022-06-13,158139729196.0,-1189485293.0
2022-06-14,156870816044.0,-2353575494.0
2022-06-15,155935668777.0,-3171775570.0
2022-06-16,155143029661.0,-3934981008.0
2022-06-17,154643688106.0,-4503165742.0
2022-06-18,154095812453.0,-4601673536.0
2022-06-19,154180025567.0,-4236713856.0
2022-06-20,153950288992.0,-4189440204.0
2022-06-21,153296812292.0,-3574003752.0
2022-06-22,153414687876.0,-2520980901.0
2022-06-23,153383413427.0,-1759616234.0
2022-06-24,152987239268.0,-1656448838.0
2022-06-25,152990202603.0,-1105609850.0
2022-06-26,153199371691.0,-980653876.0
2022-06-27,153193419304.0,-756869688.0
2022-06-28,152962218106.0,-334594186.0
2022-06-29,152893740186.0,-520947690.0
2022-06-30,152787706050.0,-595707377.0
2022-07-01,152663528744.0,-323710524.0
2022-07-02,153384513551.0,394310948.0
2022-07-03,153348368239.0,148996548.0
2022-07-04,153224621112.0,31201808.0
2022-07-05,153260988596.0,298770490.0
2022-07-06,153295218999.0,401478813.0
2022-07-07,153046068807.0,258362757.0
2022-07-08,152802950055.0,139421311.0
2022-07-09,152953664677.0,-430848874.0
2022-07-10,152973934393.0,-374433846.0
2022-07-11,152865402930.0,-359218182.0
2022-07-12,153033567872.0,-227420724.0
2022-07-13,152730651477.0,-564567522.0
2022-07-14,152735818223.0,-310250584.0
2022-07-15,152809370833.0,6420778.0
2022-07-16,152258105635.0,-695559042.0
2022-07-17,152317341745.0,-656592648.0
2022-07-18,152412018425.0,-453384505.0
2022-07-19,152660769584.0,-372798288.0
2022-07-20,152570537599.0,-160113878.0
2022-07-21,152764751593.0,28933370.0
2022-07-22,152712129660.0,-97241173.0
2022-07-23,152843691759.0,585586124.0
2022-07-24,152948190147.0,630848402.0
2022-07-25,152932405690.0,520387265.0
2022-07-26,152907898899.0,247129315.0
2022-07-27,152829637494.0,259099895.0
2022-07-28,152905558958.0,140807365.0
2022-07-29,152712189988.0,60328.0
2022-07-30,152828151594.0,-15540165.0
2022-07-31,152833987943.0,-114202204.0
2022-08-01,152833041936.0,-99363754.0
2022-08-02,153097134125.0,189235226.0
2022-08-03,153030596754.0,200959260.0
2022-08-04,153020117328.0,114558370.0
2022-08-05,152940674070.0,228484082.0
2022-08-06,153105336268.0,277184674.0
2022-08-07,153138488098.0,304500155.0
2022-08-08,153056197389.0,223155453.0
2022-08-09,152821750179.0,-275383946.0
2022-08-10,152750660561.0,-279936193.0
2022-08-11,153033620298.0,13502970.0
2022-08-12,152981946072.0,41272002.0
2022-08-13,152815246311.0,-290089957.0
2022-08-14,153052198595.0,-86289503.0
2022-08-15,152536438261.0,-519759128.0
2022-08-16,152841879383.0,20129204.0
2022-08-17,152724168260.0,-26492301.0
2022-08-18,152690537523.0,-343082775.0
2022-08-19,152470975082.0,-510970990.0
2022-08-20,152367337262.0,-447909049.0
2022-08-21,152282317340.0,-769881255.0
2022-08-22,152234784913.0,-301653348.0
2022-08-23,152034289031.0,-807590352.0
2022-08-24,152158530460.0,-565637800.0
2022-08-25,152194411557.0,-496125966.0
2022-08-26,152204960264.0,-266014818.0
2022-08-27,152292982406.0,-74354856.0
2022-08-28,152361362480.0,79045140.0
2022-08-29,152140370272.0,-94414641.0
2022-08-30,152275885173.0,241596142.0
2022-08-31,152599035949.0,440505489.0
2022-09-01,152389636805.0,195225248.0
2022-09-02,152314925267.0,109965003.0
2022-09-03,152120765301.0,-172217105.0
2022-09-04,152142773500.0,-218588980.0
2022-09-05,151999751305.0,-140618967.0
2022-09-06,151896505206.0,-379379967.0
2022-09-07,151910082825.0,-688953124.0
2022-09-08,152011707374.0,-377929431.0
2022-09-09,152163017507.0,-151907760.0
2022-09-10,152272290976.0,151525675.0
2022-09-11,152395436852.0,252663352.0
2022-09-12,152385513269.0,385761964.0
2022-09-13,152330872619.0,434367413.0
2022-09-14,152345006191.0,434923366.0
2022-09-15,151977282591.0,-34424783.0
2022-09-16,151746440370.0,-416577137.0
2022-09-17,151593630116.0,-678660860.0
2022-09-18,151672147751.0,-723289101.0
2022-09-19,151612209732.0,-773303537.0
2022-09-20,151760430439.0,-570442180.0
2022-09-21,152015582173.0,-329424018.0
2022-09-22,151863974857.0,-113307734.0
2022-09-23,151864979297.0,118538927.0
2022-09-24,151661881491.0,68251375.0
2022-09-25,151620437493.0,-51710258.0
2022-09-26,151340517326.0,-271692406.0
2022-09-27,150597739297.0,-1162691142.0
2022-09-28,150487696958.0,-1527885215.0
2022-09-29,149988645060.0,-1875329797.0
2022-09-30,149499660119.0,-2365319178.0
2022-10-01,148247368029.0,-3414513462.0
2022-10-02,148255813414.0,-3364624079.0
2022-10-03,148285671461.0,-3054845865.0
2022-10-04,148065422909.0,-2532316388.0
2022-10-05,148028552799.0,-2459144159.0
2022-10-06,148098167043.0,-1890478017.0
2022-10-07,148139349891.0,-1360310228.0
2022-10-08,148305018403.0,57650374.0
2022-10-09,148316236619.0,60423205.0
2022-10-10,148300398649.0,14727188.0
2022-10-11,148102920497.0,37497588.0
2022-10-12,147995883556.0,-32669243.0
2022-10-13,147485526756.0,-612640287.0
2022-10-14,147060157172.0,-1079192719.0
2022-10-15,146643247363.0,-1661771040.0
2022-10-16,146628630690.0,-1687605929.0
2022-10-17,146555979156.0,-1744419493.0
2022-10-18,146361958944.0,-1740961553.0
2022-10-19,146267526538.0,-1728357018.0
2022-10-20,146178122653.0,-1307404103.0
2022-10-21,145772402320.0,-1287754852.0
2022-10-22,145572640625.0,-1070606738.0
2022-10-23,145632327322.0,-996303368.0
2022-10-24,145665641345.0,-890337811.0
2022-10-25,145340003450.0,-1021955494.0
2022-10-26,145220004099.0,-1047522439.0
2022-10-27,145406750198.0,-771372455.0
2022-10-28,145329325883.0,-443076437.0
2022-10-29,145440460393.0,-132180232.0
2022-10-30,145544750521.0,-87576801.0
2022-10-31,145639694887.0,-25946458.0
2022-11-01,145218376181.0,-121627269.0
2022-11-02,145240308198.0,20304099.0
2022-11-03,145105309553.0,-301440645.0
2022-11-04,145239425891.0,-89899992.0
2022-11-05,145414801244.0,-25659149.0
2022-11-06,145461251733.0,-83498788.0
2022-11-07,145820548890.0,180854003.0
2022-11-08,146804845954.0,1586469773.0
2022-11-09,147100056756.0,1859748558.0
2022-11-10,145340576354.0,235266801.0
2022-11-11,145762480474.0,523054583.0
2022-11-12,145596596170.0,181794926.0
2022-11-13,144925359847.0,-535891886.0
2022-11-14,144756738409.0,-1063810481.0
2022-11-15,144582168711.0,-2222677243.0
2022-11-16,144629322669.0,-2470734087.0
2022-11-17,144210345085.0,-1130231269.0
2022-11-18,143848646324.0,-1913834150.0
2022-11-19,144038279532.0,-1558316638.0
2022-11-20,144068839763.0,-856520084.0
2022-11-21,144102429484.0,-654308925.0
2022-11-22,143250860856.0,-1331307855.0
2022-11-23,143249926867.0,-1379395802.0
2022-11-24,142611228750.0,-1599116335.0
2022-11-25,142860699045.0,-987947279.0
2022-11-26,142561523105.0,-1476756427.0
2022-11-27,142738408946.0,-1330430817.0
2022-11-28,142732619105.0,-1369810379.0
2022-11-29,141689098658.0,-1561762198.0
2022-11-30,141060756851.0,-2189170016.0
2022-12-01,140911454436.0,-1699774314.0
2022-12-02,140745840430.0,-2114858615.0
2022-12-03,141006889555.0,-1554633550.0
2022-12-04,141176178083.0,-1562230863.0
2022-12-05,141280980585.0,-1451638520.0
2022-12-06,141031306910.0,-657791748.0
2022-12-07,140892699531.0,-168057320.0
2022-12-08,140728332181.0,-183122255.0
2022-12-09,140665248584.0,-80591846.0
2022-12-10,140587487802.0,-419401753.0
2022-12-11,140634134203.0,-542043880.0
2022-12-12,140748682010.0,-532298575.0
2022-12-13,140396114017.0,-635192893.0
2022-12-14,140008478227.0,-884221304.0
2022-12-15,139796532354.0,-931799827.0
2022-12-16,139827012912.0,-838235672.0
2022-12-17,139367752776.0,-1219735026.0
2022-12-18,139538766142.0,-1095368061.0
2022-12-19,139561090303.0,-1187591707.0
2022-12-20,139197132905.0,-1198981112.0
2022-12-21,138935084247.0,-1073393980.0
2022-12-22,138709461547.0,-1087070807.0
2022-12-23,138566492407.0,-1260520505.0
2022-12-24,138066241077.0,-1301511699.0
2022-12-25,138112325948.0,-1426440194.0
2022-12-26,138119567624.0,-1441522679.0
2022-12-27,138102727108.0,-1094405797.0
2022-12-28,137634147686.0,-1300936561.0
2022-12-29,137674202313.0,-1035259234.0
2022-12-30,137585903468.0,-980588939.0
2022-12-31,137457066907.0,-609174170.0
2023-01-01,137354723242.0,-757602706.0
2023-01-02,137454973923.0,-664593701.0
2023-01-03,137442015493.0,-660711615.0
2023-01-04,137110563314.0,-523584372.0
2023-01-05,137062846905.0,-611355408.0
2023-01-06,136772164881.0,-813738587.0
2023-01-07,136459013265.0,-998053642.0
2023-01-08,136596474461.0,-758248781.0
2023-01-09,136575021783.0,-879952140.0
2023-01-10,136326203322.0,-1115812171.0
2023-01-11,136506356344.0,-604206970.0
2023-01-12,136572855908.0,-489990997.0
2023-01-13,136671912282.0,-100252599.0
2023-01-14,136420249118.0,-38764147.0
2023-01-15,136612025328.0,15550867.0
2023-01-16,136787130533.0,212108750.0
2023-01-17,136710186110.0,383982788.0
2023-01-18,136254621761.0,-251734583.0
2023-01-19,136136583497.0,-436272411.0
2023-01-20,136088256279.0,-583656003.0
2023-01-21,136280273037.0,-139976081.0
2023-01-22,136562513589.0,-49511739.0
2023-01-23,136658943316.0,-128187217.0
2023-01-24,136496759260.0,-213426850.0
2023-01-25,136518041461.0,263419700.0
2023-01-26,136806901696.0,670318199.0
2023-01-27,137016558937.0,928302658.0
2023-01-28,136844934538.0,564661501.0
2023-01-29,137001726301.0,439212712.0
2023-01-30,136954238448.0,295295132.0
2023-01-31,136622261802.0,125502542.0
2023-02-01,136701038486.0,182997025.0
2023-02-02,136648060543.0,-158841153.0
2023-02-03,136920131292.0,-96427645.0
2023-02-04,136640143005.0,-204791533.0
2023-02-05,136664055095.0,-337671206.0
2023-02-06,136708667208.0,-245571240.0
2023-02-07,136596615395.0,-25646407.0
2023-02-08,136440741078.0,-260297408.0
2023-02-09,136312002815.0,-336057728.0
2023-02-10,136174027423.0,-746103869.0
2023-02-11,136181813978.0,-458329027.0
2023-02-12,136176267826.0,-487787269.0
2023-02-13,136121109034.0,-587558174.0
2023-02-14,136233489369.0,-363126026.0
2023-02-15,136088895947.0,-351845131.0
2023-02-16,135703043005.0,-608959810.0
2023-02-17,135833107481.0,-340919942.0
2023-02-18,135770978035.0,-410835943.0
2023-02-19,135788590695.0,-387677131.0
2023-02-20,135838652785.0,-282456249.0
2023-02-21,135504034616.0,-729454753.0
2023-02-22,135272901820.0,-815994127.0
2023-02-23,135012058601.0,-690984404.0
2023-02-24,134871069073.0,-962038408.0
2023-02-25,134855093502.0,-915884533.0
2023-02-26,134976439527.0,-812151168.0
2023-02-27,134897788649.0,-940864136.0
2023-02-28,134598011067.0,-906023549.0
2023-03-01,134455610391.0,-817291429.0
2023-03-02,134286929536.0,-725129065.0
2023-03-03,134462132798.0,-408936275.0
2023-03-04,134487439968.0,-367653534.0
2023-03-05,134578051700.0,-398387827.0
2023-03-06,134646041124.0,-251747525.0
2023-03-07,134442923214.0,-155087853.0
2023-03-08,134466136644.0,10526253.0
2023-03-09,134364643505.0,77713969.0
2023-03-10,134371491348.0,-90641450.0
2023-03-11,134015399006.0,-472040962.0
2023-03-12,131234867571.0,-3343184129.0
2023-03-13,134768059720.0,122018596.0
2023-03-14,133438643231.0,-1004279983.0
2023-03-15,132321136166.0,-2145000478.0
2023-03-16,132679479135.0,-1685164370.0
2023-03-17,132774050347.0,-1597441001.0
2023-03-18,132755579538.0,-1259819468.0
2023-03-19,133136757166.0,1901889595.0
2023-03-20,132866172521.0,-1901887199.0
2023-03-21,133171107299.0,-267535932.0
2023-03-22,132992860397.0,671724231.0
2023-03-23,132823056549.0,143577414.0
2023-03-24,133009932398.0,235882051.0
2023-03-25,133314984725.0,559405187.0
2023-03-26,133441042456.0,304285290.0
2023-03-27,132584857852.0,-281314669.0
2023-03-28,132169678294.0,-1001429005.0
2023-03-29,131798152588.0,-1194707809.0
2023-03-30,131744789169.0,-1078267380.0
2023-03-31,131727344888.0,-1282587510.0
2023-04-01,131215079685.0,-2099905040.0
2023-04-02,131142616209.0,-2298426247.0
2023-04-03,131367953551.0,-1216904301.0
2023-04-04,131919729431.0,-249948863.0
2023-04-05,131285300974.0,-512851614.0
2023-04-06,131221409261.0,-523379908.0
2023-04-07,131432566779.0,-294778109.0
2023-04-08,131444301689.0,229222004.0
2023-04-09,131634513804.0,491897595.0
2023-04-10,131322420932.0,-45532619.0
2023-04-11,131428767130.0,-490962301.0
2023-04-12,131367794570.0,82493596.0
2023-04-13,131292870912.0,71461651.0
2023-04-14,131408503342.0,-24063437.0
2023-04-15,131357055451.0,-87246238.0
2023-04-16,131247395572.0,-387118232.0
2023-04-17,131166144989.0,-156275943.0
2023-04-18,131050337662.0,-378429468.0
2023-04-19,130782715221.0,-585079349.0
2023-04-20,130815625349.0,-477245563.0
2023-04-21,130642993399.0,-765509943.0
2023-04-22,129430536024.0,-1926519427.0
2023-04-23,130306403993.0,-940991579.0
2023-04-24,130340660576.0,-825484413.0
2023-04-25,130271173682.0,-779163980.0
2023-04-26,130106693959.0,-676021262.0
2023-04-27,130269178722.0,-546446627.0
2023-04-28,130073483667.0,-569509732.0
2023-04-29,129957434267.0,526898243.0
2023-04-30,129898107897.0,-408296096.0
2023-05-01,129933348723.0,-407311853.0
2023-05-02,130274969492.0,3795810.0
2023-05-03,130297022520.0,190328561.0
2023-05-04,129882757831.0,-386420891.0
2023-05-05,129762123803.0,-311359864.0
2023-05-06,130260153565.0,302719298.0
2023-05-07,130181863824.0,283755927.0
2023-05-08,130015021695.0,81672972.0
2023-05-09,130102993575.0,-171975917.0
2023-05-10,130230224084.0,-66798436.0
2023-05-11,130081156232.0,198398401.0
2023-05-12,130004263179.0,242139376.0
2023-05-13,130044117826.0,-216035739.0
2023-05-14,130017558582.0,-164305242.0
2023-05-15,130013225266.0,-1796429.0
2023-05-16,129924836362.0,-178157213.0
2023-05-17,129746997186.0,-483226898.0
2023-05-18,129478180511.0,-602975721.0
2023-05-19,129604708095.0,-399555084.0
2023-05-20,129477882174.0,-566235652.0
2023-05-21,129602545343.0,-415013239.0
2023-05-22,129496286275.0,-516938991.0
2023-05-23,129379033068.0,-545803294.0
2023-05-24,129309993488.0,-437003698.0
2023-05-25,128914199572.0,-563980939.0
2023-05-26,128888069148.0,-716638947.0
2023-05-27,128880297082.0,-597585092.0
2023-05-28,128912215482.0,-690329861.0
2023-05-29,128960826208.0,-535460067.0
2023-05-30,128945183621.0,-433849447.0
2023-05-31,128901070051.0,-408923437.0
2023-06-01,128850909985.0,-63289587.0
2023-06-02,128776525845.0,-111543303.0
2023-06-03,128812123354.0,-68173728.0
2023-06-04,128726003080.0,-186212402.0
2023-06-05,128768606277.0,-192219931.0
2023-06-06,128634295777.0,-310887844.0
2023-06-07,128487699325.0,-413370726.0
2023-06-08,128360181677.0,-490728308.0
2023-06-09,128279669325.0,-496856520.0
2023-06-10,127790754993.0,-1021368361.0
2023-06-11,127926193259.0,-799809821.0
2023-06-12,127984088696.0,-784517581.0
2023-06-13,127697723276.0,-936572501.0
2023-06-14,127559408969.0,-928290356.0
2023-06-15,127336855690.0,-1023325987.0
2023-06-16,128136945268.0,-142724057.0
2023-06-17,128325882394.0,535127401.0
2023-06-18,127988897513.0,62704254.0
2023-06-19,127985635138.0,1546442.0
2023-06-20,128099603715.0,401880439.0
2023-06-21,128647589491.0,1088180522.0
2023-06-22,128164024627.0,827168937.0
2023-06-23,128152201330.0,15256062.0
2023-06-24,128206046421.0,-119835973.0
2023-06-25,128488626473.0,499728960.0
2023-06-26,128266719969.0,281084831.0
2023-06-27,128199350198.0,99746483.0
2023-06-28,128253857345.0,-393732146.0
2023-06-29,127762528299.0,-401496328.0
2023-06-30,127696126803.0,-456074527.0
2023-07-01,127088380083.0,-1117666338.0
2023-07-02,127066828482.0,-1421797991.0
2023-07-03,127110699448.0,-1156020521.0
2023-07-04,127297876207.0,-901473991.0
2023-07-05,127420692365.0,-833164980.0
2023-07-06,127253062727.0,-509465572.0
2023-07-07,126793981553.0,-902145250.0
2023-07-08,126790389101.0,-297990982.0
2023-07-09,126812683815.0,-254144667.0
2023-07-10,126706340037.0,-404359411.0
2023-07-11,126613586102.0,-684290105.0
2023-07-12,126462339306.0,-958353059.0
2023-07-13,126329651268.0,-923411459.0
2023-07-14,126598324525.0,-195657028.0
2023-07-15,126614821831.0,-175567270.0
2023-07-16,126662902641.0,-149781174.0
2023-07-17,126581288602.0,-125051435.0
2023-07-18,126421281412.0,-192304690.0
2023-07-19,126361242382.0,-101096924.0
2023-07-20,126087049767.0,-242601501.0
2023-07-21,126046063882.0,-552260643.0
2023-07-22,125893021769.0,-721800062.0
2023-07-23,125891829858.0,-771072783.0
2023-07-24,125792659517.0,-788629085.0
2023-07-25,125599210218.0,-822071194.0
2023-07-26,125513024946.0,-848217436.0
2023-07-27,125490996957.0,-596052810.0
2023-07-28,125320416785.0,-725647097.0
2023-07-29,125158144769.0,-734877000.0
2023-07-30,125400346941.0,-491482917.0
2023-07-31,125275869934.0,-516789583.0
2023-08-01,125210740962.0,-388469256.0
2023-08-02,124991322409.0,-521702537.0
2023-08-03,124819044906.0,-671952051.0
2023-08-04,124567396680.0,-753020105.0
2023-08-05,124313963282.0,-844181487.0
2023-08-06,124348346873.0,-1052000068.0
2023-08-07,124301871611.0,-973998323.0
2023-08-08,124162214646.0,-1048526316.0
2023-08-09,124384601724.0,-606720685.0
2023-08-10,124285507588.0,-533537318.0
2023-08-11,124030372626.0,-537024054.0
2023-08-12,123931009927.0,-382953355.0
2023-08-13,124042323821.0,-306023052.0
2023-08-14,124075359010.0,-226512601.0
2023-08-15,123627747939.0,-534466707.0
2023-08-16,123335304802.0,-1049296922.0
2023-08-17,123030572214.0,-1254935374.0
2023-08-18,123012242741.0,-1018129885.0
2023-08-19,122660540921.0,-1270469006.0
2023-08-20,122877645464.0,-1164678357.0
2023-08-21,122997339160.0,-1078019850.0
2023-08-22,124056504405.0,428756466.0
2023-08-23,123951660114.0,616355312.0
2023-08-24,123991720072.0,961147858.0
2023-08-25,124056023295.0,1043780554.0
2023-08-26,124100056074.0,1439515153.0
2023-08-27,124112326374.0,1234680910.0
2023-08-28,124224026630.0,1226687470.0
2023-08-29,124282763061.0,226258656.0
2023-08-30,124716260826.0,764600712.0
2023-08-31,124842345255.0,850625183.0
2023-09-01,124857422696.0,801399401.0
2023-09-02,124851396659.0,751340585.0
2023-09-03,124844882378.0,732556004.0
2023-09-04,124881384157.0,657357527.0
2023-09-05,124621537377.0,338774316.0
2023-09-06,124164753687.0,-551507139.0
2023-09-07,123979226402.0,-863118853.0
2023-09-08,123755131754.0,-1102290942.0
2023-09-09,123879024531.0,-972372128.0
2023-09-10,123949683291.0,-895199087.0
2023-09-11,124118973773.0,-762410384.0
2023-09-12,123888598516.0,-732938861.0
2023-09-13,124031159518.0,-133594169.0
2023-09-14,124045053187.0,65826785.0
2023-09-15,124016889579.0,261757825.0
2023-09-16,123888049181.0,9024650.0
2023-09-17,123985604359.0,35921068.0
2023-09-18,124011406235.0,-107567538.0
2023-09-19,123952475546.0,63877030.0
2023-09-20,124073751114.0,42591596.0
2023-09-21,124062274685.0,17221498.0
2023-09-22,123992125119.0,-24764460.0
2023-09-23,124071821734.0,183772553.0
2023-09-24,124084379622.0,98775263.0
2023-09-25,124129856904.0,118450669.0
2023-09-26,123913314418.0,-39161128.0
2023-09-27,123780062851.0,-293688263.0
2023-09-28,123702780585.0,-359494100.0
2023-09-29,123888758903.0,-103366216.0
2023-09-30,123444764341.0,-627057393.0
2023-10-01,123559096211.0,-525283411.0
2023-10-02,123590096529.0,-539760375.0
2023-10-03,123766591747.0,-146722671.0
2023-10-04,123613379470.0,-166683381.0
2023-10-05,123479583561.0,-223197024.0
2023-10-06,123655656671.0,-233102232.0
2023-10-07,123915345838.0,470581497.0
2023-10-08,123903415258.0,344319047.0
2023-10-09,123968708195.0,378611666.0
2023-10-10,124019782417.0,253190670.0
2023-10-11,123715682819.0,102303349.0
2023-10-12,123492177938.0,12594377.0
2023-10-13,123279382689.0,-376273982.0
2023-10-14,123274463607.0,-640882231.0
2023-10-15,123326762798.0,-576652460.0
2023-10-16,123394960965.0,-573747230.0
2023-10-17,123454281528.0,-565500889.0
2023-10-18,123648473815.0,-67209004.0
2023-10-19,123867559182.0,375381244.0
2023-10-20,124462550355.0,1183167666.0
2023-10-21,124375033968.0,1100570361.0
2023-10-22,124346542758.0,1019779960.0
2023-10-23,124309587906.0,914626941.0
2023-10-24,124601884858.0,1147603330.0
2023-10-25,123833880750.0,185406935.0
2023-10-26,124233627337.0,366068155.0
2023-10-27,124227611046.0,-234939309.0
2023-10-28,124055967622.0,-319066346.0
2023-10-29,124068582062.0,-277960696.0
2023-10-30,124190150653.0,-119437253.0
2023-10-31,124008468597.0,-593416261.0
2023-11-01,123905832203.0,71951453.0
2023-11-02,124171216171.0,-62411166.0
2023-11-03,124056198829.0,-171412217.0
2023-11-04,124431862326.0,375894704.0
2023-11-05,124583648486.0,515066424.0
2023-11-06,124649601746.0,459451093.0
2023-11-07,124690345432.0,681876835.0
2023-11-08,125025863698.0,1120031495.0
2023-11-09,124978127264.0,806911093.0
2023-11-10,125113811720.0,1057612891.0
2023-11-11,125405350270.0,973487944.0
2023-11-12,125469906734.0,886258248.0
2023-11-13,125482870660.0,833268914.0
2023-11-14,125642666933.0,952321501.0
2023-11-15,125494252603.0,468388905.0
2023-11-16,125824738001.0,846610737.0
2023-11-17,126149974871.0,1036163151.0
2023-11-18,126338101585.0,932751315.0
2023-11-19,126498683249.0,1028776515.0
2023-11-20,126486272743.0,1003402083.0
2023-11-21,126953745063.0,1311078130.0
2023-11-22,127042938163.0,1548685560.0
2023-11-23,127068895756.0,1244157755.0
2023-11-24,127059418511.0,909443640.0
2023-11-25,127689655425.0,1351553840.0
2023-11-26,127670199178.0,1171515929.0
2023-11-27,127640205277.0,1153932534.0
2023-11-28,127485552663.0,531807600.0
2023-11-29,127772474167.0,729536004.0
2023-11-30,127852719134.0,783823378.0
2023-12-01,127948093173.0,888674662.0
2023-12-02,128110223308.0,420567883.0
2023-12-03,128174740983.0,504541805.0
2023-12-04,128296081082.0,655875805.0
2023-12-05,128103483042.0,617930379.0
2023-12-06,128382059184.0,609585017.0
2023-12-07,128409230273.0,556511139.0
2023-12-08,128393716769.0,445623596.0
2023-12-09,128575863142.0,465639834.0
2023-12-10,128899947357.0,725206374.0
2023-12-11,128869596763.0,573515681.0
2023-12-12,128669914738.0,566431696.0
2023-12-13,128030693760.0,-351365424.0
2023-12-14,128451763108.0,42532835.0
2023-12-15,128634831991.0,241115222.0
2023-12-16,128882935843.0,307072701.0
2023-12-17,129041436012.0,141488655.0
2023-12-18,128992830308.0,123233545.0
2023-12-19,128948737697.0,278822959.0
2023-12-20,129400463250.0,1369769490.0
2023-12-21,129746203152.0,1294440044.0
2023-12-22,129728001569.0,1093169578.0
2023-12-23,130073496579.0,1190560736.0
2023-12-24,130241787760.0,1200351748.0
2023-12-25,130182219084.0,1189388776.0
2023-12-26,130142144288.0,1193406591.0
2023-12-27,129831928513.0,431465263.0
2023-12-28,130283545191.0,537342039.0
2023-12-29,130102946794.0,374945225.0
2023-12-30,130198905763.0,125409184.0
2023-12-31,130100873955.0,-140913805.0
2024-01-01,129835465344.0,-346753740.0
2024-01-02,130359543289.0,217399001.0
2024-01-03,130495587520.0,663659007.0
2024-01-04,131034400020.0,750854829.0
2024-01-05,131721601505.0,1618654711.0
2024-01-06,132136850036.0,1937944273.0
2024-01-07,132515556695.0,2414682740.0
2024-01-08,132442642373.0,2607177029.0
2024-01-09,132722037672.0,2362494383.0
2024-01-10,132693055518.0,2197467998.0
2024-01-11,133148676456.0,2114276436.0
2024-01-12,133467506552.0,1745905047.0
2024-01-13,132822771248.0,685921212.0
2024-01-14,133458626347.0,943069652.0
2024-01-15,133618377331.0,1175734958.0
2024-01-16,133303795971.0,581758299.0
2024-01-17,133278138346.0,585082828.0
2024-01-18,133813139215.0,664462759.0
2024-01-19,133187146307.0,-280360245.0
2024-01-20,133357755233.0,534983985.0
2024-01-21,133576068810.0,117442463.0
2024-01-22,133298151343.0,-320225988.0
2024-01-23,133445247758.0,141451787.0
2024-01-24,134239664029.0,961525683.0
2024-01-25,134071787725.0,258648510.0
2024-01-26,134259049797.0,1071903490.0
2024-01-27,134480470305.0,1122715072.0
2024-01-28,134553192201.0,977123391.0
2024-01-29,134614894664.0,1316743321.0
2024-01-30,134937258573.0,1492010815.0
2024-01-31,134750117737.0,510453708.0
2024-02-01,134786519351.0,714731626.0
2024-02-02,135157723114.0,898673317.0
2024-02-03,135132492095.0,652021790.0
2024-02-04,135090414698.0,537222497.0
2024-02-05,135168564024.0,553669360.0
2024-02-06,135012752422.0,75493849.0
2024-02-07,135351706897.0,601589160.0
2024-02-08,135667630993.0,881111642.0
2024-02-09,135966774702.0,809051588.0
2024-02-10,136192593198.0,1060101103.0
2024-02-11,136463514053.0,1373099355.0
2024-02-12,136688944067.0,1520380043.0
2024-02-13,136284379153.0,1271626731.0
2024-02-14,136470963551.0,1119256654.0
2024-02-15,137431095301.0,1763464308.0
2024-02-16,137262657542.0,1295882840.0
2024-02-17,137619179089.0,1426585891.0
2024-02-18,137810375209.0,1346861156.0
2024-02-19,137706207623.0,1017263556.0
2024-02-20,137709750897.0,1425371744.0
2024-02-21,137807503911.0,1336540360.0
2024-02-22,137841062988.0,409967687.0
2024-02-23,138199151984.0,936494442.0
2024-02-24,138821066421.0,1201887332.0
2024-02-25,138581467409.0,771092200.0
2024-02-26,138693603544.0,987395921.0
2024-02-27,139148005602.0,1438254705.0
2024-02-28,139722158180.0,1914654269.0
2024-02-29,140197045346.0,2355982358.0
2024-03-01,140749449279.0,2550297295.0
2024-03-02,141304851068.0,2483784647.0
2024-03-03,141394227581.0,2812760172.0
2024-03-04,141792254627.0,3098651083.0
2024-03-05,141999585537.0,2851579935.0
2024-03-06,142164715866.0,2442557686.0
2024-03-07,142487669141.0,2290623795.0
2024-03-08,143005261947.0,2255812668.0
2024-03-09,144209742982.0,2904891914.0
2024-03-10,144508363687.0,3114136106.0
2024-03-11,144736914503.0,2944659876.0
2024-03-12,145477904658.0,3478319121.0
2024-03-13,145732944341.0,3568228475.0
2024-03-14,146536570116.0,4048900975.0
2024-03-15,146807368620.0,3802106673.0
2024-03-16,146722849744.0,2513106762.0
2024-03-17,146855193193.0,2346829506.0
2024-03-18,146529001543.0,1792087040.0
2024-03-19,147234672494.0,1756767836.0
2024-03-20,147623147605.0,1890203264.0
2024-03-21,147143684059.0,607113943.0
2024-03-22,147707634309.0,900265689.0
2024-03-23,147752673617.0,1029823873.0
2024-03-24,148085040442.0,1229847249.0
2024-03-25,147906937959.0,1377936416.0
2024-03-26,149232929479.0,1998256985.0
2024-03-27,149528490726.0,1905343121.0
2024-03-28,149487016829.0,2343332770.0
2024-03-29,149732467337.0,2024833028.0
2024-03-30,149939286818.0,2186613201.0
2024-03-31,150171409389.0,2086368947.0
2024-04-01,149906995726.0,2000057767.0
2024-04-02,150330438571.0,1097509092.0
2024-04-03,150981523184.0,1453032458.0
2024-04-04,152363668724.0,2876651895.0
2024-04-05,153239216598.0,3506749261.0
2024-04-06,154339943470.0,4400656652.0
2024-04-07,154367571366.0,4196161977.0
2024-04-08,154143542854.0,4236547128.0
2024-04-09,154172233337.0,3841794766.0
2024-04-10,153966643269.0,2985120085.0
2024-04-11,153675918103.0,1312249379.0
2024-04-12,154273055264.0,1033838666.0
2024-04-13,154479368835.0,139425365.0
2024-04-14,155090997992.0,723426626.0
2024-04-15,155118347030.0,974804176.0
2024-04-16,155664848712.0,1492615375.0
2024-04-17,156656885689.0,2690242420.0
2024-04-18,154364386476.0,688468373.0
2024-04-19,157600994660.0,3327939396.0
2024-04-20,156276857598.0,1797488763.0
2024-04-21,156392908286.0,1301910294.0
2024-04-22,158570394751.0,3452047721.0
2024-04-23,159115199780.0,3450351068.0
2024-04-24,159058333668.0,2401447979.0
2024-04-25,159599142810.0,5234756334.0
2024-04-26,159639918567.0,2038923907.0
2024-04-27,159431076344.0,3154218746.0
2024-04-28,159606156862.0,3213248576.0
2024-04-29,159599684201.0,1029289450.0
2024-04-30,159322079673.0,206879893.0
2024-05-01,159481996837.0,423663169.0
2024-05-02,159118521542.0,-480621268.0
2024-05-03,159253694523.0,-386224044.0
2024-05-04,159894414081.0,463337737.0
2024-05-05,160193853222.0,587696360.0
2024-05-06,160178998468.0,579314267.0
2024-05-07,160125836168.0,803756495.0
2024-05-08,159868427948.0,386431111.0
2024-05-09,159760675591.0,642154049.0
2024-05-10,159805642752.0,551948229.0
2024-05-11,159596976793.0,-297437288.0
2024-05-12,159728264899.0,-465588323.0
2024-05-13,159685207983.0,-493790485.0
2024-05-14,159776738180.0,-349097988.0
2024-05-15,159556754306.0,-311673642.0
2024-05-16,160123997700.0,363322109.0
2024-05-17,160267110601.0,461467849.0
2024-05-18,160515760602.0,918783809.0
2024-05-19,160852464994.0,1124200095.0
2024-05-20,160806872161.0,1121664178.0
2024-05-21,160510917895.0,734179715.0
2024-05-22,160585011241.0,1028256935.0
2024-05-23,160635544091.0,511546391.0
2024-05-24,160450160582.0,183049981.0
2024-05-25,160809224456.0,293463854.0
2024-05-26,160811334981.0,-41130013.0
2024-05-27,160514814670.0,-292057491.0
2024-05-28,160429560300.0,-81357595.0
2024-05-29,160175004615.0,-410006626.0
2024-05-30,159839802866.0,-795741225.0
2024-05-31,160250795420.0,-199365162.0
2024-06-01,160372577740.0,-436646716.0
2024-06-02,160426735664.0,-384599317.0
2024-06-03,160203799385.0,-311015285.0
2024-06-04,160531048086.0,101487786.0
2024-06-05,160815349817.0,640345202.0
2024-06-06,161005142656.0,1165339790.0
2024-06-07,161153566834.0,902771414.0
2024-06-08,161477742937.0,1105165197.0
2024-06-09,161523651297.0,1096915633.0
2024-06-10,161576828310.0,1373028925.0
2024-06-11,161250169068.0,719120982.0
2024-06-12,161073600343.0,258250526.0
2024-06-13,161333446753.0,328304097.0
2024-06-14,161424314240.0,270747406.0
2024-06-15,161481659849.0,3916912.0
2024-06-16,161212016131.0,-311635166.0
2024-06-17,161304990194.0,-271838116.0
2024-06-18,161141160511.0,-109008557.0
2024-06-19,161592233764.0,518633421.0
2024-06-20,161381854536.0,48407783.0
2024-06-21,161482664543.0,58350303.0
2024-06-22,161757170763.0,275510914.0
2024-06-23,161774637166.0,562621035.0
2024-06-24,161488233084.0,183242890.0
2024-06-25,161432664723.0,291504212.0
2024-06-26,161460465681.0,-131768083.0
2024-06-27,161496819479.0,114964943.0
2024-06-28,161401479371.0,-81185172.0
2024-06-29,161156681324.0,-600489439.0
2024-06-30,161137048879.0,-637588287.0
2024-07-01,160894863846.0,-593369238.0
2024-07-02,161101909610.0,-330755113.0
2024-07-03,161015967366.0,-444498315.0
2024-07-04,161079667216.0,-417152263.0
2024-07-05,161405027123.0,3547752.0
2024-07-06,161768957778.0,612276454.0
2024-07-07,161841086940.0,704038061.0
2024-07-08,161862400565.0,967536719.0
2024-07-09,161868637236.0,766727626.0
2024-07-10,162169059294.0,1153091928.0
2024-07-11,162622935591.0,1543268375.0
2024-07-12,162592883467.0,1187856344.0
2024-07-13,162302698096.0,533740318.0
2024-07-14,162581563234.0,740476294.0
2024-07-15,162980738522.0,1118337957.0
2024-07-16,163053294252.0,1184657016.0
2024-07-17,163343379573.0,1174320279.0
2024-07-18,163518525359.0,895589768.0
2024-07-19,163506488355.0,913604888.0
2024-07-20,164457700269.0,2155002173.0
2024-07-21,164460787772.0,1879224538.0
2024-07-22,164454125832.0,1473387310.0
2024-07-23,164564507920.0,1511213668.0
2024-07-24,164785658324.0,1442278751.0
2024-07-25,164615187589.0,1096662230.0
2024-07-26,164167580656.0,661092301.0
2024-07-27,164404103991.0,-53596278.0
2024-07-28,164577172043.0,116384271.0
2024-07-29,164555814828.0,101688996.0
2024-07-30,164196969774.0,-367538146.0
2024-07-31,164152316176.0,-633342148.0
2024-08-01,164097940238.0,-517247351.0
2024-08-02,163698121201.0,-469459455.0
2024-08-03,163811455087.0,-592648904.0
2024-08-04,163886091228.0,-691080815.0
2024-08-05,164034551489.0,-521263339.0
2024-08-06,164115340449.0,-81629325.0
2024-08-07,164590563449.0,438247273.0
2024-08-08,166217852588.0,2119912350.0
2024-08-09,165849951016.0,2151829815.0
2024-08-10,166071437731.0,2259982644.0
2024-08-11,165681861165.0,1795769937.0
2024-08-12,166103815034.0,2069263545.0
2024-08-13,166476981789.0,2361641340.0
2024-08-14,166812394380.0,2221830931.0
2024-08-15,167448511246.0,1230658658.0
2024-08-16,167677294725.0,1827343709.0
2024-08-17,168280656208.0,2209218477.0
2024-08-18,168371441163.0,2689579998.0
2024-08-19,168354565969.0,2250750935.0
2024-08-20,168327592985.0,1850611196.0
2024-08-21,168759965224.0,1947570844.0
2024-08-22,169028967211.0,1580455965.0
2024-08-23,169168390377.0,1491095652.0
2024-08-24,169789134953.0,1508478745.0
2024-08-25,170136977125.0,1765535962.0
2024-08-26,170118850202.0,1764284233.0
2024-08-27,169860936977.0,1533343992.0
2024-08-28,169796376470.0,1036411246.0
2024-08-29,170020873057.0,991905846.0
2024-08-30,170240016007.0,1071625630.0
2024-08-31,170154023384.0,364888431.0
2024-09-01,169852487984.0,-284489141.0
2024-09-02,170323947850.0,205097648.0
2024-09-03,170189401578.0,328464601.0
2024-09-04,169815754210.0,19377740.0
2024-09-05,170138556354.0,117683297.0
2024-09-06,169847577712.0,-392438295.0
2024-09-07,169809434976.0,-344588408.0
2024-09-08,170068015116.0,215527132.0
2024-09-09,170038121083.0,-285826767.0
2024-09-10,170711490230.0,522088652.0
2024-09-11,170578919124.0,763164914.0
2024-09-12,170591470034.0,452913680.0
2024-09-13,170366803889.0,519226177.0
2024-09-14,171131815875.0,1322380899.0
2024-09-15,171808167416.0,1740152300.0
2024-09-16,171459675809.0,1421554726.0
2024-09-17,171096882209.0,385391979.0
2024-09-18,171696197462.0,1117278338.0
2024-09-19,171923050856.0,1331580822.0
2024-09-20,171822156899.0,1455353010.0
2024-09-21,172400244705.0,1268428830.0
2024-09-22,172642788466.0,834621050.0
2024-09-23,172553651277.0,1093975468.0
2024-09-24,172449498325.0,1352616116.0
2024-09-25,172484067379.0,787869917.0
2024-09-26,172708914572.0,785863716.0
2024-09-27,173157646836.0,1335489937.0
2024-09-28,172900519296.0,500274591.0
2024-09-29,172926402160.0,283613694.0
2024-09-30,172915390270.0,361738993.0
2024-10-01,172269887975.0,-179610350.0
2024-10-02,172681212957.0,197145578.0
2024-10-03,172806561818.0,97647246.0
2024-10-04,172671680514.0,-485966322.0
2024-10-05,172707070715.0,-193448581.0
2024-10-06,173489750814.0,563348654.0
2024-10-07,172268154305.0,-647235965.0
2024-10-08,172846457976.0,576570001.0
2024-10-09,172930782212.0,249569255.0
2024-10-10,172969080562.0,162518744.0
2024-10-11,172589272700.0,-82407814.0
2024-10-12,172961657978.0,254587263.0
2024-10-13,173240261989.0,-249488825.0
2024-10-14,173555657548.0,1287503243.0
2024-10-15,172837006995.0,-9450981.0
2024-10-16,172892786783.0,-37995429.0
2024-10-17,172591920253.0,-377160309.0
2024-10-18,172564172571.0,-25100129.0
2024-10-19,172881953469.0,-79704509.0
2024-10-20,172904777148.0,-335484841.0
2024-10-21,172801521764.0,-754135784.0
2024-10-22,172985285030.0,148278035.0
2024-10-23,172855847778.0,-36939005.0
2024-10-24,172345339827.0,-246580426.0
2024-10-25,171709248250.0,-854924321.0
2024-10-26,172583435552.0,-298517917.0
2024-10-27,172664156927.0,-240620221.0
2024-10-28,173088838687.0,287316923.0
2024-10-29,172327514396.0,-657770634.0
2024-10-30,172931965244.0,76117466.0
2024-10-31,173186270241.0,840930414.0
2024-11-01,172620431472.0,911183222.0
2024-11-02,173074254930.0,490819378.0
2024-11-03,173144642725.0,480485798.0
2024-11-04,173442669155.0,353830468.0
2024-11-05,174853875597.0,2526361201.0
2024-11-06,174985162161.0,2053196917.0
2024-11-07,176739065473.0,3552795232.0
2024-11-08,177464487981.0,4844056509.0
2024-11-09,178630187640.0,5555932710.0
2024-11-10,178654990442.0,5510347717.0
2024-11-11,179919461318.0,6476792163.0
2024-11-12,180554325995.0,5700450398.0
2024-11-13,180726749856.0,5741587695.0
2024-11-14,181773685778.0,5034620305.0
2024-11-15,184021401752.0,6556913771.0
2024-11-16,184222005244.0,5591817604.0
2024-11-17,184575182506.0,5920192064.0
2024-11-18,185008978018.0,5089516700.0
2024-11-19,185243953568.0,4689627573.0
2024-11-20,185918391523.0,5191641667.0
2024-11-21,187726450727.0,5952764949.0
2024-11-22,188553218802.0,4531817050.0
2024-11-23,190465133514.0,6243128270.0
2024-11-24,192254183924.0,7679001418.0
2024-11-25,192596998828.0,7588020810.0
2024-11-26,191504522053.0,6260568485.0
2024-11-27,191871112668.0,5952721145.0
2024-11-28,193459346693.0,5732895966.0
2024-11-29,194382167862.0,5828949060.0
2024-11-30,195138344244.0,4673210730.0
2024-12-01,193249248373.0,995064449.0
2024-12-02,193526654335.0,929655507.0
2024-12-03,194461844198.0,2957322145.0
2024-12-04,194805780838.0,2934668170.0
2024-12-05,196121439361.0,2662092668.0
2024-12-06,196699879203.0,2317711341.0
2024-12-07,197842340728.0,2703996484.0
2024-12-08,198279763478.0,5030515105.0
2024-12-09,199172116375.0,5645462040.0
2024-12-10,199240351052.0,4778506854.0
2024-12-11,199636431005.0,4830650167.0
2024-12-12,201876584760.0,5755145399.0
2024-12-13,202360407739.0,5660528536.0
2024-12-14,203262648631.0,5420307903.0
2024-12-15,203541755212.0,5261991734.0
2024-12-16,203637654582.0,4465538207.0
2024-12-17,204143257036.0,4902905984.0
2024-12-18,204339806386.0,4703375381.0
2024-12-19,204567611363.0,2691026603.0
2024-12-20,205072235080.0,2711827341.0
2024-12-21,205131105196.0,1868456565.0
2024-12-22,205175402233.0,1633647021.0
2024-12-23,205846252887.0,2208598305.0
2024-12-24,205353501033.0,1210243997.0
2024-12-25,205779052450.0,1439246064.0
2024-12-26,206049222766.0,1481611403.0
2024-12-27,206545342648.0,1473107568.0
2024-12-28,206812344590.0,1681239394.0
2024-12-29,206582524990.0,1407122757.0
2024-12-30,206119081266.0,272828379.0
2024-12-31,205431937343.0,78436310.0
2025-01-01,204785078112.0,-993974338.0
2025-01-02,204337231443.0,-1711991323.0
2025-01-03,206255536701.0,-289805947.0
2025-01-04,207992359749.0,1180015159.0
2025-01-05,207948088195.0,1365563205.0
2025-01-06,207892531889.0,1773450623.0
2025-01-07,208162486088.0,2730548745.0
2025-01-08,207627594043.0,2842515931.0
2025-01-09,207730075100.0,3392843657.0
2025-01-10,207471929038.0,1216392337.0
2025-01-11,207650602584.0,-341757165.0
2025-01-12,207543958997.0,-404129198.0
2025-01-13,207845788361.0,-46743528.0
2025-01-14,207763775484.0,-398710604.0
2025-01-15,208061410928.0,433816885.0
2025-01-16,208917873333.0,1187798233.0
2025-01-17,209134129707.0,1662200669.0
2025-01-18,210852186509.0,3201583925.0
2025-01-19,210828614150.0,3284655153.0
2025-01-20,211199915298.0,3354126937.0
2025-01-21,211253188608.0,3489413124.0
2025-01-22,213970967867.0,5909556939.0
2025-01-23,215276201612.0,6358328279.0
2025-01-24,216025321649.0,6891191942.0
2025-01-25,216639657638.0,5787471129.0
2025-01-26,216678179410.0,5849565260.0
2025-01-27,216640335488.0,5440420190.0
2025-01-28,216852211136.0,5599022528.0
2025-01-29,217309213899.0,3338246032.0
2025-01-30,217520237986.0,2244036374.0
2025-01-31,218179842770.0,2154521121.0
2025-02-01,218378577054.0,1738919416.0
2025-02-02,218461587942.0,1783408532.0
2025-02-03,218510886474.0,1870550986.0
2025-02-04,219290787417.0,2438576281.0
2025-02-05,221967731878.0,4658517979.0
2025-02-06,223290249401.0,5770011415.0
2025-02-07,223734738785.0,5554896015.0
2025-02-08,224866419686.0,6487842632.0
2025-02-09,224948036781.0,6486448839.0
2025-02-10,225087080169.0,6576193695.0
2025-02-11,225256449595.0,5965662178.0
2025-02-12,225297621667.0,3329889789.0
2025-02-13,225537217335.0,2246967934.0
2025-02-14,225718350068.0,1983611283.0
2025-02-15,226041263368.0,1174843682.0
2025-02-16,226184348398.0,1236311617.0
2025-02-17,226404124842.0,1317044673.0
2025-02-18,226127540774.0,871091179.0
2025-02-19,226037006558.0,739384891.0
2025-02-20,226848076738.0,1310859403.0
2025-02-21,226762633144.0,1044283076.0
2025-02-22,227458909674.0,1417646306.0
2025-02-23,227237419602.0,1053071204.0
2025-02-24,227387946750.0,983821908.0
2025-02-25,226785819234.0,658278460.0
2025-02-26,225671233519.0,-365773039.0
2025-02-27,225089299044.0,-1758777694.0
2025-02-28,225073231655.0,-1689401489.0
2025-03-01,225946477518.0,-1512432156.0
2025-03-02,225235773166.0,-2001646436.0
2025-03-03,225215903923.0,-2172042827.0
2025-03-04,225352576925.0,-1433242309.0
2025-03-05,225897458396.0,226224877.0
2025-03-06,226893019781.0,1803720737.0
2025-03-07,226974868862.0,1901637207.0
2025-03-08,228069912183.0,2123434665.0
2025-03-09,228155401760.0,2919628594.0
2025-03-10,228042980354.0,2827076431.0
2025-03-11,227652661270.0,2300084345.0
2025-03-12,228430393320.0,2532934924.0
2025-03-13,228820967152.0,1927947371.0
2025-03-14,229011981437.0,2037112575.0
2025-03-15,229794949730.0,1725037547.0
2025-03-16,229938838413.0,1783436653.0
2025-03-17,229900087434.0,1857107080.0
2025-03-18,230088510826.0,2435849556.0
2025-03-19,230415791622.0,1985398302.0
2025-03-20,231000016341.0,2179049189.0
2025-03-21,230880655979.0,1868674542.0
2025-03-22,231666519399.0,1871569669.0
2025-03-23,232612981772.0,2674143359.0
2025-03-24,232964284877.0,3064197443.0
2025-03-25,233978235122.0,3889724296.0
2025-03-26,235082096376.0,4666304754.0
2025-03-27,235214040753.0,4214024412.0
2025-03-28,234577428899.0,3696772920.0
2025-03-29,233999407833.0,2332888434.0
2025-03-30,234240218962.0,1627237190.0
2025-03-31,234189354342.0,1225069465.0
2025-04-01,234388583436.0,410348314.0
2025-04-02,234598324363.0,-483772013.0
2025-04-03,234993686401.0,-220354352.0
2025-04-04,235124738730.0,547309831.0
2025-04-05,234635849173.0,636441340.0
2025-04-06,234335159646.0,94940684.0
2025-04-07,233881007365.0,-308346977.0
2025-04-08,233498529186.0,-890054250.0
2025-04-09,233120214377.0,-1478109986.0
2025-04-10,233239436024.0,-1754250377.0
2025-04-11,233082820832.0,-2041917898.0
2025-04-12,232952354869.0,-1683494304.0
2025-04-13,233313893653.0,-1021265993.0
2025-04-14,233112095406.0,-768911959.0
2025-04-15,233072291388.0,-426237798.0
2025-04-16,233519238092.0,399023715.0
2025-04-17,233694848781.0,455412757.0
2025-04-18,234210033971.0,1127213139.0
2025-04-19,233676037727.0,723682858.0
2025-04-20,233726176548.0,412282895.0
2025-04-21,233904041126.0,791945720.0
2025-04-22,234072976657.0,1000685269.0
2025-04-23,235274332096.0,1755094004.0
2025-04-24,235796317362.0,2101468581.0
2025-04-25,236851053580.0,2641019609.0
2025-04-26,237476805619.0,3800767892.0
2025-04-27,238109747683.0,4383571135.0
2025-04-28,238829271617.0,4925230491.0
2025-04-29,239528471890.0,5455495233.0
2025-04-30,240996530235.0,5722198139.0
2025-05-01,241259187187.0,5462869825.0
2025-05-02,241411335434.0,4560281854.0
2025-05-03,241826228602.0,4349422983.0
2025-05-04,242200463848.0,4090716165.0
2025-05-05,242166110323.0,3336838706.0
2025-05-06,242046794734.0,2518322844.0
2025-05-07,241272355629.0,275825394.0
2025-05-08,241410362308.0,151175121.0
2025-05-09,242047597829.0,636262395.0
2025-05-10,241929876437.0,103647835.0
2025-05-11,242148862194.0,-51601654.0
2025-05-12,242156607724.0,-9502599.0
2025-05-13,241617022762.0,-429771972.0
2025-05-14,241470406995.0,198051366.0
2025-05-15,241883399599.0,473037291.0
2025-05-16,242443307976.0,395710147.0
2025-05-17,242985941780.0,1056065343.0
2025-05-18,243043705715.0,894843521.0
2025-05-19,243190956992.0,1034349268.0
2025-05-20,243129103411.0,1512080649.0
2025-05-21,243449711221.0,1979304226.0
2025-05-22,244474459306.0,2591059707.0
2025-05-23,244995420792.0,2552112816.0
2025-05-24,245318500679.0,2332558899.0
2025-05-25,245612750491.0,2569044776.0
2025-05-26,245622199207.0,2431242215.0
2025-05-27,245861719850.0,2732616439.0
2025-05-28,245635918419.0,2186207198.0
2025-05-29,245632061271.0,1157601965.0
2025-05-30,245809250833.0,813830041.0
2025-05-31,245964482083.0,645981404.0
2025-06-01,246090901195.0,478150704.0
2025-06-02,246343309192.0,721109985.0
2025-06-03,246975587187.0,1113867337.0
2025-06-04,247662843582.0,2026925163.0
2025-06-05,248069260729.0,2437199458.0
2025-06-06,247857537204.0,2048286371.0
2025-06-07,248523097039.0,2558614956.0
2025-06-08,248860081305.0,2769180110.0
2025-06-09,248873743831.0,2530434639.0
2025-06-10,249224165846.0,2248578659.0
2025-06-11,248965485140.0,1302641558.0
2025-06-12,249527799917.0,1458539188.0
2025-06-13,249480543740.0,1623006536.0
2025-06-14,250287171463.0,1764074424.0
2025-06-15,250207720961.0,1347639656.0
2025-06-16,250154695952.0,1280952121.0
2025-06-17,250064483509.0,840317663.0
2025-06-18,250244433439.0,1278948299.0
2025-06-19,250279494300.0,751694383.0
2025-06-20,250168870580.0,688326840.0
2025-06-21,249953183016.0,-333988447.0
2025-06-22,249942038527.0,-265682434.0
2025-06-23,250120228719.0,-34467233.0
2025-06-24,249570395652.0,-494087857.0
2025-06-25,251338256136.0,1093822697.0
2025-06-26,251161550412.0,882056112.0
2025-06-27,251327787730.0,1158917150.0
2025-06-28,251644108339.0,1690925323.0
2025-06-29,251971975909.0,2029937382.0
2025-06-30,251967194979.0,1846966260.0
2025-07-01,252239980367.0,2669584715.0
2025-07-02,252504026433.0,1165770297.0
2025-07-03,252901950727.0,1740400315.0
2025-07-04,253207738008.0,1879950278.0
2025-07-05,253359483750.0,1715375411.0
2025-07-06,253587932263.0,1615956354.0
2025-07-07,253618547701.0,1651352722.0
2025-07-08,253795505146.0,1555524779.0
2025-07-09,253726728821.0,1222702388.0
2025-07-10,254192584141.0,1290633414.0
2025-07-11,255341945728.0,2134207720.0
2025-07-12,256295583438.0,2936099688.0
2025-07-13,256567523930.0,2979591667.0
2025-07-14,256724725314.0,3106177613.0
2025-07-15,256365392108.0,2569886962.0
2025-07-16,255340920280.0,1614191459.0
2025-07-17,258034985821.0,3842401680.0
2025-07-18,258836223095.0,3494277367.0
2025-07-19,259298601544.0,3003018106.0
2025-07-20,259652808916.0,3085284986.0
2025-07-21,260029545130.0,3304819816.0
2025-07-22,260482587224.0,4117195116.0
2025-07-23,260970113149.0,5629192869.0
2025-07-24,261979120118.0,3944134297.0
2025-07-25,263122925170.0,4286702075.0
2025-07-26,262923020657.0,3624419113.0
2025-07-27,263532905262.0,3880096346.0
2025-07-28,263887361364.0,3857816234.0
2025-07-29,263847700758.0,3365113534.0
2025-07-30,263902066324.0,2931953175.0
2025-07-31,264543706586.0,2564586468.0
2025-08-01,265078794897.0,1955869727.0
2025-08-02,265343417084.0,2420396427.0
2025-08-03,265349927767.0,1817022505.0
2025-08-04,265905451679.0,2018090315.0
2025-08-05,266398910035.0,2551209277.0
2025-08-06,266551126982.0,2649060658.0
2025-08-07,266675087850.0,2131381264.0
2025-08-08,267605811470.0,2527016573.0
2025-08-09,268200456706.0,2857039622.0
2025-08-10,268923108782.0,3573181015.0
2025-08-11,268302315834.0,2396864155.0
2025-08-12,269036018251.0,2637108216.0
2025-08-13,269902074912.0,3350947930.0
2025-08-14,271545839324.0,4870751474.0
2025-08-15,273193797962.0,5587986492.0
2025-08-16,274713912741.0,6513456035.0
2025-08-17,274671271342.0,5748162560.0
2025-08-18,275489521428.0,7187205594.0
2025-08-19,275511058750.0,6475040499.0
2025-08-20,275469210052.0,5567135140.0
2025-08-21,275871094521.0,4325255197.0
2025-08-22,274752813390.0,1559015428.0
2025-08-23,274656564860.0,-57347881.0
2025-08-24,275996407400.0,1325136058.0
2025-08-25,276067224002.0,577702574.0
2025-08-26,277922555810.0,2411497060.0
2025-08-27,278200576395.0,2731366343.0
2025-08-28,278741381012.0,2870286491.0
2025-08-29,281112941287.0,6360127897.0
2025-08-30,281286141265.0,6629576405.0
2025-08-31,281648396302.0,5651988902.0
2025-09-01,282390342610.0,6323118608.0
2025-09-02,282388294934.0,4465739124.0
2025-09-03,281540408604.0,3339832209.0
2025-09-04,283396243290.0,4654862278.0
2025-09-05,286021794335.0,4908853048.0
2025-09-06,284468408477.0,3182267212.0
2025-09-07,284528868790.0,2880472488.0
2025-09-08,284295571860.0,1905229250.0
2025-09-09,284456229468.0,2067934534.0
2025-09-10,284957358422.0,3416949818.0
2025-09-11,285070695334.0,1674452044.0
2025-09-12,285864781827.0,-157012508.0
2025-09-13,287245864450.0,2777455973.0
2025-09-14,287957707997.0,3428839207.0
2025-09-15,287986355240.0,3690783380.0
2025-09-16,288291591120.0,3835361652.0
2025-09-17,289089069863.0,4131711441.0
2025-09-18,289284150773.0,4213455439.0
2025-09-19,290401294816.0,4536512989.0
2025-09-20,291190108411.0,3944243961.0
2025-09-21,291399530194.0,3441822197.0
2025-09-22,291395256036.0,3408900796.0
2025-09-23,292269991452.0,3978400332.0
2025-09-24,293096626964.0,4007557101.0
2025-09-25,293895135874.0,4610985101.0
2025-09-26,294050747088.0,3649452272.0
2025-09-27,294788326541.0,3598218130.0
2025-09-28,294985781736.0,3586251542.0
2025-09-29,295224977181.0,3829721145.0
2025-09-30,296037503307.0,3767511855.0
2025-10-01,297460576774.0,4363949810.0
2025-10-02,298361293675.0,4466157801.0
2025-10-03,299545053889.0,5494306801.0
2025-10-04,301072271504.0,6283944963.0
2025-10-05,301599345578.0,6613563842.0
2025-10-06,301133551468.0,5908574287.0
2025-10-07,301806986258.0,5769482951.0
2025-10-08,302600505060.0,5139928286.0
2025-10-09,302616825034.0,4255531359.0
2025-10-10,302838849375.0,3293795486.0
2025-10-11,303167002654.0,2094731150.0
2025-10-12,302728627821.0,1129282243.0
2025-10-13,302785209905.0,1651658437.0
2025-10-14,303672162407.0,1865176149.0
2025-10-15,304904931924.0,2304426864.0
2025-10-16,305720354941.0,3103529907.0
2025-10-17,305789358296.0,2950508921.0
2025-10-18,306059857102.0,2892854448.0
2025-10-19,306085655437.0,3357027616.0
2025-10-20,306361294740.0,3576084835.0
2025-10-21,306320276633.0,2648114226.0
2025-10-22,307353870263.0,2448938339.0
2025-10-23,306757639904.0,1037284963.0
2025-10-24,306952887397.0,1163529101.0
2025-10-25,307577214735.0,1517357633.0
2025-10-26,307336534899.0,1250879462.0
2025-10-27,307195224026.0,833929286.0
2025-10-28,306844254313.0,523977680.0
2025-10-29,307026320557.0,-327549706.0
2025-10-30,306303133565.0,-454506339.0
2025-10-31,305922016078.0,-1030871319.0
2025-11-01,305950373080.0,-1626841655.0
2025-11-02,306102662664.0,-1233872235.0
2025-11-03,305849482113.0,-1345741913.0
2025-11-04,305799521139.0,-1044733174.0
2025-11-05,304627106418.0,-2399214139.0
2025-11-06,304465222306.0,-1837911259.0
2025-11-07,303814964595.0,-2107051483.0
2025-11-08,304161307404.0,-1789065676.0
2025-11-09,303624412350.0,-2478250314.0
2025-11-10,303565825564.0,-2283656549.0
2025-11-11,303777008682.0,-2022512457.0
2025-11-12,304141825552.0,-485280866.0
2025-11-13,304181535689.0,-283686617.0
2025-11-14,303638681518.0,-176283077.0
2025-11-15,302956450795.0,-1204856609.0
2025-11-16,302836102666.0,-788309684.0
2025-11-17,302493835494.0,-1071990070.0
2025-11-18,302121447967.0,-1655560715.0
2025-11-19,301981846668.0,-2159978884.0
2025-11-20,301761246399.0,-2420289290.0
2025-11-21,301704459121.0,-1934222397.0
2025-11-22,301423057677.0,-1533393118.0
2025-11-23,301603917529.0,-1232185137.0
2025-11-24,301362552935.0,-1131282559.0
2025-11-25,302675838819.0,554390852.0
2025-11-26,303239897607.0,1258050939.0
2025-11-27,304064247225.0,2303000826.0
2025-11-28,304489924231.0,2785465110.0
2025-11-29,305047500033.0,3624442356.0
2025-11-30,305211411943.0,3607494414.0
2025-12-01,304903275838.0,3540722903.0
2025-12-02,305752670372.0,3076831553.0
2025-12-03,306536239700.0,3296342093.0
2025-12-04,306487607009.0,2423359784.0
2025-12-05,306999408106.0,2509483875.0
2025-12-06,307202474320.0,2154974287.0
2025-12-07,307156884919.0,1945472976.0
2025-12-08,307351445307.0,2448169469.0
2025-12-09,307704327403.0,1951657031.0
2025-12-10,307864608753.0,1328369053.0
2025-12-11,307965611442.0,1478004433.0
2025-12-12,308937677415.0,1938269309.0
2025-12-13,309014102220.0,1811627900.0
2025-12-14,308895341060.0,1738456141.0
2025-12-15,308595472593.0,1244027286.0
2025-12-16,308381873286.0,677545883.0
2025-12-17,308371420347.0,506811594.0
2025-12-18,308302565289.0,336953847.0
2025-12-19,307754224911.0,-1183452504.0
2025-12-20,308245886814.0,-768215406.0
2025-12-21,309317710946.0,422369886.0
2025-12-22,308086495499.0,-508977094.0
2025-12-23,308175578287.0,-206294999.0
2025-12-24,307783517772.0,-587902575.0
2025-12-25,307278240538.0,-1024324751.0
2025-12-26,307447829307.0,-306395604.0
2025-12-27,307378681488.0,-867205326.0
2025-12-28,307257917642.0,-2059793304.0
2025-12-29,307102520378.0,-983975121.0
2025-12-30,306983872043.0,-1191706244.0
2025-12-31,306647542031.0,-1135975741.0
2026-01-01,305904498554.0,-1373741984.0
2026-01-02,305933750849.0,-1514078458.0
2026-01-03,306714674375.0,-664007113.0
2026-01-04,306611781695.0,-646135947.0
2026-01-05,306952288508.0,-150231870.0
2026-01-06,307502251643.0,518379600.0
2026-01-07,307079065031.0,431523000.0
2026-01-08,306821754084.0,917255530.0
2026-01-09,306464346069.0,530595220.0
2026-01-10,306782612206.0,67937831.0
2026-01-11,306643582731.0,31801036.0
2026-01-12,306643738409.0,-308550099.0
2026-01-13,306104873523.0,-1397378120.0
2026-01-14,307619942304.0,540877273.0
2026-01-15,308524247800.0,1702493716.0
2026-01-16,309389763580.0,2925417511.0
2026-01-17,309960715075.0,3178102869.0
2026-01-18,310242588231.0,3599005500.0
2026-01-19,310058163074.0,3414424665.0
2026-01-20,309854498690.0,3749625167.0
2026-01-21,308159404484.0,539462180.0
2026-01-22,307632507103.0,-891740697.0
2026-01-23,307340104121.0,-2049659459.0
2026-01-24,307751276814.0,-2209438261.0
2026-01-25,307726928143.0,-2515660088.0
2026-01-26,307672146995.0,-2386016079.0
2026-01-27,307110772776.0,-2743725914.0
2026-01-28,307045351415.0,-1114053069.0
2026-01-29,306732960575.0,-899546528.0
2026-01-30,305408465991.0,-1931638130.0
2026-01-31,304350194049.0,-3401082765.0
2026-02-01,303740030281.0,-3986897862.0
2026-02-02,304066882234.0,-3605264761.0
2026-02-03,304307753245.0,-2803019531.0
2026-02-04,304532433607.0,-2512917808.0
2026-02-05,304597719153.0,-2135241422.0
2026-02-06,303883417696.0,-1525048295.0
2026-02-07,304224777923.0,-125416126.0
2026-02-08,304766712166.0,1026681885.0
2026-02-09,305964453625.0,1897571391.0
2026-02-10,305682925808.0,1375172563.0
2026-02-11,305260815115.0,728381508.0
2026-02-12,305157082179.0,559363026.0
2026-02-13,304946221205.0,1062803509.0
2026-02-14,305817325805.0,1592547882.0
2026-02-15,305926655587.0,1159943421.0
2026-02-16,306066937254.0,102483629.0
2026-02-17,306299898853.0,616973045.0
2026-02-18,305914366751.0,653551636.0
2026-02-19,306171994323.0,1014912144.0
2026-02-20,306180391530.0,1234170325.0
2026-02-21,305732381123.0,-84944682.0
2026-02-22,305662680288.0,-263975299.0
2026-02-23,306824151956.0,757214702.0
2026-02-24,306632064022.0,332165169.0
2026-02-25,306875276192.0,960909441.0
2026-02-26,307505508811.0,1333514488.0
2026-02-27,307010018938.0,829627408.0
2026-02-28,307297327270.0,1564946147.0
2026-03-01,307589185217.0,1926504929.0
2026-03-02,307207384129.0,383232173.0
2026-03-03,308313982716.0,1681918694.0
2026-03-04,308568255218.0,1692979026.0
2026-03-05,309519024049.0,2013515238.0
2026-03-06,310554037808.0,3544018870.0
2026-03-07,310737440677.0,3440113407.0
2026-03-08,310758538359.0,3169353142.0
2026-03-09,310917807973.0,3710423844.0
2026-03-10,311953763713.0,3639780997.0
2026-03-11,312268797673.0,3700542455.0
2026-03-12,312578967271.0,3059943222.0
2026-03-13,313202678426.0,2648640618.0
2026-03-14,313660701583.0,2923260906.0
2026-03-15,313616137384.0,2857599025.0
2026-03-16,313585632075.0,2667824102.0
2026-03-17,313651543075.0,1697779362.0
2026-03-18,313785980996.0,1517183323.0
2026-03-19,313319872375.0,740905104.0
2026-03-20,313663805197.0,461126771.0
2026-03-21,313828602770.0,167901187.0
2026-03-22,313827756371.0,211618987.0
2026-03-23,313792389838.0,206757763.0
2026-03-24,313228926392.0,-422616683.0
2026-03-25,313350092444.0,-435888552.0
2026-03-26,313462634087.0,142761712.0
2026-03-27,312969341427.0,-694463770.0
2026-03-28,312828368946.0,-1000233824.0
2026-03-29,312754593958.0,-1073162413.0
2026-03-30,312880487388.0,-911902450.0
2026-03-31,313156498587.0,-72427805.0
2026-04-01,313922925440.0,572832996.0
2026-04-02,314149671750.0,687037663.0
2026-04-03,314422477219.0,1453135792.0
2026-04-04,314821682214.0,1993313268.0
2026-04-05,314748574815.0,1993980857.0
2026-04-06,314764045467.0,1883558079.0
2026-04-07,314283478689.0,1126980102.0
2026-04-08,314986467455.0,1063542015.0
2026-04-09,315011061504.0,861389754.0
2026-04-10,315427118745.0,1004641526.0
2026-04-11,316136502608.0,1314820394.0
2026-04-12,316217269065.0,1468694250.0
2026-04-13,316312133138.0,1548087671.0
2026-04-14,316451734531.0,2168255842.0
2026-04-15,317497388030.0,2510920575.0
2026-04-16,317543907702.0,2532846198.0
2026-04-17,318046254652.0,2619135907.0
2026-04-18,318889450812.0,2752948204.0
2026-04-19,319054980415.0,2837711350.0
2026-04-20,318131361359.0,1819228221.0
2026-04-21,318189074045.0,1737339514.0
2026-04-22,318911525182.0,1414137152.0
2026-04-23,318518557109.0,974649407.0
2026-04-24,318250852038.0,204597386.0
2026-04-25,318076721042.0,-812729770.0
2026-04-26,318183300416.0,-871679999.0
2026-04-27,318165055877.0,33694518.0
2026-04-28,317950010416.0,-239063629.0
2026-04-29,318080235412.0,-831289770.0
2026-04-30,317283339227.0,-1235217882.0
2026-05-01,317970263171.0,-280588867.0
2026-05-02,318199581437.0,122860395.0
2026-05-03,318268702353.0,85401937.0
2026-05-04,318611666658.0,446610781.0
2026-05-05,319144819899.0,1194809483.0
2026-05-06,320034967811.0,1954732399.0
2026-05-07,320304548710.0,3021209483.0
2026-05-08,320566524339.0,2596261168.0
2026-05-09,319210973509.0,1011392072.0
2026-05-10,319948249262.0,1679546909.0
2026-05-11,320230570781.0,1618904123.0
2026-05-12,320438370379.0,1293550480.0
2026-05-13,320193256994.0,158289183.0
2026-05-14,319763094806.0,-541453904.0
2026-05-15,319879074304.0,-687450035.0
2026-05-16,320559255719.0,1348282210.0
2026-05-17,320855544624.0,907295362.0
2026-05-18,320757178829.0,526608048.0
2026-05-19,320512936606.0,74566227.0
2026-05-20,320002600102.0,-190656892.0
2026-05-21,319501624102.0,-261470704.0
2026-05-22,320264690249.0,385615945.0
2026-05-23,320328152007.0,-231103712.0
2026-05-24,320264910576.0,-590634048.0
2026-05-25,320001540527.0,-755638302.0
2026-05-26,320155149660.0,-357786946.0
2026-05-27,319814206358.0,-188393744.0
2026-05-28,319198226647.0,-303397455.0
2026-05-29,318248744456.0,-2015945793.0
2026-05-30,317815829989.0,-2512322018.0
2026-05-31,317581262153.0,-2683648423.0
2026-06-01,317371183601.0,-2630356926.0
2026-06-02,317371501556.0,-2783648104.0
2026-06-03,316686363209.0,-3127843149.0
2026-06-04,315952146049.0,-3246080598.0
2026-06-05,314639436819.0,-3609307637.0
2026-06-06,314071489548.0,-3744340441.0
2026-06-07,313600176373.0,-3981085780.0
2026-06-08,313727129496.0,-3644054105.0
2026-06-09,314183545196.0,-3187956360.0
2026-06-10,313206494585.0,-3479868624.0
2026-06-11,313113386455.0,-2838759594.0
2026-06-12,312969504559.0,-1669932260.0
2026-06-13,312575095726.0,-1496393822.0
2026-06-14,312633641252.0,-966535121.0
2026-06-15,312535835360.0,-1191294136.0
2026-06-16,312987113533.0,-1196431663.0
2026-06-17,312865377006.0,-341117579.0
2026-06-18,312519564504.0,-593821951.0
2026-06-19,312694908857.0,-274595702.0
2026-06-20,312723427910.0,148332184.0
2026-06-21,312782348851.0,148707599.0
2026-06-22,312850920287.0,315084927.0
2026-06-23,312885230423.0,-101883110.0
2026-06-24,312252304390.0,-613072616.0
2026-06-25,311887108264.0,-632456240.0
2026-06-26,311995000952.0,-699907905.0
2026-06-27,310584991716.0,-2138436194.0
2026-06-28,310579067758.0,-2203281093.0
2026-06-29,310238126936.0,-2612793351.0
2026-06-30,309568691076.0,-3316539347.0
2026-07-01,308822884356.0,-3429420034.0
2026-07-02,308967111645.0,-2919996619.0
2026-07-03,308755349163.0,-3239651789.0
2026-07-04,308598216078.0,-1986775638.0
2026-07-05,308503462256.0,-2075605502.0
2026-07-06,309494943206.0,-743183730.0
2026-07-07,309195756562.0,-372934514.0
2026-07-08,308508520312.0,-314364044.0
2026-07-09,308512318968.0,-454792677.0
2026-07-10,309398253870.0,642904707.0
2026-07-11,309772466656.0,1174250578.0
2026-07-12,309700189000.0,1196726744.0
2026-07-13,309442073674.0,-52869532.0
2026-07-14,308181600885.0,-1014155677.0
2026-07-15,308457186205.0,-51334107.0
2026-07-16,307709728688.0,-802590280.0
2026-07-17,307973658380.0,-1424595490.0
2026-07-18,308222267959.0,-1550198697.0
2026-07-19,308275467471.0,-1424721529.0
2026-07-20,308104502651.0,-1337571023.0
2026-07-21,307964995321.0,-216605564.0
2026-07-22,308043640914.0,-413545291.0
2026-07-23,309017397555.0,1307668867.0
2026-07-24,307697207991.0,-276450389.0
2026-07-25,308553827670.0,331559711.0
2026-07-26,308388266336.0,112798865.0
2026-07-27,307959576990.0,-144925661.0
2026-07-28,308067121671.0,102126350.0
2026-07-29,306604424899.0,-1439216015.0
2026-07-30,306363557836.0,-2653839719.0
2026-07-31,305611173355.0,-2086034636.0
2026-08-01,305650613601.0,-2903214069.0
2026-08-02,305557917130.0,-2830349206.0
2026-08-03,305458471394.0,-2501105596.0
2026-08-04,305759455539.67,-2307666131.330017
